record_id,player_name,from_club,to_club,announcement_date,transfer_type,fee_status,quoted_fee_gbp,quote_basis,from_league,to_league,position,match_status,existing_excel_row,existing_transfer_date,existing_fee_eur,review_notes,source_url,source_data_url,retrieved_date,has_reported_fee,is_permanent_fee,announcement_month
S26-0001,John Stones,Manchester City,Inter,2026-07-30,Free,Free transfer,,Free base transfer; other costs not represented,Premier League,Serie A,Defender,New to workbook,,,,,https://www.theguardian.com/football/ng-interactive/2026/sep/01/mens-transfer-window-summer-2026-all-deals-from-europes-top-five-leagues,https://interactive.guim.co.uk/2024/07/transfers/men-summer-2026.json,2026-10-03,0,0,2026-07
S26-0002,Anass Zaroury,Lens,Panathinaikos,2026-05-22,Fee,Reported fee,2600000,Source quote; base/add-on treatment unspecified,Ligue 1,Outside top five / unattached,Winger,New to workbook,,,,Early announcement; source assigns to summer window,https://www.theguardian.com/football/ng-interactive/2026/sep/01/mens-transfer-window-summer-2026-all-deals-from-europes-top-five-leagues,https://interactive.guim.co.uk/2024/07/transfers/men-summer-2026.json,2026-10-03,1,1,2026-05
S26-0003,Ismaïl Diallo,Dijon,Toulouse,2026-05-22,Free,Free transfer,,Free base transfer; other costs not represented,Outside top five / unattached,Ligue 1,Defender,New to workbook,,,,Early announcement; source assigns to summer window,https://www.theguardian.com/football/ng-interactive/2026/sep/01/mens-transfer-window-summer-2026-all-deals-from-europes-top-five-leagues,https://interactive.guim.co.uk/2024/07/transfers/men-summer-2026.json,2026-10-03,0,0,2026-05
S26-0006,Leon Ayinde,Ipswich Town,Doncaster,2026-05-20,Undisclosed fee,Undisclosed,,No numeric source quote,Premier League,Outside top five / unattached,Winger,New to workbook,,,,Early announcement; source assigns to summer window,https://www.theguardian.com/football/ng-interactive/2026/sep/01/mens-transfer-window-summer-2026-all-deals-from-europes-top-five-leagues,https://interactive.guim.co.uk/2024/07/transfers/men-summer-2026.json,2026-10-03,0,0,2026-05
S26-0008,Luka Duric,Hoffenheim,Paderborn,2026-05-28,Undisclosed fee,Undisclosed,,No numeric source quote,Bundesliga,Bundesliga,Midfielder,New to workbook,,,,Early announcement; source assigns to summer window,https://www.theguardian.com/football/ng-interactive/2026/sep/01/mens-transfer-window-summer-2026-all-deals-from-europes-top-five-leagues,https://interactive.guim.co.uk/2024/07/transfers/men-summer-2026.json,2026-10-03,0,0,2026-05
S26-0009,Bilal El Khannouss,Leicester City,Stuttgart,2026-07-01,Fee,Reported fee,14700000,Source quote; base/add-on treatment unspecified,Outside top five / unattached,Bundesliga,Midfielder,New to workbook,,,,,https://www.theguardian.com/football/ng-interactive/2026/sep/01/mens-transfer-window-summer-2026-all-deals-from-europes-top-five-leagues,https://interactive.guim.co.uk/2024/07/transfers/men-summer-2026.json,2026-10-03,1,1,2026-07
S26-0011,Arijanet Muric,Ipswich Town,Sassuolo,2026-06-01,Fee,Reported fee,6000000,Source quote; base/add-on treatment unspecified,Premier League,Serie A,Goalkeeper,New to workbook,,,,,https://www.theguardian.com/football/ng-interactive/2026/sep/01/mens-transfer-window-summer-2026-all-deals-from-europes-top-five-leagues,https://interactive.guim.co.uk/2024/07/transfers/men-summer-2026.json,2026-10-03,1,1,2026-06
S26-0013,Luis Sinisterra,Bournemouth,Cruzeiro,2026-04-30,Fee,Reported fee,5200000,Source quote; base/add-on treatment unspecified,Premier League,Outside top five / unattached,Winger,New to workbook,,,,Early announcement; source assigns to summer window,https://www.theguardian.com/football/ng-interactive/2026/sep/01/mens-transfer-window-summer-2026-all-deals-from-europes-top-five-leagues,https://interactive.guim.co.uk/2024/07/transfers/men-summer-2026.json,2026-10-03,1,1,2026-04
S26-0014,Issa Doumbia,Venezia,Sporting,2026-06-01,Fee,Reported fee,17800000,Source quote; base/add-on treatment unspecified,Serie A,Outside top five / unattached,Midfielder,New to workbook,,,,,https://www.theguardian.com/football/ng-interactive/2026/sep/01/mens-transfer-window-summer-2026-all-deals-from-europes-top-five-leagues,https://interactive.guim.co.uk/2024/07/transfers/men-summer-2026.json,2026-10-03,1,1,2026-06
S26-0015,Chuki,Real Valladolid,Werder Bremen,2026-06-02,Free,Free transfer,,Free base transfer; other costs not represented,Outside top five / unattached,Bundesliga,Midfielder,New to workbook,,,,,https://www.theguardian.com/football/ng-interactive/2026/sep/01/mens-transfer-window-summer-2026-all-deals-from-europes-top-five-leagues,https://interactive.guim.co.uk/2024/07/transfers/men-summer-2026.json,2026-10-03,0,0,2026-06
S26-0016,Buba Sangaré,Roma,Elche,2026-06-03,Fee,Reported fee,3900000,Source quote; base/add-on treatment unspecified,Serie A,La Liga,Defender,New to workbook,,,,,https://www.theguardian.com/football/ng-interactive/2026/sep/01/mens-transfer-window-summer-2026-all-deals-from-europes-top-five-leagues,https://interactive.guim.co.uk/2024/07/transfers/men-summer-2026.json,2026-10-03,1,1,2026-06
S26-0017,Jakub Kaminski,Wolfsburg,Cologne,2026-06-03,Fee,Reported fee,4800000,Source quote; base/add-on treatment unspecified,Outside top five / unattached,Bundesliga,Winger,New to workbook,,,,Future purchase conditions mentioned,https://www.theguardian.com/football/ng-interactive/2026/sep/01/mens-transfer-window-summer-2026-all-deals-from-europes-top-five-leagues,https://interactive.guim.co.uk/2024/07/transfers/men-summer-2026.json,2026-10-03,1,1,2026-06
S26-0018,Patrick Wimmer,Wolfsburg,Hoffenheim,2026-06-03,Fee,Reported fee,8700000,Source quote; base/add-on treatment unspecified,Outside top five / unattached,Bundesliga,Winger,New to workbook,,,,,https://www.theguardian.com/football/ng-interactive/2026/sep/01/mens-transfer-window-summer-2026-all-deals-from-europes-top-five-leagues,https://interactive.guim.co.uk/2024/07/transfers/men-summer-2026.json,2026-10-03,1,1,2026-06
S26-0019,Gonzalo Villar,Dinamo Zagreb,Elche,2026-05-29,Fee,Reported fee,870000,Source quote; base/add-on treatment unspecified,Outside top five / unattached,La Liga,Midfielder,New to workbook,,,,Early announcement; source assigns to summer window,https://www.theguardian.com/football/ng-interactive/2026/sep/01/mens-transfer-window-summer-2026-all-deals-from-europes-top-five-leagues,https://interactive.guim.co.uk/2024/07/transfers/men-summer-2026.json,2026-10-03,1,1,2026-05
S26-0021,Emmanuel Emegha,Strasbourg,Chelsea,2026-06-01,Fee,Reported fee,21600000,Source quote; base/add-on treatment unspecified,Ligue 1,Premier League,Forward,New to workbook,,,,,https://www.theguardian.com/football/ng-interactive/2026/sep/01/mens-transfer-window-summer-2026-all-deals-from-europes-top-five-leagues,https://interactive.guim.co.uk/2024/07/transfers/men-summer-2026.json,2026-10-03,1,1,2026-06
S26-0022,Andy Robertson,Liverpool,Tottenham Hotspur,2026-06-05,Free,Free transfer,,Free base transfer; other costs not represented,Premier League,Premier League,Defender,New to workbook,,,,,https://www.theguardian.com/football/ng-interactive/2026/sep/01/mens-transfer-window-summer-2026-all-deals-from-europes-top-five-leagues,https://interactive.guim.co.uk/2024/07/transfers/men-summer-2026.json,2026-10-03,0,0,2026-06
S26-0023,Jonas Omlin,Borussia Mönchengladbach,Basel,2026-06-05,Undisclosed fee,Undisclosed,,No numeric source quote,Bundesliga,Outside top five / unattached,Goalkeeper,New to workbook,,,,,https://www.theguardian.com/football/ng-interactive/2026/sep/01/mens-transfer-window-summer-2026-all-deals-from-europes-top-five-leagues,https://interactive.guim.co.uk/2024/07/transfers/men-summer-2026.json,2026-10-03,0,0,2026-06
S26-0024,Alisson Santos,Sporting,Napoli,2026-06-05,Fee,Reported fee,13000000,Source quote; base/add-on treatment unspecified,Outside top five / unattached,Serie A,Winger,New to workbook,,,,,https://www.theguardian.com/football/ng-interactive/2026/sep/01/mens-transfer-window-summer-2026-all-deals-from-europes-top-five-leagues,https://interactive.guim.co.uk/2024/07/transfers/men-summer-2026.json,2026-10-03,1,1,2026-06
S26-0025,Albert Grønbaek,Rennes,Hamburg,2026-06-05,Fee,Reported fee,5200000,Source quote; base/add-on treatment unspecified,Ligue 1,Bundesliga,Midfielder,New to workbook,,,,,https://www.theguardian.com/football/ng-interactive/2026/sep/01/mens-transfer-window-summer-2026-all-deals-from-europes-top-five-leagues,https://interactive.guim.co.uk/2024/07/transfers/men-summer-2026.json,2026-10-03,1,1,2026-06
S26-0026,Aleksandar Stankovic,Club Brugge,Inter,2026-06-05,Fee,Reported fee,19900000,Source quote; base/add-on treatment unspecified,Outside top five / unattached,Serie A,Midfielder,New to workbook,,,,,https://www.theguardian.com/football/ng-interactive/2026/sep/01/mens-transfer-window-summer-2026-all-deals-from-europes-top-five-leagues,https://interactive.guim.co.uk/2024/07/transfers/men-summer-2026.json,2026-10-03,1,1,2026-06
S26-0027,Daniel Peretz,Bayern Munich,Southampton,2026-06-05,Fee,Reported fee,6000000,Source quote; base/add-on treatment unspecified,Bundesliga,Outside top five / unattached,Goalkeeper,New to workbook,,,,,https://www.theguardian.com/football/ng-interactive/2026/sep/01/mens-transfer-window-summer-2026-all-deals-from-europes-top-five-leagues,https://interactive.guim.co.uk/2024/07/transfers/men-summer-2026.json,2026-10-03,1,1,2026-06
S26-0028,Kingstone Mutandwa,SV Ried,Cagliari,2026-06-05,Undisclosed fee,Undisclosed,,No numeric source quote,Outside top five / unattached,Serie A,Forward,New to workbook,,,,,https://www.theguardian.com/football/ng-interactive/2026/sep/01/mens-transfer-window-summer-2026-all-deals-from-europes-top-five-leagues,https://interactive.guim.co.uk/2024/07/transfers/men-summer-2026.json,2026-10-03,0,0,2026-06
S26-0029,Lukasz Poreba,Hamburg,Elversberg,2026-06-06,Fee,Reported fee,1400000,Source quote; base/add-on treatment unspecified,Bundesliga,Bundesliga,Midfielder,New to workbook,,,,Future purchase conditions mentioned,https://www.theguardian.com/football/ng-interactive/2026/sep/01/mens-transfer-window-summer-2026-all-deals-from-europes-top-five-leagues,https://interactive.guim.co.uk/2024/07/transfers/men-summer-2026.json,2026-10-03,1,1,2026-06
S26-0030,Zadok Yohanna,AIK,Brighton,2026-06-06,Fee,Reported fee,21500000,Source quote; base/add-on treatment unspecified,Outside top five / unattached,Premier League,Winger,New to workbook,,,,,https://www.theguardian.com/football/ng-interactive/2026/sep/01/mens-transfer-window-summer-2026-all-deals-from-europes-top-five-leagues,https://interactive.guim.co.uk/2024/07/transfers/men-summer-2026.json,2026-10-03,1,1,2026-06
S26-0031,Raúl Jiménez,Fulham,Wolverhampton Wanderers,2026-06-09,Free,Free transfer,,Free base transfer; other costs not represented,Premier League,Outside top five / unattached,Forward,New to workbook,,,,,https://www.theguardian.com/football/ng-interactive/2026/sep/01/mens-transfer-window-summer-2026-all-deals-from-europes-top-five-leagues,https://interactive.guim.co.uk/2024/07/transfers/men-summer-2026.json,2026-10-03,0,0,2026-06
S26-0032,Rasmus Højlund,Manchester United,Napoli,2026-06-03,Fee,Reported fee,43200000,Source quote; base/add-on treatment unspecified,Premier League,Serie A,Forward,New to workbook,,,,,https://www.theguardian.com/football/ng-interactive/2026/sep/01/mens-transfer-window-summer-2026-all-deals-from-europes-top-five-leagues,https://interactive.guim.co.uk/2024/07/transfers/men-summer-2026.json,2026-10-03,1,1,2026-06
S26-0033,Donyell Malen,Aston Villa,Roma,2026-05-26,Fee,Reported fee,21600000,Source quote; base/add-on treatment unspecified,Premier League,Serie A,Forward,New to workbook,,,,Early announcement; source assigns to summer window,https://www.theguardian.com/football/ng-interactive/2026/sep/01/mens-transfer-window-summer-2026-all-deals-from-europes-top-five-leagues,https://interactive.guim.co.uk/2024/07/transfers/men-summer-2026.json,2026-10-03,1,1,2026-05
S26-0034,Jakub Kiwior,Arsenal,Porto,2026-05-08,Fee,Reported fee,14500000,Source quote; base/add-on treatment unspecified,Premier League,Outside top five / unattached,Defender,New to workbook,,,,Add-ons/bonuses mentioned; Early announcement; source assigns to summer window; See Fee_Components,https://www.theguardian.com/football/ng-interactive/2026/sep/01/mens-transfer-window-summer-2026-all-deals-from-europes-top-five-leagues,https://interactive.guim.co.uk/2024/07/transfers/men-summer-2026.json,2026-10-03,1,1,2026-05
S26-0035,Merlin Röhl,Freiburg,Everton,2026-07-06,Fee,Reported fee,17300000,Source quote; base/add-on treatment unspecified,Bundesliga,Premier League,Midfielder,New to workbook,,,,,https://www.theguardian.com/football/ng-interactive/2026/sep/01/mens-transfer-window-summer-2026-all-deals-from-europes-top-five-leagues,https://interactive.guim.co.uk/2024/07/transfers/men-summer-2026.json,2026-10-03,1,1,2026-07
S26-0036,Patrick Zabi,Reims,Paris FC,2026-06-01,Fee,Reported fee,21600000,Source quote; base/add-on treatment unspecified,Outside top five / unattached,Ligue 1,Midfielder,New to workbook,,,,,https://www.theguardian.com/football/ng-interactive/2026/sep/01/mens-transfer-window-summer-2026-all-deals-from-europes-top-five-leagues,https://interactive.guim.co.uk/2024/07/transfers/men-summer-2026.json,2026-10-03,1,1,2026-06
S26-0037,Kerim Alajbegovic,Red Bull Salzburg,Bayer Leverkusen,2026-06-01,Fee,Reported fee,6900000,Source quote; base/add-on treatment unspecified,Outside top five / unattached,Bundesliga,Winger,New to workbook,,,,,https://www.theguardian.com/football/ng-interactive/2026/sep/01/mens-transfer-window-summer-2026-all-deals-from-europes-top-five-leagues,https://interactive.guim.co.uk/2024/07/transfers/men-summer-2026.json,2026-10-03,1,1,2026-06
S26-0038,Saud Abdulhamid,Roma,Lens,2026-06-04,Fee,Reported fee,3000000,Source quote; base/add-on treatment unspecified,Serie A,Ligue 1,Defender,New to workbook,,,,,https://www.theguardian.com/football/ng-interactive/2026/sep/01/mens-transfer-window-summer-2026-all-deals-from-europes-top-five-leagues,https://interactive.guim.co.uk/2024/07/transfers/men-summer-2026.json,2026-10-03,1,1,2026-06
S26-0039,Kieran Trippier,Newcastle United,Wolverhampton Wanderers,2026-06-08,Free,Free transfer,,Free base transfer; other costs not represented,Premier League,Outside top five / unattached,Defender,New to workbook,,,,,https://www.theguardian.com/football/ng-interactive/2026/sep/01/mens-transfer-window-summer-2026-all-deals-from-europes-top-five-leagues,https://interactive.guim.co.uk/2024/07/transfers/men-summer-2026.json,2026-10-03,0,0,2026-06
S26-0040,Nikolas Veratschnig,Mainz 05,Red Bull Salzburg,2026-06-09,Fee,Reported fee,3000000,Source quote; base/add-on treatment unspecified,Bundesliga,Outside top five / unattached,Midfielder,New to workbook,,,,,https://www.theguardian.com/football/ng-interactive/2026/sep/01/mens-transfer-window-summer-2026-all-deals-from-europes-top-five-leagues,https://interactive.guim.co.uk/2024/07/transfers/men-summer-2026.json,2026-10-03,1,1,2026-06
S26-0041,Craig Farquhar,Crystal Palace,Barnet,2026-06-05,Free,Free transfer,,Free base transfer; other costs not represented,Premier League,Outside top five / unattached,Defender,New to workbook,,,,,https://www.theguardian.com/football/ng-interactive/2026/sep/01/mens-transfer-window-summer-2026-all-deals-from-europes-top-five-leagues,https://interactive.guim.co.uk/2024/07/transfers/men-summer-2026.json,2026-10-03,0,0,2026-06
S26-0042,Isac Lidberg,Darmstadt,Borussia Mönchengladbach,2026-06-09,Fee,Reported fee,3000000,Source quote; base/add-on treatment unspecified,Outside top five / unattached,Bundesliga,Forward,New to workbook,,,,,https://www.theguardian.com/football/ng-interactive/2026/sep/01/mens-transfer-window-summer-2026-all-deals-from-europes-top-five-leagues,https://interactive.guim.co.uk/2024/07/transfers/men-summer-2026.json,2026-10-03,1,1,2026-06
S26-0043,Mats Rots,FC Twente,Hoffenheim,2026-06-09,Fee,Reported fee,10400000,Source quote; base/add-on treatment unspecified,Outside top five / unattached,Bundesliga,Defender,New to workbook,,,,,https://www.theguardian.com/football/ng-interactive/2026/sep/01/mens-transfer-window-summer-2026-all-deals-from-europes-top-five-leagues,https://interactive.guim.co.uk/2024/07/transfers/men-summer-2026.json,2026-10-03,1,1,2026-06
S26-0044,Ewen Jaouen,Reims,Newcastle United,2026-06-10,Fee,Reported fee,21600000,Source quote; base/add-on treatment unspecified,Outside top five / unattached,Premier League,Goalkeeper,New to workbook,,,,,https://www.theguardian.com/football/ng-interactive/2026/sep/01/mens-transfer-window-summer-2026-all-deals-from-europes-top-five-leagues,https://interactive.guim.co.uk/2024/07/transfers/men-summer-2026.json,2026-10-03,1,1,2026-06
S26-0045,Jon Guridi,Alavés,Sevilla,2026-06-10,Free,Free transfer,,Free base transfer; other costs not represented,La Liga,La Liga,Midfielder,New to workbook,,,,,https://www.theguardian.com/football/ng-interactive/2026/sep/01/mens-transfer-window-summer-2026-all-deals-from-europes-top-five-leagues,https://interactive.guim.co.uk/2024/07/transfers/men-summer-2026.json,2026-10-03,0,0,2026-06
S26-0046,Marcos Senesi,Bournemouth,Tottenham Hotspur,2026-06-10,Free,Free transfer,,Free base transfer; other costs not represented,Premier League,Premier League,Defender,New to workbook,,,,,https://www.theguardian.com/football/ng-interactive/2026/sep/01/mens-transfer-window-summer-2026-all-deals-from-europes-top-five-leagues,https://interactive.guim.co.uk/2024/07/transfers/men-summer-2026.json,2026-10-03,0,0,2026-06
S26-0047,Denis Huseinbasic,Cologne,Braga,2026-06-10,Free,Free transfer,,Free base transfer; other costs not represented,Bundesliga,Outside top five / unattached,Midfielder,New to workbook,,,,,https://www.theguardian.com/football/ng-interactive/2026/sep/01/mens-transfer-window-summer-2026-all-deals-from-europes-top-five-leagues,https://interactive.guim.co.uk/2024/07/transfers/men-summer-2026.json,2026-10-03,0,0,2026-06
S26-0048,Noham Kamara,Paris Saint-Germain,Lyon,2026-06-10,Fee,Reported fee,3500000,Source quote; base/add-on treatment unspecified,Ligue 1,Ligue 1,Defender,New to workbook,,,,Future purchase conditions mentioned,https://www.theguardian.com/football/ng-interactive/2026/sep/01/mens-transfer-window-summer-2026-all-deals-from-europes-top-five-leagues,https://interactive.guim.co.uk/2024/07/transfers/men-summer-2026.json,2026-10-03,1,1,2026-06
S26-0049,Marvin Friedrich,Borussia Mönchengladbach,Union Berlin,2026-06-10,Free,Free transfer,,Free base transfer; other costs not represented,Bundesliga,Bundesliga,Defender,New to workbook,,,,,https://www.theguardian.com/football/ng-interactive/2026/sep/01/mens-transfer-window-summer-2026-all-deals-from-europes-top-five-leagues,https://interactive.guim.co.uk/2024/07/transfers/men-summer-2026.json,2026-10-03,0,0,2026-06
S26-0050,Satoshi Tanaka,Fortuna Düsseldorf,Schalke 04,2026-06-10,Fee,Reported fee,900000,Source quote; base/add-on treatment unspecified,Outside top five / unattached,Bundesliga,Midfielder,New to workbook,,,,,https://www.theguardian.com/football/ng-interactive/2026/sep/01/mens-transfer-window-summer-2026-all-deals-from-europes-top-five-leagues,https://interactive.guim.co.uk/2024/07/transfers/men-summer-2026.json,2026-10-03,1,1,2026-06
S26-0051,Kennet Eichhorn,Hertha Berlin,Bayer Leverkusen,2026-06-10,Fee,Reported fee,7800000,Source quote; base/add-on treatment unspecified,Outside top five / unattached,Bundesliga,Midfielder,New to workbook,,,,,https://www.theguardian.com/football/ng-interactive/2026/sep/01/mens-transfer-window-summer-2026-all-deals-from-europes-top-five-leagues,https://interactive.guim.co.uk/2024/07/transfers/men-summer-2026.json,2026-10-03,1,1,2026-06
S26-0052,Hamza Abdelkarim,Al Ahly,Barcelona,2026-06-10,Fee,Reported fee,1300000,Source quote; base/add-on treatment unspecified,Outside top five / unattached,La Liga,Forward,New to workbook,,,,Future purchase conditions mentioned,https://www.theguardian.com/football/ng-interactive/2026/sep/01/mens-transfer-window-summer-2026-all-deals-from-europes-top-five-leagues,https://interactive.guim.co.uk/2024/07/transfers/men-summer-2026.json,2026-10-03,1,1,2026-06
S26-0053,Keisuke Goto,Anderlecht,Freiburg,2026-06-11,Fee,Reported fee,11200000,Source quote; base/add-on treatment unspecified,Outside top five / unattached,Bundesliga,Forward,New to workbook,,,,,https://www.theguardian.com/football/ng-interactive/2026/sep/01/mens-transfer-window-summer-2026-all-deals-from-europes-top-five-leagues,https://interactive.guim.co.uk/2024/07/transfers/men-summer-2026.json,2026-10-03,1,1,2026-06
S26-0054,Juan Iglesias,Getafe,Sevilla,2026-06-11,Free,Free transfer,,Free base transfer; other costs not represented,La Liga,La Liga,Defender,New to workbook,,,,,https://www.theguardian.com/football/ng-interactive/2026/sep/01/mens-transfer-window-summer-2026-all-deals-from-europes-top-five-leagues,https://interactive.guim.co.uk/2024/07/transfers/men-summer-2026.json,2026-10-03,0,0,2026-06
S26-0055,Leonardo Bittencourt,Werder Bremen,Energie Cottbus,2026-06-11,Free,Free transfer,,Free base transfer; other costs not represented,Bundesliga,Outside top five / unattached,Defender,New to workbook,,,,,https://www.theguardian.com/football/ng-interactive/2026/sep/01/mens-transfer-window-summer-2026-all-deals-from-europes-top-five-leagues,https://interactive.guim.co.uk/2024/07/transfers/men-summer-2026.json,2026-10-03,0,0,2026-06
S26-0056,Shio Fukuda,Borussia Mönchengladbach,Karlsruhe,2026-06-11,Fee,Reported fee,600000,Source quote; base/add-on treatment unspecified,Bundesliga,Outside top five / unattached,Forward,New to workbook,,,,,https://www.theguardian.com/football/ng-interactive/2026/sep/01/mens-transfer-window-summer-2026-all-deals-from-europes-top-five-leagues,https://interactive.guim.co.uk/2024/07/transfers/men-summer-2026.json,2026-10-03,1,1,2026-06
S26-0057,Enzo Bardeli,Dunkerque,Levante,2026-06-11,Free,Free transfer,,Free base transfer; other costs not represented,Outside top five / unattached,La Liga,Midfielder,New to workbook,,,,,https://www.theguardian.com/football/ng-interactive/2026/sep/01/mens-transfer-window-summer-2026-all-deals-from-europes-top-five-leagues,https://interactive.guim.co.uk/2024/07/transfers/men-summer-2026.json,2026-10-03,0,0,2026-06
S26-0058,Junior Adamu,Freiburg,Schalke 04,2026-06-11,Fee,Reported fee,700000,Source quote; base/add-on treatment unspecified,Bundesliga,Bundesliga,Forward,New to workbook,,,,,https://www.theguardian.com/football/ng-interactive/2026/sep/01/mens-transfer-window-summer-2026-all-deals-from-europes-top-five-leagues,https://interactive.guim.co.uk/2024/07/transfers/men-summer-2026.json,2026-10-03,1,1,2026-06
S26-0059,Michael Gregoritsch,Brøndby,Augsburg,2026-06-12,Undisclosed fee,Undisclosed,,No numeric source quote,Outside top five / unattached,Bundesliga,Forward,New to workbook,,,,,https://www.theguardian.com/football/ng-interactive/2026/sep/01/mens-transfer-window-summer-2026-all-deals-from-europes-top-five-leagues,https://interactive.guim.co.uk/2024/07/transfers/men-summer-2026.json,2026-10-03,0,0,2026-06
S26-0060,Maurice Krattenmacher,Bayern Munich,Elversberg,2026-06-12,Undisclosed fee,Undisclosed,,No numeric source quote,Bundesliga,Bundesliga,Midfielder,New to workbook,,,,,https://www.theguardian.com/football/ng-interactive/2026/sep/01/mens-transfer-window-summer-2026-all-deals-from-europes-top-five-leagues,https://interactive.guim.co.uk/2024/07/transfers/men-summer-2026.json,2026-10-03,0,0,2026-06
S26-0061,Jahmai Simpson-Pusey,Manchester City,Cologne,2026-06-12,Undisclosed fee,Undisclosed,,No numeric source quote,Premier League,Bundesliga,Defender,New to workbook,,,,,https://www.theguardian.com/football/ng-interactive/2026/sep/01/mens-transfer-window-summer-2026-all-deals-from-europes-top-five-leagues,https://interactive.guim.co.uk/2024/07/transfers/men-summer-2026.json,2026-10-03,0,0,2026-06
S26-0062,Fabio Gruber,Nuremberg,Mainz 05,2026-06-12,Undisclosed fee,Undisclosed,,No numeric source quote,Outside top five / unattached,Bundesliga,Defender,New to workbook,,,,,https://www.theguardian.com/football/ng-interactive/2026/sep/01/mens-transfer-window-summer-2026-all-deals-from-europes-top-five-leagues,https://interactive.guim.co.uk/2024/07/transfers/men-summer-2026.json,2026-10-03,0,0,2026-06
S26-0063,André Silva,Elche,Porto,2026-06-12,Free,Free transfer,,Free base transfer; other costs not represented,La Liga,Outside top five / unattached,Forward,New to workbook,,,,,https://www.theguardian.com/football/ng-interactive/2026/sep/01/mens-transfer-window-summer-2026-all-deals-from-europes-top-five-leagues,https://interactive.guim.co.uk/2024/07/transfers/men-summer-2026.json,2026-10-03,0,0,2026-06
S26-0064,Olly Sanderson,Fulham,Stevenage,2026-06-13,Undisclosed fee,Undisclosed,,No numeric source quote,Premier League,Outside top five / unattached,Forward,New to workbook,,,,,https://www.theguardian.com/football/ng-interactive/2026/sep/01/mens-transfer-window-summer-2026-all-deals-from-europes-top-five-leagues,https://interactive.guim.co.uk/2024/07/transfers/men-summer-2026.json,2026-10-03,0,0,2026-06
S26-0065,Ville Koski,NK Istra,Alavés,2026-06-15,Undisclosed fee,Undisclosed,,No numeric source quote,Outside top five / unattached,La Liga,Defender,New to workbook,,,,,https://www.theguardian.com/football/ng-interactive/2026/sep/01/mens-transfer-window-summer-2026-all-deals-from-europes-top-five-leagues,https://interactive.guim.co.uk/2024/07/transfers/men-summer-2026.json,2026-10-03,0,0,2026-06
S26-0066,Zeno Van Den Bosch,Royal Antwerp,Union Berlin,2026-06-15,Free,Free transfer,,Free base transfer; other costs not represented,Outside top five / unattached,Bundesliga,Defender,New to workbook,,,,,https://www.theguardian.com/football/ng-interactive/2026/sep/01/mens-transfer-window-summer-2026-all-deals-from-europes-top-five-leagues,https://interactive.guim.co.uk/2024/07/transfers/men-summer-2026.json,2026-10-03,0,0,2026-06
S26-0067,Marc Cucurella,Chelsea,Real Madrid,2026-06-15,Fee,Reported fee,52000000,Source quote; base/add-on treatment unspecified,Premier League,La Liga,Defender,New to workbook,,,,,https://www.theguardian.com/football/ng-interactive/2026/sep/01/mens-transfer-window-summer-2026-all-deals-from-europes-top-five-leagues,https://interactive.guim.co.uk/2024/07/transfers/men-summer-2026.json,2026-10-03,1,1,2026-06
S26-0068,Francis Onyeka,Bayer Leverkusen,Elversberg,2026-06-15,Loan,Loan fee not stated,,No numeric source quote,Bundesliga,Bundesliga,Midfielder,New to workbook,,,,Blank quote does not mean zero loan fee,https://www.theguardian.com/football/ng-interactive/2026/sep/01/mens-transfer-window-summer-2026-all-deals-from-europes-top-five-leagues,https://interactive.guim.co.uk/2024/07/transfers/men-summer-2026.json,2026-10-03,0,0,2026-06
S26-0069,Noah Weisshaupt,Freiburg,Darmstadt,2026-06-15,Undisclosed fee,Undisclosed,,No numeric source quote,Bundesliga,Outside top five / unattached,Winger,New to workbook,,,,,https://www.theguardian.com/football/ng-interactive/2026/sep/01/mens-transfer-window-summer-2026-all-deals-from-europes-top-five-leagues,https://interactive.guim.co.uk/2024/07/transfers/men-summer-2026.json,2026-10-03,0,0,2026-06
S26-0070,Anthony Lopes,Nantes,Angers,2026-06-15,Free,Free transfer,,Free base transfer; other costs not represented,Outside top five / unattached,Ligue 1,Goalkeeper,New to workbook,,,,,https://www.theguardian.com/football/ng-interactive/2026/sep/01/mens-transfer-window-summer-2026-all-deals-from-europes-top-five-leagues,https://interactive.guim.co.uk/2024/07/transfers/men-summer-2026.json,2026-10-03,0,0,2026-06
S26-0071,Costinha,Olympiakos,Brighton,2026-06-15,Fee,Reported fee,11000000,Source quote; base/add-on treatment unspecified,Outside top five / unattached,Premier League,Defender,New to workbook,,,,,https://www.theguardian.com/football/ng-interactive/2026/sep/01/mens-transfer-window-summer-2026-all-deals-from-europes-top-five-leagues,https://interactive.guim.co.uk/2024/07/transfers/men-summer-2026.json,2026-10-03,1,1,2026-06
S26-0072,Kaïl Boudache,Nice,Lyon,2026-06-15,Free,Free transfer,,Free base transfer; other costs not represented,Ligue 1,Ligue 1,Winger,New to workbook,,,,,https://www.theguardian.com/football/ng-interactive/2026/sep/01/mens-transfer-window-summer-2026-all-deals-from-europes-top-five-leagues,https://interactive.guim.co.uk/2024/07/transfers/men-summer-2026.json,2026-10-03,0,0,2026-06
S26-0073,Nicolò Zaniolo,Galatasaray,Udinese,2026-06-15,Fee,Reported fee,4300000,Source quote; base/add-on treatment unspecified,Outside top five / unattached,Serie A,Winger,New to workbook,,,,Future purchase conditions mentioned,https://www.theguardian.com/football/ng-interactive/2026/sep/01/mens-transfer-window-summer-2026-all-deals-from-europes-top-five-leagues,https://interactive.guim.co.uk/2024/07/transfers/men-summer-2026.json,2026-10-03,1,1,2026-06
S26-0074,Arouna Sangante,Le Havre,Sevilla,2026-06-16,Free,Free transfer,,Free base transfer; other costs not represented,Ligue 1,La Liga,Defender,New to workbook,,,,,https://www.theguardian.com/football/ng-interactive/2026/sep/01/mens-transfer-window-summer-2026-all-deals-from-europes-top-five-leagues,https://interactive.guim.co.uk/2024/07/transfers/men-summer-2026.json,2026-10-03,0,0,2026-06
S26-0075,Florian Hellstern,Stuttgart,Greuther Fürth,2026-06-16,Loan,Loan fee not stated,,No numeric source quote,Bundesliga,Outside top five / unattached,Goalkeeper,New to workbook,,,,Blank quote does not mean zero loan fee,https://www.theguardian.com/football/ng-interactive/2026/sep/01/mens-transfer-window-summer-2026-all-deals-from-europes-top-five-leagues,https://interactive.guim.co.uk/2024/07/transfers/men-summer-2026.json,2026-10-03,0,0,2026-06
S26-0076,Tjas Begic,Parma,Sampdoria,2026-06-16,Undisclosed fee,Undisclosed,,No numeric source quote,Serie A,Outside top five / unattached,Winger,New to workbook,,,,Future purchase conditions mentioned,https://www.theguardian.com/football/ng-interactive/2026/sep/01/mens-transfer-window-summer-2026-all-deals-from-europes-top-five-leagues,https://interactive.guim.co.uk/2024/07/transfers/men-summer-2026.json,2026-10-03,0,0,2026-06
S26-0077,Francesco Camarda,Milan,Lecce,2026-06-16,Fee,Reported fee,2600000,Source quote; base/add-on treatment unspecified,Serie A,Serie A,Forward,New to workbook,,,,,https://www.theguardian.com/football/ng-interactive/2026/sep/01/mens-transfer-window-summer-2026-all-deals-from-europes-top-five-leagues,https://interactive.guim.co.uk/2024/07/transfers/men-summer-2026.json,2026-10-03,1,1,2026-06
S26-0078,Issa Soumaré,Le Havre,Rennes,2026-06-16,Free,Free transfer,,Free base transfer; other costs not represented,Ligue 1,Ligue 1,Winger,New to workbook,,,,,https://www.theguardian.com/football/ng-interactive/2026/sep/01/mens-transfer-window-summer-2026-all-deals-from-europes-top-five-leagues,https://interactive.guim.co.uk/2024/07/transfers/men-summer-2026.json,2026-10-03,0,0,2026-06
S26-0079,Isaac Heath,Everton,Cambridge United,2026-06-15,Undisclosed fee,Undisclosed,,No numeric source quote,Premier League,Outside top five / unattached,Winger,New to workbook,,,,,https://www.theguardian.com/football/ng-interactive/2026/sep/01/mens-transfer-window-summer-2026-all-deals-from-europes-top-five-leagues,https://interactive.guim.co.uk/2024/07/transfers/men-summer-2026.json,2026-10-03,0,0,2026-06
S26-0080,Bernardo Silva,Manchester City,Real Madrid,2026-06-17,Free,Free transfer,,Free base transfer; other costs not represented,Premier League,La Liga,Midfielder,New to workbook,,,,,https://www.theguardian.com/football/ng-interactive/2026/sep/01/mens-transfer-window-summer-2026-all-deals-from-europes-top-five-leagues,https://interactive.guim.co.uk/2024/07/transfers/men-summer-2026.json,2026-10-03,0,0,2026-06
S26-0081,Anthony Bermont,Lens,Angers,2026-06-17,Loan,Loan fee not stated,,No numeric source quote,Ligue 1,Ligue 1,Winger,New to workbook,,,,Blank quote does not mean zero loan fee,https://www.theguardian.com/football/ng-interactive/2026/sep/01/mens-transfer-window-summer-2026-all-deals-from-europes-top-five-leagues,https://interactive.guim.co.uk/2024/07/transfers/men-summer-2026.json,2026-10-03,0,0,2026-06
S26-0082,Sebastian Walukiewicz,Torino,Sassuolo,2026-06-17,Fee,Reported fee,4300000,Source quote; base/add-on treatment unspecified,Serie A,Serie A,Defender,New to workbook,,,,,https://www.theguardian.com/football/ng-interactive/2026/sep/01/mens-transfer-window-summer-2026-all-deals-from-europes-top-five-leagues,https://interactive.guim.co.uk/2024/07/transfers/men-summer-2026.json,2026-10-03,1,1,2026-06
S26-0083,Ruan,Sassuolo,Atlético Mineiro,2026-06-17,Fee,Reported fee,3100000,Source quote; base/add-on treatment unspecified,Serie A,Outside top five / unattached,Defender,New to workbook,,,,,https://www.theguardian.com/football/ng-interactive/2026/sep/01/mens-transfer-window-summer-2026-all-deals-from-europes-top-five-leagues,https://interactive.guim.co.uk/2024/07/transfers/men-summer-2026.json,2026-10-03,1,1,2026-06
S26-0084,Giacomo Calò,Cesena,Frosinone,2026-06-17,Undisclosed fee,Undisclosed,,No numeric source quote,Outside top five / unattached,Serie A,Midfielder,New to workbook,,,,Future purchase conditions mentioned,https://www.theguardian.com/football/ng-interactive/2026/sep/01/mens-transfer-window-summer-2026-all-deals-from-europes-top-five-leagues,https://interactive.guim.co.uk/2024/07/transfers/men-summer-2026.json,2026-10-03,0,0,2026-06
S26-0085,Sean Dulic,1860 Munich,Hoffenheim,2026-06-17,Free,Free transfer,,Free base transfer; other costs not represented,Outside top five / unattached,Bundesliga,Defender,New to workbook,,,,,https://www.theguardian.com/football/ng-interactive/2026/sep/01/mens-transfer-window-summer-2026-all-deals-from-europes-top-five-leagues,https://interactive.guim.co.uk/2024/07/transfers/men-summer-2026.json,2026-10-03,0,0,2026-06
S26-0086,Víctor Chust,Cádiz,Elche,2026-06-17,Fee,Reported fee,900000,Source quote; base/add-on treatment unspecified,Outside top five / unattached,La Liga,Defender,New to workbook,,,,Future purchase conditions mentioned,https://www.theguardian.com/football/ng-interactive/2026/sep/01/mens-transfer-window-summer-2026-all-deals-from-europes-top-five-leagues,https://interactive.guim.co.uk/2024/07/transfers/men-summer-2026.json,2026-10-03,1,1,2026-06
S26-0087,Emmanuel Chukwu,Hoffenheim,Austria Lustenau,2026-06-16,Loan,Loan fee not stated,,No numeric source quote,Bundesliga,Outside top five / unattached,Defender,New to workbook,,,,Blank quote does not mean zero loan fee,https://www.theguardian.com/football/ng-interactive/2026/sep/01/mens-transfer-window-summer-2026-all-deals-from-europes-top-five-leagues,https://interactive.guim.co.uk/2024/07/transfers/men-summer-2026.json,2026-10-03,0,0,2026-06
S26-0088,Mauro Arambarri,Getafe,River Plate,2026-06-17,Fee,Reported fee,2600000,Source quote; base/add-on treatment unspecified,La Liga,Outside top five / unattached,Defender,New to workbook,,,,,https://www.theguardian.com/football/ng-interactive/2026/sep/01/mens-transfer-window-summer-2026-all-deals-from-europes-top-five-leagues,https://interactive.guim.co.uk/2024/07/transfers/men-summer-2026.json,2026-10-03,1,1,2026-06
S26-0089,Ibrahima Konaté,Liverpool,Real Madrid,2026-06-18,Free,Free transfer,,Free base transfer; other costs not represented,Premier League,La Liga,Defender,New to workbook,,,,,https://www.theguardian.com/football/ng-interactive/2026/sep/01/mens-transfer-window-summer-2026-all-deals-from-europes-top-five-leagues,https://interactive.guim.co.uk/2024/07/transfers/men-summer-2026.json,2026-10-03,0,0,2026-06
S26-0090,Zento Uno,Shimizu S-Pulse,Borussia Mönchengladbach,2026-06-18,Fee,Reported fee,400000,Source quote; base/add-on treatment unspecified,Outside top five / unattached,Bundesliga,Midfielder,New to workbook,,,,,https://www.theguardian.com/football/ng-interactive/2026/sep/01/mens-transfer-window-summer-2026-all-deals-from-europes-top-five-leagues,https://interactive.guim.co.uk/2024/07/transfers/men-summer-2026.json,2026-10-03,1,1,2026-06
S26-0091,Jano ter Horst,Preußen Münster,Paderborn,2026-06-18,Fee,Reported fee,200000,Source quote; base/add-on treatment unspecified,Outside top five / unattached,Bundesliga,Defender,New to workbook,,,,,https://www.theguardian.com/football/ng-interactive/2026/sep/01/mens-transfer-window-summer-2026-all-deals-from-europes-top-five-leagues,https://interactive.guim.co.uk/2024/07/transfers/men-summer-2026.json,2026-10-03,1,1,2026-06
S26-0092,Chaka Traorè,Milan,Partizan Belgrade,2026-06-18,Undisclosed fee,Undisclosed,,No numeric source quote,Serie A,Outside top five / unattached,Forward,New to workbook,,,,,https://www.theguardian.com/football/ng-interactive/2026/sep/01/mens-transfer-window-summer-2026-all-deals-from-europes-top-five-leagues,https://interactive.guim.co.uk/2024/07/transfers/men-summer-2026.json,2026-10-03,0,0,2026-06
S26-0093,Afonso Moreira,Lyon,Bayer Leverkusen,2026-06-18,Fee,Reported fee,25000000,Source quote; base/add-on treatment unspecified,Ligue 1,Bundesliga,Winger,New to workbook,,,,,https://www.theguardian.com/football/ng-interactive/2026/sep/01/mens-transfer-window-summer-2026-all-deals-from-europes-top-five-leagues,https://interactive.guim.co.uk/2024/07/transfers/men-summer-2026.json,2026-10-03,1,1,2026-06
S26-0094,Víctor Muñoz,Osasuna,Liverpool,2026-06-18,Fee,Reported fee,34500000,Source quote; base/add-on treatment unspecified,La Liga,Premier League,Forward,New to workbook,,,,,https://www.theguardian.com/football/ng-interactive/2026/sep/01/mens-transfer-window-summer-2026-all-deals-from-europes-top-five-leagues,https://interactive.guim.co.uk/2024/07/transfers/men-summer-2026.json,2026-10-03,1,1,2026-06
S26-0096,Milan Aleksic,Sunderland,Partizan Belgrade,2026-06-18,Loan,Loan fee not stated,,No numeric source quote,Premier League,Outside top five / unattached,Midfielder,New to workbook,,,,Blank quote does not mean zero loan fee,https://www.theguardian.com/football/ng-interactive/2026/sep/01/mens-transfer-window-summer-2026-all-deals-from-europes-top-five-leagues,https://interactive.guim.co.uk/2024/07/transfers/men-summer-2026.json,2026-10-03,0,0,2026-06
S26-0097,Harrison Jones,Sunderland,Peterborough,2026-06-18,Undisclosed fee,Undisclosed,,No numeric source quote,Premier League,Outside top five / unattached,Midfielder,New to workbook,,,,,https://www.theguardian.com/football/ng-interactive/2026/sep/01/mens-transfer-window-summer-2026-all-deals-from-europes-top-five-leagues,https://interactive.guim.co.uk/2024/07/transfers/men-summer-2026.json,2026-10-03,0,0,2026-06
S26-0098,Tommaso Corazza,Bologna,Vicenza,2026-06-18,Loan,Loan fee not stated,,No numeric source quote,Serie A,Outside top five / unattached,Winger,New to workbook,,,,Blank quote does not mean zero loan fee,https://www.theguardian.com/football/ng-interactive/2026/sep/01/mens-transfer-window-summer-2026-all-deals-from-europes-top-five-leagues,https://interactive.guim.co.uk/2024/07/transfers/men-summer-2026.json,2026-10-03,0,0,2026-06
S26-0099,Charles Vanhoutte,Nice,Feyenoord,2026-06-19,Fee,Reported fee,5200000,Source quote; base/add-on treatment unspecified,Ligue 1,Outside top five / unattached,Midfielder,New to workbook,,,,,https://www.theguardian.com/football/ng-interactive/2026/sep/01/mens-transfer-window-summer-2026-all-deals-from-europes-top-five-leagues,https://interactive.guim.co.uk/2024/07/transfers/men-summer-2026.json,2026-10-03,1,1,2026-06
S26-0100,Daouda Guindo,Brest,Reims,2026-06-18,Free,Free transfer,,Free base transfer; other costs not represented,Ligue 1,Outside top five / unattached,Defender,New to workbook,,,,,https://www.theguardian.com/football/ng-interactive/2026/sep/01/mens-transfer-window-summer-2026-all-deals-from-europes-top-five-leagues,https://interactive.guim.co.uk/2024/07/transfers/men-summer-2026.json,2026-10-03,0,0,2026-06
S26-0101,Dominique Heintz,Cologne,Fortuna Düsseldorf,2026-06-19,Free,Free transfer,,Free base transfer; other costs not represented,Bundesliga,Outside top five / unattached,Defender,New to workbook,,,,,https://www.theguardian.com/football/ng-interactive/2026/sep/01/mens-transfer-window-summer-2026-all-deals-from-europes-top-five-leagues,https://interactive.guim.co.uk/2024/07/transfers/men-summer-2026.json,2026-10-03,0,0,2026-06
S26-0102,Mateo Flores,Real Betis,Arouca,2026-06-19,Fee,Reported fee,1200000,Source quote; base/add-on treatment unspecified,La Liga,Outside top five / unattached,Midfielder,New to workbook,,,,,https://www.theguardian.com/football/ng-interactive/2026/sep/01/mens-transfer-window-summer-2026-all-deals-from-europes-top-five-leagues,https://interactive.guim.co.uk/2024/07/transfers/men-summer-2026.json,2026-10-03,1,1,2026-06
S26-0103,Razvan Sava,Udinese,Universitatea Craiova,2026-06-19,Undisclosed fee,Undisclosed,,No numeric source quote,Serie A,Outside top five / unattached,Goalkeeper,New to workbook,,,,,https://www.theguardian.com/football/ng-interactive/2026/sep/01/mens-transfer-window-summer-2026-all-deals-from-europes-top-five-leagues,https://interactive.guim.co.uk/2024/07/transfers/men-summer-2026.json,2026-10-03,0,0,2026-06
S26-0104,Pele Arganese-McDermott,Tottenham Hotspur,Crawley Town,2026-06-18,Free,Free transfer,,Free base transfer; other costs not represented,Premier League,Outside top five / unattached,Defender,New to workbook,,,,,https://www.theguardian.com/football/ng-interactive/2026/sep/01/mens-transfer-window-summer-2026-all-deals-from-europes-top-five-leagues,https://interactive.guim.co.uk/2024/07/transfers/men-summer-2026.json,2026-10-03,0,0,2026-06
S26-0105,Giovanni Daffara,Juventus,Avellino,2026-06-16,Fee,Reported fee,400000,Source quote; base/add-on treatment unspecified,Serie A,Outside top five / unattached,Goalkeeper,New to workbook,,,,Future purchase conditions mentioned,https://www.theguardian.com/football/ng-interactive/2026/sep/01/mens-transfer-window-summer-2026-all-deals-from-europes-top-five-leagues,https://interactive.guim.co.uk/2024/07/transfers/men-summer-2026.json,2026-10-03,1,1,2026-06
S26-0106,Giovanni Daffara,Avellino,Juventus,2026-06-20,Fee,Reported fee,900000,Source quote; base/add-on treatment unspecified,Outside top five / unattached,Serie A,Goalkeeper,New to workbook,,,,,https://www.theguardian.com/football/ng-interactive/2026/sep/01/mens-transfer-window-summer-2026-all-deals-from-europes-top-five-leagues,https://interactive.guim.co.uk/2024/07/transfers/men-summer-2026.json,2026-10-03,1,1,2026-06
S26-0107,Gonçalo Oliveira,Benfica,Rennes,2026-06-18,Fee,Reported fee,3000000,Source quote; base/add-on treatment unspecified,Outside top five / unattached,Ligue 1,Defender,New to workbook,,,,,https://www.theguardian.com/football/ng-interactive/2026/sep/01/mens-transfer-window-summer-2026-all-deals-from-europes-top-five-leagues,https://interactive.guim.co.uk/2024/07/transfers/men-summer-2026.json,2026-10-03,1,1,2026-06
S26-0108,Alessandro Nunziante,Udinese,Arezzo,2026-06-21,Loan,Loan fee not stated,,No numeric source quote,Serie A,Outside top five / unattached,Goalkeeper,New to workbook,,,,Blank quote does not mean zero loan fee,https://www.theguardian.com/football/ng-interactive/2026/sep/01/mens-transfer-window-summer-2026-all-deals-from-europes-top-five-leagues,https://interactive.guim.co.uk/2024/07/transfers/men-summer-2026.json,2026-10-03,0,0,2026-06
S26-0109,Jimmy-Jay Morgan,Chelsea,West Bromwich Albion,2026-06-18,Fee,Reported fee,4000000,Source quote; base/add-on treatment unspecified,Premier League,Outside top five / unattached,Forward,New to workbook,,,,,https://www.theguardian.com/football/ng-interactive/2026/sep/01/mens-transfer-window-summer-2026-all-deals-from-europes-top-five-leagues,https://interactive.guim.co.uk/2024/07/transfers/men-summer-2026.json,2026-10-03,1,1,2026-06
S26-0110,Cedric Itten,Fortuna Düsseldorf,Werder Bremen,2026-06-21,Free,Free transfer,,Free base transfer; other costs not represented,Outside top five / unattached,Bundesliga,Forward,New to workbook,,,,,https://www.theguardian.com/football/ng-interactive/2026/sep/01/mens-transfer-window-summer-2026-all-deals-from-europes-top-five-leagues,https://interactive.guim.co.uk/2024/07/transfers/men-summer-2026.json,2026-10-03,0,0,2026-06
S26-0111,Marcel Lubik,Augsburg,Wisla Krakow,2026-06-21,Loan,Loan fee not stated,,No numeric source quote,Bundesliga,Outside top five / unattached,Goalkeeper,New to workbook,,,,Blank quote does not mean zero loan fee,https://www.theguardian.com/football/ng-interactive/2026/sep/01/mens-transfer-window-summer-2026-all-deals-from-europes-top-five-leagues,https://interactive.guim.co.uk/2024/07/transfers/men-summer-2026.json,2026-10-03,0,0,2026-06
S26-0112,Karl Hein,Arsenal,Werder Bremen,2026-05-23,Fee,Reported fee,2600000,Source quote; base/add-on treatment unspecified,Premier League,Bundesliga,Goalkeeper,New to workbook,,,,Early announcement; source assigns to summer window,https://www.theguardian.com/football/ng-interactive/2026/sep/01/mens-transfer-window-summer-2026-all-deals-from-europes-top-five-leagues,https://interactive.guim.co.uk/2024/07/transfers/men-summer-2026.json,2026-10-03,1,1,2026-05
S26-0113,Mio Backhaus,Werder Bremen,Freiburg,2026-05-23,Fee,Reported fee,12900000,Source quote; base/add-on treatment unspecified,Bundesliga,Bundesliga,Goalkeeper,New to workbook,,,,Early announcement; source assigns to summer window,https://www.theguardian.com/football/ng-interactive/2026/sep/01/mens-transfer-window-summer-2026-all-deals-from-europes-top-five-leagues,https://interactive.guim.co.uk/2024/07/transfers/men-summer-2026.json,2026-10-03,1,1,2026-05
S26-0114,Michael Dacosta,Bournemouth,Moreirense,2026-06-15,Undisclosed fee,Undisclosed,,No numeric source quote,Premier League,Outside top five / unattached,Winger,New to workbook,,,,,https://www.theguardian.com/football/ng-interactive/2026/sep/01/mens-transfer-window-summer-2026-all-deals-from-europes-top-five-leagues,https://interactive.guim.co.uk/2024/07/transfers/men-summer-2026.json,2026-10-03,0,0,2026-06
S26-0115,Jannik Schuster,Red Bull Salzburg,Brentford,2026-05-15,Fee,Reported fee,14000000,Source quote; base/add-on treatment unspecified,Outside top five / unattached,Premier League,Defender,New to workbook,,,,Early announcement; source assigns to summer window,https://www.theguardian.com/football/ng-interactive/2026/sep/01/mens-transfer-window-summer-2026-all-deals-from-europes-top-five-leagues,https://interactive.guim.co.uk/2024/07/transfers/men-summer-2026.json,2026-10-03,1,1,2026-05
S26-0117,Cédric Kipré,Reims,Ipswich Town,2026-05-05,Fee,Reported fee,1700000,Source quote; base/add-on treatment unspecified,Outside top five / unattached,Premier League,Defender,New to workbook,,,,Early announcement; source assigns to summer window,https://www.theguardian.com/football/ng-interactive/2026/sep/01/mens-transfer-window-summer-2026-all-deals-from-europes-top-five-leagues,https://interactive.guim.co.uk/2024/07/transfers/men-summer-2026.json,2026-10-03,1,1,2026-05
S26-0118,Chuba Akpom,Ajax,Ipswich Town,2026-05-05,Fee,Reported fee,7000000,Source quote; base/add-on treatment unspecified,Outside top five / unattached,Premier League,Forward,New to workbook,,,,Early announcement; source assigns to summer window,https://www.theguardian.com/football/ng-interactive/2026/sep/01/mens-transfer-window-summer-2026-all-deals-from-europes-top-five-leagues,https://interactive.guim.co.uk/2024/07/transfers/men-summer-2026.json,2026-10-03,1,1,2026-05
S26-0120,Illan Meslier,Leeds United,Arsenal,2026-07-09,Free,Free transfer,,Free base transfer; other costs not represented,Premier League,Premier League,Goalkeeper,New to workbook,,,,,https://www.theguardian.com/football/ng-interactive/2026/sep/01/mens-transfer-window-summer-2026-all-deals-from-europes-top-five-leagues,https://interactive.guim.co.uk/2024/07/transfers/men-summer-2026.json,2026-10-03,0,0,2026-07
S26-0121,Carter Pinnington,Liverpool,West Bromwich Albion,2026-06-18,Undisclosed fee,Undisclosed,,No numeric source quote,Premier League,Outside top five / unattached,Defender,New to workbook,,,,,https://www.theguardian.com/football/ng-interactive/2026/sep/01/mens-transfer-window-summer-2026-all-deals-from-europes-top-five-leagues,https://interactive.guim.co.uk/2024/07/transfers/men-summer-2026.json,2026-10-03,0,0,2026-06
S26-0122,Robert Wagner,Freiburg,Dynamo Dresden,2026-06-23,Fee,Reported fee,700000,Source quote; base/add-on treatment unspecified,Bundesliga,Outside top five / unattached,Midfielder,New to workbook,,,,,https://www.theguardian.com/football/ng-interactive/2026/sep/01/mens-transfer-window-summer-2026-all-deals-from-europes-top-five-leagues,https://interactive.guim.co.uk/2024/07/transfers/men-summer-2026.json,2026-10-03,1,1,2026-06
S26-0123,Iñaki Peña,Barcelona,Panathinaikos,2026-06-23,Fee,Reported fee,2600000,Source quote; base/add-on treatment unspecified,La Liga,Outside top five / unattached,Goalkeeper,New to workbook,,,,,https://www.theguardian.com/football/ng-interactive/2026/sep/01/mens-transfer-window-summer-2026-all-deals-from-europes-top-five-leagues,https://interactive.guim.co.uk/2024/07/transfers/men-summer-2026.json,2026-10-03,1,1,2026-06
S26-0124,Robert Glatzel,Hamburg,Wolfsburg,2026-06-23,Fee,Reported fee,1300000,Source quote; base/add-on treatment unspecified,Bundesliga,Outside top five / unattached,Forward,New to workbook,,,,,https://www.theguardian.com/football/ng-interactive/2026/sep/01/mens-transfer-window-summer-2026-all-deals-from-europes-top-five-leagues,https://interactive.guim.co.uk/2024/07/transfers/men-summer-2026.json,2026-10-03,1,1,2026-06
S26-0125,Martin Dubravka,Burnley,Tottenham Hotspur,2026-06-24,Free,Free transfer,,Free base transfer; other costs not represented,Outside top five / unattached,Premier League,Goalkeeper,New to workbook,,,,,https://www.theguardian.com/football/ng-interactive/2026/sep/01/mens-transfer-window-summer-2026-all-deals-from-europes-top-five-leagues,https://interactive.guim.co.uk/2024/07/transfers/men-summer-2026.json,2026-10-03,0,0,2026-06
S26-0126,Maxime Dupé,Nice,Nantes,2026-06-24,Free,Free transfer,,Free base transfer; other costs not represented,Ligue 1,Outside top five / unattached,Goalkeeper,New to workbook,,,,,https://www.theguardian.com/football/ng-interactive/2026/sep/01/mens-transfer-window-summer-2026-all-deals-from-europes-top-five-leagues,https://interactive.guim.co.uk/2024/07/transfers/men-summer-2026.json,2026-10-03,0,0,2026-06
S26-0127,Pierre Mounguengue,Paris Saint-Germain,Dynamo Kyiv,2026-06-24,Free,Free transfer,,Free base transfer; other costs not represented,Ligue 1,Outside top five / unattached,Forward,New to workbook,,,,,https://www.theguardian.com/football/ng-interactive/2026/sep/01/mens-transfer-window-summer-2026-all-deals-from-europes-top-five-leagues,https://interactive.guim.co.uk/2024/07/transfers/men-summer-2026.json,2026-10-03,0,0,2026-06
S26-0128,Diogo Sousa,Vitória de Guimarães,Strasbourg,2026-06-24,Fee,Reported fee,9500000,Source quote; base/add-on treatment unspecified,Outside top five / unattached,Ligue 1,Midfielder,New to workbook,,,,,https://www.theguardian.com/football/ng-interactive/2026/sep/01/mens-transfer-window-summer-2026-all-deals-from-europes-top-five-leagues,https://interactive.guim.co.uk/2024/07/transfers/men-summer-2026.json,2026-10-03,1,1,2026-06
S26-0129,Ilyes Housni,Paris Saint-Germain,Nancy,2026-06-24,Free,Free transfer,,Free base transfer; other costs not represented,Ligue 1,Outside top five / unattached,Forward,New to workbook,,,,,https://www.theguardian.com/football/ng-interactive/2026/sep/01/mens-transfer-window-summer-2026-all-deals-from-europes-top-five-leagues,https://interactive.guim.co.uk/2024/07/transfers/men-summer-2026.json,2026-10-03,0,0,2026-06
S26-0131,Henri Koudossou,Augsburg,Arminia Bielefeld,2026-06-25,Loan,Loan fee not stated,,No numeric source quote,Bundesliga,Outside top five / unattached,Defender,New to workbook,,,,Blank quote does not mean zero loan fee,https://www.theguardian.com/football/ng-interactive/2026/sep/01/mens-transfer-window-summer-2026-all-deals-from-europes-top-five-leagues,https://interactive.guim.co.uk/2024/07/transfers/men-summer-2026.json,2026-10-03,0,0,2026-06
S26-0132,Matthew Craig,Tottenham Hotspur,Port Vale,2026-06-25,Undisclosed fee,Undisclosed,,No numeric source quote,Premier League,Outside top five / unattached,Midfielder,New to workbook,,,,,https://www.theguardian.com/football/ng-interactive/2026/sep/01/mens-transfer-window-summer-2026-all-deals-from-europes-top-five-leagues,https://interactive.guim.co.uk/2024/07/transfers/men-summer-2026.json,2026-10-03,0,0,2026-06
S26-0133,Jacob Slater,Brighton,Tranmere Rovers,2026-06-25,Free,Free transfer,,Free base transfer; other costs not represented,Premier League,Outside top five / unattached,Defender,New to workbook,,,,,https://www.theguardian.com/football/ng-interactive/2026/sep/01/mens-transfer-window-summer-2026-all-deals-from-europes-top-five-leagues,https://interactive.guim.co.uk/2024/07/transfers/men-summer-2026.json,2026-10-03,0,0,2026-06
S26-0134,Noah Darvich,Stuttgart,Elversberg,2026-06-25,Loan,Loan fee not stated,,No numeric source quote,Bundesliga,Bundesliga,Midfielder,New to workbook,,,,Blank quote does not mean zero loan fee,https://www.theguardian.com/football/ng-interactive/2026/sep/01/mens-transfer-window-summer-2026-all-deals-from-europes-top-five-leagues,https://interactive.guim.co.uk/2024/07/transfers/men-summer-2026.json,2026-10-03,0,0,2026-06
S26-0135,Ilyes Hamache,Schalke 04,Cambuur,2026-06-25,Undisclosed fee,Undisclosed,,No numeric source quote,Bundesliga,Outside top five / unattached,Winger,New to workbook,,,,,https://www.theguardian.com/football/ng-interactive/2026/sep/01/mens-transfer-window-summer-2026-all-deals-from-europes-top-five-leagues,https://interactive.guim.co.uk/2024/07/transfers/men-summer-2026.json,2026-10-03,0,0,2026-06
S26-0136,Alessio Besio,Freiburg,Wolfsburg,2026-06-25,Undisclosed fee,Undisclosed,,No numeric source quote,Bundesliga,Outside top five / unattached,Midfielder,New to workbook,,,,,https://www.theguardian.com/football/ng-interactive/2026/sep/01/mens-transfer-window-summer-2026-all-deals-from-europes-top-five-leagues,https://interactive.guim.co.uk/2024/07/transfers/men-summer-2026.json,2026-10-03,0,0,2026-06
S26-0137,Michaël Cuisance,Hertha Berlin,Lens,2026-06-26,Fee,Reported fee,4300000,Source quote; base/add-on treatment unspecified,Outside top five / unattached,Ligue 1,Midfielder,New to workbook,,,,,https://www.theguardian.com/football/ng-interactive/2026/sep/01/mens-transfer-window-summer-2026-all-deals-from-europes-top-five-leagues,https://interactive.guim.co.uk/2024/07/transfers/men-summer-2026.json,2026-10-03,1,1,2026-06
S26-0138,Frankie Okoronkwo,Everton,Doncaster,2026-06-26,Free,Free transfer,,Free base transfer; other costs not represented,Premier League,Outside top five / unattached,Forward,New to workbook,,,,,https://www.theguardian.com/football/ng-interactive/2026/sep/01/mens-transfer-window-summer-2026-all-deals-from-europes-top-five-leagues,https://interactive.guim.co.uk/2024/07/transfers/men-summer-2026.json,2026-10-03,0,0,2026-06
S26-0139,Nicolas Lemaître,Troyes,Rennes,2026-06-26,Free,Free transfer,,Free base transfer; other costs not represented,Ligue 1,Ligue 1,Goalkeeper,New to workbook,,,,,https://www.theguardian.com/football/ng-interactive/2026/sep/01/mens-transfer-window-summer-2026-all-deals-from-europes-top-five-leagues,https://interactive.guim.co.uk/2024/07/transfers/men-summer-2026.json,2026-10-03,0,0,2026-06
S26-0141,Dariusz Stalmach,Magdeburg,Werder Bremen,2026-06-26,Undisclosed fee,Undisclosed,,No numeric source quote,Outside top five / unattached,Bundesliga,Midfielder,New to workbook,,,,,https://www.theguardian.com/football/ng-interactive/2026/sep/01/mens-transfer-window-summer-2026-all-deals-from-europes-top-five-leagues,https://interactive.guim.co.uk/2024/07/transfers/men-summer-2026.json,2026-10-03,0,0,2026-06
S26-0142,Leon Opitz,Werder Bremen,Osnabrück,2026-06-26,Loan,Loan fee not stated,,No numeric source quote,Bundesliga,Outside top five / unattached,Midfielder,New to workbook,,,,Blank quote does not mean zero loan fee,https://www.theguardian.com/football/ng-interactive/2026/sep/01/mens-transfer-window-summer-2026-all-deals-from-europes-top-five-leagues,https://interactive.guim.co.uk/2024/07/transfers/men-summer-2026.json,2026-10-03,0,0,2026-06
S26-0143,Demba Seck,Torino,Partizan Belgrade,2026-06-26,Undisclosed fee,Undisclosed,,No numeric source quote,Serie A,Outside top five / unattached,Winger,New to workbook,,,,,https://www.theguardian.com/football/ng-interactive/2026/sep/01/mens-transfer-window-summer-2026-all-deals-from-europes-top-five-leagues,https://interactive.guim.co.uk/2024/07/transfers/men-summer-2026.json,2026-10-03,0,0,2026-06
S26-0144,Nahuel Noll,Hoffenheim,Paderborn,2026-06-26,Loan,Loan fee not stated,,No numeric source quote,Bundesliga,Bundesliga,Goalkeeper,New to workbook,,,,Blank quote does not mean zero loan fee,https://www.theguardian.com/football/ng-interactive/2026/sep/01/mens-transfer-window-summer-2026-all-deals-from-europes-top-five-leagues,https://interactive.guim.co.uk/2024/07/transfers/men-summer-2026.json,2026-10-03,0,0,2026-06
S26-0145,Alejo Véliz,Tottenham Hotspur,Bahia,2026-06-26,Fee,Reported fee,7800000,Source quote; base/add-on treatment unspecified,Premier League,Outside top five / unattached,Forward,New to workbook,,,,,https://www.theguardian.com/football/ng-interactive/2026/sep/01/mens-transfer-window-summer-2026-all-deals-from-europes-top-five-leagues,https://interactive.guim.co.uk/2024/07/transfers/men-summer-2026.json,2026-10-03,1,1,2026-06
S26-0146,Jonah Kusi-Asare,Bayern Munich,Fulham,2026-06-27,Fee,Reported fee,5200000,Source quote; base/add-on treatment unspecified,Bundesliga,Premier League,Forward,New to workbook,,,,,https://www.theguardian.com/football/ng-interactive/2026/sep/01/mens-transfer-window-summer-2026-all-deals-from-europes-top-five-leagues,https://interactive.guim.co.uk/2024/07/transfers/men-summer-2026.json,2026-10-03,1,1,2026-06
S26-0147,Alexander Staff,Eintracht Frankfurt,Saarbrücken,2026-06-27,Loan,Loan fee not stated,,No numeric source quote,Bundesliga,Outside top five / unattached,Forward,New to workbook,,,,Blank quote does not mean zero loan fee,https://www.theguardian.com/football/ng-interactive/2026/sep/01/mens-transfer-window-summer-2026-all-deals-from-europes-top-five-leagues,https://interactive.guim.co.uk/2024/07/transfers/men-summer-2026.json,2026-10-03,0,0,2026-06
S26-0148,Aiman Dardari,Augsburg,RW Essen,2026-06-27,Loan,Loan fee not stated,,No numeric source quote,Bundesliga,Outside top five / unattached,Winger,New to workbook,,,,Blank quote does not mean zero loan fee,https://www.theguardian.com/football/ng-interactive/2026/sep/01/mens-transfer-window-summer-2026-all-deals-from-europes-top-five-leagues,https://interactive.guim.co.uk/2024/07/transfers/men-summer-2026.json,2026-10-03,0,0,2026-06
S26-0149,Charlie McArthur,Newcastle United,York City,2026-06-26,Free,Free transfer,,Free base transfer; other costs not represented,Premier League,Outside top five / unattached,Defender,New to workbook,,,,,https://www.theguardian.com/football/ng-interactive/2026/sep/01/mens-transfer-window-summer-2026-all-deals-from-europes-top-five-leagues,https://interactive.guim.co.uk/2024/07/transfers/men-summer-2026.json,2026-10-03,0,0,2026-06
S26-0150,Zak Johnson,Sunderland,York City,2026-06-26,Undisclosed fee,Undisclosed,,No numeric source quote,Premier League,Outside top five / unattached,Defender,New to workbook,,,,,https://www.theguardian.com/football/ng-interactive/2026/sep/01/mens-transfer-window-summer-2026-all-deals-from-europes-top-five-leagues,https://interactive.guim.co.uk/2024/07/transfers/men-summer-2026.json,2026-10-03,0,0,2026-06
S26-0151,Tiago Pereira Cardoso,Borussia Mönchengladbach,La Louvière,2026-06-27,Loan,Loan fee not stated,,No numeric source quote,Bundesliga,Outside top five / unattached,Goalkeeper,New to workbook,,,,Blank quote does not mean zero loan fee,https://www.theguardian.com/football/ng-interactive/2026/sep/01/mens-transfer-window-summer-2026-all-deals-from-europes-top-five-leagues,https://interactive.guim.co.uk/2024/07/transfers/men-summer-2026.json,2026-10-03,0,0,2026-06
S26-0152,Mathys Detourbet,Troyes,Manchester City,2026-06-27,Fee,Reported fee,21600000,Source quote; base/add-on treatment unspecified,Ligue 1,Premier League,Winger,New to workbook,,,,,https://www.theguardian.com/football/ng-interactive/2026/sep/01/mens-transfer-window-summer-2026-all-deals-from-europes-top-five-leagues,https://interactive.guim.co.uk/2024/07/transfers/men-summer-2026.json,2026-10-03,1,1,2026-06
S26-0153,Kornel Lisman,Lech Poznan,Venezia,2026-06-27,Fee,Reported fee,2200000,Source quote; base/add-on treatment unspecified,Outside top five / unattached,Serie A,Winger,New to workbook,,,,,https://www.theguardian.com/football/ng-interactive/2026/sep/01/mens-transfer-window-summer-2026-all-deals-from-europes-top-five-leagues,https://interactive.guim.co.uk/2024/07/transfers/men-summer-2026.json,2026-10-03,1,1,2026-06
S26-0155,Benjamin Cremaschi,Inter Miami,Parma,2026-06-27,Fee,Reported fee,3900000,Source quote; base/add-on treatment unspecified,Outside top five / unattached,Serie A,Midfielder,New to workbook,,,,,https://www.theguardian.com/football/ng-interactive/2026/sep/01/mens-transfer-window-summer-2026-all-deals-from-europes-top-five-leagues,https://interactive.guim.co.uk/2024/07/transfers/men-summer-2026.json,2026-10-03,1,1,2026-06
S26-0156,Ben Godfrey,Atalanta,Rangers,2026-06-29,Loan,Loan fee not stated,,No numeric source quote,Serie A,Outside top five / unattached,Defender,New to workbook,,,,Blank quote does not mean zero loan fee,https://www.theguardian.com/football/ng-interactive/2026/sep/01/mens-transfer-window-summer-2026-all-deals-from-europes-top-five-leagues,https://interactive.guim.co.uk/2024/07/transfers/men-summer-2026.json,2026-10-03,0,0,2026-06
S26-0157,Laszlo Benes,Union Berlin,KAA Gent,2026-06-29,Undisclosed fee,Undisclosed,,No numeric source quote,Bundesliga,Outside top five / unattached,Midfielder,New to workbook,,,,,https://www.theguardian.com/football/ng-interactive/2026/sep/01/mens-transfer-window-summer-2026-all-deals-from-europes-top-five-leagues,https://interactive.guim.co.uk/2024/07/transfers/men-summer-2026.json,2026-10-03,0,0,2026-06
S26-0158,Frank Onyeka,Brentford,Coventry City,2026-06-29,Undisclosed fee,Undisclosed,,No numeric source quote,Premier League,Premier League,Midfielder,New to workbook,,,,,https://www.theguardian.com/football/ng-interactive/2026/sep/01/mens-transfer-window-summer-2026-all-deals-from-europes-top-five-leagues,https://interactive.guim.co.uk/2024/07/transfers/men-summer-2026.json,2026-10-03,0,0,2026-06
S26-0159,Gonçalo Ramos,Paris Saint-Germain,Milan,2026-06-30,Fee,Reported fee,60200000,Source quote; base/add-on treatment unspecified,Ligue 1,Serie A,Forward,New to workbook,,,,; Conflicting fee reports; see Source_Checks,https://www.theguardian.com/football/ng-interactive/2026/sep/01/mens-transfer-window-summer-2026-all-deals-from-europes-top-five-leagues,https://interactive.guim.co.uk/2024/07/transfers/men-summer-2026.json,2026-10-03,1,1,2026-06
S26-0160,Alejandro Grimaldo,Bayer Leverkusen,Atlético Madrid,2026-06-30,Fee,Reported fee,19000000,Source quote; base/add-on treatment unspecified,Bundesliga,La Liga,Defender,New to workbook,,,,Add-ons/bonuses mentioned; See Fee_Components,https://www.theguardian.com/football/ng-interactive/2026/sep/01/mens-transfer-window-summer-2026-all-deals-from-europes-top-five-leagues,https://interactive.guim.co.uk/2024/07/transfers/men-summer-2026.json,2026-10-03,1,1,2026-06
S26-0161,Noah Katterbach,Hamburg,Eintracht Frankfurt,2026-06-30,Loan,Loan fee not stated,,No numeric source quote,Bundesliga,Bundesliga,Defender,New to workbook,,,,Future purchase conditions mentioned; Blank quote does not mean zero loan fee,https://www.theguardian.com/football/ng-interactive/2026/sep/01/mens-transfer-window-summer-2026-all-deals-from-europes-top-five-leagues,https://interactive.guim.co.uk/2024/07/transfers/men-summer-2026.json,2026-10-03,0,0,2026-06
S26-0162,Peter Remmert,Schalke 04,Duisburg,2026-06-30,Loan,Loan fee not stated,,No numeric source quote,Bundesliga,Outside top five / unattached,Forward,New to workbook,,,,Blank quote does not mean zero loan fee,https://www.theguardian.com/football/ng-interactive/2026/sep/01/mens-transfer-window-summer-2026-all-deals-from-europes-top-five-leagues,https://interactive.guim.co.uk/2024/07/transfers/men-summer-2026.json,2026-10-03,0,0,2026-06
S26-0163,Javi Galán,Osasuna,Celta Vigo,2026-06-30,Free,Free transfer,,Free base transfer; other costs not represented,La Liga,La Liga,Defender,New to workbook,,,,,https://www.theguardian.com/football/ng-interactive/2026/sep/01/mens-transfer-window-summer-2026-all-deals-from-europes-top-five-leagues,https://interactive.guim.co.uk/2024/07/transfers/men-summer-2026.json,2026-10-03,0,0,2026-06
S26-0164,Ansu Fati,Barcelona,Monaco,2026-06-30,Fee,Reported fee,9500000,Source quote; base/add-on treatment unspecified,La Liga,Ligue 1,Winger,New to workbook,,,,,https://www.theguardian.com/football/ng-interactive/2026/sep/01/mens-transfer-window-summer-2026-all-deals-from-europes-top-five-leagues,https://interactive.guim.co.uk/2024/07/transfers/men-summer-2026.json,2026-10-03,1,1,2026-06
S26-0165,Pascal Struijk,Leeds United,Brighton,2026-06-30,Fee,Reported fee,18000000,Source quote; base/add-on treatment unspecified,Premier League,Premier League,Defender,New to workbook,,,,,https://www.theguardian.com/football/ng-interactive/2026/sep/01/mens-transfer-window-summer-2026-all-deals-from-europes-top-five-leagues,https://interactive.guim.co.uk/2024/07/transfers/men-summer-2026.json,2026-10-03,1,1,2026-06
S26-0166,Marco Palestra,Atalanta,Chelsea,2026-07-01,Fee,Reported fee,47000000,Source quote; base/add-on treatment unspecified,Serie A,Premier League,Defender,New to workbook,,,,,https://www.theguardian.com/football/ng-interactive/2026/sep/01/mens-transfer-window-summer-2026-all-deals-from-europes-top-five-leagues,https://interactive.guim.co.uk/2024/07/transfers/men-summer-2026.json,2026-10-03,1,1,2026-07
S26-0167,Rodrigo Rêgo,Benfica,Brighton,2026-07-01,Undisclosed fee,Undisclosed,,No numeric source quote,Outside top five / unattached,Premier League,Winger,New to workbook,,,,,https://www.theguardian.com/football/ng-interactive/2026/sep/01/mens-transfer-window-summer-2026-all-deals-from-europes-top-five-leagues,https://interactive.guim.co.uk/2024/07/transfers/men-summer-2026.json,2026-10-03,0,0,2026-07
S26-0168,Ismael Saibari,PSV Eindhoven,Bayern Munich,2026-07-01,Fee,Reported fee,43000000,Source quote; base/add-on treatment unspecified,Outside top five / unattached,Bundesliga,Forward,New to workbook,,,,,https://www.theguardian.com/football/ng-interactive/2026/sep/01/mens-transfer-window-summer-2026-all-deals-from-europes-top-five-leagues,https://interactive.guim.co.uk/2024/07/transfers/men-summer-2026.json,2026-10-03,1,1,2026-07
S26-0169,Mads Bidstrup,Red Bull Salzburg,Lyon,2026-07-01,Fee,Reported fee,9000000,Source quote; base/add-on treatment unspecified,Outside top five / unattached,Ligue 1,Midfielder,New to workbook,,,,,https://www.theguardian.com/football/ng-interactive/2026/sep/01/mens-transfer-window-summer-2026-all-deals-from-europes-top-five-leagues,https://interactive.guim.co.uk/2024/07/transfers/men-summer-2026.json,2026-10-03,1,1,2026-07
S26-0170,Arthur Piedfort,Westerlo,Auxerre,2026-07-01,Fee,Reported fee,4300000,Source quote; base/add-on treatment unspecified,Outside top five / unattached,Ligue 1,Midfielder,New to workbook,,,,,https://www.theguardian.com/football/ng-interactive/2026/sep/01/mens-transfer-window-summer-2026-all-deals-from-europes-top-five-leagues,https://interactive.guim.co.uk/2024/07/transfers/men-summer-2026.json,2026-10-03,1,1,2026-07
S26-0171,Jeff Ekhator,Genoa,Juventus,2026-07-01,Fee,Reported fee,14100000,Source quote; base/add-on treatment unspecified,Serie A,Serie A,Forward,New to workbook,,,,Add-ons/bonuses mentioned; See Fee_Components,https://www.theguardian.com/football/ng-interactive/2026/sep/01/mens-transfer-window-summer-2026-all-deals-from-europes-top-five-leagues,https://interactive.guim.co.uk/2024/07/transfers/men-summer-2026.json,2026-10-03,1,1,2026-07
S26-0172,Hrvoje Smolcic,Eintracht Frankfurt,Corum,2026-07-01,Fee,Reported fee,1300000,Source quote; base/add-on treatment unspecified,Bundesliga,Outside top five / unattached,Defender,New to workbook,,,,,https://www.theguardian.com/football/ng-interactive/2026/sep/01/mens-transfer-window-summer-2026-all-deals-from-europes-top-five-leagues,https://interactive.guim.co.uk/2024/07/transfers/men-summer-2026.json,2026-10-03,1,1,2026-07
S26-0173,Nazariy Rusyn,Sunderland,Karpaty Lviv,2026-07-01,Free,Free transfer,,Free base transfer; other costs not represented,Premier League,Outside top five / unattached,Forward,New to workbook,,,,,https://www.theguardian.com/football/ng-interactive/2026/sep/01/mens-transfer-window-summer-2026-all-deals-from-europes-top-five-leagues,https://interactive.guim.co.uk/2024/07/transfers/men-summer-2026.json,2026-10-03,0,0,2026-07
S26-0174,Giovanni Daffara,Juventus,Parma,2026-07-01,Fee,Reported fee,5100000,Source quote; base/add-on treatment unspecified,Serie A,Serie A,Goalkeeper,New to workbook,,,,,https://www.theguardian.com/football/ng-interactive/2026/sep/01/mens-transfer-window-summer-2026-all-deals-from-europes-top-five-leagues,https://interactive.guim.co.uk/2024/07/transfers/men-summer-2026.json,2026-10-03,1,1,2026-07
S26-0175,Armel Bella-Kotchap,Verona,Venezia,2026-06-29,Fee,Reported fee,7000000,Source quote; base/add-on treatment unspecified,Outside top five / unattached,Serie A,Defender,New to workbook,,,,,https://www.theguardian.com/football/ng-interactive/2026/sep/01/mens-transfer-window-summer-2026-all-deals-from-europes-top-five-leagues,https://interactive.guim.co.uk/2024/07/transfers/men-summer-2026.json,2026-10-03,1,1,2026-06
S26-0176,Rasmus Kristensen,Eintracht Frankfurt,FC Midtjylland,2026-06-30,Fee,Reported fee,5100000,Source quote; base/add-on treatment unspecified,Bundesliga,Outside top five / unattached,Defender,New to workbook,,,,,https://www.theguardian.com/football/ng-interactive/2026/sep/01/mens-transfer-window-summer-2026-all-deals-from-europes-top-five-leagues,https://interactive.guim.co.uk/2024/07/transfers/men-summer-2026.json,2026-10-03,1,1,2026-06
S26-0177,Caio Henrique,Monaco,Ajax,2026-06-30,Fee,Reported fee,9000000,Source quote; base/add-on treatment unspecified,Ligue 1,Outside top five / unattached,Defender,New to workbook,,,,,https://www.theguardian.com/football/ng-interactive/2026/sep/01/mens-transfer-window-summer-2026-all-deals-from-europes-top-five-leagues,https://interactive.guim.co.uk/2024/07/transfers/men-summer-2026.json,2026-10-03,1,1,2026-06
S26-0178,Flávio Nazinho,Cercle Brugge,Monaco,2026-06-30,Fee,Reported fee,4300000,Source quote; base/add-on treatment unspecified,Outside top five / unattached,Ligue 1,Defender,New to workbook,,,,,https://www.theguardian.com/football/ng-interactive/2026/sep/01/mens-transfer-window-summer-2026-all-deals-from-europes-top-five-leagues,https://interactive.guim.co.uk/2024/07/transfers/men-summer-2026.json,2026-10-03,1,1,2026-06
S26-0179,Sergi Altimira,Real Betis,Sporting,2026-06-30,Fee,Reported fee,15400000,Source quote; base/add-on treatment unspecified,La Liga,Outside top five / unattached,Midfielder,New to workbook,,,,,https://www.theguardian.com/football/ng-interactive/2026/sep/01/mens-transfer-window-summer-2026-all-deals-from-europes-top-five-leagues,https://interactive.guim.co.uk/2024/07/transfers/men-summer-2026.json,2026-10-03,1,1,2026-06
S26-0180,Stefan de Vrij,Inter,Panathinaikos,2026-06-30,Free,Free transfer,,Free base transfer; other costs not represented,Serie A,Outside top five / unattached,Defender,New to workbook,,,,,https://www.theguardian.com/football/ng-interactive/2026/sep/01/mens-transfer-window-summer-2026-all-deals-from-europes-top-five-leagues,https://interactive.guim.co.uk/2024/07/transfers/men-summer-2026.json,2026-10-03,0,0,2026-06
S26-0181,Clément Lenglet,Atlético Madrid,Benfica,2026-07-01,Loan,Loan fee not stated,,No numeric source quote,La Liga,Outside top five / unattached,Defender,New to workbook,,,,Future purchase conditions mentioned; Blank quote does not mean zero loan fee,https://www.theguardian.com/football/ng-interactive/2026/sep/01/mens-transfer-window-summer-2026-all-deals-from-europes-top-five-leagues,https://interactive.guim.co.uk/2024/07/transfers/men-summer-2026.json,2026-10-03,0,0,2026-07
S26-0182,Dan Neil,Sunderland,Rangers,2026-07-01,Free,Free transfer,,Free base transfer; other costs not represented,Premier League,Outside top five / unattached,Midfielder,New to workbook,,,,,https://www.theguardian.com/football/ng-interactive/2026/sep/01/mens-transfer-window-summer-2026-all-deals-from-europes-top-five-leagues,https://interactive.guim.co.uk/2024/07/transfers/men-summer-2026.json,2026-10-03,0,0,2026-07
S26-0183,Robert Lewandowski,Barcelona,Chicago Fire,2026-06-29,Free,Free transfer,,Free base transfer; other costs not represented,La Liga,Outside top five / unattached,Forward,New to workbook,,,,,https://www.theguardian.com/football/ng-interactive/2026/sep/01/mens-transfer-window-summer-2026-all-deals-from-europes-top-five-leagues,https://interactive.guim.co.uk/2024/07/transfers/men-summer-2026.json,2026-10-03,0,0,2026-06
S26-0184,Oliver Whatmuff,Manchester City,Stockport County,2026-07-01,Loan,Loan fee not stated,,No numeric source quote,Premier League,Outside top five / unattached,Goalkeeper,New to workbook,,,,Blank quote does not mean zero loan fee,https://www.theguardian.com/football/ng-interactive/2026/sep/01/mens-transfer-window-summer-2026-all-deals-from-europes-top-five-leagues,https://interactive.guim.co.uk/2024/07/transfers/men-summer-2026.json,2026-10-03,0,0,2026-07
S26-0185,Ethan Brierley,Brentford,Huddersfield,2026-06-30,Undisclosed fee,Undisclosed,,No numeric source quote,Premier League,Outside top five / unattached,Midfielder,New to workbook,,,,,https://www.theguardian.com/football/ng-interactive/2026/sep/01/mens-transfer-window-summer-2026-all-deals-from-europes-top-five-leagues,https://interactive.guim.co.uk/2024/07/transfers/men-summer-2026.json,2026-10-03,0,0,2026-06
S26-0186,Matty Young,Sunderland,Huddersfield,2026-06-30,Loan,Loan fee not stated,,No numeric source quote,Premier League,Outside top five / unattached,Goalkeeper,New to workbook,,,,Blank quote does not mean zero loan fee,https://www.theguardian.com/football/ng-interactive/2026/sep/01/mens-transfer-window-summer-2026-all-deals-from-europes-top-five-leagues,https://interactive.guim.co.uk/2024/07/transfers/men-summer-2026.json,2026-10-03,0,0,2026-06
S26-0187,Stanley Nsoki,Hoffenheim,Union Berlin,2026-07-01,Undisclosed fee,Undisclosed,,No numeric source quote,Bundesliga,Bundesliga,Defender,New to workbook,,,,,https://www.theguardian.com/football/ng-interactive/2026/sep/01/mens-transfer-window-summer-2026-all-deals-from-europes-top-five-leagues,https://interactive.guim.co.uk/2024/07/transfers/men-summer-2026.json,2026-10-03,0,0,2026-07
S26-0188,Alessandro Romano,Roma,Cagliari,2026-07-01,Loan,Loan fee not stated,,No numeric source quote,Serie A,Serie A,Midfielder,New to workbook,,,,Blank quote does not mean zero loan fee,https://www.theguardian.com/football/ng-interactive/2026/sep/01/mens-transfer-window-summer-2026-all-deals-from-europes-top-five-leagues,https://interactive.guim.co.uk/2024/07/transfers/men-summer-2026.json,2026-10-03,0,0,2026-07
S26-0189,Fodé Sylla,Lens,Sion,2026-07-01,Undisclosed fee,Undisclosed,,No numeric source quote,Ligue 1,Outside top five / unattached,Midfielder,New to workbook,,,,,https://www.theguardian.com/football/ng-interactive/2026/sep/01/mens-transfer-window-summer-2026-all-deals-from-europes-top-five-leagues,https://interactive.guim.co.uk/2024/07/transfers/men-summer-2026.json,2026-10-03,0,0,2026-07
S26-0190,Thórir Jóhann Helgason,Lecce,Venezia,2026-07-01,Free,Free transfer,,Free base transfer; other costs not represented,Serie A,Serie A,Midfielder,New to workbook,,,,,https://www.theguardian.com/football/ng-interactive/2026/sep/01/mens-transfer-window-summer-2026-all-deals-from-europes-top-five-leagues,https://interactive.guim.co.uk/2024/07/transfers/men-summer-2026.json,2026-10-03,0,0,2026-07
S26-0191,Akin Famewo,Hull City,Bolton,2026-06-30,Undisclosed fee,Undisclosed,,No numeric source quote,Premier League,Outside top five / unattached,Defender,New to workbook,,,,,https://www.theguardian.com/football/ng-interactive/2026/sep/01/mens-transfer-window-summer-2026-all-deals-from-europes-top-five-leagues,https://interactive.guim.co.uk/2024/07/transfers/men-summer-2026.json,2026-10-03,0,0,2026-06
S26-0192,Enzo Barrenechea,Aston Villa,Benfica,2026-07-01,Fee,Reported fee,12000000,Source quote; base/add-on treatment unspecified,Premier League,Outside top five / unattached,Midfielder,New to workbook,,,,,https://www.theguardian.com/football/ng-interactive/2026/sep/01/mens-transfer-window-summer-2026-all-deals-from-europes-top-five-leagues,https://interactive.guim.co.uk/2024/07/transfers/men-summer-2026.json,2026-10-03,1,1,2026-07
S26-0193,Ivor Pandur,Hull City,Rangers,2026-06-30,Fee,Reported fee,6000000,Source quote; base/add-on treatment unspecified,Premier League,Outside top five / unattached,Goalkeeper,New to workbook,,,,,https://www.theguardian.com/football/ng-interactive/2026/sep/01/mens-transfer-window-summer-2026-all-deals-from-europes-top-five-leagues,https://interactive.guim.co.uk/2024/07/transfers/men-summer-2026.json,2026-10-03,1,1,2026-06
S26-0194,Franz-Ethan Meichtry,Thun,Genoa,2026-06-30,Fee,Reported fee,3400000,Source quote; base/add-on treatment unspecified,Outside top five / unattached,Serie A,Midfielder,New to workbook,,,,,https://www.theguardian.com/football/ng-interactive/2026/sep/01/mens-transfer-window-summer-2026-all-deals-from-europes-top-five-leagues,https://interactive.guim.co.uk/2024/07/transfers/men-summer-2026.json,2026-10-03,1,1,2026-06
S26-0195,Hayden Hackney,Middlesbrough,Everton,2026-07-02,Fee,Reported fee,16500000,Source quote; base/add-on treatment unspecified,Outside top five / unattached,Premier League,Midfielder,New to workbook,,,,Add-ons/bonuses mentioned; See Fee_Components,https://www.theguardian.com/football/ng-interactive/2026/sep/01/mens-transfer-window-summer-2026-all-deals-from-europes-top-five-leagues,https://interactive.guim.co.uk/2024/07/transfers/men-summer-2026.json,2026-10-03,1,1,2026-07
S26-0197,Jack Butland,Rangers,Hull City,2026-07-02,Fee,Reported fee,3500000,Source quote; base/add-on treatment unspecified,Outside top five / unattached,Premier League,Goalkeeper,New to workbook,,,,,https://www.theguardian.com/football/ng-interactive/2026/sep/01/mens-transfer-window-summer-2026-all-deals-from-europes-top-five-leagues,https://interactive.guim.co.uk/2024/07/transfers/men-summer-2026.json,2026-10-03,1,1,2026-07
S26-0198,Thierry Correia,Valencia,Venezia,2026-07-02,Free,Free transfer,,Free base transfer; other costs not represented,La Liga,Serie A,Defender,New to workbook,,,,,https://www.theguardian.com/football/ng-interactive/2026/sep/01/mens-transfer-window-summer-2026-all-deals-from-europes-top-five-leagues,https://interactive.guim.co.uk/2024/07/transfers/men-summer-2026.json,2026-10-03,0,0,2026-07
S26-0199,Jan Urbich,Borussia Mönchengladbach,Eintracht Braunschweig,2026-06-11,Loan,Loan fee not stated,,No numeric source quote,Bundesliga,Outside top five / unattached,Forward,New to workbook,,,,Blank quote does not mean zero loan fee,https://www.theguardian.com/football/ng-interactive/2026/sep/01/mens-transfer-window-summer-2026-all-deals-from-europes-top-five-leagues,https://interactive.guim.co.uk/2024/07/transfers/men-summer-2026.json,2026-10-03,0,0,2026-06
S26-0201,Michael Svoboda,Venezia,Brighton,2026-07-02,Fee,Reported fee,4300000,Source quote; base/add-on treatment unspecified,Serie A,Premier League,Defender,New to workbook,,,,,https://www.theguardian.com/football/ng-interactive/2026/sep/01/mens-transfer-window-summer-2026-all-deals-from-europes-top-five-leagues,https://interactive.guim.co.uk/2024/07/transfers/men-summer-2026.json,2026-10-03,1,1,2026-07
S26-0202,Kaiki,Cruzeiro,Como 1907,2026-07-02,Loan,Loan fee not stated,,No numeric source quote,Outside top five / unattached,Serie A,Defender,New to workbook,,,,Future purchase conditions mentioned; Blank quote does not mean zero loan fee; See Fee_Components,https://www.theguardian.com/football/ng-interactive/2026/sep/01/mens-transfer-window-summer-2026-all-deals-from-europes-top-five-leagues,https://interactive.guim.co.uk/2024/07/transfers/men-summer-2026.json,2026-10-03,0,0,2026-07
S26-0203,Luca Stephenson,Liverpool,Bolton,2026-07-02,Undisclosed fee,Undisclosed,,No numeric source quote,Premier League,Outside top five / unattached,Defender,New to workbook,,,,,https://www.theguardian.com/football/ng-interactive/2026/sep/01/mens-transfer-window-summer-2026-all-deals-from-europes-top-five-leagues,https://interactive.guim.co.uk/2024/07/transfers/men-summer-2026.json,2026-10-03,0,0,2026-07
S26-0204,Sil Swinkels,Aston Villa,Sheffield Wednesday,2026-07-02,Undisclosed fee,Undisclosed,,No numeric source quote,Premier League,Outside top five / unattached,Defender,New to workbook,,,,,https://www.theguardian.com/football/ng-interactive/2026/sep/01/mens-transfer-window-summer-2026-all-deals-from-europes-top-five-leagues,https://interactive.guim.co.uk/2024/07/transfers/men-summer-2026.json,2026-10-03,0,0,2026-07
S26-0205,Isaac Smith,Manchester City,Barnsley,2026-07-02,Undisclosed fee,Undisclosed,,No numeric source quote,Premier League,Outside top five / unattached,Defender,New to workbook,,,,,https://www.theguardian.com/football/ng-interactive/2026/sep/01/mens-transfer-window-summer-2026-all-deals-from-europes-top-five-leagues,https://interactive.guim.co.uk/2024/07/transfers/men-summer-2026.json,2026-10-03,0,0,2026-07
S26-0206,Lucas Copado,Paderborn,Energie Cottbus,2026-07-02,Undisclosed fee,Undisclosed,,No numeric source quote,Bundesliga,Outside top five / unattached,Forward,New to workbook,,,,,https://www.theguardian.com/football/ng-interactive/2026/sep/01/mens-transfer-window-summer-2026-all-deals-from-europes-top-five-leagues,https://interactive.guim.co.uk/2024/07/transfers/men-summer-2026.json,2026-10-03,0,0,2026-07
S26-0207,Lucas Beltrán,Fiorentina,River Plate,2026-07-02,Loan,Loan fee not stated,,No numeric source quote,Serie A,Outside top five / unattached,Forward,New to workbook,,,,Future purchase conditions mentioned; Blank quote does not mean zero loan fee,https://www.theguardian.com/football/ng-interactive/2026/sep/01/mens-transfer-window-summer-2026-all-deals-from-europes-top-five-leagues,https://interactive.guim.co.uk/2024/07/transfers/men-summer-2026.json,2026-10-03,0,0,2026-07
S26-0208,Julien Duranville,Borussia Dortmund,Lyon,2026-07-02,Fee,Reported fee,4300000,Source quote; base/add-on treatment unspecified,Bundesliga,Ligue 1,Forward,New to workbook,,,,Add-ons/bonuses mentioned; See Fee_Components,https://www.theguardian.com/football/ng-interactive/2026/sep/01/mens-transfer-window-summer-2026-all-deals-from-europes-top-five-leagues,https://interactive.guim.co.uk/2024/07/transfers/men-summer-2026.json,2026-10-03,1,1,2026-07
S26-0209,Diego Bri,Atlético Madrid,Córdoba,2026-07-02,Undisclosed fee,Undisclosed,,No numeric source quote,La Liga,Outside top five / unattached,Winger,New to workbook,,,,,https://www.theguardian.com/football/ng-interactive/2026/sep/01/mens-transfer-window-summer-2026-all-deals-from-europes-top-five-leagues,https://interactive.guim.co.uk/2024/07/transfers/men-summer-2026.json,2026-10-03,0,0,2026-07
S26-0210,Mathys Detourbet,Manchester City,Monaco,2026-07-02,Loan,Loan fee not stated,,No numeric source quote,Premier League,Ligue 1,Winger,New to workbook,,,,Blank quote does not mean zero loan fee,https://www.theguardian.com/football/ng-interactive/2026/sep/01/mens-transfer-window-summer-2026-all-deals-from-europes-top-five-leagues,https://interactive.guim.co.uk/2024/07/transfers/men-summer-2026.json,2026-10-03,0,0,2026-07
S26-0211,Álex Calatrava,Castellón,Espanyol,2026-07-02,Fee,Reported fee,4300000,Source quote; base/add-on treatment unspecified,Outside top five / unattached,La Liga,Winger,New to workbook,,,,,https://www.theguardian.com/football/ng-interactive/2026/sep/01/mens-transfer-window-summer-2026-all-deals-from-europes-top-five-leagues,https://interactive.guim.co.uk/2024/07/transfers/men-summer-2026.json,2026-10-03,1,1,2026-07
S26-0212,Léo Pétrot,Elche,Anderlecht,2026-07-02,Free,Free transfer,,Free base transfer; other costs not represented,La Liga,Outside top five / unattached,Defender,New to workbook,,,,,https://www.theguardian.com/football/ng-interactive/2026/sep/01/mens-transfer-window-summer-2026-all-deals-from-europes-top-five-leagues,https://interactive.guim.co.uk/2024/07/transfers/men-summer-2026.json,2026-10-03,0,0,2026-07
S26-0213,Samuel Wiafe,Modena,Genoa,2026-07-02,Fee,Reported fee,2100000,Source quote; base/add-on treatment unspecified,Outside top five / unattached,Serie A,Midfielder,New to workbook,,,,,https://www.theguardian.com/football/ng-interactive/2026/sep/01/mens-transfer-window-summer-2026-all-deals-from-europes-top-five-leagues,https://interactive.guim.co.uk/2024/07/transfers/men-summer-2026.json,2026-10-03,1,1,2026-07
S26-0214,David Puczka,Juventus,Genoa,2026-07-02,Fee,Reported fee,5100000,Source quote; base/add-on treatment unspecified,Serie A,Serie A,Defender,New to workbook,,,,,https://www.theguardian.com/football/ng-interactive/2026/sep/01/mens-transfer-window-summer-2026-all-deals-from-europes-top-five-leagues,https://interactive.guim.co.uk/2024/07/transfers/men-summer-2026.json,2026-10-03,1,1,2026-07
S26-0215,Leonardo Consiglio,Genoa,Modena,2026-07-02,Undisclosed fee,Undisclosed,,No numeric source quote,Serie A,Outside top five / unattached,Goalkeeper,New to workbook,,,,,https://www.theguardian.com/football/ng-interactive/2026/sep/01/mens-transfer-window-summer-2026-all-deals-from-europes-top-five-leagues,https://interactive.guim.co.uk/2024/07/transfers/men-summer-2026.json,2026-10-03,0,0,2026-07
S26-0216,Martino Odero,Genoa,Modena,2026-07-02,Undisclosed fee,Undisclosed,,No numeric source quote,Serie A,Outside top five / unattached,Defender,New to workbook,,,,,https://www.theguardian.com/football/ng-interactive/2026/sep/01/mens-transfer-window-summer-2026-all-deals-from-europes-top-five-leagues,https://interactive.guim.co.uk/2024/07/transfers/men-summer-2026.json,2026-10-03,0,0,2026-07
S26-0217,Brais Méndez,Real Sociedad,Columbus Crew,2026-07-02,Fee,Reported fee,5100000,Source quote; base/add-on treatment unspecified,La Liga,Outside top five / unattached,Midfielder,New to workbook,,,,,https://www.theguardian.com/football/ng-interactive/2026/sep/01/mens-transfer-window-summer-2026-all-deals-from-europes-top-five-leagues,https://interactive.guim.co.uk/2024/07/transfers/men-summer-2026.json,2026-10-03,1,1,2026-07
S26-0218,Dani Rodríguez,Barcelona,Dinamo Zagreb,2026-07-02,Free,Free transfer,,Free base transfer; other costs not represented,La Liga,Outside top five / unattached,Winger,New to workbook,,,,,https://www.theguardian.com/football/ng-interactive/2026/sep/01/mens-transfer-window-summer-2026-all-deals-from-europes-top-five-leagues,https://interactive.guim.co.uk/2024/07/transfers/men-summer-2026.json,2026-10-03,0,0,2026-07
S26-0219,Luka Lochoshvili,Nuremberg,Cologne,2026-07-02,Fee,Reported fee,3900000,Source quote; base/add-on treatment unspecified,Outside top five / unattached,Bundesliga,Defender,New to workbook,,,,,https://www.theguardian.com/football/ng-interactive/2026/sep/01/mens-transfer-window-summer-2026-all-deals-from-europes-top-five-leagues,https://interactive.guim.co.uk/2024/07/transfers/men-summer-2026.json,2026-10-03,1,1,2026-07
S26-0220,Franco Carboni,Inter,Parma,2026-07-02,Undisclosed fee,Undisclosed,,No numeric source quote,Serie A,Serie A,Defender,New to workbook,,,,,https://www.theguardian.com/football/ng-interactive/2026/sep/01/mens-transfer-window-summer-2026-all-deals-from-europes-top-five-leagues,https://interactive.guim.co.uk/2024/07/transfers/men-summer-2026.json,2026-10-03,0,0,2026-07
S26-0221,Kassoum Ouattara,Monaco,Besiktas,2026-07-02,Fee,Reported fee,6900000,Source quote; base/add-on treatment unspecified,Ligue 1,Outside top five / unattached,Defender,New to workbook,,,,,https://www.theguardian.com/football/ng-interactive/2026/sep/01/mens-transfer-window-summer-2026-all-deals-from-europes-top-five-leagues,https://interactive.guim.co.uk/2024/07/transfers/men-summer-2026.json,2026-10-03,1,1,2026-07
S26-0222,Luis Milla,Getafe,Como 1907,2026-07-02,Fee,Reported fee,5100000,Source quote; base/add-on treatment unspecified,La Liga,Serie A,Midfielder,New to workbook,,,,,https://www.theguardian.com/football/ng-interactive/2026/sep/01/mens-transfer-window-summer-2026-all-deals-from-europes-top-five-leagues,https://interactive.guim.co.uk/2024/07/transfers/men-summer-2026.json,2026-10-03,1,1,2026-07
S26-0223,Laurent Abergel,Lorient,Nice,2026-07-02,Free,Free transfer,,Free base transfer; other costs not represented,Ligue 1,Ligue 1,Midfielder,New to workbook,,,,,https://www.theguardian.com/football/ng-interactive/2026/sep/01/mens-transfer-window-summer-2026-all-deals-from-europes-top-five-leagues,https://interactive.guim.co.uk/2024/07/transfers/men-summer-2026.json,2026-10-03,0,0,2026-07
S26-0224,Rafael Fernandes,Lille,Marítimo,2026-07-02,Loan,Loan fee not stated,,No numeric source quote,Ligue 1,Outside top five / unattached,Defender,New to workbook,,,,Blank quote does not mean zero loan fee,https://www.theguardian.com/football/ng-interactive/2026/sep/01/mens-transfer-window-summer-2026-all-deals-from-europes-top-five-leagues,https://interactive.guim.co.uk/2024/07/transfers/men-summer-2026.json,2026-10-03,0,0,2026-07
S26-0225,Alfonso Espino,Rayo Vallecano,Racing Club,2026-07-02,Free,Free transfer,,Free base transfer; other costs not represented,La Liga,Outside top five / unattached,Defender,New to workbook,,,,,https://www.theguardian.com/football/ng-interactive/2026/sep/01/mens-transfer-window-summer-2026-all-deals-from-europes-top-five-leagues,https://interactive.guim.co.uk/2024/07/transfers/men-summer-2026.json,2026-10-03,0,0,2026-07
S26-0226,Ota Yamamoto,Kashiwa Reysol,RB Leipzig,2026-06-30,Fee,Reported fee,400000,Source quote; base/add-on treatment unspecified,Outside top five / unattached,Bundesliga,Midfielder,New to workbook,,,,,https://www.theguardian.com/football/ng-interactive/2026/sep/01/mens-transfer-window-summer-2026-all-deals-from-europes-top-five-leagues,https://interactive.guim.co.uk/2024/07/transfers/men-summer-2026.json,2026-10-03,1,1,2026-06
S26-0227,Ota Yamamoto,RB Leipzig,RB Omiya Ardija,2026-06-30,Loan,Loan fee not stated,,No numeric source quote,Bundesliga,Outside top five / unattached,Midfielder,New to workbook,,,,Blank quote does not mean zero loan fee,https://www.theguardian.com/football/ng-interactive/2026/sep/01/mens-transfer-window-summer-2026-all-deals-from-europes-top-five-leagues,https://interactive.guim.co.uk/2024/07/transfers/men-summer-2026.json,2026-10-03,0,0,2026-06
S26-0228,Danny Namaso,Porto,Auxerre,2026-07-02,Fee,Reported fee,4300000,Source quote; base/add-on treatment unspecified,Outside top five / unattached,Ligue 1,Forward,New to workbook,,,,,https://www.theguardian.com/football/ng-interactive/2026/sep/01/mens-transfer-window-summer-2026-all-deals-from-europes-top-five-leagues,https://interactive.guim.co.uk/2024/07/transfers/men-summer-2026.json,2026-10-03,1,1,2026-07
S26-0229,Víctor Barberá,Barcelona,Real Valladolid,2026-07-01,Free,Free transfer,,Free base transfer; other costs not represented,La Liga,Outside top five / unattached,Forward,New to workbook,,,,,https://www.theguardian.com/football/ng-interactive/2026/sep/01/mens-transfer-window-summer-2026-all-deals-from-europes-top-five-leagues,https://interactive.guim.co.uk/2024/07/transfers/men-summer-2026.json,2026-10-03,0,0,2026-07
S26-0230,Dani Pérez,Real Betis,Real Valladolid,2026-07-02,Free,Free transfer,,Free base transfer; other costs not represented,La Liga,Outside top five / unattached,Midfielder,New to workbook,,,,,https://www.theguardian.com/football/ng-interactive/2026/sep/01/mens-transfer-window-summer-2026-all-deals-from-europes-top-five-leagues,https://interactive.guim.co.uk/2024/07/transfers/men-summer-2026.json,2026-10-03,0,0,2026-07
S26-0231,James Debayo,Hull City,Swindon Town,2026-07-02,Loan,Loan fee not stated,,No numeric source quote,Premier League,Outside top five / unattached,Defender,New to workbook,,,,Blank quote does not mean zero loan fee,https://www.theguardian.com/football/ng-interactive/2026/sep/01/mens-transfer-window-summer-2026-all-deals-from-europes-top-five-leagues,https://interactive.guim.co.uk/2024/07/transfers/men-summer-2026.json,2026-10-03,0,0,2026-07
S26-0232,Nathaniel Brown,Eintracht Frankfurt,Bayern Munich,2026-07-03,Fee,Reported fee,42900000,Source quote; base/add-on treatment unspecified,Bundesliga,Bundesliga,Defender,New to workbook,,,,,https://www.theguardian.com/football/ng-interactive/2026/sep/01/mens-transfer-window-summer-2026-all-deals-from-europes-top-five-leagues,https://interactive.guim.co.uk/2024/07/transfers/men-summer-2026.json,2026-10-03,1,1,2026-07
S26-0233,Alfonso Pedraza,Villarreal,Lazio,2026-07-03,Free,Free transfer,,Free base transfer; other costs not represented,La Liga,Serie A,Defender,New to workbook,,,,,https://www.theguardian.com/football/ng-interactive/2026/sep/01/mens-transfer-window-summer-2026-all-deals-from-europes-top-five-leagues,https://interactive.guim.co.uk/2024/07/transfers/men-summer-2026.json,2026-10-03,0,0,2026-07
S26-0234,Cédric Zesiger,Augsburg,Young Boys,2026-07-03,Fee,Reported fee,4300000,Source quote; base/add-on treatment unspecified,Bundesliga,Outside top five / unattached,Defender,New to workbook,,,,,https://www.theguardian.com/football/ng-interactive/2026/sep/01/mens-transfer-window-summer-2026-all-deals-from-europes-top-five-leagues,https://interactive.guim.co.uk/2024/07/transfers/men-summer-2026.json,2026-10-03,1,1,2026-07
S26-0235,Noah Pesch,Borussia Mönchengladbach,RW Essen,2026-07-03,Undisclosed fee,Undisclosed,,No numeric source quote,Bundesliga,Outside top five / unattached,Winger,New to workbook,,,,,https://www.theguardian.com/football/ng-interactive/2026/sep/01/mens-transfer-window-summer-2026-all-deals-from-europes-top-five-leagues,https://interactive.guim.co.uk/2024/07/transfers/men-summer-2026.json,2026-10-03,0,0,2026-07
S26-0236,David Colina,Augsburg,Zaglebie Lubin,2026-07-03,Fee,Reported fee,300000,Source quote; base/add-on treatment unspecified,Bundesliga,Outside top five / unattached,Defender,New to workbook,,,,,https://www.theguardian.com/football/ng-interactive/2026/sep/01/mens-transfer-window-summer-2026-all-deals-from-europes-top-five-leagues,https://interactive.guim.co.uk/2024/07/transfers/men-summer-2026.json,2026-10-03,1,1,2026-07
S26-0237,Usman Simbakoli,RWDM Brussels,Angers,2026-07-03,Fee,Reported fee,200000,Source quote; base/add-on treatment unspecified,Outside top five / unattached,Ligue 1,Forward,New to workbook,,,,,https://www.theguardian.com/football/ng-interactive/2026/sep/01/mens-transfer-window-summer-2026-all-deals-from-europes-top-five-leagues,https://interactive.guim.co.uk/2024/07/transfers/men-summer-2026.json,2026-10-03,1,1,2026-07
S26-0238,Bennit Bröger,Paderborn,Fortuna Cologne,2026-07-03,Loan,Loan fee not stated,,No numeric source quote,Bundesliga,Outside top five / unattached,Midfielder,New to workbook,,,,Blank quote does not mean zero loan fee,https://www.theguardian.com/football/ng-interactive/2026/sep/01/mens-transfer-window-summer-2026-all-deals-from-europes-top-five-leagues,https://interactive.guim.co.uk/2024/07/transfers/men-summer-2026.json,2026-10-03,0,0,2026-07
S26-0239,Jacopo Mirra,Roma,Atalanta,2026-07-03,Free,Free transfer,,Free base transfer; other costs not represented,Serie A,Serie A,Defender,New to workbook,,,,,https://www.theguardian.com/football/ng-interactive/2026/sep/01/mens-transfer-window-summer-2026-all-deals-from-europes-top-five-leagues,https://interactive.guim.co.uk/2024/07/transfers/men-summer-2026.json,2026-10-03,0,0,2026-07
S26-0240,Mohamed Ouédraogo,SCR Altach,Lyon,2026-07-03,Fee,Reported fee,1900000,Source quote; base/add-on treatment unspecified,Outside top five / unattached,Ligue 1,Defender,New to workbook,,,,Add-ons/bonuses mentioned; See Fee_Components,https://www.theguardian.com/football/ng-interactive/2026/sep/01/mens-transfer-window-summer-2026-all-deals-from-europes-top-five-leagues,https://interactive.guim.co.uk/2024/07/transfers/men-summer-2026.json,2026-10-03,1,1,2026-07
S26-0241,Diego Kochen,Barcelona,Lyngby,2026-07-03,Loan,Loan fee not stated,,No numeric source quote,La Liga,Outside top five / unattached,Goalkeeper,New to workbook,,,,Future purchase conditions mentioned; Blank quote does not mean zero loan fee,https://www.theguardian.com/football/ng-interactive/2026/sep/01/mens-transfer-window-summer-2026-all-deals-from-europes-top-five-leagues,https://interactive.guim.co.uk/2024/07/transfers/men-summer-2026.json,2026-10-03,0,0,2026-07
S26-0242,Leo Román,Mallorca,Deportivo La Coruña,2026-07-03,Fee,Reported fee,7700000,Source quote; base/add-on treatment unspecified,Outside top five / unattached,La Liga,Goalkeeper,New to workbook,,,,,https://www.theguardian.com/football/ng-interactive/2026/sep/01/mens-transfer-window-summer-2026-all-deals-from-europes-top-five-leagues,https://interactive.guim.co.uk/2024/07/transfers/men-summer-2026.json,2026-10-03,1,1,2026-07
S26-0243,Nathan Aké,Manchester City,Fenerbahce,2026-07-04,Fee,Reported fee,7000000,Source quote; base/add-on treatment unspecified,Premier League,Outside top five / unattached,Defender,New to workbook,,,,Add-ons/bonuses mentioned; See Fee_Components,https://www.theguardian.com/football/ng-interactive/2026/sep/01/mens-transfer-window-summer-2026-all-deals-from-europes-top-five-leagues,https://interactive.guim.co.uk/2024/07/transfers/men-summer-2026.json,2026-10-03,1,1,2026-07
S26-0244,Benjamin Brantlind,IFK Göteborg,Strasbourg,2026-07-04,Fee,Reported fee,900000,Source quote; base/add-on treatment unspecified,Outside top five / unattached,Ligue 1,Midfielder,New to workbook,,,,Add-ons/bonuses mentioned,https://www.theguardian.com/football/ng-interactive/2026/sep/01/mens-transfer-window-summer-2026-all-deals-from-europes-top-five-leagues,https://interactive.guim.co.uk/2024/07/transfers/men-summer-2026.json,2026-10-03,1,1,2026-07
S26-0245,Kasey Palmer,Hull City,Luton Town,2026-07-04,Undisclosed fee,Undisclosed,,No numeric source quote,Premier League,Outside top five / unattached,Midfielder,New to workbook,,,,,https://www.theguardian.com/football/ng-interactive/2026/sep/01/mens-transfer-window-summer-2026-all-deals-from-europes-top-five-leagues,https://interactive.guim.co.uk/2024/07/transfers/men-summer-2026.json,2026-10-03,0,0,2026-07
S26-0246,Hindolo Mustapha,Crystal Palace,Wigan Athletic,2026-07-04,Loan,Loan fee not stated,,No numeric source quote,Premier League,Outside top five / unattached,Forward,New to workbook,,,,Blank quote does not mean zero loan fee,https://www.theguardian.com/football/ng-interactive/2026/sep/01/mens-transfer-window-summer-2026-all-deals-from-europes-top-five-leagues,https://interactive.guim.co.uk/2024/07/transfers/men-summer-2026.json,2026-10-03,0,0,2026-07
S26-0247,Tommaso Cassandro,Como 1907,Palermo,2026-07-04,Undisclosed fee,Undisclosed,,No numeric source quote,Serie A,Outside top five / unattached,Defender,New to workbook,,,,,https://www.theguardian.com/football/ng-interactive/2026/sep/01/mens-transfer-window-summer-2026-all-deals-from-europes-top-five-leagues,https://interactive.guim.co.uk/2024/07/transfers/men-summer-2026.json,2026-10-03,0,0,2026-07
S26-0248,Federico Chinetti,Como 1907,Mantova,2026-07-04,Loan,Loan fee not stated,,No numeric source quote,Serie A,Outside top five / unattached,Winger,New to workbook,,,,Blank quote does not mean zero loan fee,https://www.theguardian.com/football/ng-interactive/2026/sep/01/mens-transfer-window-summer-2026-all-deals-from-europes-top-five-leagues,https://interactive.guim.co.uk/2024/07/transfers/men-summer-2026.json,2026-10-03,0,0,2026-07
S26-0249,Leonardo Baroncelli,Fiorentina,Gubbio,2026-07-04,Undisclosed fee,Undisclosed,,No numeric source quote,Serie A,Outside top five / unattached,Defender,New to workbook,,,,,https://www.theguardian.com/football/ng-interactive/2026/sep/01/mens-transfer-window-summer-2026-all-deals-from-europes-top-five-leagues,https://interactive.guim.co.uk/2024/07/transfers/men-summer-2026.json,2026-10-03,0,0,2026-07
S26-0250,Denzel Dumfries,Inter,Real Madrid,2026-07-05,Fee,Reported fee,17100000,Source quote; base/add-on treatment unspecified,Serie A,La Liga,Defender,New to workbook,,,,,https://www.theguardian.com/football/ng-interactive/2026/sep/01/mens-transfer-window-summer-2026-all-deals-from-europes-top-five-leagues,https://interactive.guim.co.uk/2024/07/transfers/men-summer-2026.json,2026-10-03,1,1,2026-07
S26-0251,Bazoumana Touré,Hoffenheim,Newcastle United,2026-07-05,Fee,Reported fee,43000000,Source quote; base/add-on treatment unspecified,Bundesliga,Premier League,Winger,New to workbook,,,,,https://www.theguardian.com/football/ng-interactive/2026/sep/01/mens-transfer-window-summer-2026-all-deals-from-europes-top-five-leagues,https://interactive.guim.co.uk/2024/07/transfers/men-summer-2026.json,2026-10-03,1,1,2026-07
S26-0253,Eliezer Mayenda,Sunderland,Rennes,2026-07-06,Fee,Reported fee,17100000,Source quote; base/add-on treatment unspecified,Premier League,Ligue 1,Forward,New to workbook,,,,,https://www.theguardian.com/football/ng-interactive/2026/sep/01/mens-transfer-window-summer-2026-all-deals-from-europes-top-five-leagues,https://interactive.guim.co.uk/2024/07/transfers/men-summer-2026.json,2026-10-03,1,1,2026-07
S26-0254,Lasse Riess,Mainz 05,Fortuna Düsseldorf,2026-07-06,Loan,Loan fee not stated,,No numeric source quote,Bundesliga,Outside top five / unattached,Goalkeeper,New to workbook,,,,Blank quote does not mean zero loan fee,https://www.theguardian.com/football/ng-interactive/2026/sep/01/mens-transfer-window-summer-2026-all-deals-from-europes-top-five-leagues,https://interactive.guim.co.uk/2024/07/transfers/men-summer-2026.json,2026-10-03,0,0,2026-07
S26-0255,Oliver Sorg,Augsburg,SV Ried,2026-07-06,Undisclosed fee,Undisclosed,,No numeric source quote,Bundesliga,Outside top five / unattached,Defender,New to workbook,,,,,https://www.theguardian.com/football/ng-interactive/2026/sep/01/mens-transfer-window-summer-2026-all-deals-from-europes-top-five-leagues,https://interactive.guim.co.uk/2024/07/transfers/men-summer-2026.json,2026-10-03,0,0,2026-07
S26-0256,Tyrique George,Chelsea,Everton,2026-07-06,Fee,Reported fee,18000000,Source quote; base/add-on treatment unspecified,Premier League,Premier League,Winger,New to workbook,,,,Future purchase conditions mentioned; See Fee_Components,https://www.theguardian.com/football/ng-interactive/2026/sep/01/mens-transfer-window-summer-2026-all-deals-from-europes-top-five-leagues,https://interactive.guim.co.uk/2024/07/transfers/men-summer-2026.json,2026-10-03,1,1,2026-07
S26-0257,Giorgi Chakvetadze,Watford,Udinese,2026-07-06,Undisclosed fee,Undisclosed,,No numeric source quote,Outside top five / unattached,Serie A,Midfielder,New to workbook,,,,,https://www.theguardian.com/football/ng-interactive/2026/sep/01/mens-transfer-window-summer-2026-all-deals-from-europes-top-five-leagues,https://interactive.guim.co.uk/2024/07/transfers/men-summer-2026.json,2026-10-03,0,0,2026-07
S26-0258,Zaid Romero,Club Brugge,Getafe,2026-07-06,Fee,Reported fee,5100000,Source quote; base/add-on treatment unspecified,Outside top five / unattached,La Liga,Defender,New to workbook,,,,,https://www.theguardian.com/football/ng-interactive/2026/sep/01/mens-transfer-window-summer-2026-all-deals-from-europes-top-five-leagues,https://interactive.guim.co.uk/2024/07/transfers/men-summer-2026.json,2026-10-03,1,1,2026-07
S26-0259,Alessandro Longoni,Milan,Paris Saint-Germain,2026-07-06,Free,Free transfer,,Free base transfer; other costs not represented,Serie A,Ligue 1,Goalkeeper,New to workbook,,,,,https://www.theguardian.com/football/ng-interactive/2026/sep/01/mens-transfer-window-summer-2026-all-deals-from-europes-top-five-leagues,https://interactive.guim.co.uk/2024/07/transfers/men-summer-2026.json,2026-10-03,0,0,2026-07
S26-0260,Milosz Piekutowski,Jagiellonia,Strasbourg,2026-07-06,Free,Free transfer,,Free base transfer; other costs not represented,Outside top five / unattached,Ligue 1,Goalkeeper,New to workbook,,,,,https://www.theguardian.com/football/ng-interactive/2026/sep/01/mens-transfer-window-summer-2026-all-deals-from-europes-top-five-leagues,https://interactive.guim.co.uk/2024/07/transfers/men-summer-2026.json,2026-10-03,0,0,2026-07
S26-0261,Yoon Do-young,Brighton,Magdeburg,2026-07-05,Loan,Loan fee not stated,,No numeric source quote,Premier League,Outside top five / unattached,Winger,New to workbook,,,,Blank quote does not mean zero loan fee,https://www.theguardian.com/football/ng-interactive/2026/sep/01/mens-transfer-window-summer-2026-all-deals-from-europes-top-five-leagues,https://interactive.guim.co.uk/2024/07/transfers/men-summer-2026.json,2026-10-03,0,0,2026-07
S26-0262,Felipe Sánchez,Schalke 04,Santos Laguna,2026-07-05,Loan,Loan fee not stated,,No numeric source quote,Bundesliga,Outside top five / unattached,Defender,New to workbook,,,,Future purchase conditions mentioned; Blank quote does not mean zero loan fee,https://www.theguardian.com/football/ng-interactive/2026/sep/01/mens-transfer-window-summer-2026-all-deals-from-europes-top-five-leagues,https://interactive.guim.co.uk/2024/07/transfers/men-summer-2026.json,2026-10-03,0,0,2026-07
S26-0263,Facundo Bernal,Fluminense,Real Betis,2026-07-06,Fee,Reported fee,8900000,Source quote; base/add-on treatment unspecified,Outside top five / unattached,La Liga,Midfielder,New to workbook,,,,,https://www.theguardian.com/football/ng-interactive/2026/sep/01/mens-transfer-window-summer-2026-all-deals-from-europes-top-five-leagues,https://interactive.guim.co.uk/2024/07/transfers/men-summer-2026.json,2026-10-03,1,1,2026-07
S26-0264,Jaidon Anthony,Burnley,Brentford,2026-07-07,Fee,Reported fee,15000000,Source quote; base/add-on treatment unspecified,Outside top five / unattached,Premier League,Winger,New to workbook,,,,,https://www.theguardian.com/football/ng-interactive/2026/sep/01/mens-transfer-window-summer-2026-all-deals-from-europes-top-five-leagues,https://interactive.guim.co.uk/2024/07/transfers/men-summer-2026.json,2026-10-03,1,1,2026-07
S26-0265,Mamadou Diop,Grenoble,Auxerre,2026-07-06,Fee,Reported fee,1700000,Source quote; base/add-on treatment unspecified,Outside top five / unattached,Ligue 1,Goalkeeper,New to workbook,,,,,https://www.theguardian.com/football/ng-interactive/2026/sep/01/mens-transfer-window-summer-2026-all-deals-from-europes-top-five-leagues,https://interactive.guim.co.uk/2024/07/transfers/men-summer-2026.json,2026-10-03,1,1,2026-07
S26-0266,Billal Brahimi,Santos FC,Le Mans,2026-07-06,Free,Free transfer,,Free base transfer; other costs not represented,Outside top five / unattached,Ligue 1,Winger,New to workbook,,,,,https://www.theguardian.com/football/ng-interactive/2026/sep/01/mens-transfer-window-summer-2026-all-deals-from-europes-top-five-leagues,https://interactive.guim.co.uk/2024/07/transfers/men-summer-2026.json,2026-10-03,0,0,2026-07
S26-0267,Quilindschy Hartman,Burnley,Espanyol,2026-07-07,Loan,Loan fee not stated,,No numeric source quote,Outside top five / unattached,La Liga,Defender,New to workbook,,,,Blank quote does not mean zero loan fee,https://www.theguardian.com/football/ng-interactive/2026/sep/01/mens-transfer-window-summer-2026-all-deals-from-europes-top-five-leagues,https://interactive.guim.co.uk/2024/07/transfers/men-summer-2026.json,2026-10-03,0,0,2026-07
S26-0268,Sambou Soumano,Lorient,Reims,2026-07-07,Free,Free transfer,,Free base transfer; other costs not represented,Ligue 1,Outside top five / unattached,Forward,New to workbook,,,,,https://www.theguardian.com/football/ng-interactive/2026/sep/01/mens-transfer-window-summer-2026-all-deals-from-europes-top-five-leagues,https://interactive.guim.co.uk/2024/07/transfers/men-summer-2026.json,2026-10-03,0,0,2026-07
S26-0269,Harry Gray,Leeds United,Sheffield Wednesday,2026-07-07,Loan,Loan fee not stated,,No numeric source quote,Premier League,Outside top five / unattached,Forward,New to workbook,,,,Blank quote does not mean zero loan fee,https://www.theguardian.com/football/ng-interactive/2026/sep/01/mens-transfer-window-summer-2026-all-deals-from-europes-top-five-leagues,https://interactive.guim.co.uk/2024/07/transfers/men-summer-2026.json,2026-10-03,0,0,2026-07
S26-0270,Luis Chacón,Deportivo La Coruña,Real Valladolid,2026-07-07,Fee,Reported fee,400000,Source quote; base/add-on treatment unspecified,La Liga,Outside top five / unattached,Winger,New to workbook,,,,,https://www.theguardian.com/football/ng-interactive/2026/sep/01/mens-transfer-window-summer-2026-all-deals-from-europes-top-five-leagues,https://interactive.guim.co.uk/2024/07/transfers/men-summer-2026.json,2026-10-03,1,1,2026-07
S26-0271,Ryunosuke Sato,FC Tokyo,Valencia,2026-07-07,Undisclosed fee,Undisclosed,,No numeric source quote,Outside top five / unattached,La Liga,Midfielder,New to workbook,,,,,https://www.theguardian.com/football/ng-interactive/2026/sep/01/mens-transfer-window-summer-2026-all-deals-from-europes-top-five-leagues,https://interactive.guim.co.uk/2024/07/transfers/men-summer-2026.json,2026-10-03,0,0,2026-07
S26-0272,Kaito Mizuta,RW Essen,Le Havre,2026-07-07,Free,Free transfer,,Free base transfer; other costs not represented,Outside top five / unattached,Ligue 1,Midfielder,New to workbook,,,,,https://www.theguardian.com/football/ng-interactive/2026/sep/01/mens-transfer-window-summer-2026-all-deals-from-europes-top-five-leagues,https://interactive.guim.co.uk/2024/07/transfers/men-summer-2026.json,2026-10-03,0,0,2026-07
S26-0273,Leon Goretzka,Bayern Munich,Aston Villa,2026-08-27,Free,Free transfer,,Free base transfer; other costs not represented,Bundesliga,Premier League,Midfielder,New to workbook,,,,,https://www.theguardian.com/football/ng-interactive/2026/sep/01/mens-transfer-window-summer-2026-all-deals-from-europes-top-five-leagues,https://interactive.guim.co.uk/2024/07/transfers/men-summer-2026.json,2026-10-03,0,0,2026-08
S26-0274,Bright Ede,Motor Lublin,Deportivo La Coruña,2026-07-07,Fee,Reported fee,400000,Source quote; base/add-on treatment unspecified,Outside top five / unattached,La Liga,Defender,New to workbook,,,,,https://www.theguardian.com/football/ng-interactive/2026/sep/01/mens-transfer-window-summer-2026-all-deals-from-europes-top-five-leagues,https://interactive.guim.co.uk/2024/07/transfers/men-summer-2026.json,2026-10-03,1,1,2026-07
S26-0275,Emersonn,Toulouse,Ipswich Town,2026-07-08,Fee,Reported fee,24000000,Source quote; base/add-on treatment unspecified,Ligue 1,Premier League,Forward,New to workbook,,,,,https://www.theguardian.com/football/ng-interactive/2026/sep/01/mens-transfer-window-summer-2026-all-deals-from-europes-top-five-leagues,https://interactive.guim.co.uk/2024/07/transfers/men-summer-2026.json,2026-10-03,1,1,2026-07
S26-0276,Gabriel Moscardo,Paris Saint-Germain,Espanyol,2026-07-08,Loan,Loan fee not stated,,No numeric source quote,Ligue 1,La Liga,Midfielder,New to workbook,,,,Blank quote does not mean zero loan fee,https://www.theguardian.com/football/ng-interactive/2026/sep/01/mens-transfer-window-summer-2026-all-deals-from-europes-top-five-leagues,https://interactive.guim.co.uk/2024/07/transfers/men-summer-2026.json,2026-10-03,0,0,2026-07
S26-0277,Radu Dragusin,Tottenham Hotspur,Fiorentina,2026-07-08,Loan,Loan fee not stated,,No numeric source quote,Premier League,Serie A,Defender,New to workbook,,,,Future purchase conditions mentioned; Blank quote does not mean zero loan fee,https://www.theguardian.com/football/ng-interactive/2026/sep/01/mens-transfer-window-summer-2026-all-deals-from-europes-top-five-leagues,https://interactive.guim.co.uk/2024/07/transfers/men-summer-2026.json,2026-10-03,0,0,2026-07
S26-0278,Romelle Donovan,Brentford,Sheffield United,2026-07-08,Loan,Loan fee not stated,,No numeric source quote,Premier League,Outside top five / unattached,Forward,New to workbook,,,,Blank quote does not mean zero loan fee,https://www.theguardian.com/football/ng-interactive/2026/sep/01/mens-transfer-window-summer-2026-all-deals-from-europes-top-five-leagues,https://interactive.guim.co.uk/2024/07/transfers/men-summer-2026.json,2026-10-03,0,0,2026-07
S26-0279,Harry Wilson,Fulham,Leeds United,2026-07-08,Free,Free transfer,,Free base transfer; other costs not represented,Premier League,Premier League,Winger,New to workbook,,,,,https://www.theguardian.com/football/ng-interactive/2026/sep/01/mens-transfer-window-summer-2026-all-deals-from-europes-top-five-leagues,https://interactive.guim.co.uk/2024/07/transfers/men-summer-2026.json,2026-10-03,0,0,2026-07
S26-0280,Fran García,Real Madrid,Real Betis,2026-07-08,Fee,Reported fee,3200000,Source quote; base/add-on treatment unspecified,La Liga,La Liga,Defender,New to workbook,,,,,https://www.theguardian.com/football/ng-interactive/2026/sep/01/mens-transfer-window-summer-2026-all-deals-from-europes-top-five-leagues,https://interactive.guim.co.uk/2024/07/transfers/men-summer-2026.json,2026-10-03,1,1,2026-07
S26-0281,Rasmus Carstensen,Cologne,AGF,2026-07-08,Undisclosed fee,Undisclosed,,No numeric source quote,Bundesliga,Outside top five / unattached,Midfielder,New to workbook,,,,,https://www.theguardian.com/football/ng-interactive/2026/sep/01/mens-transfer-window-summer-2026-all-deals-from-europes-top-five-leagues,https://interactive.guim.co.uk/2024/07/transfers/men-summer-2026.json,2026-10-03,0,0,2026-07
S26-0282,Alexander Nübel,Bayern Munich,Besiktas,2026-07-08,Fee,Reported fee,5500000,Source quote; base/add-on treatment unspecified,Bundesliga,Outside top five / unattached,Goalkeeper,New to workbook,,,,,https://www.theguardian.com/football/ng-interactive/2026/sep/01/mens-transfer-window-summer-2026-all-deals-from-europes-top-five-leagues,https://interactive.guim.co.uk/2024/07/transfers/men-summer-2026.json,2026-10-03,1,1,2026-07
S26-0283,Eddy Kouadio,Fiorentina,Monza,2026-07-08,Loan,Loan fee not stated,,No numeric source quote,Serie A,Serie A,Defender,New to workbook,,,,Blank quote does not mean zero loan fee,https://www.theguardian.com/football/ng-interactive/2026/sep/01/mens-transfer-window-summer-2026-all-deals-from-europes-top-five-leagues,https://interactive.guim.co.uk/2024/07/transfers/men-summer-2026.json,2026-10-03,0,0,2026-07
S26-0284,Justin Smith,Espanyol,Eldense,2026-07-08,Free,Free transfer,,Free base transfer; other costs not represented,La Liga,Outside top five / unattached,Midfielder,New to workbook,,,,,https://www.theguardian.com/football/ng-interactive/2026/sep/01/mens-transfer-window-summer-2026-all-deals-from-europes-top-five-leagues,https://interactive.guim.co.uk/2024/07/transfers/men-summer-2026.json,2026-10-03,0,0,2026-07
S26-0285,Marco Ladisa,Venezia,Trento,2026-07-08,Loan,Loan fee not stated,,No numeric source quote,Serie A,Outside top five / unattached,Winger,New to workbook,,,,Blank quote does not mean zero loan fee,https://www.theguardian.com/football/ng-interactive/2026/sep/01/mens-transfer-window-summer-2026-all-deals-from-europes-top-five-leagues,https://interactive.guim.co.uk/2024/07/transfers/men-summer-2026.json,2026-10-03,0,0,2026-07
S26-0286,Basar Onal,NEC Nijmegen,Lille,2026-07-08,Fee,Reported fee,8100000,Source quote; base/add-on treatment unspecified,Outside top five / unattached,Ligue 1,Winger,New to workbook,,,,,https://www.theguardian.com/football/ng-interactive/2026/sep/01/mens-transfer-window-summer-2026-all-deals-from-europes-top-five-leagues,https://interactive.guim.co.uk/2024/07/transfers/men-summer-2026.json,2026-10-03,1,1,2026-07
S26-0287,Omar Sadik,Espanyol,Ceuta,2026-07-08,Loan,Loan fee not stated,,No numeric source quote,La Liga,Outside top five / unattached,Forward,New to workbook,,,,Blank quote does not mean zero loan fee,https://www.theguardian.com/football/ng-interactive/2026/sep/01/mens-transfer-window-summer-2026-all-deals-from-europes-top-five-leagues,https://interactive.guim.co.uk/2024/07/transfers/men-summer-2026.json,2026-10-03,0,0,2026-07
S26-0288,Kevin Müller,Heidenheim,Schalke 04,2026-07-08,Undisclosed fee,Undisclosed,,No numeric source quote,Outside top five / unattached,Bundesliga,Goalkeeper,New to workbook,,,,,https://www.theguardian.com/football/ng-interactive/2026/sep/01/mens-transfer-window-summer-2026-all-deals-from-europes-top-five-leagues,https://interactive.guim.co.uk/2024/07/transfers/men-summer-2026.json,2026-10-03,0,0,2026-07
S26-0289,Alfie Devine,Tottenham Hotspur,Preston,2026-07-07,Fee,Reported fee,6000000,Source quote; base/add-on treatment unspecified,Premier League,Outside top five / unattached,Midfielder,New to workbook,,,,,https://www.theguardian.com/football/ng-interactive/2026/sep/01/mens-transfer-window-summer-2026-all-deals-from-europes-top-five-leagues,https://interactive.guim.co.uk/2024/07/transfers/men-summer-2026.json,2026-10-03,1,1,2026-07
S26-0290,Jakub Kaminski,Cologne,Benfica,2026-07-07,Fee,Reported fee,17000000,Source quote; base/add-on treatment unspecified,Bundesliga,Outside top five / unattached,Winger,New to workbook,,,,,https://www.theguardian.com/football/ng-interactive/2026/sep/01/mens-transfer-window-summer-2026-all-deals-from-europes-top-five-leagues,https://interactive.guim.co.uk/2024/07/transfers/men-summer-2026.json,2026-10-03,1,1,2026-07
S26-0291,Óscar Mingueza,Celta Vigo,Crystal Palace,2026-07-09,Free,Free transfer,,Free base transfer; other costs not represented,La Liga,Premier League,Defender,New to workbook,,,,,https://www.theguardian.com/football/ng-interactive/2026/sep/01/mens-transfer-window-summer-2026-all-deals-from-europes-top-five-leagues,https://interactive.guim.co.uk/2024/07/transfers/men-summer-2026.json,2026-10-03,0,0,2026-07
S26-0292,Louie Barry,Aston Villa,Sheffield Wednesday,2026-07-09,Undisclosed fee,Undisclosed,,No numeric source quote,Premier League,Outside top five / unattached,Winger,New to workbook,,,,,https://www.theguardian.com/football/ng-interactive/2026/sep/01/mens-transfer-window-summer-2026-all-deals-from-europes-top-five-leagues,https://interactive.guim.co.uk/2024/07/transfers/men-summer-2026.json,2026-10-03,0,0,2026-07
S26-0293,Gabin Bernardeau,Nice,Lorient,2026-07-09,Undisclosed fee,Undisclosed,,No numeric source quote,Ligue 1,Ligue 1,Midfielder,New to workbook,,,,,https://www.theguardian.com/football/ng-interactive/2026/sep/01/mens-transfer-window-summer-2026-all-deals-from-europes-top-five-leagues,https://interactive.guim.co.uk/2024/07/transfers/men-summer-2026.json,2026-10-03,0,0,2026-07
S26-0294,Callum Wilson,West Ham United,Brentford,2026-07-09,Free,Free transfer,,Free base transfer; other costs not represented,Outside top five / unattached,Premier League,Forward,New to workbook,,,,,https://www.theguardian.com/football/ng-interactive/2026/sep/01/mens-transfer-window-summer-2026-all-deals-from-europes-top-five-leagues,https://interactive.guim.co.uk/2024/07/transfers/men-summer-2026.json,2026-10-03,0,0,2026-07
S26-0295,Salih Ozcan,Borussia Dortmund,Besiktas,2026-07-09,Free,Free transfer,,Free base transfer; other costs not represented,Bundesliga,Outside top five / unattached,Midfielder,New to workbook,,,,,https://www.theguardian.com/football/ng-interactive/2026/sep/01/mens-transfer-window-summer-2026-all-deals-from-europes-top-five-leagues,https://interactive.guim.co.uk/2024/07/transfers/men-summer-2026.json,2026-10-03,0,0,2026-07
S26-0296,Harrison Ashby,Newcastle United,Luton Town,2026-07-09,Loan,Loan fee not stated,,No numeric source quote,Premier League,Outside top five / unattached,Defender,New to workbook,,,,Blank quote does not mean zero loan fee,https://www.theguardian.com/football/ng-interactive/2026/sep/01/mens-transfer-window-summer-2026-all-deals-from-europes-top-five-leagues,https://interactive.guim.co.uk/2024/07/transfers/men-summer-2026.json,2026-10-03,0,0,2026-07
S26-0297,Sean Steur,Ajax,Newcastle United,2026-07-09,Fee,Reported fee,20000000,Source quote; base/add-on treatment unspecified,Outside top five / unattached,Premier League,Midfielder,New to workbook,,,,,https://www.theguardian.com/football/ng-interactive/2026/sep/01/mens-transfer-window-summer-2026-all-deals-from-europes-top-five-leagues,https://interactive.guim.co.uk/2024/07/transfers/men-summer-2026.json,2026-10-03,1,1,2026-07
S26-0298,Pierce Charles,Sheffield Wednesday,Manchester City,2026-07-10,Fee,Reported fee,3000000,Source quote; base/add-on treatment unspecified,Outside top five / unattached,Premier League,Goalkeeper,New to workbook,,,,See Fee_Components,https://www.theguardian.com/football/ng-interactive/2026/sep/01/mens-transfer-window-summer-2026-all-deals-from-europes-top-five-leagues,https://interactive.guim.co.uk/2024/07/transfers/men-summer-2026.json,2026-10-03,1,1,2026-07
S26-0299,Aboubaka Soumahoro,Hamburg,Mallorca,2026-07-10,Loan,Loan fee not stated,,No numeric source quote,Bundesliga,Outside top five / unattached,Defender,New to workbook,,,,Blank quote does not mean zero loan fee,https://www.theguardian.com/football/ng-interactive/2026/sep/01/mens-transfer-window-summer-2026-all-deals-from-europes-top-five-leagues,https://interactive.guim.co.uk/2024/07/transfers/men-summer-2026.json,2026-10-03,0,0,2026-07
S26-0300,Gianluca Gaetano,Cagliari,Atalanta,2026-07-09,Fee,Reported fee,10200000,Source quote; base/add-on treatment unspecified,Serie A,Serie A,Midfielder,New to workbook,,,,,https://www.theguardian.com/football/ng-interactive/2026/sep/01/mens-transfer-window-summer-2026-all-deals-from-europes-top-five-leagues,https://interactive.guim.co.uk/2024/07/transfers/men-summer-2026.json,2026-10-03,1,1,2026-07
S26-0301,Alejandro Gomes Furtado,Real Zaragoza,Venezia,2026-07-09,Undisclosed fee,Undisclosed,,No numeric source quote,Outside top five / unattached,Serie A,Defender,New to workbook,,,,,https://www.theguardian.com/football/ng-interactive/2026/sep/01/mens-transfer-window-summer-2026-all-deals-from-europes-top-five-leagues,https://interactive.guim.co.uk/2024/07/transfers/men-summer-2026.json,2026-10-03,0,0,2026-07
S26-0302,Attila Szalai,Hoffenheim,Pogon Szczecin,2026-07-09,Free,Free transfer,,Free base transfer; other costs not represented,Bundesliga,Outside top five / unattached,Midfielder,New to workbook,,,,,https://www.theguardian.com/football/ng-interactive/2026/sep/01/mens-transfer-window-summer-2026-all-deals-from-europes-top-five-leagues,https://interactive.guim.co.uk/2024/07/transfers/men-summer-2026.json,2026-10-03,0,0,2026-07
S26-0303,Jota Silva,Nottingham Forest,Olympiakos,2026-07-09,Loan,Loan fee not stated,,No numeric source quote,Premier League,Outside top five / unattached,Forward,New to workbook,,,,Blank quote does not mean zero loan fee,https://www.theguardian.com/football/ng-interactive/2026/sep/01/mens-transfer-window-summer-2026-all-deals-from-europes-top-five-leagues,https://interactive.guim.co.uk/2024/07/transfers/men-summer-2026.json,2026-10-03,0,0,2026-07
S26-0304,Bryan Reynolds,Westerlo,Rennes,2026-07-10,Fee,Reported fee,3400000,Source quote; base/add-on treatment unspecified,Outside top five / unattached,Ligue 1,Defender,New to workbook,,,,,https://www.theguardian.com/football/ng-interactive/2026/sep/01/mens-transfer-window-summer-2026-all-deals-from-europes-top-five-leagues,https://interactive.guim.co.uk/2024/07/transfers/men-summer-2026.json,2026-10-03,1,1,2026-07
S26-0305,Oskar Wojcik,Cracovia,Werder Bremen,2026-07-09,Fee,Reported fee,2560000,Source quote; base/add-on treatment unspecified,Outside top five / unattached,Bundesliga,Defender,New to workbook,,,,,https://www.theguardian.com/football/ng-interactive/2026/sep/01/mens-transfer-window-summer-2026-all-deals-from-europes-top-five-leagues,https://interactive.guim.co.uk/2024/07/transfers/men-summer-2026.json,2026-10-03,1,1,2026-07
S26-0306,Albion Rrahmani,Sparta Prague,Venezia,2026-07-09,Fee,Reported fee,6400000,Source quote; base/add-on treatment unspecified,Outside top five / unattached,Serie A,Forward,New to workbook,,,,Add-ons/bonuses mentioned; See Fee_Components,https://www.theguardian.com/football/ng-interactive/2026/sep/01/mens-transfer-window-summer-2026-all-deals-from-europes-top-five-leagues,https://interactive.guim.co.uk/2024/07/transfers/men-summer-2026.json,2026-10-03,1,1,2026-07
S26-0307,Kyle Joseph,Hull City,Middlesbrough,2026-07-10,Undisclosed fee,Undisclosed,,No numeric source quote,Premier League,Outside top five / unattached,Forward,New to workbook,,,,,https://www.theguardian.com/football/ng-interactive/2026/sep/01/mens-transfer-window-summer-2026-all-deals-from-europes-top-five-leagues,https://interactive.guim.co.uk/2024/07/transfers/men-summer-2026.json,2026-10-03,0,0,2026-07
S26-0308,Cole Campbell,Borussia Dortmund,Elversberg,2026-07-09,Fee,Reported fee,5100000,Source quote; base/add-on treatment unspecified,Bundesliga,Bundesliga,Winger,New to workbook,,,,,https://www.theguardian.com/football/ng-interactive/2026/sep/01/mens-transfer-window-summer-2026-all-deals-from-europes-top-five-leagues,https://interactive.guim.co.uk/2024/07/transfers/men-summer-2026.json,2026-10-03,1,1,2026-07
S26-0309,Unai Gómez,Athletic Club,Udinese,2026-07-08,Fee,Reported fee,3830000,Source quote; base/add-on treatment unspecified,La Liga,Serie A,Midfielder,New to workbook,,,,,https://www.theguardian.com/football/ng-interactive/2026/sep/01/mens-transfer-window-summer-2026-all-deals-from-europes-top-five-leagues,https://interactive.guim.co.uk/2024/07/transfers/men-summer-2026.json,2026-10-03,1,1,2026-07
S26-0310,Ramon Terrats,Villarreal,Getafe,2026-07-09,Fee,Reported fee,2130000,Source quote; base/add-on treatment unspecified,La Liga,La Liga,Midfielder,New to workbook,,,,,https://www.theguardian.com/football/ng-interactive/2026/sep/01/mens-transfer-window-summer-2026-all-deals-from-europes-top-five-leagues,https://interactive.guim.co.uk/2024/07/transfers/men-summer-2026.json,2026-10-03,1,1,2026-07
S26-0311,Aritz Aldasoro,Racing Santander,Real Oviedo,2026-07-09,Loan,Loan fee not stated,,No numeric source quote,La Liga,Outside top five / unattached,Midfielder,New to workbook,,,,Blank quote does not mean zero loan fee,https://www.theguardian.com/football/ng-interactive/2026/sep/01/mens-transfer-window-summer-2026-all-deals-from-europes-top-five-leagues,https://interactive.guim.co.uk/2024/07/transfers/men-summer-2026.json,2026-10-03,0,0,2026-07
S26-0312,Nathan De Cat,Anderlecht,Hoffenheim,2026-07-10,Fee,Reported fee,14500000,Source quote; base/add-on treatment unspecified,Outside top five / unattached,Bundesliga,Midfielder,New to workbook,,,,,https://www.theguardian.com/football/ng-interactive/2026/sep/01/mens-transfer-window-summer-2026-all-deals-from-europes-top-five-leagues,https://interactive.guim.co.uk/2024/07/transfers/men-summer-2026.json,2026-10-03,1,1,2026-07
S26-0313,Mario Gila,Lazio,Milan,2026-07-10,Fee,Reported fee,25600000,Source quote; base/add-on treatment unspecified,Serie A,Serie A,Defender,New to workbook,,,,,https://www.theguardian.com/football/ng-interactive/2026/sep/01/mens-transfer-window-summer-2026-all-deals-from-europes-top-five-leagues,https://interactive.guim.co.uk/2024/07/transfers/men-summer-2026.json,2026-10-03,1,1,2026-07
S26-0314,Sima Suso,Fortuna Düsseldorf,Augsburg,2026-07-10,Fee,Reported fee,1400000,Source quote; base/add-on treatment unspecified,Outside top five / unattached,Bundesliga,Midfielder,New to workbook,,,,,https://www.theguardian.com/football/ng-interactive/2026/sep/01/mens-transfer-window-summer-2026-all-deals-from-europes-top-five-leagues,https://interactive.guim.co.uk/2024/07/transfers/men-summer-2026.json,2026-10-03,1,1,2026-07
S26-0315,Felix Meiser,Augsburg,Fortuna Düsseldorf,2026-07-10,Undisclosed fee,Undisclosed,,No numeric source quote,Bundesliga,Outside top five / unattached,Defender,New to workbook,,,,,https://www.theguardian.com/football/ng-interactive/2026/sep/01/mens-transfer-window-summer-2026-all-deals-from-europes-top-five-leagues,https://interactive.guim.co.uk/2024/07/transfers/men-summer-2026.json,2026-10-03,0,0,2026-07
S26-0316,Alexander Schlager,Red Bull Salzburg,Werder Bremen,2026-07-10,Undisclosed fee,Undisclosed,,No numeric source quote,Outside top five / unattached,Bundesliga,Goalkeeper,New to workbook,,,,,https://www.theguardian.com/football/ng-interactive/2026/sep/01/mens-transfer-window-summer-2026-all-deals-from-europes-top-five-leagues,https://interactive.guim.co.uk/2024/07/transfers/men-summer-2026.json,2026-10-03,0,0,2026-07
S26-0317,Elias Havel,TSV Hartberg,Genoa,2026-07-10,Fee,Reported fee,1700000,Source quote; base/add-on treatment unspecified,Outside top five / unattached,Serie A,Forward,New to workbook,,,,,https://www.theguardian.com/football/ng-interactive/2026/sep/01/mens-transfer-window-summer-2026-all-deals-from-europes-top-five-leagues,https://interactive.guim.co.uk/2024/07/transfers/men-summer-2026.json,2026-10-03,1,1,2026-07
S26-0318,Thiago Ojeda,Villarreal,Real Valladolid,2026-07-10,Undisclosed fee,Undisclosed,,No numeric source quote,La Liga,Outside top five / unattached,Midfielder,New to workbook,,,,,https://www.theguardian.com/football/ng-interactive/2026/sep/01/mens-transfer-window-summer-2026-all-deals-from-europes-top-five-leagues,https://interactive.guim.co.uk/2024/07/transfers/men-summer-2026.json,2026-10-03,0,0,2026-07
S26-0319,Álex Petxarroman,Deportivo La Coruña,Ceuta,2026-07-10,Free,Free transfer,,Free base transfer; other costs not represented,La Liga,Outside top five / unattached,Defender,New to workbook,,,,,https://www.theguardian.com/football/ng-interactive/2026/sep/01/mens-transfer-window-summer-2026-all-deals-from-europes-top-five-leagues,https://interactive.guim.co.uk/2024/07/transfers/men-summer-2026.json,2026-10-03,0,0,2026-07
S26-0320,Mario García,Racing Santander,Widzew Lodz,2026-07-10,Fee,Reported fee,400000,Source quote; base/add-on treatment unspecified,La Liga,Outside top five / unattached,Defender,New to workbook,,,,,https://www.theguardian.com/football/ng-interactive/2026/sep/01/mens-transfer-window-summer-2026-all-deals-from-europes-top-five-leagues,https://interactive.guim.co.uk/2024/07/transfers/men-summer-2026.json,2026-10-03,1,1,2026-07
S26-0321,Harrison Murray-Campbell,Chelsea,KV Kortrijk,2026-07-10,Loan,Loan fee not stated,,No numeric source quote,Premier League,Outside top five / unattached,Defender,New to workbook,,,,Blank quote does not mean zero loan fee,https://www.theguardian.com/football/ng-interactive/2026/sep/01/mens-transfer-window-summer-2026-all-deals-from-europes-top-five-leagues,https://interactive.guim.co.uk/2024/07/transfers/men-summer-2026.json,2026-10-03,0,0,2026-07
S26-0322,Tommaso Rubino,Fiorentina,Carrarese,2026-07-10,Loan,Loan fee not stated,,No numeric source quote,Serie A,Outside top five / unattached,Forward,New to workbook,,,,Blank quote does not mean zero loan fee,https://www.theguardian.com/football/ng-interactive/2026/sep/01/mens-transfer-window-summer-2026-all-deals-from-europes-top-five-leagues,https://interactive.guim.co.uk/2024/07/transfers/men-summer-2026.json,2026-10-03,0,0,2026-07
S26-0323,Pietro Pinelli,Lazio,Carrarese,2026-07-09,Loan,Loan fee not stated,,No numeric source quote,Serie A,Outside top five / unattached,Midfielder,New to workbook,,,,Future purchase conditions mentioned; Blank quote does not mean zero loan fee,https://www.theguardian.com/football/ng-interactive/2026/sep/01/mens-transfer-window-summer-2026-all-deals-from-europes-top-five-leagues,https://interactive.guim.co.uk/2024/07/transfers/men-summer-2026.json,2026-10-03,0,0,2026-07
S26-0324,Lorenzo Romani,Fiorentina,Carrarese,2026-07-10,Loan,Loan fee not stated,,No numeric source quote,Serie A,Outside top five / unattached,Defender,New to workbook,,,,Blank quote does not mean zero loan fee,https://www.theguardian.com/football/ng-interactive/2026/sep/01/mens-transfer-window-summer-2026-all-deals-from-europes-top-five-leagues,https://interactive.guim.co.uk/2024/07/transfers/men-summer-2026.json,2026-10-03,0,0,2026-07
S26-0325,Giacomo Marconi,Parma,Carrarese,2026-07-10,Loan,Loan fee not stated,,No numeric source quote,Serie A,Outside top five / unattached,Forward,New to workbook,,,,Blank quote does not mean zero loan fee,https://www.theguardian.com/football/ng-interactive/2026/sep/01/mens-transfer-window-summer-2026-all-deals-from-europes-top-five-leagues,https://interactive.guim.co.uk/2024/07/transfers/men-summer-2026.json,2026-10-03,0,0,2026-07
S26-0326,Alessandro Plizzari,Venezia,Südtirol,2026-07-10,Loan,Loan fee not stated,,No numeric source quote,Serie A,Outside top five / unattached,Goalkeeper,New to workbook,,,,Blank quote does not mean zero loan fee,https://www.theguardian.com/football/ng-interactive/2026/sep/01/mens-transfer-window-summer-2026-all-deals-from-europes-top-five-leagues,https://interactive.guim.co.uk/2024/07/transfers/men-summer-2026.json,2026-10-03,0,0,2026-07
S26-0327,Brando Moruzzi,Juventus,Avellino,2026-07-10,Loan,Loan fee not stated,,No numeric source quote,Serie A,Outside top five / unattached,Defender,New to workbook,,,,Blank quote does not mean zero loan fee,https://www.theguardian.com/football/ng-interactive/2026/sep/01/mens-transfer-window-summer-2026-all-deals-from-europes-top-five-leagues,https://interactive.guim.co.uk/2024/07/transfers/men-summer-2026.json,2026-10-03,0,0,2026-07
S26-0328,Giacomo Faticanti,Juventus,Avellino,2026-07-10,Loan,Loan fee not stated,,No numeric source quote,Serie A,Outside top five / unattached,Midfielder,New to workbook,,,,Future purchase conditions mentioned; Blank quote does not mean zero loan fee,https://www.theguardian.com/football/ng-interactive/2026/sep/01/mens-transfer-window-summer-2026-all-deals-from-europes-top-five-leagues,https://interactive.guim.co.uk/2024/07/transfers/men-summer-2026.json,2026-10-03,0,0,2026-07
S26-0329,Tommaso Martinelli,Fiorentina,Avellino,2026-07-10,Loan,Loan fee not stated,,No numeric source quote,Serie A,Outside top five / unattached,Goalkeeper,New to workbook,,,,Blank quote does not mean zero loan fee,https://www.theguardian.com/football/ng-interactive/2026/sep/01/mens-transfer-window-summer-2026-all-deals-from-europes-top-five-leagues,https://interactive.guim.co.uk/2024/07/transfers/men-summer-2026.json,2026-10-03,0,0,2026-07
S26-0330,Jeremy Monga,Leicester City,Manchester City,2026-07-11,Fee,Reported fee,12500000,Source quote; base/add-on treatment unspecified,Outside top five / unattached,Premier League,Winger,New to workbook,,,,,https://www.theguardian.com/football/ng-interactive/2026/sep/01/mens-transfer-window-summer-2026-all-deals-from-europes-top-five-leagues,https://interactive.guim.co.uk/2024/07/transfers/men-summer-2026.json,2026-10-03,1,1,2026-07
S26-0331,Morten Hjulmand,Sporting,Atlético Madrid,2026-07-11,Fee,Reported fee,34000000,Source quote; base/add-on treatment unspecified,Outside top five / unattached,La Liga,Midfielder,New to workbook,,,,,https://www.theguardian.com/football/ng-interactive/2026/sep/01/mens-transfer-window-summer-2026-all-deals-from-europes-top-five-leagues,https://interactive.guim.co.uk/2024/07/transfers/men-summer-2026.json,2026-10-03,1,1,2026-07
S26-0332,Sverre Nypan,Manchester City,Lommel SK,2026-07-11,Loan,Loan fee not stated,,No numeric source quote,Premier League,Outside top five / unattached,Midfielder,New to workbook,,,,Blank quote does not mean zero loan fee,https://www.theguardian.com/football/ng-interactive/2026/sep/01/mens-transfer-window-summer-2026-all-deals-from-europes-top-five-leagues,https://interactive.guim.co.uk/2024/07/transfers/men-summer-2026.json,2026-10-03,0,0,2026-07
S26-0333,Gideon Mensah,Auxerre,Cologne,2026-07-11,Free,Free transfer,,Free base transfer; other costs not represented,Ligue 1,Bundesliga,Defender,New to workbook,,,,,https://www.theguardian.com/football/ng-interactive/2026/sep/01/mens-transfer-window-summer-2026-all-deals-from-europes-top-five-leagues,https://interactive.guim.co.uk/2024/07/transfers/men-summer-2026.json,2026-10-03,0,0,2026-07
S26-0334,Haris Tabakovic,Hoffenheim,Red Bull Salzburg,2026-07-11,Fee,Reported fee,4300000,Source quote; base/add-on treatment unspecified,Bundesliga,Outside top five / unattached,Forward,New to workbook,,,,,https://www.theguardian.com/football/ng-interactive/2026/sep/01/mens-transfer-window-summer-2026-all-deals-from-europes-top-five-leagues,https://interactive.guim.co.uk/2024/07/transfers/men-summer-2026.json,2026-10-03,1,1,2026-07
S26-0335,Loum Tchaouna,Burnley,Coventry City,2026-07-11,Fee,Reported fee,20000000,Source quote; base/add-on treatment unspecified,Outside top five / unattached,Premier League,Winger,New to workbook,,,,,https://www.theguardian.com/football/ng-interactive/2026/sep/01/mens-transfer-window-summer-2026-all-deals-from-europes-top-five-leagues,https://interactive.guim.co.uk/2024/07/transfers/men-summer-2026.json,2026-10-03,1,1,2026-07
S26-0336,Seid Korac,Venezia,Verona,2026-07-11,Loan,Loan fee not stated,,No numeric source quote,Serie A,Outside top five / unattached,Defender,New to workbook,,,,Future purchase conditions mentioned; Blank quote does not mean zero loan fee,https://www.theguardian.com/football/ng-interactive/2026/sep/01/mens-transfer-window-summer-2026-all-deals-from-europes-top-five-leagues,https://interactive.guim.co.uk/2024/07/transfers/men-summer-2026.json,2026-10-03,0,0,2026-07
S26-0337,Peter Federico,Getafe,Gornik Zabrze,2026-07-11,Undisclosed fee,Undisclosed,,No numeric source quote,La Liga,Outside top five / unattached,Winger,New to workbook,,,,,https://www.theguardian.com/football/ng-interactive/2026/sep/01/mens-transfer-window-summer-2026-all-deals-from-europes-top-five-leagues,https://interactive.guim.co.uk/2024/07/transfers/men-summer-2026.json,2026-10-03,0,0,2026-07
S26-0338,Brad Collins,Coventry City,Bristol City,2026-07-11,Free,Free transfer,,Free base transfer; other costs not represented,Premier League,Outside top five / unattached,Goalkeeper,New to workbook,,,,,https://www.theguardian.com/football/ng-interactive/2026/sep/01/mens-transfer-window-summer-2026-all-deals-from-europes-top-five-leagues,https://interactive.guim.co.uk/2024/07/transfers/men-summer-2026.json,2026-10-03,0,0,2026-07
S26-0339,Yusuf Akhamrich,Tottenham Hotspur,Leyton Orient,2026-07-11,Loan,Loan fee not stated,,No numeric source quote,Premier League,Outside top five / unattached,Winger,New to workbook,,,,Blank quote does not mean zero loan fee,https://www.theguardian.com/football/ng-interactive/2026/sep/01/mens-transfer-window-summer-2026-all-deals-from-europes-top-five-leagues,https://interactive.guim.co.uk/2024/07/transfers/men-summer-2026.json,2026-10-03,0,0,2026-07
S26-0340,Arthur Atta,Udinese,Fiorentina,2026-07-11,Fee,Reported fee,25600000,Source quote; base/add-on treatment unspecified,Serie A,Serie A,Midfielder,New to workbook,,,,,https://www.theguardian.com/football/ng-interactive/2026/sep/01/mens-transfer-window-summer-2026-all-deals-from-europes-top-five-leagues,https://interactive.guim.co.uk/2024/07/transfers/men-summer-2026.json,2026-10-03,1,1,2026-07
S26-0341,Urko Izeta,Athletic Club,Cádiz,2026-07-11,Undisclosed fee,Undisclosed,,No numeric source quote,La Liga,Outside top five / unattached,Forward,New to workbook,,,,,https://www.theguardian.com/football/ng-interactive/2026/sep/01/mens-transfer-window-summer-2026-all-deals-from-europes-top-five-leagues,https://interactive.guim.co.uk/2024/07/transfers/men-summer-2026.json,2026-10-03,0,0,2026-07
S26-0342,Jesse Derry,Chelsea,Sporting,2026-07-11,Loan,Loan fee not stated,,No numeric source quote,Premier League,Outside top five / unattached,Winger,New to workbook,,,,Blank quote does not mean zero loan fee,https://www.theguardian.com/football/ng-interactive/2026/sep/01/mens-transfer-window-summer-2026-all-deals-from-europes-top-five-leagues,https://interactive.guim.co.uk/2024/07/transfers/men-summer-2026.json,2026-10-03,0,0,2026-07
S26-0343,Nicola Leali,Genoa,Verona,2026-07-11,Free,Free transfer,,Free base transfer; other costs not represented,Serie A,Outside top five / unattached,Goalkeeper,New to workbook,,,,,https://www.theguardian.com/football/ng-interactive/2026/sep/01/mens-transfer-window-summer-2026-all-deals-from-europes-top-five-leagues,https://interactive.guim.co.uk/2024/07/transfers/men-summer-2026.json,2026-10-03,0,0,2026-07
S26-0344,Paulo Azzi,Monza,Modena,2026-07-11,Undisclosed fee,Undisclosed,,No numeric source quote,Serie A,Outside top five / unattached,Winger,New to workbook,,,,,https://www.theguardian.com/football/ng-interactive/2026/sep/01/mens-transfer-window-summer-2026-all-deals-from-europes-top-five-leagues,https://interactive.guim.co.uk/2024/07/transfers/men-summer-2026.json,2026-10-03,0,0,2026-07
S26-0345,Louis Mafouta,Guingamp,Le Mans,2026-07-11,Undisclosed fee,Undisclosed,,No numeric source quote,Outside top five / unattached,Ligue 1,Forward,New to workbook,,,,,https://www.theguardian.com/football/ng-interactive/2026/sep/01/mens-transfer-window-summer-2026-all-deals-from-europes-top-five-leagues,https://interactive.guim.co.uk/2024/07/transfers/men-summer-2026.json,2026-10-03,0,0,2026-07
S26-0346,Yassine Kechta,Le Havre,Leganés,2026-07-12,Free,Free transfer,,Free base transfer; other costs not represented,Ligue 1,Outside top five / unattached,Midfielder,New to workbook,,,,,https://www.theguardian.com/football/ng-interactive/2026/sep/01/mens-transfer-window-summer-2026-all-deals-from-europes-top-five-leagues,https://interactive.guim.co.uk/2024/07/transfers/men-summer-2026.json,2026-10-03,0,0,2026-07
S26-0347,Angus Gunn,Nottingham Forest,San Jose Earthquakes,2026-07-08,Free,Free transfer,,Free base transfer; other costs not represented,Premier League,Outside top five / unattached,Goalkeeper,New to workbook,,,,,https://www.theguardian.com/football/ng-interactive/2026/sep/01/mens-transfer-window-summer-2026-all-deals-from-europes-top-five-leagues,https://interactive.guim.co.uk/2024/07/transfers/men-summer-2026.json,2026-10-03,0,0,2026-07
S26-0348,Kjell Wätjen,Borussia Dortmund,FC Midtjylland,2026-07-13,Fee,Reported fee,1700000,Source quote; base/add-on treatment unspecified,Bundesliga,Outside top five / unattached,Midfielder,New to workbook,,,,,https://www.theguardian.com/football/ng-interactive/2026/sep/01/mens-transfer-window-summer-2026-all-deals-from-europes-top-five-leagues,https://interactive.guim.co.uk/2024/07/transfers/men-summer-2026.json,2026-10-03,1,1,2026-07
S26-0349,Andrey Santos,Chelsea,Manchester United,2026-07-13,Fee,Reported fee,50000000,Source quote; base/add-on treatment unspecified,Premier League,Premier League,Midfielder,New to workbook,,,,,https://www.theguardian.com/football/ng-interactive/2026/sep/01/mens-transfer-window-summer-2026-all-deals-from-europes-top-five-leagues,https://interactive.guim.co.uk/2024/07/transfers/men-summer-2026.json,2026-10-03,1,1,2026-07
S26-0350,Hennes Behrens,Hoffenheim,Augsburg,2026-07-13,Fee,Reported fee,3000000,Source quote; base/add-on treatment unspecified,Bundesliga,Bundesliga,Defender,New to workbook,,,,,https://www.theguardian.com/football/ng-interactive/2026/sep/01/mens-transfer-window-summer-2026-all-deals-from-europes-top-five-leagues,https://interactive.guim.co.uk/2024/07/transfers/men-summer-2026.json,2026-10-03,1,1,2026-07
S26-0351,Faik Sakar,RB Leipzig,Augsburg,2026-04-23,Free,Free transfer,,Free base transfer; other costs not represented,Bundesliga,Bundesliga,Midfielder,New to workbook,,,,Early announcement; source assigns to summer window,https://www.theguardian.com/football/ng-interactive/2026/sep/01/mens-transfer-window-summer-2026-all-deals-from-europes-top-five-leagues,https://interactive.guim.co.uk/2024/07/transfers/men-summer-2026.json,2026-10-03,0,0,2026-04
S26-0352,Lluc Castell,Espanyol,Burnley,2026-07-12,Undisclosed fee,Undisclosed,,No numeric source quote,La Liga,Outside top five / unattached,Winger,New to workbook,,,,,https://www.theguardian.com/football/ng-interactive/2026/sep/01/mens-transfer-window-summer-2026-all-deals-from-europes-top-five-leagues,https://interactive.guim.co.uk/2024/07/transfers/men-summer-2026.json,2026-10-03,0,0,2026-07
S26-0353,Cieran Slicker,Ipswich Town,Barnsley,2026-07-13,Loan,Loan fee not stated,,No numeric source quote,Premier League,Outside top five / unattached,Goalkeeper,New to workbook,,,,Blank quote does not mean zero loan fee,https://www.theguardian.com/football/ng-interactive/2026/sep/01/mens-transfer-window-summer-2026-all-deals-from-europes-top-five-leagues,https://interactive.guim.co.uk/2024/07/transfers/men-summer-2026.json,2026-10-03,0,0,2026-07
S26-0354,Yannik Keitel,Stuttgart,Augsburg,2026-06-23,Loan extended,Loan fee not stated,,No numeric source quote,Bundesliga,Bundesliga,Midfielder,New to workbook,,,,Future purchase conditions mentioned,https://www.theguardian.com/football/ng-interactive/2026/sep/01/mens-transfer-window-summer-2026-all-deals-from-europes-top-five-leagues,https://interactive.guim.co.uk/2024/07/transfers/men-summer-2026.json,2026-10-03,0,0,2026-06
S26-0355,Calvin Brackelmann,Paderborn,Augsburg,2026-05-29,Free,Free transfer,,Free base transfer; other costs not represented,Bundesliga,Bundesliga,Defender,New to workbook,,,,Early announcement; source assigns to summer window,https://www.theguardian.com/football/ng-interactive/2026/sep/01/mens-transfer-window-summer-2026-all-deals-from-europes-top-five-leagues,https://interactive.guim.co.uk/2024/07/transfers/men-summer-2026.json,2026-10-03,0,0,2026-05
S26-0356,Rodrigo Ribeiro,Sporting,Augsburg,2026-05-27,Fee,Reported fee,4300000,Source quote; base/add-on treatment unspecified,Outside top five / unattached,Bundesliga,Forward,New to workbook,,,,Early announcement; source assigns to summer window,https://www.theguardian.com/football/ng-interactive/2026/sep/01/mens-transfer-window-summer-2026-all-deals-from-europes-top-five-leagues,https://interactive.guim.co.uk/2024/07/transfers/men-summer-2026.json,2026-10-03,1,1,2026-05
S26-0357,Gaetano Oristanio,Venezia,Torino,2026-07-09,Loan,Loan fee not stated,,No numeric source quote,Serie A,Serie A,Midfielder,New to workbook,,,,Future purchase conditions mentioned; Blank quote does not mean zero loan fee,https://www.theguardian.com/football/ng-interactive/2026/sep/01/mens-transfer-window-summer-2026-all-deals-from-europes-top-five-leagues,https://interactive.guim.co.uk/2024/07/transfers/men-summer-2026.json,2026-10-03,0,0,2026-07
S26-0358,Brajan Gruda,Brighton,RB Leipzig,2026-07-13,Loan extended,Loan fee not stated,,No numeric source quote,Premier League,Bundesliga,Midfielder,New to workbook,,,,,https://www.theguardian.com/football/ng-interactive/2026/sep/01/mens-transfer-window-summer-2026-all-deals-from-europes-top-five-leagues,https://interactive.guim.co.uk/2024/07/transfers/men-summer-2026.json,2026-10-03,0,0,2026-07
S26-0359,Valentino Lazaro,Torino,Al-Ain,2026-07-13,Free,Free transfer,,Free base transfer; other costs not represented,Serie A,Outside top five / unattached,Midfielder,New to workbook,,,,,https://www.theguardian.com/football/ng-interactive/2026/sep/01/mens-transfer-window-summer-2026-all-deals-from-europes-top-five-leagues,https://interactive.guim.co.uk/2024/07/transfers/men-summer-2026.json,2026-10-03,0,0,2026-07
S26-0360,Viery,Grêmio,Fiorentina,2026-07-01,Fee,Reported fee,12800000,Source quote; base/add-on treatment unspecified,Outside top five / unattached,Serie A,Defender,New to workbook,,,,,https://www.theguardian.com/football/ng-interactive/2026/sep/01/mens-transfer-window-summer-2026-all-deals-from-europes-top-five-leagues,https://interactive.guim.co.uk/2024/07/transfers/men-summer-2026.json,2026-10-03,1,1,2026-07
S26-0361,Allan Saint-Maximin,Lens,Charlotte FC,2026-07-13,Free,Free transfer,,Free base transfer; other costs not represented,Ligue 1,Outside top five / unattached,Winger,New to workbook,,,,,https://www.theguardian.com/football/ng-interactive/2026/sep/01/mens-transfer-window-summer-2026-all-deals-from-europes-top-five-leagues,https://interactive.guim.co.uk/2024/07/transfers/men-summer-2026.json,2026-10-03,0,0,2026-07
S26-0362,Ben Krauhaus,Brentford,Falkirk,2026-07-13,Loan,Loan fee not stated,,No numeric source quote,Premier League,Outside top five / unattached,Midfielder,New to workbook,,,,Blank quote does not mean zero loan fee,https://www.theguardian.com/football/ng-interactive/2026/sep/01/mens-transfer-window-summer-2026-all-deals-from-europes-top-five-leagues,https://interactive.guim.co.uk/2024/07/transfers/men-summer-2026.json,2026-10-03,0,0,2026-07
S26-0363,Alex Paulsen,Bournemouth,Motherwell,2026-07-13,Loan,Loan fee not stated,,No numeric source quote,Premier League,Outside top five / unattached,Goalkeeper,New to workbook,,,,Blank quote does not mean zero loan fee,https://www.theguardian.com/football/ng-interactive/2026/sep/01/mens-transfer-window-summer-2026-all-deals-from-europes-top-five-leagues,https://interactive.guim.co.uk/2024/07/transfers/men-summer-2026.json,2026-10-03,0,0,2026-07
S26-0364,Antoine Griezmann,Atlético Madrid,Orlando City,2026-07-08,Free,Free transfer,,Free base transfer; other costs not represented,La Liga,Outside top five / unattached,Forward,New to workbook,,,,,https://www.theguardian.com/football/ng-interactive/2026/sep/01/mens-transfer-window-summer-2026-all-deals-from-europes-top-five-leagues,https://interactive.guim.co.uk/2024/07/transfers/men-summer-2026.json,2026-10-03,0,0,2026-07
S26-0365,Thorgan Hazard,Anderlecht,Lens,2026-07-13,Free,Free transfer,,Free base transfer; other costs not represented,Outside top five / unattached,Ligue 1,Winger,New to workbook,,,,,https://www.theguardian.com/football/ng-interactive/2026/sep/01/mens-transfer-window-summer-2026-all-deals-from-europes-top-five-leagues,https://interactive.guim.co.uk/2024/07/transfers/men-summer-2026.json,2026-10-03,0,0,2026-07
S26-0366,Matteo Spinaccè,Inter,Mantova,2026-07-13,Loan,Loan fee not stated,,No numeric source quote,Serie A,Outside top five / unattached,Forward,New to workbook,,,,Future purchase conditions mentioned; Blank quote does not mean zero loan fee,https://www.theguardian.com/football/ng-interactive/2026/sep/01/mens-transfer-window-summer-2026-all-deals-from-europes-top-five-leagues,https://interactive.guim.co.uk/2024/07/transfers/men-summer-2026.json,2026-10-03,0,0,2026-07
S26-0367,Alessandro Cardinali,Parma,Spezia,2026-07-13,Loan,Loan fee not stated,,No numeric source quote,Serie A,Outside top five / unattached,Winger,New to workbook,,,,Blank quote does not mean zero loan fee,https://www.theguardian.com/football/ng-interactive/2026/sep/01/mens-transfer-window-summer-2026-all-deals-from-europes-top-five-leagues,https://interactive.guim.co.uk/2024/07/transfers/men-summer-2026.json,2026-10-03,0,0,2026-07
S26-0368,Jonathan Asp Jensen,Bayern Munich,Deportivo La Coruña,2026-07-13,Fee,Reported fee,5100000,Source quote; base/add-on treatment unspecified,Bundesliga,La Liga,Midfielder,New to workbook,,,,,https://www.theguardian.com/football/ng-interactive/2026/sep/01/mens-transfer-window-summer-2026-all-deals-from-europes-top-five-leagues,https://interactive.guim.co.uk/2024/07/transfers/men-summer-2026.json,2026-10-03,1,1,2026-07
S26-0369,Martin Adeline,Troyes,Hamburg,2026-07-13,Fee,Reported fee,3400000,Source quote; base/add-on treatment unspecified,Ligue 1,Bundesliga,Midfielder,New to workbook,,,,,https://www.theguardian.com/football/ng-interactive/2026/sep/01/mens-transfer-window-summer-2026-all-deals-from-europes-top-five-leagues,https://interactive.guim.co.uk/2024/07/transfers/men-summer-2026.json,2026-10-03,1,1,2026-07
S26-0370,Elia Plicco,Parma,Sambenedettese,2026-07-13,Loan,Loan fee not stated,,No numeric source quote,Serie A,Outside top five / unattached,Midfielder,New to workbook,,,,Blank quote does not mean zero loan fee,https://www.theguardian.com/football/ng-interactive/2026/sep/01/mens-transfer-window-summer-2026-all-deals-from-europes-top-five-leagues,https://interactive.guim.co.uk/2024/07/transfers/men-summer-2026.json,2026-10-03,0,0,2026-07
S26-0371,Baptiste Santamaria,Valencia,PAOK,2026-07-13,Free,Free transfer,,Free base transfer; other costs not represented,La Liga,Outside top five / unattached,Midfielder,New to workbook,,,,,https://www.theguardian.com/football/ng-interactive/2026/sep/01/mens-transfer-window-summer-2026-all-deals-from-europes-top-five-leagues,https://interactive.guim.co.uk/2024/07/transfers/men-summer-2026.json,2026-10-03,0,0,2026-07
S26-0372,Moustapha Cissé,Atalanta,Carrarese,2026-07-13,Loan,Loan fee not stated,,No numeric source quote,Serie A,Outside top five / unattached,Forward,New to workbook,,,,Blank quote does not mean zero loan fee,https://www.theguardian.com/football/ng-interactive/2026/sep/01/mens-transfer-window-summer-2026-all-deals-from-europes-top-five-leagues,https://interactive.guim.co.uk/2024/07/transfers/men-summer-2026.json,2026-10-03,0,0,2026-07
S26-0373,Anouar El Azzouzi,Fortuna Düsseldorf,Frosinone,2026-07-13,Free,Free transfer,,Free base transfer; other costs not represented,Outside top five / unattached,Serie A,Midfielder,New to workbook,,,,,https://www.theguardian.com/football/ng-interactive/2026/sep/01/mens-transfer-window-summer-2026-all-deals-from-europes-top-five-leagues,https://interactive.guim.co.uk/2024/07/transfers/men-summer-2026.json,2026-10-03,0,0,2026-07
S26-0374,Jacopo Fazzini,Fiorentina,Cagliari,2026-07-13,Loan,Loan fee not stated,,No numeric source quote,Serie A,Serie A,Midfielder,New to workbook,,,,Blank quote does not mean zero loan fee,https://www.theguardian.com/football/ng-interactive/2026/sep/01/mens-transfer-window-summer-2026-all-deals-from-europes-top-five-leagues,https://interactive.guim.co.uk/2024/07/transfers/men-summer-2026.json,2026-10-03,0,0,2026-07
S26-0375,Antonio Cordero,Newcastle United,Cádiz,2026-07-12,Loan,Loan fee not stated,,No numeric source quote,Premier League,Outside top five / unattached,Winger,New to workbook,,,,Blank quote does not mean zero loan fee,https://www.theguardian.com/football/ng-interactive/2026/sep/01/mens-transfer-window-summer-2026-all-deals-from-europes-top-five-leagues,https://interactive.guim.co.uk/2024/07/transfers/men-summer-2026.json,2026-10-03,0,0,2026-07
S26-0376,Yann Sommer,Inter,Club Brugge,2026-07-14,Free,Free transfer,,Free base transfer; other costs not represented,Serie A,Outside top five / unattached,Goalkeeper,New to workbook,,,,,https://www.theguardian.com/football/ng-interactive/2026/sep/01/mens-transfer-window-summer-2026-all-deals-from-europes-top-five-leagues,https://interactive.guim.co.uk/2024/07/transfers/men-summer-2026.json,2026-10-03,0,0,2026-07
S26-0377,Luka Vuskovic,Tottenham Hotspur,Brighton,2026-07-14,Fee,Reported fee,46000000,Source quote; base/add-on treatment unspecified,Premier League,Premier League,Defender,New to workbook,,,,,https://www.theguardian.com/football/ng-interactive/2026/sep/01/mens-transfer-window-summer-2026-all-deals-from-europes-top-five-leagues,https://interactive.guim.co.uk/2024/07/transfers/men-summer-2026.json,2026-10-03,1,1,2026-07
S26-0378,Yasser Larouci,Troyes,Le Mans,2026-07-14,Free,Free transfer,,Free base transfer; other costs not represented,Ligue 1,Ligue 1,Defender,New to workbook,,,,,https://www.theguardian.com/football/ng-interactive/2026/sep/01/mens-transfer-window-summer-2026-all-deals-from-europes-top-five-leagues,https://interactive.guim.co.uk/2024/07/transfers/men-summer-2026.json,2026-10-03,0,0,2026-07
S26-0379,Lohann Doucet,Paris FC,Vitória de Guimarães,2026-07-14,Undisclosed fee,Undisclosed,,No numeric source quote,Ligue 1,Outside top five / unattached,Midfielder,New to workbook,,,,,https://www.theguardian.com/football/ng-interactive/2026/sep/01/mens-transfer-window-summer-2026-all-deals-from-europes-top-five-leagues,https://interactive.guim.co.uk/2024/07/transfers/men-summer-2026.json,2026-10-03,0,0,2026-07
S26-0380,Víctor Parada,Alavés,Spartak Moscow,2026-07-14,Fee,Reported fee,4270000,Source quote; base/add-on treatment unspecified,La Liga,Outside top five / unattached,Defender,New to workbook,,,,,https://www.theguardian.com/football/ng-interactive/2026/sep/01/mens-transfer-window-summer-2026-all-deals-from-europes-top-five-leagues,https://interactive.guim.co.uk/2024/07/transfers/men-summer-2026.json,2026-10-03,1,1,2026-07
S26-0381,Álvaro Rodríguez,Elche,Bournemouth,2026-07-14,Fee,Reported fee,21300000,Source quote; base/add-on treatment unspecified,La Liga,Premier League,Forward,New to workbook,,,,,https://www.theguardian.com/football/ng-interactive/2026/sep/01/mens-transfer-window-summer-2026-all-deals-from-europes-top-five-leagues,https://interactive.guim.co.uk/2024/07/transfers/men-summer-2026.json,2026-10-03,1,1,2026-07
S26-0382,Danilho Doekhi,Union Berlin,Lazio,2026-07-14,Free,Free transfer,,Free base transfer; other costs not represented,Bundesliga,Serie A,Defender,New to workbook,,,,,https://www.theguardian.com/football/ng-interactive/2026/sep/01/mens-transfer-window-summer-2026-all-deals-from-europes-top-five-leagues,https://interactive.guim.co.uk/2024/07/transfers/men-summer-2026.json,2026-10-03,0,0,2026-07
S26-0383,Fellipe Jack,Como 1907,Cremonese,2026-07-14,Loan,Loan fee not stated,,No numeric source quote,Serie A,Outside top five / unattached,Defender,New to workbook,,,,Blank quote does not mean zero loan fee,https://www.theguardian.com/football/ng-interactive/2026/sep/01/mens-transfer-window-summer-2026-all-deals-from-europes-top-five-leagues,https://interactive.guim.co.uk/2024/07/transfers/men-summer-2026.json,2026-10-03,0,0,2026-07
S26-0384,Youri Tielemans,Aston Villa,Manchester United,2026-07-14,Fee,Reported fee,35000000,Source quote; base/add-on treatment unspecified,Premier League,Premier League,Midfielder,New to workbook,,,,,https://www.theguardian.com/football/ng-interactive/2026/sep/01/mens-transfer-window-summer-2026-all-deals-from-europes-top-five-leagues,https://interactive.guim.co.uk/2024/07/transfers/men-summer-2026.json,2026-10-03,1,1,2026-07
S26-0385,Thomas Meunier,Lille,Sunderland,2026-07-15,Free,Free transfer,,Free base transfer; other costs not represented,Ligue 1,Premier League,Defender,New to workbook,,,,,https://www.theguardian.com/football/ng-interactive/2026/sep/01/mens-transfer-window-summer-2026-all-deals-from-europes-top-five-leagues,https://interactive.guim.co.uk/2024/07/transfers/men-summer-2026.json,2026-10-03,0,0,2026-07
S26-0386,Christ Makosso,Luton Town,Auxerre,2026-07-15,Fee,Reported fee,1700000,Source quote; base/add-on treatment unspecified,Outside top five / unattached,Ligue 1,Defender,New to workbook,,,,,https://www.theguardian.com/football/ng-interactive/2026/sep/01/mens-transfer-window-summer-2026-all-deals-from-europes-top-five-leagues,https://interactive.guim.co.uk/2024/07/transfers/men-summer-2026.json,2026-10-03,1,1,2026-07
S26-0387,Mattia Liberali,Catanzaro,Como 1907,2026-07-15,Fee,Reported fee,5100000,Source quote; base/add-on treatment unspecified,Outside top five / unattached,Serie A,Midfielder,New to workbook,,,,,https://www.theguardian.com/football/ng-interactive/2026/sep/01/mens-transfer-window-summer-2026-all-deals-from-europes-top-five-leagues,https://interactive.guim.co.uk/2024/07/transfers/men-summer-2026.json,2026-10-03,1,1,2026-07
S26-0388,Ismaël Konaté,Empoli,Juventus,2026-07-15,Undisclosed fee,Undisclosed,,No numeric source quote,Outside top five / unattached,Serie A,Forward,New to workbook,,,,,https://www.theguardian.com/football/ng-interactive/2026/sep/01/mens-transfer-window-summer-2026-all-deals-from-europes-top-five-leagues,https://interactive.guim.co.uk/2024/07/transfers/men-summer-2026.json,2026-10-03,0,0,2026-07
S26-0389,Lewis Dobbin,Aston Villa,Southampton,2026-07-15,Fee,Reported fee,9000000,Source quote; base/add-on treatment unspecified,Premier League,Outside top five / unattached,Forward,New to workbook,,,,,https://www.theguardian.com/football/ng-interactive/2026/sep/01/mens-transfer-window-summer-2026-all-deals-from-europes-top-five-leagues,https://interactive.guim.co.uk/2024/07/transfers/men-summer-2026.json,2026-10-03,1,1,2026-07
S26-0390,Harry Winks,Leicester City,Cagliari,2026-07-15,Undisclosed fee,Undisclosed,,No numeric source quote,Outside top five / unattached,Serie A,Midfielder,New to workbook,,,,,https://www.theguardian.com/football/ng-interactive/2026/sep/01/mens-transfer-window-summer-2026-all-deals-from-europes-top-five-leagues,https://interactive.guim.co.uk/2024/07/transfers/men-summer-2026.json,2026-10-03,0,0,2026-07
S26-0391,Mason Greenwood,Marseille,Fenerbahce,2026-07-15,Fee,Reported fee,33000000,Source quote; base/add-on treatment unspecified,Ligue 1,Outside top five / unattached,Forward,New to workbook,,,,,https://www.theguardian.com/football/ng-interactive/2026/sep/01/mens-transfer-window-summer-2026-all-deals-from-europes-top-five-leagues,https://interactive.guim.co.uk/2024/07/transfers/men-summer-2026.json,2026-10-03,1,1,2026-07
S26-0392,Adrián Pica,Alavés,Penafiel,2026-07-14,Loan,Loan fee not stated,,No numeric source quote,La Liga,Outside top five / unattached,Defender,New to workbook,,,,Blank quote does not mean zero loan fee,https://www.theguardian.com/football/ng-interactive/2026/sep/01/mens-transfer-window-summer-2026-all-deals-from-europes-top-five-leagues,https://interactive.guim.co.uk/2024/07/transfers/men-summer-2026.json,2026-10-03,0,0,2026-07
S26-0393,Horatiu Moldovan,Atlético Madrid,Eyupspor,2026-07-14,Loan,Loan fee not stated,,No numeric source quote,La Liga,Outside top five / unattached,Goalkeeper,New to workbook,,,,Blank quote does not mean zero loan fee,https://www.theguardian.com/football/ng-interactive/2026/sep/01/mens-transfer-window-summer-2026-all-deals-from-europes-top-five-leagues,https://interactive.guim.co.uk/2024/07/transfers/men-summer-2026.json,2026-10-03,0,0,2026-07
S26-0394,Michal Skoras,KAA Gent,Lens,2026-07-14,Fee,Reported fee,5100000,Source quote; base/add-on treatment unspecified,Outside top five / unattached,Ligue 1,Winger,New to workbook,,,,,https://www.theguardian.com/football/ng-interactive/2026/sep/01/mens-transfer-window-summer-2026-all-deals-from-europes-top-five-leagues,https://interactive.guim.co.uk/2024/07/transfers/men-summer-2026.json,2026-10-03,1,1,2026-07
S26-0395,Jonas Harder,Fiorentina,Basel,2026-07-14,Fee,Reported fee,1700000,Source quote; base/add-on treatment unspecified,Serie A,Outside top five / unattached,Midfielder,New to workbook,,,,,https://www.theguardian.com/football/ng-interactive/2026/sep/01/mens-transfer-window-summer-2026-all-deals-from-europes-top-five-leagues,https://interactive.guim.co.uk/2024/07/transfers/men-summer-2026.json,2026-10-03,1,1,2026-07
S26-0396,Maat Daniel Caprini,Fiorentina,Cesena,2026-07-14,Loan,Loan fee not stated,,No numeric source quote,Serie A,Outside top five / unattached,Forward,New to workbook,,,,Future purchase conditions mentioned; Blank quote does not mean zero loan fee,https://www.theguardian.com/football/ng-interactive/2026/sep/01/mens-transfer-window-summer-2026-all-deals-from-europes-top-five-leagues,https://interactive.guim.co.uk/2024/07/transfers/men-summer-2026.json,2026-10-03,0,0,2026-07
S26-0397,Luca Di Maggio,Inter,Avellino,2026-07-14,Fee,Reported fee,400000,Source quote; base/add-on treatment unspecified,Serie A,Outside top five / unattached,Midfielder,New to workbook,,,,,https://www.theguardian.com/football/ng-interactive/2026/sep/01/mens-transfer-window-summer-2026-all-deals-from-europes-top-five-leagues,https://interactive.guim.co.uk/2024/07/transfers/men-summer-2026.json,2026-10-03,1,1,2026-07
S26-0398,Leandro Trossard,Arsenal,Besiktas,2026-07-15,Fee,Reported fee,15300000,Source quote; base/add-on treatment unspecified,Premier League,Outside top five / unattached,Forward,New to workbook,,,,,https://www.theguardian.com/football/ng-interactive/2026/sep/01/mens-transfer-window-summer-2026-all-deals-from-europes-top-five-leagues,https://interactive.guim.co.uk/2024/07/transfers/men-summer-2026.json,2026-10-03,1,1,2026-07
S26-0399,Elkan Baggott,Ipswich Town,Millwall,2026-07-15,Undisclosed fee,Undisclosed,,No numeric source quote,Premier League,Outside top five / unattached,Defender,New to workbook,,,,,https://www.theguardian.com/football/ng-interactive/2026/sep/01/mens-transfer-window-summer-2026-all-deals-from-europes-top-five-leagues,https://interactive.guim.co.uk/2024/07/transfers/men-summer-2026.json,2026-10-03,0,0,2026-07
S26-0400,Oliwier Zych,Aston Villa,Vitória de Guimarães,2026-07-15,Loan,Loan fee not stated,,No numeric source quote,Premier League,Outside top five / unattached,Goalkeeper,New to workbook,,,,Blank quote does not mean zero loan fee,https://www.theguardian.com/football/ng-interactive/2026/sep/01/mens-transfer-window-summer-2026-all-deals-from-europes-top-five-leagues,https://interactive.guim.co.uk/2024/07/transfers/men-summer-2026.json,2026-10-03,0,0,2026-07
S26-0401,Vincent Burlet,Lille,Cracovia,2026-07-15,Undisclosed fee,Undisclosed,,No numeric source quote,Ligue 1,Outside top five / unattached,Defender,New to workbook,,,,,https://www.theguardian.com/football/ng-interactive/2026/sep/01/mens-transfer-window-summer-2026-all-deals-from-europes-top-five-leagues,https://interactive.guim.co.uk/2024/07/transfers/men-summer-2026.json,2026-10-03,0,0,2026-07
S26-0402,Aïssa Mandi,Lille,Levante,2026-07-16,Free,Free transfer,,Free base transfer; other costs not represented,Ligue 1,La Liga,Defender,New to workbook,,,,,https://www.theguardian.com/football/ng-interactive/2026/sep/01/mens-transfer-window-summer-2026-all-deals-from-europes-top-five-leagues,https://interactive.guim.co.uk/2024/07/transfers/men-summer-2026.json,2026-10-03,0,0,2026-07
S26-0403,Isaac Schmidt,Leeds United,Young Boys,2026-07-16,Fee,Reported fee,1100000,Source quote; base/add-on treatment unspecified,Premier League,Outside top five / unattached,Defender,New to workbook,,,,,https://www.theguardian.com/football/ng-interactive/2026/sep/01/mens-transfer-window-summer-2026-all-deals-from-europes-top-five-leagues,https://interactive.guim.co.uk/2024/07/transfers/men-summer-2026.json,2026-10-03,1,1,2026-07
S26-0404,Diego Coppola,Brighton,Paris FC,2026-07-16,Fee,Reported fee,15300000,Source quote; base/add-on treatment unspecified,Premier League,Ligue 1,Defender,New to workbook,,,,,https://www.theguardian.com/football/ng-interactive/2026/sep/01/mens-transfer-window-summer-2026-all-deals-from-europes-top-five-leagues,https://interactive.guim.co.uk/2024/07/transfers/men-summer-2026.json,2026-10-03,1,1,2026-07
S26-0405,Andrés García,Aston Villa,Getafe,2026-07-16,Loan,Loan fee not stated,,No numeric source quote,Premier League,La Liga,Defender,New to workbook,,,,Blank quote does not mean zero loan fee,https://www.theguardian.com/football/ng-interactive/2026/sep/01/mens-transfer-window-summer-2026-all-deals-from-europes-top-five-leagues,https://interactive.guim.co.uk/2024/07/transfers/men-summer-2026.json,2026-10-03,0,0,2026-07
S26-0406,Timothée Pembélé,Sunderland,Le Havre,2026-07-16,Loan,Loan fee not stated,,No numeric source quote,Premier League,Ligue 1,Defender,New to workbook,,,,Blank quote does not mean zero loan fee,https://www.theguardian.com/football/ng-interactive/2026/sep/01/mens-transfer-window-summer-2026-all-deals-from-europes-top-five-leagues,https://interactive.guim.co.uk/2024/07/transfers/men-summer-2026.json,2026-10-03,0,0,2026-07
S26-0407,Lovro Zvonarek,Bayern Munich,Estrela Amadora,2026-07-16,Undisclosed fee,Undisclosed,,No numeric source quote,Bundesliga,Outside top five / unattached,Midfielder,New to workbook,,,,,https://www.theguardian.com/football/ng-interactive/2026/sep/01/mens-transfer-window-summer-2026-all-deals-from-europes-top-five-leagues,https://interactive.guim.co.uk/2024/07/transfers/men-summer-2026.json,2026-10-03,0,0,2026-07
S26-0408,Goduine Koyalipou,Lens,KV Kortrijk,2026-07-16,Loan,Loan fee not stated,,No numeric source quote,Ligue 1,Outside top five / unattached,Forward,New to workbook,,,,Blank quote does not mean zero loan fee,https://www.theguardian.com/football/ng-interactive/2026/sep/01/mens-transfer-window-summer-2026-all-deals-from-europes-top-five-leagues,https://interactive.guim.co.uk/2024/07/transfers/men-summer-2026.json,2026-10-03,0,0,2026-07
S26-0409,Iron Gomis,Zira,Troyes,2026-07-16,Free,Free transfer,,Free base transfer; other costs not represented,Outside top five / unattached,Ligue 1,Midfielder,New to workbook,,,,,https://www.theguardian.com/football/ng-interactive/2026/sep/01/mens-transfer-window-summer-2026-all-deals-from-europes-top-five-leagues,https://interactive.guim.co.uk/2024/07/transfers/men-summer-2026.json,2026-10-03,0,0,2026-07
S26-0410,Ben Bobzien,Mainz 05,Dynamo Dresden,2026-07-16,Fee,Reported fee,900000,Source quote; base/add-on treatment unspecified,Bundesliga,Outside top five / unattached,Winger,New to workbook,,,,,https://www.theguardian.com/football/ng-interactive/2026/sep/01/mens-transfer-window-summer-2026-all-deals-from-europes-top-five-leagues,https://interactive.guim.co.uk/2024/07/transfers/men-summer-2026.json,2026-10-03,1,1,2026-07
S26-0411,Alex Kral,Union Berlin,FC Copenhagen,2026-07-16,Free,Free transfer,,Free base transfer; other costs not represented,Bundesliga,Outside top five / unattached,Midfielder,New to workbook,,,,,https://www.theguardian.com/football/ng-interactive/2026/sep/01/mens-transfer-window-summer-2026-all-deals-from-europes-top-five-leagues,https://interactive.guim.co.uk/2024/07/transfers/men-summer-2026.json,2026-10-03,0,0,2026-07
S26-0412,Niklas Pyyhtiä,Bologna,Südtirol,2026-07-16,Loan,Loan fee not stated,,No numeric source quote,Serie A,Outside top five / unattached,Midfielder,New to workbook,,,,Blank quote does not mean zero loan fee,https://www.theguardian.com/football/ng-interactive/2026/sep/01/mens-transfer-window-summer-2026-all-deals-from-europes-top-five-leagues,https://interactive.guim.co.uk/2024/07/transfers/men-summer-2026.json,2026-10-03,0,0,2026-07
S26-0413,Joe White,Newcastle United,Crewe,2026-07-16,Free,Free transfer,,Free base transfer; other costs not represented,Premier League,Outside top five / unattached,Midfielder,New to workbook,,,,,https://www.theguardian.com/football/ng-interactive/2026/sep/01/mens-transfer-window-summer-2026-all-deals-from-europes-top-five-leagues,https://interactive.guim.co.uk/2024/07/transfers/men-summer-2026.json,2026-10-03,0,0,2026-07
S26-0414,Elias Saad,Augsburg,Nashville SC,2026-07-16,Loan,Loan fee not stated,,No numeric source quote,Bundesliga,Outside top five / unattached,Winger,New to workbook,,,,Blank quote does not mean zero loan fee,https://www.theguardian.com/football/ng-interactive/2026/sep/01/mens-transfer-window-summer-2026-all-deals-from-europes-top-five-leagues,https://interactive.guim.co.uk/2024/07/transfers/men-summer-2026.json,2026-10-03,0,0,2026-07
S26-0415,Mikel Rodríguez,Real Sociedad,Alavés,2026-07-16,Fee,Reported fee,1700000,Source quote; base/add-on treatment unspecified,La Liga,La Liga,Midfielder,New to workbook,,,,,https://www.theguardian.com/football/ng-interactive/2026/sep/01/mens-transfer-window-summer-2026-all-deals-from-europes-top-five-leagues,https://interactive.guim.co.uk/2024/07/transfers/men-summer-2026.json,2026-10-03,1,1,2026-07
S26-0416,Mathias Ferrante,Napoli,Ospitaletto Franciacorta,2026-07-16,Loan,Loan fee not stated,,No numeric source quote,Serie A,Outside top five / unattached,Goalkeeper,New to workbook,,,,Blank quote does not mean zero loan fee,https://www.theguardian.com/football/ng-interactive/2026/sep/01/mens-transfer-window-summer-2026-all-deals-from-europes-top-five-leagues,https://interactive.guim.co.uk/2024/07/transfers/men-summer-2026.json,2026-10-03,0,0,2026-07
S26-0417,Conor Chaplin,Ipswich Town,Leicester City,2026-07-16,Free,Free transfer,,Free base transfer; other costs not represented,Premier League,Outside top five / unattached,Forward,New to workbook,,,,,https://www.theguardian.com/football/ng-interactive/2026/sep/01/mens-transfer-window-summer-2026-all-deals-from-europes-top-five-leagues,https://interactive.guim.co.uk/2024/07/transfers/men-summer-2026.json,2026-10-03,0,0,2026-07
S26-0418,Aurèle Amenda,Eintracht Frankfurt,Coventry City,2026-07-16,Fee,Reported fee,15400000,Source quote; base/add-on treatment unspecified,Bundesliga,Premier League,Defender,New to workbook,,,,,https://www.theguardian.com/football/ng-interactive/2026/sep/01/mens-transfer-window-summer-2026-all-deals-from-europes-top-five-leagues,https://interactive.guim.co.uk/2024/07/transfers/men-summer-2026.json,2026-10-03,1,1,2026-07
S26-0419,Karl Darlow,Leeds United,Manchester United,2026-07-14,Free,Free transfer,,Free base transfer; other costs not represented,Premier League,Premier League,Goalkeeper,New to workbook,,,,,https://www.theguardian.com/football/ng-interactive/2026/sep/01/mens-transfer-window-summer-2026-all-deals-from-europes-top-five-leagues,https://interactive.guim.co.uk/2024/07/transfers/men-summer-2026.json,2026-10-03,0,0,2026-07
S26-0420,Omar Traoré,Udinese,Watford,2026-07-16,Undisclosed fee,Undisclosed,,No numeric source quote,Serie A,Outside top five / unattached,Defender,New to workbook,,,,,https://www.theguardian.com/football/ng-interactive/2026/sep/01/mens-transfer-window-summer-2026-all-deals-from-europes-top-five-leagues,https://interactive.guim.co.uk/2024/07/transfers/men-summer-2026.json,2026-10-03,0,0,2026-07
S26-0421,Diego Mascardi,Spezia,Torino,2026-07-16,Fee,Reported fee,1700000,Source quote; base/add-on treatment unspecified,Outside top five / unattached,Serie A,Goalkeeper,New to workbook,,,,,https://www.theguardian.com/football/ng-interactive/2026/sep/01/mens-transfer-window-summer-2026-all-deals-from-europes-top-five-leagues,https://interactive.guim.co.uk/2024/07/transfers/men-summer-2026.json,2026-10-03,1,1,2026-07
S26-0422,Warren Kamanzi,Toulouse,Malmö FF,2026-07-16,Free,Free transfer,,Free base transfer; other costs not represented,Ligue 1,Outside top five / unattached,Defender,New to workbook,,,,,https://www.theguardian.com/football/ng-interactive/2026/sep/01/mens-transfer-window-summer-2026-all-deals-from-europes-top-five-leagues,https://interactive.guim.co.uk/2024/07/transfers/men-summer-2026.json,2026-10-03,0,0,2026-07
S26-0423,Zeki Celik,Roma,Juventus,2026-07-16,Free,Free transfer,,Free base transfer; other costs not represented,Serie A,Serie A,Defender,New to workbook,,,,,https://www.theguardian.com/football/ng-interactive/2026/sep/01/mens-transfer-window-summer-2026-all-deals-from-europes-top-five-leagues,https://interactive.guim.co.uk/2024/07/transfers/men-summer-2026.json,2026-10-03,0,0,2026-07
S26-0424,Maxime Estève,Burnley,RB Leipzig,2026-07-17,Fee,Reported fee,27300000,Source quote; base/add-on treatment unspecified,Outside top five / unattached,Bundesliga,Defender,New to workbook,,,,,https://www.theguardian.com/football/ng-interactive/2026/sep/01/mens-transfer-window-summer-2026-all-deals-from-europes-top-five-leagues,https://interactive.guim.co.uk/2024/07/transfers/men-summer-2026.json,2026-10-03,1,1,2026-07
S26-0425,Alexander Schwolow,Hearts,Mainz 05,2026-07-17,Undisclosed fee,Undisclosed,,No numeric source quote,Outside top five / unattached,Bundesliga,Goalkeeper,New to workbook,,,,,https://www.theguardian.com/football/ng-interactive/2026/sep/01/mens-transfer-window-summer-2026-all-deals-from-europes-top-five-leagues,https://interactive.guim.co.uk/2024/07/transfers/men-summer-2026.json,2026-10-03,0,0,2026-07
S26-0426,Pau López,Real Betis,FC Andorra,2026-07-17,Free,Free transfer,,Free base transfer; other costs not represented,La Liga,Outside top five / unattached,Goalkeeper,New to workbook,,,,,https://www.theguardian.com/football/ng-interactive/2026/sep/01/mens-transfer-window-summer-2026-all-deals-from-europes-top-five-leagues,https://interactive.guim.co.uk/2024/07/transfers/men-summer-2026.json,2026-10-03,0,0,2026-07
S26-0427,Tarik Muharemovic,Sassuolo,Leeds United,2026-07-17,Fee,Reported fee,34100000,Source quote; base/add-on treatment unspecified,Serie A,Premier League,Defender,New to workbook,,,,,https://www.theguardian.com/football/ng-interactive/2026/sep/01/mens-transfer-window-summer-2026-all-deals-from-europes-top-five-leagues,https://interactive.guim.co.uk/2024/07/transfers/men-summer-2026.json,2026-10-03,1,1,2026-07
S26-0428,Robin Gosens,Fiorentina,Schalke 04,2026-07-17,Loan,Loan fee not stated,,No numeric source quote,Serie A,Bundesliga,Defender,New to workbook,,,,Blank quote does not mean zero loan fee,https://www.theguardian.com/football/ng-interactive/2026/sep/01/mens-transfer-window-summer-2026-all-deals-from-europes-top-five-leagues,https://interactive.guim.co.uk/2024/07/transfers/men-summer-2026.json,2026-10-03,0,0,2026-07
S26-0429,Hamed Traoré,Marseille,Genoa,2026-07-17,Loan,Loan fee not stated,,No numeric source quote,Ligue 1,Serie A,Winger,New to workbook,,,,Future purchase conditions mentioned; Blank quote does not mean zero loan fee,https://www.theguardian.com/football/ng-interactive/2026/sep/01/mens-transfer-window-summer-2026-all-deals-from-europes-top-five-leagues,https://interactive.guim.co.uk/2024/07/transfers/men-summer-2026.json,2026-10-03,0,0,2026-07
S26-0430,Andrés Cuenca,Barcelona,Como 1907,2026-07-17,Fee,Reported fee,400000,Source quote; base/add-on treatment unspecified,La Liga,Serie A,Defender,New to workbook,,,,,https://www.theguardian.com/football/ng-interactive/2026/sep/01/mens-transfer-window-summer-2026-all-deals-from-europes-top-five-leagues,https://interactive.guim.co.uk/2024/07/transfers/men-summer-2026.json,2026-10-03,1,1,2026-07
S26-0431,Kaiden Wilson,Chelsea,Rochdale,2026-07-17,Loan,Loan fee not stated,,No numeric source quote,Premier League,Outside top five / unattached,Defender,New to workbook,,,,Blank quote does not mean zero loan fee,https://www.theguardian.com/football/ng-interactive/2026/sep/01/mens-transfer-window-summer-2026-all-deals-from-europes-top-five-leagues,https://interactive.guim.co.uk/2024/07/transfers/men-summer-2026.json,2026-10-03,0,0,2026-07
S26-0432,Pablo Pagis,Lorient,Paris FC,2026-07-17,Fee,Reported fee,12800000,Source quote; base/add-on treatment unspecified,Ligue 1,Ligue 1,Winger,New to workbook,,,,,https://www.theguardian.com/football/ng-interactive/2026/sep/01/mens-transfer-window-summer-2026-all-deals-from-europes-top-five-leagues,https://interactive.guim.co.uk/2024/07/transfers/men-summer-2026.json,2026-10-03,1,1,2026-07
S26-0433,Nelson Weiper,Mainz 05,Sturm Graz,2026-07-17,Loan,Loan fee not stated,,No numeric source quote,Bundesliga,Outside top five / unattached,Forward,New to workbook,,,,Blank quote does not mean zero loan fee,https://www.theguardian.com/football/ng-interactive/2026/sep/01/mens-transfer-window-summer-2026-all-deals-from-europes-top-five-leagues,https://interactive.guim.co.uk/2024/07/transfers/men-summer-2026.json,2026-10-03,0,0,2026-07
S26-0434,Danny Anisjko,Nottingham Forest,Chesterfield,2026-07-17,Free,Free transfer,,Free base transfer; other costs not represented,Premier League,Outside top five / unattached,Winger,New to workbook,,,,,https://www.theguardian.com/football/ng-interactive/2026/sep/01/mens-transfer-window-summer-2026-all-deals-from-europes-top-five-leagues,https://interactive.guim.co.uk/2024/07/transfers/men-summer-2026.json,2026-10-03,0,0,2026-07
S26-0435,Reigan Heskey,Manchester City,Cologne,2026-07-17,Fee,Reported fee,2000000,Source quote; base/add-on treatment unspecified,Premier League,Bundesliga,Forward,New to workbook,,,,Add-ons/bonuses mentioned; See Fee_Components,https://www.theguardian.com/football/ng-interactive/2026/sep/01/mens-transfer-window-summer-2026-all-deals-from-europes-top-five-leagues,https://interactive.guim.co.uk/2024/07/transfers/men-summer-2026.json,2026-10-03,1,1,2026-07
S26-0436,Julien Yanda,Bayern Munich,Eldense,2026-07-17,Loan,Loan fee not stated,,No numeric source quote,Bundesliga,Outside top five / unattached,Defender,New to workbook,,,,Blank quote does not mean zero loan fee,https://www.theguardian.com/football/ng-interactive/2026/sep/01/mens-transfer-window-summer-2026-all-deals-from-europes-top-five-leagues,https://interactive.guim.co.uk/2024/07/transfers/men-summer-2026.json,2026-10-03,0,0,2026-07
S26-0437,Grant-Leon Ranos,Borussia Mönchengladbach,CD Tenerife,2026-07-17,Undisclosed fee,Undisclosed,,No numeric source quote,Bundesliga,Outside top five / unattached,Forward,New to workbook,,,,,https://www.theguardian.com/football/ng-interactive/2026/sep/01/mens-transfer-window-summer-2026-all-deals-from-europes-top-five-leagues,https://interactive.guim.co.uk/2024/07/transfers/men-summer-2026.json,2026-10-03,0,0,2026-07
S26-0438,Radoslaw Majecki,Monaco,Pafos,2026-07-17,Loan,Loan fee not stated,,No numeric source quote,Ligue 1,Outside top five / unattached,Goalkeeper,New to workbook,,,,Blank quote does not mean zero loan fee,https://www.theguardian.com/football/ng-interactive/2026/sep/01/mens-transfer-window-summer-2026-all-deals-from-europes-top-five-leagues,https://interactive.guim.co.uk/2024/07/transfers/men-summer-2026.json,2026-10-03,0,0,2026-07
S26-0439,Johan Manzambi,Freiburg,Aston Villa,2026-07-17,Fee,Reported fee,51000000,Includes add-ons or potential total; see components,Bundesliga,Premier League,Midfielder,New to workbook,,,,Add-ons/bonuses mentioned; See Fee_Components,https://www.theguardian.com/football/ng-interactive/2026/sep/01/mens-transfer-window-summer-2026-all-deals-from-europes-top-five-leagues,https://interactive.guim.co.uk/2024/07/transfers/men-summer-2026.json,2026-10-03,1,1,2026-07
S26-0440,Pierre-Emerick Aubameyang,Marseille,Deportivo La Coruña,2026-07-16,Fee,Reported fee,1300000,Source quote; base/add-on treatment unspecified,Ligue 1,La Liga,Forward,New to workbook,,,,,https://www.theguardian.com/football/ng-interactive/2026/sep/01/mens-transfer-window-summer-2026-all-deals-from-europes-top-five-leagues,https://interactive.guim.co.uk/2024/07/transfers/men-summer-2026.json,2026-10-03,1,1,2026-07
S26-0441,Maik Nawrocki,Celtic,Lens,2026-07-17,Fee,Reported fee,2100000,Source quote; base/add-on treatment unspecified,Outside top five / unattached,Ligue 1,Defender,New to workbook,,,,,https://www.theguardian.com/football/ng-interactive/2026/sep/01/mens-transfer-window-summer-2026-all-deals-from-europes-top-five-leagues,https://interactive.guim.co.uk/2024/07/transfers/men-summer-2026.json,2026-10-03,1,1,2026-07
S26-0442,James Beadle,Brighton,Birmingham City,2026-07-17,Loan,Loan fee not stated,,No numeric source quote,Premier League,Outside top five / unattached,Goalkeeper,New to workbook,,,,Blank quote does not mean zero loan fee,https://www.theguardian.com/football/ng-interactive/2026/sep/01/mens-transfer-window-summer-2026-all-deals-from-europes-top-five-leagues,https://interactive.guim.co.uk/2024/07/transfers/men-summer-2026.json,2026-10-03,0,0,2026-07
S26-0443,Yannik Engelhardt,Como 1907,Freiburg,2026-07-18,Fee,Reported fee,6000000,Source quote; base/add-on treatment unspecified,Serie A,Bundesliga,Midfielder,New to workbook,,,,,https://www.theguardian.com/football/ng-interactive/2026/sep/01/mens-transfer-window-summer-2026-all-deals-from-europes-top-five-leagues,https://interactive.guim.co.uk/2024/07/transfers/men-summer-2026.json,2026-10-03,1,1,2026-07
S26-0444,Erencan Yardimci,Hoffenheim,Kaiserslautern,2026-07-18,Loan,Loan fee not stated,,No numeric source quote,Bundesliga,Outside top five / unattached,Forward,New to workbook,,,,Blank quote does not mean zero loan fee,https://www.theguardian.com/football/ng-interactive/2026/sep/01/mens-transfer-window-summer-2026-all-deals-from-europes-top-five-leagues,https://interactive.guim.co.uk/2024/07/transfers/men-summer-2026.json,2026-10-03,0,0,2026-07
S26-0445,Cenk Ozkacar,Valencia,Trabzonspor,2026-07-18,Fee,Reported fee,1500000,Source quote; base/add-on treatment unspecified,La Liga,Outside top five / unattached,Defender,New to workbook,,,,,https://www.theguardian.com/football/ng-interactive/2026/sep/01/mens-transfer-window-summer-2026-all-deals-from-europes-top-five-leagues,https://interactive.guim.co.uk/2024/07/transfers/men-summer-2026.json,2026-10-03,1,1,2026-07
S26-0446,Luca Ravanelli,Monza,Sampdoria,2026-07-18,Loan,Loan fee not stated,,No numeric source quote,Serie A,Outside top five / unattached,Defender,New to workbook,,,,Blank quote does not mean zero loan fee,https://www.theguardian.com/football/ng-interactive/2026/sep/01/mens-transfer-window-summer-2026-all-deals-from-europes-top-five-leagues,https://interactive.guim.co.uk/2024/07/transfers/men-summer-2026.json,2026-10-03,0,0,2026-07
S26-0447,Kyliane Dong,Augsburg,Bolton,2026-07-07,Loan,Loan fee not stated,,No numeric source quote,Bundesliga,Outside top five / unattached,Winger,New to workbook,,,,Blank quote does not mean zero loan fee,https://www.theguardian.com/football/ng-interactive/2026/sep/01/mens-transfer-window-summer-2026-all-deals-from-europes-top-five-leagues,https://interactive.guim.co.uk/2024/07/transfers/men-summer-2026.json,2026-10-03,0,0,2026-07
S26-0449,Elvis Rexhbecaj,Augsburg,Wolfsburg,2026-04-22,Free,Free transfer,,Free base transfer; other costs not represented,Bundesliga,Outside top five / unattached,Midfielder,New to workbook,,,,Early announcement; source assigns to summer window,https://www.theguardian.com/football/ng-interactive/2026/sep/01/mens-transfer-window-summer-2026-all-deals-from-europes-top-five-leagues,https://interactive.guim.co.uk/2024/07/transfers/men-summer-2026.json,2026-10-03,0,0,2026-04
S26-0450,Aleksa Damjanovic,Red Star Belgrade,Bayer Leverkusen,2026-02-13,Undisclosed fee,Undisclosed,,No numeric source quote,Outside top five / unattached,Bundesliga,Forward,New to workbook,,,,Early announcement; source assigns to summer window,https://www.theguardian.com/football/ng-interactive/2026/sep/01/mens-transfer-window-summer-2026-all-deals-from-europes-top-five-leagues,https://interactive.guim.co.uk/2024/07/transfers/men-summer-2026.json,2026-10-03,0,0,2026-02
S26-0451,Matej Kovar,Bayer Leverkusen,PSV Eindhoven,2026-07-01,Fee,Reported fee,4250000,Source quote; base/add-on treatment unspecified,Bundesliga,Outside top five / unattached,Goalkeeper,New to workbook,,,,,https://www.theguardian.com/football/ng-interactive/2026/sep/01/mens-transfer-window-summer-2026-all-deals-from-europes-top-five-leagues,https://interactive.guim.co.uk/2024/07/transfers/men-summer-2026.json,2026-10-03,1,1,2026-07
S26-0452,Issa Traoré,Bayer Leverkusen,AS Trencin,2026-07-06,Loan,Loan fee not stated,,No numeric source quote,Bundesliga,Outside top five / unattached,Defender,New to workbook,,,,Blank quote does not mean zero loan fee,https://www.theguardian.com/football/ng-interactive/2026/sep/01/mens-transfer-window-summer-2026-all-deals-from-europes-top-five-leagues,https://interactive.guim.co.uk/2024/07/transfers/men-summer-2026.json,2026-10-03,0,0,2026-07
S26-0453,Noël Aséko,Bayern Munich,Eintracht Frankfurt,2026-07-18,Fee,Reported fee,10630000,Source quote; base/add-on treatment unspecified,Bundesliga,Bundesliga,Midfielder,New to workbook,,,,,https://www.theguardian.com/football/ng-interactive/2026/sep/01/mens-transfer-window-summer-2026-all-deals-from-europes-top-five-leagues,https://interactive.guim.co.uk/2024/07/transfers/men-summer-2026.json,2026-10-03,1,1,2026-07
S26-0454,Mergim Vojvoda,Como 1907,Udinese,2026-07-18,Fee,Reported fee,1300000,Source quote; base/add-on treatment unspecified,Serie A,Serie A,Defender,New to workbook,,,,,https://www.theguardian.com/football/ng-interactive/2026/sep/01/mens-transfer-window-summer-2026-all-deals-from-europes-top-five-leagues,https://interactive.guim.co.uk/2024/07/transfers/men-summer-2026.json,2026-10-03,1,1,2026-07
S26-0455,Filip Marchwinski,Lecce,Cracovia,2026-07-18,Loan,Loan fee not stated,,No numeric source quote,Serie A,Outside top five / unattached,Forward,New to workbook,,,,Blank quote does not mean zero loan fee,https://www.theguardian.com/football/ng-interactive/2026/sep/01/mens-transfer-window-summer-2026-all-deals-from-europes-top-five-leagues,https://interactive.guim.co.uk/2024/07/transfers/men-summer-2026.json,2026-10-03,0,0,2026-07
S26-0456,Amir Richardson,Fiorentina,Le Havre,2026-07-18,Loan,Loan fee not stated,,No numeric source quote,Serie A,Ligue 1,Midfielder,New to workbook,,,,Blank quote does not mean zero loan fee,https://www.theguardian.com/football/ng-interactive/2026/sep/01/mens-transfer-window-summer-2026-all-deals-from-europes-top-five-leagues,https://interactive.guim.co.uk/2024/07/transfers/men-summer-2026.json,2026-10-03,0,0,2026-07
S26-0457,Mattia Fortin,Lens,Palermo,2026-07-18,Loan,Loan fee not stated,,No numeric source quote,Ligue 1,Outside top five / unattached,Goalkeeper,New to workbook,,,,Future purchase conditions mentioned; Blank quote does not mean zero loan fee,https://www.theguardian.com/football/ng-interactive/2026/sep/01/mens-transfer-window-summer-2026-all-deals-from-europes-top-five-leagues,https://interactive.guim.co.uk/2024/07/transfers/men-summer-2026.json,2026-10-03,0,0,2026-07
S26-0458,Sebastiano Desplanches,Palermo,Frosinone,2026-07-18,Loan,Loan fee not stated,,No numeric source quote,Outside top five / unattached,Serie A,Goalkeeper,New to workbook,,,,Blank quote does not mean zero loan fee,https://www.theguardian.com/football/ng-interactive/2026/sep/01/mens-transfer-window-summer-2026-all-deals-from-europes-top-five-leagues,https://interactive.guim.co.uk/2024/07/transfers/men-summer-2026.json,2026-10-03,0,0,2026-07
S26-0459,Tanguy Nianzou,Sevilla,Lille,2026-07-18,Free,Free transfer,,Free base transfer; other costs not represented,La Liga,Ligue 1,Defender,New to workbook,,,,,https://www.theguardian.com/football/ng-interactive/2026/sep/01/mens-transfer-window-summer-2026-all-deals-from-europes-top-five-leagues,https://interactive.guim.co.uk/2024/07/transfers/men-summer-2026.json,2026-10-03,0,0,2026-07
S26-0460,Patrick Beach,Melbourne City,Troyes,2026-07-19,Undisclosed fee,Undisclosed,,No numeric source quote,Outside top five / unattached,Ligue 1,Goalkeeper,New to workbook,,,,,https://www.theguardian.com/football/ng-interactive/2026/sep/01/mens-transfer-window-summer-2026-all-deals-from-europes-top-five-leagues,https://interactive.guim.co.uk/2024/07/transfers/men-summer-2026.json,2026-10-03,0,0,2026-07
S26-0461,Mathieu Cafaro,Paris FC,Nantes,2026-07-18,Undisclosed fee,Undisclosed,,No numeric source quote,Ligue 1,Outside top five / unattached,Winger,New to workbook,,,,,https://www.theguardian.com/football/ng-interactive/2026/sep/01/mens-transfer-window-summer-2026-all-deals-from-europes-top-five-leagues,https://interactive.guim.co.uk/2024/07/transfers/men-summer-2026.json,2026-10-03,0,0,2026-07
S26-0462,Juan Cruz,Leganés,Málaga,2026-07-19,Loan,Loan fee not stated,,No numeric source quote,Outside top five / unattached,La Liga,Winger,New to workbook,,,,Blank quote does not mean zero loan fee,https://www.theguardian.com/football/ng-interactive/2026/sep/01/mens-transfer-window-summer-2026-all-deals-from-europes-top-five-leagues,https://interactive.guim.co.uk/2024/07/transfers/men-summer-2026.json,2026-10-03,0,0,2026-07
S26-0463,Christ Inao Oulaï,Trabzonspor,Fiorentina,2026-07-19,Fee,Reported fee,22100000,Source quote; base/add-on treatment unspecified,Outside top five / unattached,Serie A,Midfielder,New to workbook,,,,See Fee_Components,https://www.theguardian.com/football/ng-interactive/2026/sep/01/mens-transfer-window-summer-2026-all-deals-from-europes-top-five-leagues,https://interactive.guim.co.uk/2024/07/transfers/men-summer-2026.json,2026-10-03,1,1,2026-07
S26-0465,Deniz Ofli,Bayern Munich,Karlsruhe,2026-07-06,Loan,Loan fee not stated,,No numeric source quote,Bundesliga,Outside top five / unattached,Defender,New to workbook,,,,Blank quote does not mean zero loan fee,https://www.theguardian.com/football/ng-interactive/2026/sep/01/mens-transfer-window-summer-2026-all-deals-from-europes-top-five-leagues,https://interactive.guim.co.uk/2024/07/transfers/men-summer-2026.json,2026-10-03,0,0,2026-07
S26-0466,João Gomes,Wolverhampton Wanderers,Aston Villa,2026-07-20,Fee,Reported fee,34000000,Source quote; base/add-on treatment unspecified,Outside top five / unattached,Premier League,Midfielder,New to workbook,,,,,https://www.theguardian.com/football/ng-interactive/2026/sep/01/mens-transfer-window-summer-2026-all-deals-from-europes-top-five-leagues,https://interactive.guim.co.uk/2024/07/transfers/men-summer-2026.json,2026-10-03,1,1,2026-07
S26-0467,Tariq Lamptey,Fiorentina,QPR,2026-07-21,Free,Free transfer,,Free base transfer; other costs not represented,Serie A,Outside top five / unattached,Defender,New to workbook,,,,,https://www.theguardian.com/football/ng-interactive/2026/sep/01/mens-transfer-window-summer-2026-all-deals-from-europes-top-five-leagues,https://interactive.guim.co.uk/2024/07/transfers/men-summer-2026.json,2026-10-03,0,0,2026-07
S26-0468,Matty Warhurst,Manchester City,Northampton,2026-07-21,Undisclosed fee,Undisclosed,,No numeric source quote,Premier League,Outside top five / unattached,Forward,New to workbook,,,,,https://www.theguardian.com/football/ng-interactive/2026/sep/01/mens-transfer-window-summer-2026-all-deals-from-europes-top-five-leagues,https://interactive.guim.co.uk/2024/07/transfers/men-summer-2026.json,2026-10-03,0,0,2026-07
S26-0469,Lassine Sinayoko,Auxerre,Paris FC,2026-07-21,Fee,Reported fee,6820000,Source quote; base/add-on treatment unspecified,Ligue 1,Ligue 1,Forward,New to workbook,,,,,https://www.theguardian.com/football/ng-interactive/2026/sep/01/mens-transfer-window-summer-2026-all-deals-from-europes-top-five-leagues,https://interactive.guim.co.uk/2024/07/transfers/men-summer-2026.json,2026-10-03,1,1,2026-07
S26-0470,Alejo Sarco,Bayer Leverkusen,Sporting Gijón,2026-07-21,Undisclosed fee,Undisclosed,,No numeric source quote,Bundesliga,Outside top five / unattached,Forward,New to workbook,,,,,https://www.theguardian.com/football/ng-interactive/2026/sep/01/mens-transfer-window-summer-2026-all-deals-from-europes-top-five-leagues,https://interactive.guim.co.uk/2024/07/transfers/men-summer-2026.json,2026-10-03,0,0,2026-07
S26-0471,Yannick Eduardo,Hoffenheim,ADO Den Haag,2026-07-21,Loan,Loan fee not stated,,No numeric source quote,Bundesliga,Outside top five / unattached,Forward,New to workbook,,,,Blank quote does not mean zero loan fee,https://www.theguardian.com/football/ng-interactive/2026/sep/01/mens-transfer-window-summer-2026-all-deals-from-europes-top-five-leagues,https://interactive.guim.co.uk/2024/07/transfers/men-summer-2026.json,2026-10-03,0,0,2026-07
S26-0472,Kayne van Oevelen,Volendam,Ipswich Town,2026-07-21,Fee,Reported fee,3410000,Source quote; base/add-on treatment unspecified,Outside top five / unattached,Premier League,Goalkeeper,New to workbook,,,,,https://www.theguardian.com/football/ng-interactive/2026/sep/01/mens-transfer-window-summer-2026-all-deals-from-europes-top-five-leagues,https://interactive.guim.co.uk/2024/07/transfers/men-summer-2026.json,2026-10-03,1,1,2026-07
S26-0473,Mirko Elia,Fiorentina,Bari,2026-07-19,Loan,Loan fee not stated,,No numeric source quote,Serie A,Outside top five / unattached,Defender,New to workbook,,,,Blank quote does not mean zero loan fee,https://www.theguardian.com/football/ng-interactive/2026/sep/01/mens-transfer-window-summer-2026-all-deals-from-europes-top-five-leagues,https://interactive.guim.co.uk/2024/07/transfers/men-summer-2026.json,2026-10-03,0,0,2026-07
S26-0474,Amine El Ouazzani,Braga,Angers,2026-07-20,Loan,Loan fee not stated,,No numeric source quote,Outside top five / unattached,Ligue 1,Forward,New to workbook,,,,Blank quote does not mean zero loan fee,https://www.theguardian.com/football/ng-interactive/2026/sep/01/mens-transfer-window-summer-2026-all-deals-from-europes-top-five-leagues,https://interactive.guim.co.uk/2024/07/transfers/men-summer-2026.json,2026-10-03,0,0,2026-07
S26-0475,Diego Conde,Villarreal,Real Betis,2026-07-20,Loan,Loan fee not stated,,No numeric source quote,La Liga,La Liga,Goalkeeper,New to workbook,,,,Future purchase conditions mentioned; Blank quote does not mean zero loan fee,https://www.theguardian.com/football/ng-interactive/2026/sep/01/mens-transfer-window-summer-2026-all-deals-from-europes-top-five-leagues,https://interactive.guim.co.uk/2024/07/transfers/men-summer-2026.json,2026-10-03,0,0,2026-07
S26-0476,Carlo Sickinger,Elversberg,Darmstadt,2026-07-20,Free,Free transfer,,Free base transfer; other costs not represented,Bundesliga,Outside top five / unattached,Midfielder,New to workbook,,,,,https://www.theguardian.com/football/ng-interactive/2026/sep/01/mens-transfer-window-summer-2026-all-deals-from-europes-top-five-leagues,https://interactive.guim.co.uk/2024/07/transfers/men-summer-2026.json,2026-10-03,0,0,2026-07
S26-0477,Théo de Percin,Auxerre,Bastia,2026-07-20,Loan,Loan fee not stated,,No numeric source quote,Ligue 1,Outside top five / unattached,Goalkeeper,New to workbook,,,,Blank quote does not mean zero loan fee,https://www.theguardian.com/football/ng-interactive/2026/sep/01/mens-transfer-window-summer-2026-all-deals-from-europes-top-five-leagues,https://interactive.guim.co.uk/2024/07/transfers/men-summer-2026.json,2026-10-03,0,0,2026-07
S26-0478,Guilherme Fernandes,Real Betis,Córdoba,2026-07-20,Undisclosed fee,Undisclosed,,No numeric source quote,La Liga,Outside top five / unattached,Goalkeeper,New to workbook,,,,,https://www.theguardian.com/football/ng-interactive/2026/sep/01/mens-transfer-window-summer-2026-all-deals-from-europes-top-five-leagues,https://interactive.guim.co.uk/2024/07/transfers/men-summer-2026.json,2026-10-03,0,0,2026-07
S26-0479,Luca Sirch,Kaiserslautern,Elversberg,2026-07-21,Free,Free transfer,,Free base transfer; other costs not represented,Outside top five / unattached,Bundesliga,Defender,New to workbook,,,,,https://www.theguardian.com/football/ng-interactive/2026/sep/01/mens-transfer-window-summer-2026-all-deals-from-europes-top-five-leagues,https://interactive.guim.co.uk/2024/07/transfers/men-summer-2026.json,2026-10-03,0,0,2026-07
S26-0480,Simon Simoni,Eintracht Frankfurt,FC Luzern,2026-07-21,Undisclosed fee,Undisclosed,,No numeric source quote,Bundesliga,Outside top five / unattached,Goalkeeper,New to workbook,,,,,https://www.theguardian.com/football/ng-interactive/2026/sep/01/mens-transfer-window-summer-2026-all-deals-from-europes-top-five-leagues,https://interactive.guim.co.uk/2024/07/transfers/men-summer-2026.json,2026-10-03,0,0,2026-07
S26-0481,Jeremy Agbonifo,Lens,Jagiellonia,2026-07-21,Loan,Loan fee not stated,,No numeric source quote,Ligue 1,Outside top five / unattached,Winger,New to workbook,,,,Blank quote does not mean zero loan fee,https://www.theguardian.com/football/ng-interactive/2026/sep/01/mens-transfer-window-summer-2026-all-deals-from-europes-top-five-leagues,https://interactive.guim.co.uk/2024/07/transfers/men-summer-2026.json,2026-10-03,0,0,2026-07
S26-0482,Abdul Fatawu,Leicester City,Ipswich Town,2026-07-21,Fee,Reported fee,20000000,Source quote; base/add-on treatment unspecified,Outside top five / unattached,Premier League,Winger,New to workbook,,,,,https://www.theguardian.com/football/ng-interactive/2026/sep/01/mens-transfer-window-summer-2026-all-deals-from-europes-top-five-leagues,https://interactive.guim.co.uk/2024/07/transfers/men-summer-2026.json,2026-10-03,1,1,2026-07
S26-0483,Rahim Alhassane,Real Oviedo,Bologna,2026-07-20,Fee,Reported fee,3410000,Source quote; base/add-on treatment unspecified,Outside top five / unattached,Serie A,Defender,New to workbook,,,,,https://www.theguardian.com/football/ng-interactive/2026/sep/01/mens-transfer-window-summer-2026-all-deals-from-europes-top-five-leagues,https://interactive.guim.co.uk/2024/07/transfers/men-summer-2026.json,2026-10-03,1,1,2026-07
S26-0484,Alfie McNally,Fulham,York City,2026-07-20,Loan,Loan fee not stated,,No numeric source quote,Premier League,Outside top five / unattached,Goalkeeper,New to workbook,,,,Blank quote does not mean zero loan fee,https://www.theguardian.com/football/ng-interactive/2026/sep/01/mens-transfer-window-summer-2026-all-deals-from-europes-top-five-leagues,https://interactive.guim.co.uk/2024/07/transfers/men-summer-2026.json,2026-10-03,0,0,2026-07
S26-0485,Hugo Sotelo,Celta Vigo,Levante,2026-07-20,Loan,Loan fee not stated,,No numeric source quote,La Liga,La Liga,Midfielder,New to workbook,,,,Blank quote does not mean zero loan fee,https://www.theguardian.com/football/ng-interactive/2026/sep/01/mens-transfer-window-summer-2026-all-deals-from-europes-top-five-leagues,https://interactive.guim.co.uk/2024/07/transfers/men-summer-2026.json,2026-10-03,0,0,2026-07
S26-0486,Diego Gómez,Deportivo La Coruña,Huesca,2026-07-20,Loan,Loan fee not stated,,No numeric source quote,La Liga,Outside top five / unattached,Winger,New to workbook,,,,Blank quote does not mean zero loan fee,https://www.theguardian.com/football/ng-interactive/2026/sep/01/mens-transfer-window-summer-2026-all-deals-from-europes-top-five-leagues,https://interactive.guim.co.uk/2024/07/transfers/men-summer-2026.json,2026-10-03,0,0,2026-07
S26-0487,Alessandro Bianco,Fiorentina,Modena,2026-07-21,Undisclosed fee,Undisclosed,,No numeric source quote,Serie A,Outside top five / unattached,Midfielder,New to workbook,,,,,https://www.theguardian.com/football/ng-interactive/2026/sep/01/mens-transfer-window-summer-2026-all-deals-from-europes-top-five-leagues,https://interactive.guim.co.uk/2024/07/transfers/men-summer-2026.json,2026-10-03,0,0,2026-07
S26-0488,Daniel Fila,Venezia,Avellino,2026-07-21,Loan,Loan fee not stated,,No numeric source quote,Serie A,Outside top five / unattached,Forward,New to workbook,,,,Blank quote does not mean zero loan fee,https://www.theguardian.com/football/ng-interactive/2026/sep/01/mens-transfer-window-summer-2026-all-deals-from-europes-top-five-leagues,https://interactive.guim.co.uk/2024/07/transfers/men-summer-2026.json,2026-10-03,0,0,2026-07
S26-0489,Filippo Distefano,Fiorentina,Empoli,2026-07-21,Undisclosed fee,Undisclosed,,No numeric source quote,Serie A,Outside top five / unattached,Forward,New to workbook,,,,,https://www.theguardian.com/football/ng-interactive/2026/sep/01/mens-transfer-window-summer-2026-all-deals-from-europes-top-five-leagues,https://interactive.guim.co.uk/2024/07/transfers/men-summer-2026.json,2026-10-03,0,0,2026-07
S26-0490,Spike Brits,Manchester City,Sutton United,2026-07-21,Loan,Loan fee not stated,,No numeric source quote,Premier League,Outside top five / unattached,Goalkeeper,New to workbook,,,,Blank quote does not mean zero loan fee,https://www.theguardian.com/football/ng-interactive/2026/sep/01/mens-transfer-window-summer-2026-all-deals-from-europes-top-five-leagues,https://interactive.guim.co.uk/2024/07/transfers/men-summer-2026.json,2026-10-03,0,0,2026-07
S26-0491,Emmanuel Mbemba,Paris Saint-Germain,Paris FC,2026-07-16,Free,Free transfer,,Free base transfer; other costs not represented,Ligue 1,Ligue 1,Defender,New to workbook,,,,,https://www.theguardian.com/football/ng-interactive/2026/sep/01/mens-transfer-window-summer-2026-all-deals-from-europes-top-five-leagues,https://interactive.guim.co.uk/2024/07/transfers/men-summer-2026.json,2026-10-03,0,0,2026-07
S26-0493,Óscar Zambrano,Maribor,Hull City,2026-07-21,Undisclosed fee,Undisclosed,,No numeric source quote,Outside top five / unattached,Premier League,Midfielder,New to workbook,,,,,https://www.theguardian.com/football/ng-interactive/2026/sep/01/mens-transfer-window-summer-2026-all-deals-from-europes-top-five-leagues,https://interactive.guim.co.uk/2024/07/transfers/men-summer-2026.json,2026-10-03,0,0,2026-07
S26-0494,Patson Daka,Leicester City,Hamburg,2026-07-22,Free,Free transfer,,Free base transfer; other costs not represented,Outside top five / unattached,Bundesliga,Forward,New to workbook,,,,,https://www.theguardian.com/football/ng-interactive/2026/sep/01/mens-transfer-window-summer-2026-all-deals-from-europes-top-five-leagues,https://interactive.guim.co.uk/2024/07/transfers/men-summer-2026.json,2026-10-03,0,0,2026-07
S26-0495,Malang Sarr,Lens,Neom SC,2026-07-21,Free,Free transfer,,Free base transfer; other costs not represented,Ligue 1,Outside top five / unattached,Defender,New to workbook,,,,,https://www.theguardian.com/football/ng-interactive/2026/sep/01/mens-transfer-window-summer-2026-all-deals-from-europes-top-five-leagues,https://interactive.guim.co.uk/2024/07/transfers/men-summer-2026.json,2026-10-03,0,0,2026-07
S26-0496,Coba da Costa,Getafe,Al-Kholood,2026-07-09,Fee,Reported fee,1700000,Source quote; base/add-on treatment unspecified,La Liga,Outside top five / unattached,Winger,New to workbook,,,,,https://www.theguardian.com/football/ng-interactive/2026/sep/01/mens-transfer-window-summer-2026-all-deals-from-europes-top-five-leagues,https://interactive.guim.co.uk/2024/07/transfers/men-summer-2026.json,2026-10-03,1,1,2026-07
S26-0497,Angelo Fulgini,Lens,Al-Khaleej,2026-07-09,Free,Free transfer,,Free base transfer; other costs not represented,Ligue 1,Outside top five / unattached,Midfielder,New to workbook,,,,,https://www.theguardian.com/football/ng-interactive/2026/sep/01/mens-transfer-window-summer-2026-all-deals-from-europes-top-five-leagues,https://interactive.guim.co.uk/2024/07/transfers/men-summer-2026.json,2026-10-03,0,0,2026-07
S26-0498,Álex Sala,Lecce,Mallorca,2026-07-22,Loan,Loan fee not stated,,No numeric source quote,Serie A,Outside top five / unattached,Midfielder,New to workbook,,,,Blank quote does not mean zero loan fee,https://www.theguardian.com/football/ng-interactive/2026/sep/01/mens-transfer-window-summer-2026-all-deals-from-europes-top-five-leagues,https://interactive.guim.co.uk/2024/07/transfers/men-summer-2026.json,2026-10-03,0,0,2026-07
S26-0499,Will Lankshear,Tottenham Hotspur,Middlesbrough,2026-07-22,Fee,Reported fee,20000000,Includes add-ons or potential total; see components,Premier League,Outside top five / unattached,Forward,New to workbook,,,,Add-ons/bonuses mentioned; See Fee_Components,https://www.theguardian.com/football/ng-interactive/2026/sep/01/mens-transfer-window-summer-2026-all-deals-from-europes-top-five-leagues,https://interactive.guim.co.uk/2024/07/transfers/men-summer-2026.json,2026-10-03,1,1,2026-07
S26-0500,Issa Diop,Fulham,Ipswich Town,2026-07-22,Fee,Reported fee,8500000,Source quote; base/add-on treatment unspecified,Premier League,Premier League,Defender,New to workbook,,,,,https://www.theguardian.com/football/ng-interactive/2026/sep/01/mens-transfer-window-summer-2026-all-deals-from-europes-top-five-leagues,https://interactive.guim.co.uk/2024/07/transfers/men-summer-2026.json,2026-10-03,1,1,2026-07
S26-0501,Antonin Barak,Fiorentina,Apoel Nicosia,2026-07-22,Undisclosed fee,Undisclosed,,No numeric source quote,Serie A,Outside top five / unattached,Midfielder,New to workbook,,,,,https://www.theguardian.com/football/ng-interactive/2026/sep/01/mens-transfer-window-summer-2026-all-deals-from-europes-top-five-leagues,https://interactive.guim.co.uk/2024/07/transfers/men-summer-2026.json,2026-10-03,0,0,2026-07
S26-0502,Andrea Oliveri,Atalanta,Ascoli,2026-07-22,Loan,Loan fee not stated,,No numeric source quote,Serie A,Outside top five / unattached,Midfielder,New to workbook,,,,Blank quote does not mean zero loan fee,https://www.theguardian.com/football/ng-interactive/2026/sep/01/mens-transfer-window-summer-2026-all-deals-from-europes-top-five-leagues,https://interactive.guim.co.uk/2024/07/transfers/men-summer-2026.json,2026-10-03,0,0,2026-07
S26-0503,Luigi Caccavo,Lumezzane,Bologna,2026-07-01,Fee,Reported fee,300000,Source quote; base/add-on treatment unspecified,Outside top five / unattached,Serie A,Forward,New to workbook,,,,,https://www.theguardian.com/football/ng-interactive/2026/sep/01/mens-transfer-window-summer-2026-all-deals-from-europes-top-five-leagues,https://interactive.guim.co.uk/2024/07/transfers/men-summer-2026.json,2026-10-03,1,1,2026-07
S26-0504,Luigi Caccavo,Bologna,Juve Stabia,2026-07-18,Loan,Loan fee not stated,,No numeric source quote,Serie A,Outside top five / unattached,Forward,New to workbook,,,,Future purchase conditions mentioned; Blank quote does not mean zero loan fee,https://www.theguardian.com/football/ng-interactive/2026/sep/01/mens-transfer-window-summer-2026-all-deals-from-europes-top-five-leagues,https://interactive.guim.co.uk/2024/07/transfers/men-summer-2026.json,2026-10-03,0,0,2026-07
S26-0505,Demi Akarakiri,Everton,Cagliari,2026-07-04,Free,Free transfer,,Free base transfer; other costs not represented,Premier League,Serie A,Midfielder,New to workbook,,,,,https://www.theguardian.com/football/ng-interactive/2026/sep/01/mens-transfer-window-summer-2026-all-deals-from-europes-top-five-leagues,https://interactive.guim.co.uk/2024/07/transfers/men-summer-2026.json,2026-10-03,0,0,2026-07
S26-0506,Giuseppe Mazzaglia,Como 1907,Caratese,2026-07-08,Undisclosed fee,Undisclosed,,No numeric source quote,Serie A,Outside top five / unattached,Midfielder,New to workbook,,,,,https://www.theguardian.com/football/ng-interactive/2026/sep/01/mens-transfer-window-summer-2026-all-deals-from-europes-top-five-leagues,https://interactive.guim.co.uk/2024/07/transfers/men-summer-2026.json,2026-10-03,0,0,2026-07
S26-0507,Álex Jiménez,Bournemouth,Fiorentina,2026-07-16,Loan,Loan fee not stated,,No numeric source quote,Premier League,Serie A,Defender,New to workbook,,,,Future purchase conditions mentioned; Blank quote does not mean zero loan fee,https://www.theguardian.com/football/ng-interactive/2026/sep/01/mens-transfer-window-summer-2026-all-deals-from-europes-top-five-leagues,https://interactive.guim.co.uk/2024/07/transfers/men-summer-2026.json,2026-10-03,0,0,2026-07
S26-0508,Lorenzo Amatucci,Fiorentina,Deportivo La Coruña,2026-07-09,Fee,Reported fee,2100000,Source quote; base/add-on treatment unspecified,Serie A,La Liga,Midfielder,New to workbook,,,,,https://www.theguardian.com/football/ng-interactive/2026/sep/01/mens-transfer-window-summer-2026-all-deals-from-europes-top-five-leagues,https://interactive.guim.co.uk/2024/07/transfers/men-summer-2026.json,2026-10-03,1,1,2026-07
S26-0509,Wisdom Amey,Bologna,Frosinone,2026-07-07,Loan,Loan fee not stated,,No numeric source quote,Serie A,Serie A,Defender,New to workbook,,,,Blank quote does not mean zero loan fee,https://www.theguardian.com/football/ng-interactive/2026/sep/01/mens-transfer-window-summer-2026-all-deals-from-europes-top-five-leagues,https://interactive.guim.co.uk/2024/07/transfers/men-summer-2026.json,2026-10-03,0,0,2026-07
S26-0510,Riccardo Marchizza,Frosinone,Vicenza,2026-07-08,Free,Free transfer,,Free base transfer; other costs not represented,Serie A,Outside top five / unattached,Defender,New to workbook,,,,,https://www.theguardian.com/football/ng-interactive/2026/sep/01/mens-transfer-window-summer-2026-all-deals-from-europes-top-five-leagues,https://interactive.guim.co.uk/2024/07/transfers/men-summer-2026.json,2026-10-03,0,0,2026-07
S26-0511,Abdoulie Ndow,Frosinone,Spezia,2026-07-12,Undisclosed fee,Undisclosed,,No numeric source quote,Serie A,Outside top five / unattached,Midfielder,New to workbook,,,,,https://www.theguardian.com/football/ng-interactive/2026/sep/01/mens-transfer-window-summer-2026-all-deals-from-europes-top-five-leagues,https://interactive.guim.co.uk/2024/07/transfers/men-summer-2026.json,2026-10-03,0,0,2026-07
S26-0512,Kevin Cannavò,Venezia,Spezia,2026-07-13,Loan,Loan fee not stated,,No numeric source quote,Serie A,Outside top five / unattached,Forward,New to workbook,,,,Future purchase conditions mentioned; Blank quote does not mean zero loan fee,https://www.theguardian.com/football/ng-interactive/2026/sep/01/mens-transfer-window-summer-2026-all-deals-from-europes-top-five-leagues,https://interactive.guim.co.uk/2024/07/transfers/men-summer-2026.json,2026-10-03,0,0,2026-07
S26-0513,Samuele Capolupo,Monza,Spezia,2026-07-14,Loan,Loan fee not stated,,No numeric source quote,Serie A,Outside top five / unattached,Defender,New to workbook,,,,Blank quote does not mean zero loan fee,https://www.theguardian.com/football/ng-interactive/2026/sep/01/mens-transfer-window-summer-2026-all-deals-from-europes-top-five-leagues,https://interactive.guim.co.uk/2024/07/transfers/men-summer-2026.json,2026-10-03,0,0,2026-07
S26-0514,Giovanni Di Renzo,Venezia,Pineto,2026-07-21,Undisclosed fee,Undisclosed,,No numeric source quote,Serie A,Outside top five / unattached,Defender,New to workbook,,,,,https://www.theguardian.com/football/ng-interactive/2026/sep/01/mens-transfer-window-summer-2026-all-deals-from-europes-top-five-leagues,https://interactive.guim.co.uk/2024/07/transfers/men-summer-2026.json,2026-10-03,0,0,2026-07
S26-0515,Marco Delle Monache,Lecce,Pineto,2026-07-21,Loan,Loan fee not stated,,No numeric source quote,Serie A,Outside top five / unattached,Winger,New to workbook,,,,Blank quote does not mean zero loan fee,https://www.theguardian.com/football/ng-interactive/2026/sep/01/mens-transfer-window-summer-2026-all-deals-from-europes-top-five-leagues,https://interactive.guim.co.uk/2024/07/transfers/men-summer-2026.json,2026-10-03,0,0,2026-07
S26-0516,Alessandro Selvini,Frosinone,Pineto,2026-07-05,Undisclosed fee,Undisclosed,,No numeric source quote,Serie A,Outside top five / unattached,Forward,New to workbook,,,,,https://www.theguardian.com/football/ng-interactive/2026/sep/01/mens-transfer-window-summer-2026-all-deals-from-europes-top-five-leagues,https://interactive.guim.co.uk/2024/07/transfers/men-summer-2026.json,2026-10-03,0,0,2026-07
S26-0517,Lorenzo Gori,Frosinone,Grosseto,2026-07-14,Loan,Loan fee not stated,,No numeric source quote,Serie A,Outside top five / unattached,Forward,New to workbook,,,,Blank quote does not mean zero loan fee,https://www.theguardian.com/football/ng-interactive/2026/sep/01/mens-transfer-window-summer-2026-all-deals-from-europes-top-five-leagues,https://interactive.guim.co.uk/2024/07/transfers/men-summer-2026.json,2026-10-03,0,0,2026-07
S26-0518,Casemiro,Manchester United,Inter Miami,2026-07-22,Free,Free transfer,,Free base transfer; other costs not represented,Premier League,Outside top five / unattached,Midfielder,New to workbook,,,,,https://www.theguardian.com/football/ng-interactive/2026/sep/01/mens-transfer-window-summer-2026-all-deals-from-europes-top-five-leagues,https://interactive.guim.co.uk/2024/07/transfers/men-summer-2026.json,2026-10-03,0,0,2026-07
S26-0519,Filip Bilbija,Paderborn,Derby County,2026-07-22,Free,Free transfer,,Free base transfer; other costs not represented,Bundesliga,Outside top five / unattached,Midfielder,New to workbook,,,,,https://www.theguardian.com/football/ng-interactive/2026/sep/01/mens-transfer-window-summer-2026-all-deals-from-europes-top-five-leagues,https://interactive.guim.co.uk/2024/07/transfers/men-summer-2026.json,2026-10-03,0,0,2026-07
S26-0520,Ibrahim Cissoko,Toulouse,PEC Zwolle,2026-07-22,Undisclosed fee,Undisclosed,,No numeric source quote,Ligue 1,Outside top five / unattached,Forward,New to workbook,,,,,https://www.theguardian.com/football/ng-interactive/2026/sep/01/mens-transfer-window-summer-2026-all-deals-from-europes-top-five-leagues,https://interactive.guim.co.uk/2024/07/transfers/men-summer-2026.json,2026-10-03,0,0,2026-07
S26-0521,Bernardo Conde,Parma,AVS,2026-07-22,Undisclosed fee,Undisclosed,,No numeric source quote,Serie A,Outside top five / unattached,Defender,New to workbook,,,,,https://www.theguardian.com/football/ng-interactive/2026/sep/01/mens-transfer-window-summer-2026-all-deals-from-europes-top-five-leagues,https://interactive.guim.co.uk/2024/07/transfers/men-summer-2026.json,2026-10-03,0,0,2026-07
S26-0522,Matteo Cocchi,Inter,Padova,2026-07-22,Loan,Loan fee not stated,,No numeric source quote,Serie A,Outside top five / unattached,Defender,New to workbook,,,,Future purchase conditions mentioned; Blank quote does not mean zero loan fee,https://www.theguardian.com/football/ng-interactive/2026/sep/01/mens-transfer-window-summer-2026-all-deals-from-europes-top-five-leagues,https://interactive.guim.co.uk/2024/07/transfers/men-summer-2026.json,2026-10-03,0,0,2026-07
S26-0523,Akor Adams,Sevilla,Venezia,2026-07-22,Fee,Reported fee,14500000,Source quote; base/add-on treatment unspecified,La Liga,Serie A,Forward,New to workbook,,,,,https://www.theguardian.com/football/ng-interactive/2026/sep/01/mens-transfer-window-summer-2026-all-deals-from-europes-top-five-leagues,https://interactive.guim.co.uk/2024/07/transfers/men-summer-2026.json,2026-10-03,1,1,2026-07
S26-0524,Paul Nardi,QPR,Auxerre,2026-07-22,Free,Free transfer,,Free base transfer; other costs not represented,Outside top five / unattached,Ligue 1,Goalkeeper,New to workbook,,,,,https://www.theguardian.com/football/ng-interactive/2026/sep/01/mens-transfer-window-summer-2026-all-deals-from-europes-top-five-leagues,https://interactive.guim.co.uk/2024/07/transfers/men-summer-2026.json,2026-10-03,0,0,2026-07
S26-0525,Marcelo Vaz,Varesina,Genoa,2026-06-13,Undisclosed fee,Undisclosed,,No numeric source quote,Outside top five / unattached,Serie A,Defender,New to workbook,,,,,https://www.theguardian.com/football/ng-interactive/2026/sep/01/mens-transfer-window-summer-2026-all-deals-from-europes-top-five-leagues,https://interactive.guim.co.uk/2024/07/transfers/men-summer-2026.json,2026-10-03,0,0,2026-06
S26-0526,Matt Targett,Newcastle United,Hull City,2026-07-23,Free,Free transfer,,Free base transfer; other costs not represented,Premier League,Premier League,Defender,New to workbook,,,,,https://www.theguardian.com/football/ng-interactive/2026/sep/01/mens-transfer-window-summer-2026-all-deals-from-europes-top-five-leagues,https://interactive.guim.co.uk/2024/07/transfers/men-summer-2026.json,2026-10-03,0,0,2026-07
S26-0527,Mikayil Faye,Rennes,Nuremberg,2026-07-23,Loan,Loan fee not stated,,No numeric source quote,Ligue 1,Outside top five / unattached,Defender,New to workbook,,,,Blank quote does not mean zero loan fee,https://www.theguardian.com/football/ng-interactive/2026/sep/01/mens-transfer-window-summer-2026-all-deals-from-europes-top-five-leagues,https://interactive.guim.co.uk/2024/07/transfers/men-summer-2026.json,2026-10-03,0,0,2026-07
S26-0528,Norman Bassette,Coventry City,Westerlo,2026-07-22,Loan,Loan fee not stated,,No numeric source quote,Premier League,Outside top five / unattached,Forward,New to workbook,,,,Future purchase conditions mentioned; Blank quote does not mean zero loan fee,https://www.theguardian.com/football/ng-interactive/2026/sep/01/mens-transfer-window-summer-2026-all-deals-from-europes-top-five-leagues,https://interactive.guim.co.uk/2024/07/transfers/men-summer-2026.json,2026-10-03,0,0,2026-07
S26-0529,Karim Adeyemi,Borussia Dortmund,Barcelona,2026-07-23,Fee,Reported fee,18800000,Source quote; base/add-on treatment unspecified,Bundesliga,La Liga,Winger,New to workbook,,,,,https://www.theguardian.com/football/ng-interactive/2026/sep/01/mens-transfer-window-summer-2026-all-deals-from-europes-top-five-leagues,https://interactive.guim.co.uk/2024/07/transfers/men-summer-2026.json,2026-10-03,1,1,2026-07
S26-0530,Ander Astralaga,Barcelona,Atlético Madrid,2026-07-23,Free,Free transfer,,Free base transfer; other costs not represented,La Liga,La Liga,Goalkeeper,New to workbook,,,,,https://www.theguardian.com/football/ng-interactive/2026/sep/01/mens-transfer-window-summer-2026-all-deals-from-europes-top-five-leagues,https://interactive.guim.co.uk/2024/07/transfers/men-summer-2026.json,2026-10-03,0,0,2026-07
S26-0531,Armin Pecsi,Liverpool,TSV Hartberg,2026-07-23,Loan,Loan fee not stated,,No numeric source quote,Premier League,Outside top five / unattached,Goalkeeper,New to workbook,,,,Blank quote does not mean zero loan fee,https://www.theguardian.com/football/ng-interactive/2026/sep/01/mens-transfer-window-summer-2026-all-deals-from-europes-top-five-leagues,https://interactive.guim.co.uk/2024/07/transfers/men-summer-2026.json,2026-10-03,0,0,2026-07
S26-0532,Filippo Rinaldi,Parma,Catania,2026-07-23,Loan,Loan fee not stated,,No numeric source quote,Serie A,Outside top five / unattached,Goalkeeper,New to workbook,,,,Blank quote does not mean zero loan fee,https://www.theguardian.com/football/ng-interactive/2026/sep/01/mens-transfer-window-summer-2026-all-deals-from-europes-top-five-leagues,https://interactive.guim.co.uk/2024/07/transfers/men-summer-2026.json,2026-10-03,0,0,2026-07
S26-0533,Christos Tzolis,Club Brugge,Arsenal,2026-07-23,Fee,Reported fee,34000000,Source quote; base/add-on treatment unspecified,Outside top five / unattached,Premier League,Winger,New to workbook,,,,,https://www.theguardian.com/football/ng-interactive/2026/sep/01/mens-transfer-window-summer-2026-all-deals-from-europes-top-five-leagues,https://interactive.guim.co.uk/2024/07/transfers/men-summer-2026.json,2026-10-03,1,1,2026-07
S26-0534,Xaver Schlager,RB Leipzig,Nottingham Forest,2026-07-23,Free,Free transfer,,Free base transfer; other costs not represented,Bundesliga,Premier League,Midfielder,New to workbook,,,,,https://www.theguardian.com/football/ng-interactive/2026/sep/01/mens-transfer-window-summer-2026-all-deals-from-europes-top-five-leagues,https://interactive.guim.co.uk/2024/07/transfers/men-summer-2026.json,2026-10-03,0,0,2026-07
S26-0535,Alejandro Garnacho,Chelsea,Aston Villa,2026-07-23,Loan,Loan fee not stated,,No numeric source quote,Premier League,Premier League,Winger,New to workbook,,,,Future purchase conditions mentioned; Blank quote does not mean zero loan fee,https://www.theguardian.com/football/ng-interactive/2026/sep/01/mens-transfer-window-summer-2026-all-deals-from-europes-top-five-leagues,https://interactive.guim.co.uk/2024/07/transfers/men-summer-2026.json,2026-10-03,0,0,2026-07
S26-0536,Harrison Bettoni,Wigan Athletic,Chelsea,2026-07-23,Undisclosed fee,Undisclosed,,No numeric source quote,Outside top five / unattached,Premier League,Midfielder,New to workbook,,,,,https://www.theguardian.com/football/ng-interactive/2026/sep/01/mens-transfer-window-summer-2026-all-deals-from-europes-top-five-leagues,https://interactive.guim.co.uk/2024/07/transfers/men-summer-2026.json,2026-10-03,0,0,2026-07
S26-0537,Muhammed Damar,Hoffenheim,Wolfsburg,2026-07-23,Fee,Reported fee,4300000,Source quote; base/add-on treatment unspecified,Bundesliga,Outside top five / unattached,Midfielder,New to workbook,,,,,https://www.theguardian.com/football/ng-interactive/2026/sep/01/mens-transfer-window-summer-2026-all-deals-from-europes-top-five-leagues,https://interactive.guim.co.uk/2024/07/transfers/men-summer-2026.json,2026-10-03,1,1,2026-07
S26-0538,Paul Okon-Engstler,Sydney FC,Cologne,2026-07-23,Fee,Reported fee,900000,Source quote; base/add-on treatment unspecified,Outside top five / unattached,Bundesliga,Midfielder,New to workbook,,,,,https://www.theguardian.com/football/ng-interactive/2026/sep/01/mens-transfer-window-summer-2026-all-deals-from-europes-top-five-leagues,https://interactive.guim.co.uk/2024/07/transfers/men-summer-2026.json,2026-10-03,1,1,2026-07
S26-0539,Elijah Upson,Tottenham Hotspur,Arsenal,2026-07-21,Free,Free transfer,,Free base transfer; other costs not represented,Premier League,Premier League,Defender,New to workbook,,,,,https://www.theguardian.com/football/ng-interactive/2026/sep/01/mens-transfer-window-summer-2026-all-deals-from-europes-top-five-leagues,https://interactive.guim.co.uk/2024/07/transfers/men-summer-2026.json,2026-10-03,0,0,2026-07
S26-0540,Yeimar Mosquera,Aston Villa,Vitória de Guimarães,2026-07-16,Undisclosed fee,Undisclosed,,No numeric source quote,Premier League,Outside top five / unattached,Defender,New to workbook,,,,,https://www.theguardian.com/football/ng-interactive/2026/sep/01/mens-transfer-window-summer-2026-all-deals-from-europes-top-five-leagues,https://interactive.guim.co.uk/2024/07/transfers/men-summer-2026.json,2026-10-03,0,0,2026-07
S26-0541,Kadan Young,Aston Villa,Annecy,2026-07-08,Loan,Loan fee not stated,,No numeric source quote,Premier League,Outside top five / unattached,Winger,New to workbook,,,,Blank quote does not mean zero loan fee,https://www.theguardian.com/football/ng-interactive/2026/sep/01/mens-transfer-window-summer-2026-all-deals-from-europes-top-five-leagues,https://interactive.guim.co.uk/2024/07/transfers/men-summer-2026.json,2026-10-03,0,0,2026-07
S26-0542,Zépiqueno Redmond,Aston Villa,Annecy,2026-07-07,Loan,Loan fee not stated,,No numeric source quote,Premier League,Outside top five / unattached,Forward,New to workbook,,,,Blank quote does not mean zero loan fee,https://www.theguardian.com/football/ng-interactive/2026/sep/01/mens-transfer-window-summer-2026-all-deals-from-europes-top-five-leagues,https://interactive.guim.co.uk/2024/07/transfers/men-summer-2026.json,2026-10-03,0,0,2026-07
S26-0543,Sam Proctor,Aston Villa,Shrewsbury Town,2026-07-17,Loan,Loan fee not stated,,No numeric source quote,Premier League,Outside top five / unattached,Goalkeeper,New to workbook,,,,Blank quote does not mean zero loan fee,https://www.theguardian.com/football/ng-interactive/2026/sep/01/mens-transfer-window-summer-2026-all-deals-from-europes-top-five-leagues,https://interactive.guim.co.uk/2024/07/transfers/men-summer-2026.json,2026-10-03,0,0,2026-07
S26-0545,Michael Olakigbe,Brentford,WSG Tirol,2026-06-30,Loan,Loan fee not stated,,No numeric source quote,Premier League,Outside top five / unattached,Winger,New to workbook,,,,Blank quote does not mean zero loan fee,https://www.theguardian.com/football/ng-interactive/2026/sep/01/mens-transfer-window-summer-2026-all-deals-from-europes-top-five-leagues,https://interactive.guim.co.uk/2024/07/transfers/men-summer-2026.json,2026-10-03,0,0,2026-06
S26-0546,Romain Faivre,Bournemouth,Auxerre,2026-07-03,Loan extended,Loan fee not stated,,No numeric source quote,Premier League,Ligue 1,Midfielder,New to workbook,,,,,https://www.theguardian.com/football/ng-interactive/2026/sep/01/mens-transfer-window-summer-2026-all-deals-from-europes-top-five-leagues,https://interactive.guim.co.uk/2024/07/transfers/men-summer-2026.json,2026-10-03,0,0,2026-07
S26-0547,Owen Bevan,Bournemouth,Dundee,2026-07-10,Free,Free transfer,,Free base transfer; other costs not represented,Premier League,Outside top five / unattached,Defender,New to workbook,,,,,https://www.theguardian.com/football/ng-interactive/2026/sep/01/mens-transfer-window-summer-2026-all-deals-from-europes-top-five-leagues,https://interactive.guim.co.uk/2024/07/transfers/men-summer-2026.json,2026-10-03,0,0,2026-07
S26-0548,Jeremy Sarmiento,Brighton,Middlesbrough,2026-06-25,Fee,Reported fee,3400000,Source quote; base/add-on treatment unspecified,Premier League,Outside top five / unattached,Winger,New to workbook,,,,Future purchase conditions mentioned,https://www.theguardian.com/football/ng-interactive/2026/sep/01/mens-transfer-window-summer-2026-all-deals-from-europes-top-five-leagues,https://interactive.guim.co.uk/2024/07/transfers/men-summer-2026.json,2026-10-03,1,1,2026-06
S26-0550,Joël Veltman,Brighton,West Ham,2026-08-06,Free,Free transfer,,Free base transfer; other costs not represented,Premier League,Outside top five / unattached,Defender,New to workbook,,,,,https://www.theguardian.com/football/ng-interactive/2026/sep/01/mens-transfer-window-summer-2026-all-deals-from-europes-top-five-leagues,https://interactive.guim.co.uk/2024/07/transfers/men-summer-2026.json,2026-10-03,0,0,2026-08
S26-0551,Chris Atherton,Chelsea,Ipswich Town,2026-07-17,Undisclosed fee,Undisclosed,,No numeric source quote,Premier League,Premier League,Winger,New to workbook,,,,,https://www.theguardian.com/football/ng-interactive/2026/sep/01/mens-transfer-window-summer-2026-all-deals-from-europes-top-five-leagues,https://interactive.guim.co.uk/2024/07/transfers/men-summer-2026.json,2026-10-03,0,0,2026-07
S26-0552,Callum Perry,Coventry City,Cambridge United,2026-07-21,Loan,Loan fee not stated,,No numeric source quote,Premier League,Outside top five / unattached,Defender,New to workbook,,,,Blank quote does not mean zero loan fee,https://www.theguardian.com/football/ng-interactive/2026/sep/01/mens-transfer-window-summer-2026-all-deals-from-europes-top-five-leagues,https://interactive.guim.co.uk/2024/07/transfers/men-summer-2026.json,2026-10-03,0,0,2026-07
S26-0553,Isaac Moore,Coventry City,Walsall,2026-07-07,Loan,Loan fee not stated,,No numeric source quote,Premier League,Outside top five / unattached,Midfielder,New to workbook,,,,Blank quote does not mean zero loan fee,https://www.theguardian.com/football/ng-interactive/2026/sep/01/mens-transfer-window-summer-2026-all-deals-from-europes-top-five-leagues,https://interactive.guim.co.uk/2024/07/transfers/men-summer-2026.json,2026-10-03,0,0,2026-07
S26-0554,Kevin Bruno,Sassuolo,Vado,2026-07-23,Loan,Loan fee not stated,,No numeric source quote,Serie A,Outside top five / unattached,Midfielder,New to workbook,,,,Blank quote does not mean zero loan fee,https://www.theguardian.com/football/ng-interactive/2026/sep/01/mens-transfer-window-summer-2026-all-deals-from-europes-top-five-leagues,https://interactive.guim.co.uk/2024/07/transfers/men-summer-2026.json,2026-10-03,0,0,2026-07
S26-0555,Sota Nakamura,Sanfrecce Hiroshima,Le Havre,2026-07-18,Loan,Loan fee not stated,,No numeric source quote,Outside top five / unattached,Ligue 1,Forward,New to workbook,,,,Blank quote does not mean zero loan fee,https://www.theguardian.com/football/ng-interactive/2026/sep/01/mens-transfer-window-summer-2026-all-deals-from-europes-top-five-leagues,https://interactive.guim.co.uk/2024/07/transfers/men-summer-2026.json,2026-10-03,0,0,2026-07
S26-0556,Aladji Bamba,Monaco,Newcastle United,2026-07-24,Fee,Reported fee,30000000,Source quote; base/add-on treatment unspecified,Ligue 1,Premier League,Midfielder,New to workbook,,,,Add-ons/bonuses mentioned; See Fee_Components,https://www.theguardian.com/football/ng-interactive/2026/sep/01/mens-transfer-window-summer-2026-all-deals-from-europes-top-five-leagues,https://interactive.guim.co.uk/2024/07/transfers/men-summer-2026.json,2026-10-03,1,1,2026-07
S26-0557,Antoniu Roca,Espanyol,Mallorca,2026-07-24,Loan,Loan fee not stated,,No numeric source quote,La Liga,Outside top five / unattached,Winger,New to workbook,,,,Future purchase conditions mentioned; Blank quote does not mean zero loan fee,https://www.theguardian.com/football/ng-interactive/2026/sep/01/mens-transfer-window-summer-2026-all-deals-from-europes-top-five-leagues,https://interactive.guim.co.uk/2024/07/transfers/men-summer-2026.json,2026-10-03,0,0,2026-07
S26-0558,Ricardo Mangas,Sporting,Monza,2026-07-24,Loan,Loan fee not stated,,No numeric source quote,Outside top five / unattached,Serie A,Defender,New to workbook,,,,Blank quote does not mean zero loan fee,https://www.theguardian.com/football/ng-interactive/2026/sep/01/mens-transfer-window-summer-2026-all-deals-from-europes-top-five-leagues,https://interactive.guim.co.uk/2024/07/transfers/men-summer-2026.json,2026-10-03,0,0,2026-07
S26-0559,Iker Bravo,Udinese,Watford,2026-07-24,Undisclosed fee,Undisclosed,,No numeric source quote,Serie A,Outside top five / unattached,Forward,New to workbook,,,,,https://www.theguardian.com/football/ng-interactive/2026/sep/01/mens-transfer-window-summer-2026-all-deals-from-europes-top-five-leagues,https://interactive.guim.co.uk/2024/07/transfers/men-summer-2026.json,2026-10-03,0,0,2026-07
S26-0560,Idrissa Gueye,Everton,Al-Diriyah,2026-08-09,Free,Free transfer,,Free base transfer; other costs not represented,Premier League,Outside top five / unattached,Midfielder,New to workbook,,,,,https://www.theguardian.com/football/ng-interactive/2026/sep/01/mens-transfer-window-summer-2026-all-deals-from-europes-top-five-leagues,https://interactive.guim.co.uk/2024/07/transfers/men-summer-2026.json,2026-10-03,0,0,2026-08
S26-0561,Francesco Camarda,Lecce,Milan,2026-07-01,Fee,Reported fee,3400000,Source quote; base/add-on treatment unspecified,Serie A,Serie A,Forward,New to workbook,,,,,https://www.theguardian.com/football/ng-interactive/2026/sep/01/mens-transfer-window-summer-2026-all-deals-from-europes-top-five-leagues,https://interactive.guim.co.uk/2024/07/transfers/men-summer-2026.json,2026-10-03,1,1,2026-07
S26-0562,Maximilian Ibrahimovic,Milan,AZ Alkmaar,2026-07-18,Undisclosed fee,Undisclosed,,No numeric source quote,Serie A,Outside top five / unattached,Midfielder,New to workbook,,,,,https://www.theguardian.com/football/ng-interactive/2026/sep/01/mens-transfer-window-summer-2026-all-deals-from-europes-top-five-leagues,https://interactive.guim.co.uk/2024/07/transfers/men-summer-2026.json,2026-10-03,0,0,2026-07
S26-0563,Alessio Zerbin,Napoli,Frosinone,2026-07-24,Fee,Reported fee,4200000,Source quote; base/add-on treatment unspecified,Serie A,Serie A,Winger,New to workbook,,,,,https://www.theguardian.com/football/ng-interactive/2026/sep/01/mens-transfer-window-summer-2026-all-deals-from-europes-top-five-leagues,https://interactive.guim.co.uk/2024/07/transfers/men-summer-2026.json,2026-10-03,1,1,2026-07
S26-0564,Fabio Desole,Torino,Carpi,2026-07-24,Undisclosed fee,Undisclosed,,No numeric source quote,Serie A,Outside top five / unattached,Defender,New to workbook,,,,,https://www.theguardian.com/football/ng-interactive/2026/sep/01/mens-transfer-window-summer-2026-all-deals-from-europes-top-five-leagues,https://interactive.guim.co.uk/2024/07/transfers/men-summer-2026.json,2026-10-03,0,0,2026-07
S26-0565,Mika Wallentowitz,Schalke 04,Greuther Fürth,2026-07-24,Loan,Loan fee not stated,,No numeric source quote,Bundesliga,Outside top five / unattached,Midfielder,New to workbook,,,,Blank quote does not mean zero loan fee,https://www.theguardian.com/football/ng-interactive/2026/sep/01/mens-transfer-window-summer-2026-all-deals-from-europes-top-five-leagues,https://interactive.guim.co.uk/2024/07/transfers/men-summer-2026.json,2026-10-03,0,0,2026-07
S26-0566,Hidemasa Morita,Sporting,Hull City,2026-07-24,Free,Free transfer,,Free base transfer; other costs not represented,Outside top five / unattached,Premier League,Midfielder,New to workbook,,,,,https://www.theguardian.com/football/ng-interactive/2026/sep/01/mens-transfer-window-summer-2026-all-deals-from-europes-top-five-leagues,https://interactive.guim.co.uk/2024/07/transfers/men-summer-2026.json,2026-10-03,0,0,2026-07
S26-0567,Luca Kjerrumgaard,Udinese,Watford,2026-07-24,Undisclosed fee,Undisclosed,,No numeric source quote,Serie A,Outside top five / unattached,Forward,New to workbook,,,,,https://www.theguardian.com/football/ng-interactive/2026/sep/01/mens-transfer-window-summer-2026-all-deals-from-europes-top-five-leagues,https://interactive.guim.co.uk/2024/07/transfers/men-summer-2026.json,2026-10-03,0,0,2026-07
S26-0568,Luis Hasa,Napoli,Frosinone,2026-07-24,Fee,Reported fee,3800000,Source quote; base/add-on treatment unspecified,Serie A,Serie A,Midfielder,New to workbook,,,,,https://www.theguardian.com/football/ng-interactive/2026/sep/01/mens-transfer-window-summer-2026-all-deals-from-europes-top-five-leagues,https://interactive.guim.co.uk/2024/07/transfers/men-summer-2026.json,2026-10-03,1,1,2026-07
S26-0569,Alessio Vacca,Juventus,Caratese,2026-07-24,Loan,Loan fee not stated,,No numeric source quote,Serie A,Outside top five / unattached,Forward,New to workbook,,,,Blank quote does not mean zero loan fee,https://www.theguardian.com/football/ng-interactive/2026/sep/01/mens-transfer-window-summer-2026-all-deals-from-europes-top-five-leagues,https://interactive.guim.co.uk/2024/07/transfers/men-summer-2026.json,2026-10-03,0,0,2026-07
S26-0570,Amara Nallo,Liverpool,HJK Helsinki,2026-07-24,Loan,Loan fee not stated,,No numeric source quote,Premier League,Outside top five / unattached,Defender,New to workbook,,,,Blank quote does not mean zero loan fee,https://www.theguardian.com/football/ng-interactive/2026/sep/01/mens-transfer-window-summer-2026-all-deals-from-europes-top-five-leagues,https://interactive.guim.co.uk/2024/07/transfers/men-summer-2026.json,2026-10-03,0,0,2026-07
S26-0571,Yeray Cabanzón,Racing Santander,Real Valladolid,2026-07-24,Undisclosed fee,Undisclosed,,No numeric source quote,La Liga,Outside top five / unattached,Winger,New to workbook,,,,,https://www.theguardian.com/football/ng-interactive/2026/sep/01/mens-transfer-window-summer-2026-all-deals-from-europes-top-five-leagues,https://interactive.guim.co.uk/2024/07/transfers/men-summer-2026.json,2026-10-03,0,0,2026-07
S26-0572,Alessandro Milani,Lazio,Inter,2026-07-24,Undisclosed fee,Undisclosed,,No numeric source quote,Serie A,Serie A,Defender,New to workbook,,,,,https://www.theguardian.com/football/ng-interactive/2026/sep/01/mens-transfer-window-summer-2026-all-deals-from-europes-top-five-leagues,https://interactive.guim.co.uk/2024/07/transfers/men-summer-2026.json,2026-10-03,0,0,2026-07
S26-0573,Jacopo Grossi,Genoa,Trento,2026-07-24,Loan,Loan fee not stated,,No numeric source quote,Serie A,Outside top five / unattached,Midfielder,New to workbook,,,,Blank quote does not mean zero loan fee,https://www.theguardian.com/football/ng-interactive/2026/sep/01/mens-transfer-window-summer-2026-all-deals-from-europes-top-five-leagues,https://interactive.guim.co.uk/2024/07/transfers/men-summer-2026.json,2026-10-03,0,0,2026-07
S26-0574,Lee Kang-in,Paris Saint-Germain,Atlético Madrid,2026-07-25,Fee,Reported fee,34000000,Source quote; base/add-on treatment unspecified,Ligue 1,La Liga,Midfielder,New to workbook,,,,,https://www.theguardian.com/football/ng-interactive/2026/sep/01/mens-transfer-window-summer-2026-all-deals-from-europes-top-five-leagues,https://interactive.guim.co.uk/2024/07/transfers/men-summer-2026.json,2026-10-03,1,1,2026-07
S26-0575,Daizen Maeda,Celtic,Ipswich Town,2026-07-25,Fee,Reported fee,10000000,Source quote; base/add-on treatment unspecified,Outside top five / unattached,Premier League,Forward,New to workbook,,,,,https://www.theguardian.com/football/ng-interactive/2026/sep/01/mens-transfer-window-summer-2026-all-deals-from-europes-top-five-leagues,https://interactive.guim.co.uk/2024/07/transfers/men-summer-2026.json,2026-10-03,1,1,2026-07
S26-0576,Bilal Nadir,Marseille,Hamburg,2026-07-24,Free,Free transfer,,Free base transfer; other costs not represented,Ligue 1,Bundesliga,Midfielder,New to workbook,,,,,https://www.theguardian.com/football/ng-interactive/2026/sep/01/mens-transfer-window-summer-2026-all-deals-from-europes-top-five-leagues,https://interactive.guim.co.uk/2024/07/transfers/men-summer-2026.json,2026-10-03,0,0,2026-07
S26-0577,Juan Cruz,Osasuna,Real Oviedo,2026-07-24,Free,Free transfer,,Free base transfer; other costs not represented,La Liga,Outside top five / unattached,Defender,New to workbook,,,,,https://www.theguardian.com/football/ng-interactive/2026/sep/01/mens-transfer-window-summer-2026-all-deals-from-europes-top-five-leagues,https://interactive.guim.co.uk/2024/07/transfers/men-summer-2026.json,2026-10-03,0,0,2026-07
S26-0578,Carlos Fernández,Real Sociedad,Real Oviedo,2026-07-25,Undisclosed fee,Undisclosed,,No numeric source quote,La Liga,Outside top five / unattached,Forward,New to workbook,,,,,https://www.theguardian.com/football/ng-interactive/2026/sep/01/mens-transfer-window-summer-2026-all-deals-from-europes-top-five-leagues,https://interactive.guim.co.uk/2024/07/transfers/men-summer-2026.json,2026-10-03,0,0,2026-07
S26-0579,Maximilian Wöber,Leeds United,Schalke 04,2026-07-22,Free,Free transfer,,Free base transfer; other costs not represented,Premier League,Bundesliga,Defender,New to workbook,,,,,https://www.theguardian.com/football/ng-interactive/2026/sep/01/mens-transfer-window-summer-2026-all-deals-from-europes-top-five-leagues,https://interactive.guim.co.uk/2024/07/transfers/men-summer-2026.json,2026-10-03,0,0,2026-07
S26-0580,Lorenzo Riccio,Atalanta,Dordrecht,2026-07-21,Undisclosed fee,Undisclosed,,No numeric source quote,Serie A,Outside top five / unattached,Midfielder,New to workbook,,,,,https://www.theguardian.com/football/ng-interactive/2026/sep/01/mens-transfer-window-summer-2026-all-deals-from-europes-top-five-leagues,https://interactive.guim.co.uk/2024/07/transfers/men-summer-2026.json,2026-10-03,0,0,2026-07
S26-0581,Luca Erlein,Hoffenheim,Bayer Leverkusen,2026-07-25,Fee,Reported fee,1700000,Source quote; base/add-on treatment unspecified,Bundesliga,Bundesliga,Defender,New to workbook,,,,,https://www.theguardian.com/football/ng-interactive/2026/sep/01/mens-transfer-window-summer-2026-all-deals-from-europes-top-five-leagues,https://interactive.guim.co.uk/2024/07/transfers/men-summer-2026.json,2026-10-03,1,1,2026-07
S26-0582,Arnau Tenas,Villarreal,Mallorca,2026-07-25,Loan,Loan fee not stated,,No numeric source quote,La Liga,Outside top five / unattached,Goalkeeper,New to workbook,,,,Blank quote does not mean zero loan fee,https://www.theguardian.com/football/ng-interactive/2026/sep/01/mens-transfer-window-summer-2026-all-deals-from-europes-top-five-leagues,https://interactive.guim.co.uk/2024/07/transfers/men-summer-2026.json,2026-10-03,0,0,2026-07
S26-0583,Jackson Izquierdo,Crystal Palace,Crawley Town,2026-07-25,Free,Free transfer,,Free base transfer; other costs not represented,Premier League,Outside top five / unattached,Goalkeeper,New to workbook,,,,,https://www.theguardian.com/football/ng-interactive/2026/sep/01/mens-transfer-window-summer-2026-all-deals-from-europes-top-five-leagues,https://interactive.guim.co.uk/2024/07/transfers/men-summer-2026.json,2026-10-03,0,0,2026-07
S26-0584,Matthew Cox,Brentford,Barnet,2026-07-25,Loan,Loan fee not stated,,No numeric source quote,Premier League,Outside top five / unattached,Goalkeeper,New to workbook,,,,Blank quote does not mean zero loan fee,https://www.theguardian.com/football/ng-interactive/2026/sep/01/mens-transfer-window-summer-2026-all-deals-from-europes-top-five-leagues,https://interactive.guim.co.uk/2024/07/transfers/men-summer-2026.json,2026-10-03,0,0,2026-07
S26-0585,Conor Townsend,Ipswich Town,West Bromwich Albion,2026-07-24,Free,Free transfer,,Free base transfer; other costs not represented,Premier League,Outside top five / unattached,Defender,New to workbook,,,,,https://www.theguardian.com/football/ng-interactive/2026/sep/01/mens-transfer-window-summer-2026-all-deals-from-europes-top-five-leagues,https://interactive.guim.co.uk/2024/07/transfers/men-summer-2026.json,2026-10-03,0,0,2026-07
S26-0586,Owen Goodman,Crystal Palace,Dundee,2026-07-25,Loan,Loan fee not stated,,No numeric source quote,Premier League,Outside top five / unattached,Goalkeeper,New to workbook,,,,Blank quote does not mean zero loan fee,https://www.theguardian.com/football/ng-interactive/2026/sep/01/mens-transfer-window-summer-2026-all-deals-from-europes-top-five-leagues,https://interactive.guim.co.uk/2024/07/transfers/men-summer-2026.json,2026-10-03,0,0,2026-07
S26-0587,Borna Knezovic,Sassuolo,Casarano,2026-07-21,Undisclosed fee,Undisclosed,,No numeric source quote,Serie A,Outside top five / unattached,Midfielder,New to workbook,,,,,https://www.theguardian.com/football/ng-interactive/2026/sep/01/mens-transfer-window-summer-2026-all-deals-from-europes-top-five-leagues,https://interactive.guim.co.uk/2024/07/transfers/men-summer-2026.json,2026-10-03,0,0,2026-07
S26-0588,Nobel Mendy,Real Betis,Rayo Vallecano,2026-06-12,Fee,Reported fee,2000000,Source quote; base/add-on treatment unspecified,La Liga,La Liga,Defender,New to workbook,,,,,https://www.theguardian.com/football/ng-interactive/2026/sep/01/mens-transfer-window-summer-2026-all-deals-from-europes-top-five-leagues,https://interactive.guim.co.uk/2024/07/transfers/men-summer-2026.json,2026-10-03,1,1,2026-06
S26-0589,Justin de Haas,Famalicão,Valencia,2026-07-01,Free,Free transfer,,Free base transfer; other costs not represented,Outside top five / unattached,La Liga,Defender,New to workbook,,,,,https://www.theguardian.com/football/ng-interactive/2026/sep/01/mens-transfer-window-summer-2026-all-deals-from-europes-top-five-leagues,https://interactive.guim.co.uk/2024/07/transfers/men-summer-2026.json,2026-10-03,0,0,2026-07
S26-0590,Franco Cervi,Celta Vigo,Rosario Central,2026-06-17,Free,Free transfer,,Free base transfer; other costs not represented,La Liga,Outside top five / unattached,Winger,New to workbook,,,,,https://www.theguardian.com/football/ng-interactive/2026/sep/01/mens-transfer-window-summer-2026-all-deals-from-europes-top-five-leagues,https://interactive.guim.co.uk/2024/07/transfers/men-summer-2026.json,2026-10-03,0,0,2026-06
S26-0591,Egoitz Muñoz,Alavés,Córdoba,2026-06-19,Loan,Loan fee not stated,,No numeric source quote,La Liga,Outside top five / unattached,Defender,New to workbook,,,,Blank quote does not mean zero loan fee,https://www.theguardian.com/football/ng-interactive/2026/sep/01/mens-transfer-window-summer-2026-all-deals-from-europes-top-five-leagues,https://interactive.guim.co.uk/2024/07/transfers/men-summer-2026.json,2026-10-03,0,0,2026-06
S26-0592,Jon García,Osasuna,Cultural Leonesa,2026-06-19,Free,Free transfer,,Free base transfer; other costs not represented,La Liga,Outside top five / unattached,Midfielder,New to workbook,,,,,https://www.theguardian.com/football/ng-interactive/2026/sep/01/mens-transfer-window-summer-2026-all-deals-from-europes-top-five-leagues,https://interactive.guim.co.uk/2024/07/transfers/men-summer-2026.json,2026-10-03,0,0,2026-06
S26-0593,Víctor Fernández,Levante,Valencia,2026-06-24,Fee,Reported fee,100000,Source quote; base/add-on treatment unspecified,La Liga,La Liga,Midfielder,New to workbook,,,,,https://www.theguardian.com/football/ng-interactive/2026/sep/01/mens-transfer-window-summer-2026-all-deals-from-europes-top-five-leagues,https://interactive.guim.co.uk/2024/07/transfers/men-summer-2026.json,2026-10-03,1,1,2026-06
S26-0594,Javi Pamies,Valencia,Orihuela,2026-06-29,Free,Free transfer,,Free base transfer; other costs not represented,La Liga,Outside top five / unattached,Defender,New to workbook,,,,,https://www.theguardian.com/football/ng-interactive/2026/sep/01/mens-transfer-window-summer-2026-all-deals-from-europes-top-five-leagues,https://interactive.guim.co.uk/2024/07/transfers/men-summer-2026.json,2026-10-03,0,0,2026-06
S26-0595,Wesley Saïd,Lens,Al-Shamal,2026-07-19,Free,Free transfer,,Free base transfer; other costs not represented,Ligue 1,Outside top five / unattached,Forward,New to workbook,,,,,https://www.theguardian.com/football/ng-interactive/2026/sep/01/mens-transfer-window-summer-2026-all-deals-from-europes-top-five-leagues,https://interactive.guim.co.uk/2024/07/transfers/men-summer-2026.json,2026-10-03,0,0,2026-07
S26-0596,Kazunari Kita,Kyoto Sanga,Real Sociedad,2026-06-30,Fee,Reported fee,1300000,Source quote; base/add-on treatment unspecified,Outside top five / unattached,La Liga,Defender,New to workbook,,,,,https://www.theguardian.com/football/ng-interactive/2026/sep/01/mens-transfer-window-summer-2026-all-deals-from-europes-top-five-leagues,https://interactive.guim.co.uk/2024/07/transfers/men-summer-2026.json,2026-10-03,1,1,2026-06
S26-0598,Jano Monserrate,Atlético Madrid,Ajax,2026-06-30,Free,Free transfer,,Free base transfer; other costs not represented,La Liga,Outside top five / unattached,Midfielder,New to workbook,,,,,https://www.theguardian.com/football/ng-interactive/2026/sep/01/mens-transfer-window-summer-2026-all-deals-from-europes-top-five-leagues,https://interactive.guim.co.uk/2024/07/transfers/men-summer-2026.json,2026-10-03,0,0,2026-06
S26-0599,José Gragera,Espanyol,Burgos,2026-07-25,Loan,Loan fee not stated,,No numeric source quote,La Liga,Outside top five / unattached,Midfielder,New to workbook,,,,Blank quote does not mean zero loan fee,https://www.theguardian.com/football/ng-interactive/2026/sep/01/mens-transfer-window-summer-2026-all-deals-from-europes-top-five-leagues,https://interactive.guim.co.uk/2024/07/transfers/men-summer-2026.json,2026-10-03,0,0,2026-07
S26-0600,Jack Harrison,Leeds United,New England Revolution,2026-07-26,Undisclosed fee,Undisclosed,,No numeric source quote,Premier League,Outside top five / unattached,Winger,New to workbook,,,,,https://www.theguardian.com/football/ng-interactive/2026/sep/01/mens-transfer-window-summer-2026-all-deals-from-europes-top-five-leagues,https://interactive.guim.co.uk/2024/07/transfers/men-summer-2026.json,2026-10-03,0,0,2026-07
S26-0601,Jusuf Gazibegovic,Cologne,Widzew Lodz,2026-07-26,Loan,Loan fee not stated,,No numeric source quote,Bundesliga,Outside top five / unattached,Defender,New to workbook,,,,Blank quote does not mean zero loan fee,https://www.theguardian.com/football/ng-interactive/2026/sep/01/mens-transfer-window-summer-2026-all-deals-from-europes-top-five-leagues,https://interactive.guim.co.uk/2024/07/transfers/men-summer-2026.json,2026-10-03,0,0,2026-07
S26-0602,José Salinas,Espanyol,Málaga,2026-07-27,Loan,Loan fee not stated,,No numeric source quote,La Liga,La Liga,Defender,New to workbook,,,,Future purchase conditions mentioned; Blank quote does not mean zero loan fee,https://www.theguardian.com/football/ng-interactive/2026/sep/01/mens-transfer-window-summer-2026-all-deals-from-europes-top-five-leagues,https://interactive.guim.co.uk/2024/07/transfers/men-summer-2026.json,2026-10-03,0,0,2026-07
S26-0603,Gift Orban,Hoffenheim,Amedspor,2026-07-27,Loan,Loan fee not stated,,No numeric source quote,Bundesliga,Outside top five / unattached,Forward,New to workbook,,,,Blank quote does not mean zero loan fee,https://www.theguardian.com/football/ng-interactive/2026/sep/01/mens-transfer-window-summer-2026-all-deals-from-europes-top-five-leagues,https://interactive.guim.co.uk/2024/07/transfers/men-summer-2026.json,2026-10-03,0,0,2026-07
S26-0604,Gustavo Varela,Benfica,Monza,2026-07-27,Fee,Reported fee,1700000,Source quote; base/add-on treatment unspecified,Outside top five / unattached,Serie A,Forward,New to workbook,,,,,https://www.theguardian.com/football/ng-interactive/2026/sep/01/mens-transfer-window-summer-2026-all-deals-from-europes-top-five-leagues,https://interactive.guim.co.uk/2024/07/transfers/men-summer-2026.json,2026-10-03,1,1,2026-07
S26-0605,Lanroy Machine,Angers,Heerenveen,2026-07-27,Loan,Loan fee not stated,,No numeric source quote,Ligue 1,Outside top five / unattached,Forward,New to workbook,,,,Blank quote does not mean zero loan fee,https://www.theguardian.com/football/ng-interactive/2026/sep/01/mens-transfer-window-summer-2026-all-deals-from-europes-top-five-leagues,https://interactive.guim.co.uk/2024/07/transfers/men-summer-2026.json,2026-10-03,0,0,2026-07
S26-0606,Luca Erlein,Bayer Leverkusen,Energie Cottbus,2026-07-27,Loan,Loan fee not stated,,No numeric source quote,Bundesliga,Outside top five / unattached,Defender,New to workbook,,,,Blank quote does not mean zero loan fee,https://www.theguardian.com/football/ng-interactive/2026/sep/01/mens-transfer-window-summer-2026-all-deals-from-europes-top-five-leagues,https://interactive.guim.co.uk/2024/07/transfers/men-summer-2026.json,2026-10-03,0,0,2026-07
S26-0607,Jonathan Dubasin,Sporting Gijón,Osasuna,2026-07-27,Fee,Reported fee,3400000,Source quote; base/add-on treatment unspecified,Outside top five / unattached,La Liga,Winger,New to workbook,,,,,https://www.theguardian.com/football/ng-interactive/2026/sep/01/mens-transfer-window-summer-2026-all-deals-from-europes-top-five-leagues,https://interactive.guim.co.uk/2024/07/transfers/men-summer-2026.json,2026-10-03,1,1,2026-07
S26-0608,Tommaso Vannucchi,Fiorentina,Arzignano,2026-07-27,Loan,Loan fee not stated,,No numeric source quote,Serie A,Outside top five / unattached,Goalkeeper,New to workbook,,,,Blank quote does not mean zero loan fee,https://www.theguardian.com/football/ng-interactive/2026/sep/01/mens-transfer-window-summer-2026-all-deals-from-europes-top-five-leagues,https://interactive.guim.co.uk/2024/07/transfers/men-summer-2026.json,2026-10-03,0,0,2026-07
S26-0609,Miguel Rodríguez,FC Utrecht,Alavés,2026-07-27,Fee,Reported fee,2100000,Source quote; base/add-on treatment unspecified,Outside top five / unattached,La Liga,Winger,New to workbook,,,,,https://www.theguardian.com/football/ng-interactive/2026/sep/01/mens-transfer-window-summer-2026-all-deals-from-europes-top-five-leagues,https://interactive.guim.co.uk/2024/07/transfers/men-summer-2026.json,2026-10-03,1,1,2026-07
S26-0610,Kjell Scherpen,Union St-Gilloise,Ipswich Town,2026-07-28,Fee,Reported fee,8600000,Source quote; base/add-on treatment unspecified,Outside top five / unattached,Premier League,Goalkeeper,New to workbook,,,,,https://www.theguardian.com/football/ng-interactive/2026/sep/01/mens-transfer-window-summer-2026-all-deals-from-europes-top-five-leagues,https://interactive.guim.co.uk/2024/07/transfers/men-summer-2026.json,2026-10-03,1,1,2026-07
S26-0611,Otávio,Estrela Amadora,Eintracht Frankfurt,2026-07-28,Fee,Reported fee,3850000,Source quote; base/add-on treatment unspecified,Outside top five / unattached,Bundesliga,Defender,New to workbook,,,,,https://www.theguardian.com/football/ng-interactive/2026/sep/01/mens-transfer-window-summer-2026-all-deals-from-europes-top-five-leagues,https://interactive.guim.co.uk/2024/07/transfers/men-summer-2026.json,2026-10-03,1,1,2026-07
S26-0612,Joe Gauci,Aston Villa,Lincoln City,2026-07-28,Loan,Loan fee not stated,,No numeric source quote,Premier League,Outside top five / unattached,Goalkeeper,New to workbook,,,,Blank quote does not mean zero loan fee,https://www.theguardian.com/football/ng-interactive/2026/sep/01/mens-transfer-window-summer-2026-all-deals-from-europes-top-five-leagues,https://interactive.guim.co.uk/2024/07/transfers/men-summer-2026.json,2026-10-03,0,0,2026-07
S26-0613,Fynn Schenten,Cologne,Roda JC,2026-07-28,Loan,Loan fee not stated,,No numeric source quote,Bundesliga,Outside top five / unattached,Forward,New to workbook,,,,Blank quote does not mean zero loan fee,https://www.theguardian.com/football/ng-interactive/2026/sep/01/mens-transfer-window-summer-2026-all-deals-from-europes-top-five-leagues,https://interactive.guim.co.uk/2024/07/transfers/men-summer-2026.json,2026-10-03,0,0,2026-07
S26-0614,Ugo Raghouber,Lille,Burnley,2026-07-28,Fee,Reported fee,4300000,Source quote; base/add-on treatment unspecified,Ligue 1,Outside top five / unattached,Midfielder,New to workbook,,,,,https://www.theguardian.com/football/ng-interactive/2026/sep/01/mens-transfer-window-summer-2026-all-deals-from-europes-top-five-leagues,https://interactive.guim.co.uk/2024/07/transfers/men-summer-2026.json,2026-10-03,1,1,2026-07
S26-0615,Óscar Perea,Strasbourg,Club América,2026-07-28,Undisclosed fee,Undisclosed,,No numeric source quote,Ligue 1,Outside top five / unattached,Winger,New to workbook,,,,,https://www.theguardian.com/football/ng-interactive/2026/sep/01/mens-transfer-window-summer-2026-all-deals-from-europes-top-five-leagues,https://interactive.guim.co.uk/2024/07/transfers/men-summer-2026.json,2026-10-03,0,0,2026-07
S26-0616,Loïs Openda,Juventus,Lyon,2026-07-28,Loan,Loan fee not stated,,No numeric source quote,Serie A,Ligue 1,Forward,New to workbook,,,,Future purchase conditions mentioned; Blank quote does not mean zero loan fee; See Fee_Components,https://www.theguardian.com/football/ng-interactive/2026/sep/01/mens-transfer-window-summer-2026-all-deals-from-europes-top-five-leagues,https://interactive.guim.co.uk/2024/07/transfers/men-summer-2026.json,2026-10-03,0,0,2026-07
S26-0617,Adrian Benedyczak,Parma,Kasimpasa,2026-07-28,Fee,Reported fee,3400000,Source quote; base/add-on treatment unspecified,Serie A,Outside top five / unattached,Forward,New to workbook,,,,,https://www.theguardian.com/football/ng-interactive/2026/sep/01/mens-transfer-window-summer-2026-all-deals-from-europes-top-five-leagues,https://interactive.guim.co.uk/2024/07/transfers/men-summer-2026.json,2026-10-03,1,1,2026-07
S26-0618,Lorenzo Villa,Juventus,Sion,2026-07-27,Undisclosed fee,Undisclosed,,No numeric source quote,Serie A,Outside top five / unattached,Defender,New to workbook,,,,,https://www.theguardian.com/football/ng-interactive/2026/sep/01/mens-transfer-window-summer-2026-all-deals-from-europes-top-five-leagues,https://interactive.guim.co.uk/2024/07/transfers/men-summer-2026.json,2026-10-03,0,0,2026-07
S26-0619,Rares Ilie,Nice,Mantova,2026-07-28,Undisclosed fee,Undisclosed,,No numeric source quote,Ligue 1,Outside top five / unattached,Midfielder,New to workbook,,,,,https://www.theguardian.com/football/ng-interactive/2026/sep/01/mens-transfer-window-summer-2026-all-deals-from-europes-top-five-leagues,https://interactive.guim.co.uk/2024/07/transfers/men-summer-2026.json,2026-10-03,0,0,2026-07
S26-0620,Harvey Cartwright,Hull City,Grimsby Town,2026-07-28,Loan,Loan fee not stated,,No numeric source quote,Premier League,Outside top five / unattached,Goalkeeper,New to workbook,,,,Blank quote does not mean zero loan fee,https://www.theguardian.com/football/ng-interactive/2026/sep/01/mens-transfer-window-summer-2026-all-deals-from-europes-top-five-leagues,https://interactive.guim.co.uk/2024/07/transfers/men-summer-2026.json,2026-10-03,0,0,2026-07
S26-0621,Julio Díaz,Atlético Madrid,Sevilla,2026-07-28,Fee,Reported fee,900000,Source quote; base/add-on treatment unspecified,La Liga,La Liga,Defender,New to workbook,,,,,https://www.theguardian.com/football/ng-interactive/2026/sep/01/mens-transfer-window-summer-2026-all-deals-from-europes-top-five-leagues,https://interactive.guim.co.uk/2024/07/transfers/men-summer-2026.json,2026-10-03,1,1,2026-07
S26-0622,Rémy Labeau-Lascary,Lens,Auxerre,2026-07-27,Loan,Loan fee not stated,,No numeric source quote,Ligue 1,Ligue 1,Forward,New to workbook,,,,Blank quote does not mean zero loan fee,https://www.theguardian.com/football/ng-interactive/2026/sep/01/mens-transfer-window-summer-2026-all-deals-from-europes-top-five-leagues,https://interactive.guim.co.uk/2024/07/transfers/men-summer-2026.json,2026-10-03,0,0,2026-07
S26-0623,Hugo Solozábal,Getafe,FC Andorra,2026-07-12,Free,Free transfer,,Free base transfer; other costs not represented,La Liga,Outside top five / unattached,Midfielder,New to workbook,,,,,https://www.theguardian.com/football/ng-interactive/2026/sep/01/mens-transfer-window-summer-2026-all-deals-from-europes-top-five-leagues,https://interactive.guim.co.uk/2024/07/transfers/men-summer-2026.json,2026-10-03,0,0,2026-07
S26-0624,Darling Bladi,Real Betis,Heerenveen,2026-06-20,Free,Free transfer,,Free base transfer; other costs not represented,La Liga,Outside top five / unattached,Defender,New to workbook,,,,,https://www.theguardian.com/football/ng-interactive/2026/sep/01/mens-transfer-window-summer-2026-all-deals-from-europes-top-five-leagues,https://interactive.guim.co.uk/2024/07/transfers/men-summer-2026.json,2026-10-03,0,0,2026-06
S26-0625,Ander Yoldi,Osasuna,Ibiza,2026-07-02,Free,Free transfer,,Free base transfer; other costs not represented,La Liga,Outside top five / unattached,Winger,New to workbook,,,,,https://www.theguardian.com/football/ng-interactive/2026/sep/01/mens-transfer-window-summer-2026-all-deals-from-europes-top-five-leagues,https://interactive.guim.co.uk/2024/07/transfers/men-summer-2026.json,2026-10-03,0,0,2026-07
S26-0626,Jon de Luis,Athletic Club,Kifisia,2026-07-04,Free,Free transfer,,Free base transfer; other costs not represented,La Liga,Outside top five / unattached,Defender,New to workbook,,,,,https://www.theguardian.com/football/ng-interactive/2026/sep/01/mens-transfer-window-summer-2026-all-deals-from-europes-top-five-leagues,https://interactive.guim.co.uk/2024/07/transfers/men-summer-2026.json,2026-10-03,0,0,2026-07
S26-0627,Jokin Ezkieta,Racing Santander,Cádiz,2026-07-05,Loan,Loan fee not stated,,No numeric source quote,La Liga,Outside top five / unattached,Goalkeeper,New to workbook,,,,Blank quote does not mean zero loan fee,https://www.theguardian.com/football/ng-interactive/2026/sep/01/mens-transfer-window-summer-2026-all-deals-from-europes-top-five-leagues,https://interactive.guim.co.uk/2024/07/transfers/men-summer-2026.json,2026-10-03,0,0,2026-07
S26-0628,Damián Cáceres,Getafe,Córdoba,2026-07-05,Free,Free transfer,,Free base transfer; other costs not represented,La Liga,Outside top five / unattached,Midfielder,New to workbook,,,,,https://www.theguardian.com/football/ng-interactive/2026/sep/01/mens-transfer-window-summer-2026-all-deals-from-europes-top-five-leagues,https://interactive.guim.co.uk/2024/07/transfers/men-summer-2026.json,2026-10-03,0,0,2026-07
S26-0629,Javi Castro,Racing Santander,Cádiz,2026-07-06,Free,Free transfer,,Free base transfer; other costs not represented,La Liga,Outside top five / unattached,Defender,New to workbook,,,,,https://www.theguardian.com/football/ng-interactive/2026/sep/01/mens-transfer-window-summer-2026-all-deals-from-europes-top-five-leagues,https://interactive.guim.co.uk/2024/07/transfers/men-summer-2026.json,2026-10-03,0,0,2026-07
S26-0630,Jean Ives Valou,Villarreal,Getafe,2026-07-07,Loan,Loan fee not stated,,No numeric source quote,La Liga,La Liga,Defender,New to workbook,,,,Blank quote does not mean zero loan fee,https://www.theguardian.com/football/ng-interactive/2026/sep/01/mens-transfer-window-summer-2026-all-deals-from-europes-top-five-leagues,https://interactive.guim.co.uk/2024/07/transfers/men-summer-2026.json,2026-10-03,0,0,2026-07
S26-0631,Aliou Dieng,Al-Ahly,Valencia,2026-07-07,Fee,Fee amount not stated,,No numeric source quote,Outside top five / unattached,La Liga,Midfielder,New to workbook,,,,,https://www.theguardian.com/football/ng-interactive/2026/sep/01/mens-transfer-window-summer-2026-all-deals-from-europes-top-five-leagues,https://interactive.guim.co.uk/2024/07/transfers/men-summer-2026.json,2026-10-03,0,0,2026-07
S26-0632,Ibon Sánchez,Athletic Club,Cádiz,2026-07-07,Undisclosed fee,Undisclosed,,No numeric source quote,La Liga,Outside top five / unattached,Midfielder,New to workbook,,,,,https://www.theguardian.com/football/ng-interactive/2026/sep/01/mens-transfer-window-summer-2026-all-deals-from-europes-top-five-leagues,https://interactive.guim.co.uk/2024/07/transfers/men-summer-2026.json,2026-10-03,0,0,2026-07
S26-0633,Eder García,Athletic Club,Córdoba,2026-07-08,Loan,Loan fee not stated,,No numeric source quote,La Liga,Outside top five / unattached,Midfielder,New to workbook,,,,Blank quote does not mean zero loan fee,https://www.theguardian.com/football/ng-interactive/2026/sep/01/mens-transfer-window-summer-2026-all-deals-from-europes-top-five-leagues,https://interactive.guim.co.uk/2024/07/transfers/men-summer-2026.json,2026-10-03,0,0,2026-07
S26-0634,Aimar Duñabeitia,Athletic Club,Sporting Gijón,2026-07-08,Loan,Loan fee not stated,,No numeric source quote,La Liga,Outside top five / unattached,Defender,New to workbook,,,,Blank quote does not mean zero loan fee,https://www.theguardian.com/football/ng-interactive/2026/sep/01/mens-transfer-window-summer-2026-all-deals-from-europes-top-five-leagues,https://interactive.guim.co.uk/2024/07/transfers/men-summer-2026.json,2026-10-03,0,0,2026-07
S26-0635,Unai Ropero,Alavés,Racing Ferrol,2026-07-08,Loan,Loan fee not stated,,No numeric source quote,La Liga,Outside top five / unattached,Forward,New to workbook,,,,Blank quote does not mean zero loan fee,https://www.theguardian.com/football/ng-interactive/2026/sep/01/mens-transfer-window-summer-2026-all-deals-from-europes-top-five-leagues,https://interactive.guim.co.uk/2024/07/transfers/men-summer-2026.json,2026-10-03,0,0,2026-07
S26-0636,Hamza Bellari,Valencia,Castellón,2026-07-08,Free,Free transfer,,Free base transfer; other costs not represented,La Liga,Outside top five / unattached,Forward,New to workbook,,,,,https://www.theguardian.com/football/ng-interactive/2026/sep/01/mens-transfer-window-summer-2026-all-deals-from-europes-top-five-leagues,https://interactive.guim.co.uk/2024/07/transfers/men-summer-2026.json,2026-10-03,0,0,2026-07
S26-0637,Dimitrios Stamatakis,Osasuna,Ibiza,2026-07-08,Loan,Loan fee not stated,,No numeric source quote,La Liga,Outside top five / unattached,Goalkeeper,New to workbook,,,,Blank quote does not mean zero loan fee,https://www.theguardian.com/football/ng-interactive/2026/sep/01/mens-transfer-window-summer-2026-all-deals-from-europes-top-five-leagues,https://interactive.guim.co.uk/2024/07/transfers/men-summer-2026.json,2026-10-03,0,0,2026-07
S26-0638,Cheick Condé,Venezia,Beveren,2026-07-29,Free,Free transfer,,Free base transfer; other costs not represented,Serie A,Outside top five / unattached,Midfielder,New to workbook,,,,,https://www.theguardian.com/football/ng-interactive/2026/sep/01/mens-transfer-window-summer-2026-all-deals-from-europes-top-five-leagues,https://interactive.guim.co.uk/2024/07/transfers/men-summer-2026.json,2026-10-03,0,0,2026-07
S26-0639,Sankhoun Diawara,Troyes,Milan,2026-07-29,Fee,Reported fee,2600000,Source quote; base/add-on treatment unspecified,Ligue 1,Serie A,Defender,New to workbook,,,,,https://www.theguardian.com/football/ng-interactive/2026/sep/01/mens-transfer-window-summer-2026-all-deals-from-europes-top-five-leagues,https://interactive.guim.co.uk/2024/07/transfers/men-summer-2026.json,2026-10-03,1,1,2026-07
S26-0640,Ekain Díaz,Racing Santander,Amorebieta,2026-07-08,Free,Free transfer,,Free base transfer; other costs not represented,La Liga,Outside top five / unattached,Defender,New to workbook,,,,,https://www.theguardian.com/football/ng-interactive/2026/sep/01/mens-transfer-window-summer-2026-all-deals-from-europes-top-five-leagues,https://interactive.guim.co.uk/2024/07/transfers/men-summer-2026.json,2026-10-03,0,0,2026-07
S26-0641,Luca Koleosho,Burnley,Paris FC,2026-07-29,Undisclosed fee,Undisclosed,,No numeric source quote,Outside top five / unattached,Ligue 1,Winger,New to workbook,,,,,https://www.theguardian.com/football/ng-interactive/2026/sep/01/mens-transfer-window-summer-2026-all-deals-from-europes-top-five-leagues,https://interactive.guim.co.uk/2024/07/transfers/men-summer-2026.json,2026-10-03,0,0,2026-07
S26-0643,Germán García,Real Betis,Cacereño,2026-07-08,Free,Free transfer,,Free base transfer; other costs not represented,La Liga,Outside top five / unattached,Goalkeeper,New to workbook,,,,,https://www.theguardian.com/football/ng-interactive/2026/sep/01/mens-transfer-window-summer-2026-all-deals-from-europes-top-five-leagues,https://interactive.guim.co.uk/2024/07/transfers/men-summer-2026.json,2026-10-03,0,0,2026-07
S26-0644,Aitor Gismera,Real Betis,Hércules,2026-07-13,Loan,Loan fee not stated,,No numeric source quote,La Liga,Outside top five / unattached,Midfielder,New to workbook,,,,Blank quote does not mean zero loan fee,https://www.theguardian.com/football/ng-interactive/2026/sep/01/mens-transfer-window-summer-2026-all-deals-from-europes-top-five-leagues,https://interactive.guim.co.uk/2024/07/transfers/men-summer-2026.json,2026-10-03,0,0,2026-07
S26-0645,José Luis Català,Espanyol,Sabadell,2026-07-15,Free,Free transfer,,Free base transfer; other costs not represented,La Liga,Outside top five / unattached,Defender,New to workbook,,,,,https://www.theguardian.com/football/ng-interactive/2026/sep/01/mens-transfer-window-summer-2026-all-deals-from-europes-top-five-leagues,https://interactive.guim.co.uk/2024/07/transfers/men-summer-2026.json,2026-10-03,0,0,2026-07
S26-0646,Dani Requena,Villarreal,Levante,2026-07-17,Loan,Loan fee not stated,,No numeric source quote,La Liga,La Liga,Midfielder,New to workbook,,,,Blank quote does not mean zero loan fee,https://www.theguardian.com/football/ng-interactive/2026/sep/01/mens-transfer-window-summer-2026-all-deals-from-europes-top-five-leagues,https://interactive.guim.co.uk/2024/07/transfers/men-summer-2026.json,2026-10-03,0,0,2026-07
S26-0647,Daouda Doumbia,Alavés,NK Istra,2026-07-18,Undisclosed fee,Undisclosed,,No numeric source quote,La Liga,Outside top five / unattached,Midfielder,New to workbook,,,,,https://www.theguardian.com/football/ng-interactive/2026/sep/01/mens-transfer-window-summer-2026-all-deals-from-europes-top-five-leagues,https://interactive.guim.co.uk/2024/07/transfers/men-summer-2026.json,2026-10-03,0,0,2026-07
S26-0648,Ginés Sorroche,Real Betis,Getafe,2026-07-14,Free,Free transfer,,Free base transfer; other costs not represented,La Liga,La Liga,Midfielder,New to workbook,,,,,https://www.theguardian.com/football/ng-interactive/2026/sep/01/mens-transfer-window-summer-2026-all-deals-from-europes-top-five-leagues,https://interactive.guim.co.uk/2024/07/transfers/men-summer-2026.json,2026-10-03,0,0,2026-07
S26-0649,Carlos Dotor,Celta Vigo,Málaga,2026-07-21,Loan,Loan fee not stated,,No numeric source quote,La Liga,La Liga,Midfielder,New to workbook,,,,Blank quote does not mean zero loan fee,https://www.theguardian.com/football/ng-interactive/2026/sep/01/mens-transfer-window-summer-2026-all-deals-from-europes-top-five-leagues,https://interactive.guim.co.uk/2024/07/transfers/men-summer-2026.json,2026-10-03,0,0,2026-07
S26-0650,Manu Sánchez,Celta Vigo,Levante,2026-07-21,Loan,Loan fee not stated,,No numeric source quote,La Liga,La Liga,Defender,New to workbook,,,,Blank quote does not mean zero loan fee,https://www.theguardian.com/football/ng-interactive/2026/sep/01/mens-transfer-window-summer-2026-all-deals-from-europes-top-five-leagues,https://interactive.guim.co.uk/2024/07/transfers/men-summer-2026.json,2026-10-03,0,0,2026-07
S26-0651,Endika Buján,Athletic Club,Racing Ferrol,2026-07-20,Free,Free transfer,,Free base transfer; other costs not represented,La Liga,Outside top five / unattached,Winger,New to workbook,,,,,https://www.theguardian.com/football/ng-interactive/2026/sep/01/mens-transfer-window-summer-2026-all-deals-from-europes-top-five-leagues,https://interactive.guim.co.uk/2024/07/transfers/men-summer-2026.json,2026-10-03,0,0,2026-07
S26-0652,Pablo Rivera,Sevilla,Alcorcón,2026-07-20,Free,Free transfer,,Free base transfer; other costs not represented,La Liga,Outside top five / unattached,Midfielder,New to workbook,,,,,https://www.theguardian.com/football/ng-interactive/2026/sep/01/mens-transfer-window-summer-2026-all-deals-from-europes-top-five-leagues,https://interactive.guim.co.uk/2024/07/transfers/men-summer-2026.json,2026-10-03,0,0,2026-07
S26-0653,Carlos Lumbreras,Osasuna,Eibar,2026-07-01,Free,Free transfer,,Free base transfer; other costs not represented,La Liga,Outside top five / unattached,Forward,New to workbook,,,,,https://www.theguardian.com/football/ng-interactive/2026/sep/01/mens-transfer-window-summer-2026-all-deals-from-europes-top-five-leagues,https://interactive.guim.co.uk/2024/07/transfers/men-summer-2026.json,2026-10-03,0,0,2026-07
S26-0654,Lucas Núñez,Valencia,Eibar,2026-07-26,Loan,Loan fee not stated,,No numeric source quote,La Liga,Outside top five / unattached,Midfielder,New to workbook,,,,Blank quote does not mean zero loan fee,https://www.theguardian.com/football/ng-interactive/2026/sep/01/mens-transfer-window-summer-2026-all-deals-from-europes-top-five-leagues,https://interactive.guim.co.uk/2024/07/transfers/men-summer-2026.json,2026-10-03,0,0,2026-07
S26-0655,Alejandro Mestanza,Atlético Madrid,Académico Viseu,2026-07-22,Free,Free transfer,,Free base transfer; other costs not represented,La Liga,Outside top five / unattached,Midfielder,New to workbook,,,,,https://www.theguardian.com/football/ng-interactive/2026/sep/01/mens-transfer-window-summer-2026-all-deals-from-europes-top-five-leagues,https://interactive.guim.co.uk/2024/07/transfers/men-summer-2026.json,2026-10-03,0,0,2026-07
S26-0656,Gil Juanpe,Rayo Vallecano,Móstoles,2026-07-13,Free,Free transfer,,Free base transfer; other costs not represented,La Liga,Outside top five / unattached,Goalkeeper,New to workbook,,,,,https://www.theguardian.com/football/ng-interactive/2026/sep/01/mens-transfer-window-summer-2026-all-deals-from-europes-top-five-leagues,https://interactive.guim.co.uk/2024/07/transfers/men-summer-2026.json,2026-10-03,0,0,2026-07
S26-0657,Diego Morcillo,Alavés,Real Jaén,2026-06-29,Free,Free transfer,,Free base transfer; other costs not represented,La Liga,Outside top five / unattached,Forward,New to workbook,,,,,https://www.theguardian.com/football/ng-interactive/2026/sep/01/mens-transfer-window-summer-2026-all-deals-from-europes-top-five-leagues,https://interactive.guim.co.uk/2024/07/transfers/men-summer-2026.json,2026-10-03,0,0,2026-06
S26-0658,Joel Ndala,Manchester City,Cercle Brugge,2026-07-29,Undisclosed fee,Undisclosed,,No numeric source quote,Premier League,Outside top five / unattached,Winger,New to workbook,,,,,https://www.theguardian.com/football/ng-interactive/2026/sep/01/mens-transfer-window-summer-2026-all-deals-from-europes-top-five-leagues,https://interactive.guim.co.uk/2024/07/transfers/men-summer-2026.json,2026-10-03,0,0,2026-07
S26-0659,Bema Sina,Elche,Rayo Majadahonda,2026-06-22,Free,Free transfer,,Free base transfer; other costs not represented,La Liga,Outside top five / unattached,Defender,New to workbook,,,,,https://www.theguardian.com/football/ng-interactive/2026/sep/01/mens-transfer-window-summer-2026-all-deals-from-europes-top-five-leagues,https://interactive.guim.co.uk/2024/07/transfers/men-summer-2026.json,2026-10-03,0,0,2026-06
S26-0660,Martín Pedroarena,Osasuna,Arenas Getxo,2026-06-26,Free,Free transfer,,Free base transfer; other costs not represented,La Liga,Outside top five / unattached,Winger,New to workbook,,,,,https://www.theguardian.com/football/ng-interactive/2026/sep/01/mens-transfer-window-summer-2026-all-deals-from-europes-top-five-leagues,https://interactive.guim.co.uk/2024/07/transfers/men-summer-2026.json,2026-10-03,0,0,2026-06
S26-0661,Samuel Calera,Racing Santander,Barakaldo,2026-06-24,Free,Free transfer,,Free base transfer; other costs not represented,La Liga,Outside top five / unattached,Defender,New to workbook,,,,,https://www.theguardian.com/football/ng-interactive/2026/sep/01/mens-transfer-window-summer-2026-all-deals-from-europes-top-five-leagues,https://interactive.guim.co.uk/2024/07/transfers/men-summer-2026.json,2026-10-03,0,0,2026-06
S26-0662,Luis Balbo,Fiorentina,Sturm Graz,2026-07-29,Fee,Reported fee,1300000,Source quote; base/add-on treatment unspecified,Serie A,Outside top five / unattached,Defender,New to workbook,,,,,https://www.theguardian.com/football/ng-interactive/2026/sep/01/mens-transfer-window-summer-2026-all-deals-from-europes-top-five-leagues,https://interactive.guim.co.uk/2024/07/transfers/men-summer-2026.json,2026-10-03,1,1,2026-07
S26-0663,Stefan Ortega,Nottingham Forest,Olympiakos,2026-07-29,Free,Free transfer,,Free base transfer; other costs not represented,Premier League,Outside top five / unattached,Goalkeeper,New to workbook,,,,,https://www.theguardian.com/football/ng-interactive/2026/sep/01/mens-transfer-window-summer-2026-all-deals-from-europes-top-five-leagues,https://interactive.guim.co.uk/2024/07/transfers/men-summer-2026.json,2026-10-03,0,0,2026-07
S26-0664,Leo Sauer,Feyenoord,Stuttgart,2026-07-29,Fee,Reported fee,12800000,Source quote; base/add-on treatment unspecified,Outside top five / unattached,Bundesliga,Winger,New to workbook,,,,,https://www.theguardian.com/football/ng-interactive/2026/sep/01/mens-transfer-window-summer-2026-all-deals-from-europes-top-five-leagues,https://interactive.guim.co.uk/2024/07/transfers/men-summer-2026.json,2026-10-03,1,1,2026-07
S26-0665,Damián Pizarro,Udinese,Audax Italiano,2026-07-29,Loan,Loan fee not stated,,No numeric source quote,Serie A,Outside top five / unattached,Forward,New to workbook,,,,Blank quote does not mean zero loan fee,https://www.theguardian.com/football/ng-interactive/2026/sep/01/mens-transfer-window-summer-2026-all-deals-from-europes-top-five-leagues,https://interactive.guim.co.uk/2024/07/transfers/men-summer-2026.json,2026-10-03,0,0,2026-07
S26-0666,Junior Mwanga,Strasbourg,Le Havre,2026-07-29,Fee,Reported fee,1300000,Source quote; base/add-on treatment unspecified,Ligue 1,Ligue 1,Defender,New to workbook,,,,,https://www.theguardian.com/football/ng-interactive/2026/sep/01/mens-transfer-window-summer-2026-all-deals-from-europes-top-five-leagues,https://interactive.guim.co.uk/2024/07/transfers/men-summer-2026.json,2026-10-03,1,1,2026-07
S26-0667,Pietro Comuzzo,Fiorentina,Torino,2026-07-29,Loan,Loan fee not stated,,No numeric source quote,Serie A,Serie A,Defender,New to workbook,,,,Future purchase conditions mentioned; Blank quote does not mean zero loan fee; See Fee_Components,https://www.theguardian.com/football/ng-interactive/2026/sep/01/mens-transfer-window-summer-2026-all-deals-from-europes-top-five-leagues,https://interactive.guim.co.uk/2024/07/transfers/men-summer-2026.json,2026-10-03,0,0,2026-07
S26-0668,Eray Cömert,Valencia,Torino,2026-07-29,Free,Free transfer,,Free base transfer; other costs not represented,La Liga,Serie A,Defender,New to workbook,,,,,https://www.theguardian.com/football/ng-interactive/2026/sep/01/mens-transfer-window-summer-2026-all-deals-from-europes-top-five-leagues,https://interactive.guim.co.uk/2024/07/transfers/men-summer-2026.json,2026-10-03,0,0,2026-07
S26-0669,Mikel Amondarain,Estudiantes,Bologna,2026-07-29,Fee,Reported fee,7700000,Source quote; base/add-on treatment unspecified,Outside top five / unattached,Serie A,Midfielder,New to workbook,,,,,https://www.theguardian.com/football/ng-interactive/2026/sep/01/mens-transfer-window-summer-2026-all-deals-from-europes-top-five-leagues,https://interactive.guim.co.uk/2024/07/transfers/men-summer-2026.json,2026-10-03,1,1,2026-07
S26-0670,Gennaro Anatriello,Bologna,Lumezzane,2026-07-27,Loan,Loan fee not stated,,No numeric source quote,Serie A,Outside top five / unattached,Forward,New to workbook,,,,Blank quote does not mean zero loan fee,https://www.theguardian.com/football/ng-interactive/2026/sep/01/mens-transfer-window-summer-2026-all-deals-from-europes-top-five-leagues,https://interactive.guim.co.uk/2024/07/transfers/men-summer-2026.json,2026-10-03,0,0,2026-07
S26-0671,Riccardo Pagano,Roma,Cesena,2026-07-29,Undisclosed fee,Undisclosed,,No numeric source quote,Serie A,Outside top five / unattached,Midfielder,New to workbook,,,,,https://www.theguardian.com/football/ng-interactive/2026/sep/01/mens-transfer-window-summer-2026-all-deals-from-europes-top-five-leagues,https://interactive.guim.co.uk/2024/07/transfers/men-summer-2026.json,2026-10-03,0,0,2026-07
S26-0672,Maxence Lacroix,Crystal Palace,Chelsea,2026-07-30,Fee,Reported fee,52000000,Source quote; base/add-on treatment unspecified,Premier League,Premier League,Defender,New to workbook,,,,,https://www.theguardian.com/football/ng-interactive/2026/sep/01/mens-transfer-window-summer-2026-all-deals-from-europes-top-five-leagues,https://interactive.guim.co.uk/2024/07/transfers/men-summer-2026.json,2026-10-03,1,1,2026-07
S26-0673,Santiago Castro,Bologna,Roma,2026-07-30,Fee,Reported fee,29980000,Source quote; base/add-on treatment unspecified,Serie A,Serie A,Forward,New to workbook,,,,,https://www.theguardian.com/football/ng-interactive/2026/sep/01/mens-transfer-window-summer-2026-all-deals-from-europes-top-five-leagues,https://interactive.guim.co.uk/2024/07/transfers/men-summer-2026.json,2026-10-03,1,1,2026-07
S26-0674,Danny Imray,Crystal Palace,Wrexham,2026-07-29,Fee,Reported fee,5000000,Source quote; base/add-on treatment unspecified,Premier League,Outside top five / unattached,Defender,New to workbook,,,,,https://www.theguardian.com/football/ng-interactive/2026/sep/01/mens-transfer-window-summer-2026-all-deals-from-europes-top-five-leagues,https://interactive.guim.co.uk/2024/07/transfers/men-summer-2026.json,2026-10-03,1,1,2026-07
S26-0675,Tyler Fredricson,Manchester United,Lausanne,2026-07-30,Undisclosed fee,Undisclosed,,No numeric source quote,Premier League,Outside top five / unattached,Defender,New to workbook,,,,,https://www.theguardian.com/football/ng-interactive/2026/sep/01/mens-transfer-window-summer-2026-all-deals-from-europes-top-five-leagues,https://interactive.guim.co.uk/2024/07/transfers/men-summer-2026.json,2026-10-03,0,0,2026-07
S26-0676,Daiki Hashioka,Slavia Prague,Borussia Mönchengladbach,2026-07-30,Loan,Loan fee not stated,,No numeric source quote,Outside top five / unattached,Bundesliga,Defender,New to workbook,,,,Future purchase conditions mentioned; Blank quote does not mean zero loan fee,https://www.theguardian.com/football/ng-interactive/2026/sep/01/mens-transfer-window-summer-2026-all-deals-from-europes-top-five-leagues,https://interactive.guim.co.uk/2024/07/transfers/men-summer-2026.json,2026-10-03,0,0,2026-07
S26-0677,Rayan Bamba,Rennes,Le Mans,2026-07-30,Loan,Loan fee not stated,,No numeric source quote,Ligue 1,Ligue 1,Defender,New to workbook,,,,Blank quote does not mean zero loan fee,https://www.theguardian.com/football/ng-interactive/2026/sep/01/mens-transfer-window-summer-2026-all-deals-from-europes-top-five-leagues,https://interactive.guim.co.uk/2024/07/transfers/men-summer-2026.json,2026-10-03,0,0,2026-07
S26-0678,Matthis Abline,Nantes,Monaco,2026-07-30,Fee,Reported fee,21400000,Source quote; base/add-on treatment unspecified,Outside top five / unattached,Ligue 1,Forward,New to workbook,,,,,https://www.theguardian.com/football/ng-interactive/2026/sep/01/mens-transfer-window-summer-2026-all-deals-from-europes-top-five-leagues,https://interactive.guim.co.uk/2024/07/transfers/men-summer-2026.json,2026-10-03,1,1,2026-07
S26-0679,Gustavo Sá,Famalicão,Nottingham Forest,2026-07-30,Undisclosed fee,Undisclosed,,No numeric source quote,Outside top five / unattached,Premier League,Midfielder,New to workbook,,,,,https://www.theguardian.com/football/ng-interactive/2026/sep/01/mens-transfer-window-summer-2026-all-deals-from-europes-top-five-leagues,https://interactive.guim.co.uk/2024/07/transfers/men-summer-2026.json,2026-10-03,0,0,2026-07
S26-0680,Joan Tincres,Monaco,Le Havre,2026-07-30,Undisclosed fee,Undisclosed,,No numeric source quote,Ligue 1,Ligue 1,Forward,New to workbook,,,,,https://www.theguardian.com/football/ng-interactive/2026/sep/01/mens-transfer-window-summer-2026-all-deals-from-europes-top-five-leagues,https://interactive.guim.co.uk/2024/07/transfers/men-summer-2026.json,2026-10-03,0,0,2026-07
S26-0681,Alessandro Dellavalle,Torino,Padova,2026-07-30,Loan,Loan fee not stated,,No numeric source quote,Serie A,Outside top five / unattached,Defender,New to workbook,,,,Blank quote does not mean zero loan fee,https://www.theguardian.com/football/ng-interactive/2026/sep/01/mens-transfer-window-summer-2026-all-deals-from-europes-top-five-leagues,https://interactive.guim.co.uk/2024/07/transfers/men-summer-2026.json,2026-10-03,0,0,2026-07
S26-0682,Rares Burnete,Lecce,Südtirol,2026-07-30,Loan,Loan fee not stated,,No numeric source quote,Serie A,Outside top five / unattached,Forward,New to workbook,,,,Blank quote does not mean zero loan fee,https://www.theguardian.com/football/ng-interactive/2026/sep/01/mens-transfer-window-summer-2026-all-deals-from-europes-top-five-leagues,https://interactive.guim.co.uk/2024/07/transfers/men-summer-2026.json,2026-10-03,0,0,2026-07
S26-0683,Artem Dovbyk,Roma,Bologna,2026-07-30,Loan,Loan fee not stated,,No numeric source quote,Serie A,Serie A,Forward,New to workbook,,,,Blank quote does not mean zero loan fee; See Fee_Components,https://www.theguardian.com/football/ng-interactive/2026/sep/01/mens-transfer-window-summer-2026-all-deals-from-europes-top-five-leagues,https://interactive.guim.co.uk/2024/07/transfers/men-summer-2026.json,2026-10-03,0,0,2026-07
S26-0684,Carlos Espí,Levante,Real Madrid,2026-07-31,Fee,Reported fee,21400000,Source quote; base/add-on treatment unspecified,La Liga,La Liga,Forward,New to workbook,,,,,https://www.theguardian.com/football/ng-interactive/2026/sep/01/mens-transfer-window-summer-2026-all-deals-from-europes-top-five-leagues,https://interactive.guim.co.uk/2024/07/transfers/men-summer-2026.json,2026-10-03,1,1,2026-07
S26-0685,Mathys Tourraine,Paris FC,Pau,2026-07-30,Undisclosed fee,Undisclosed,,No numeric source quote,Ligue 1,Outside top five / unattached,Defender,New to workbook,,,,,https://www.theguardian.com/football/ng-interactive/2026/sep/01/mens-transfer-window-summer-2026-all-deals-from-europes-top-five-leagues,https://interactive.guim.co.uk/2024/07/transfers/men-summer-2026.json,2026-10-03,0,0,2026-07
S26-0686,Lucas Michal,Monaco,Cercle Brugge,2026-07-30,Loan,Loan fee not stated,,No numeric source quote,Ligue 1,Outside top five / unattached,Forward,New to workbook,,,,Blank quote does not mean zero loan fee,https://www.theguardian.com/football/ng-interactive/2026/sep/01/mens-transfer-window-summer-2026-all-deals-from-europes-top-five-leagues,https://interactive.guim.co.uk/2024/07/transfers/men-summer-2026.json,2026-10-03,0,0,2026-07
S26-0687,Matías Moreno,Fiorentina,Venezia,2026-07-30,Loan,Loan fee not stated,,No numeric source quote,Serie A,Serie A,Defender,New to workbook,,,,Blank quote does not mean zero loan fee,https://www.theguardian.com/football/ng-interactive/2026/sep/01/mens-transfer-window-summer-2026-all-deals-from-europes-top-five-leagues,https://interactive.guim.co.uk/2024/07/transfers/men-summer-2026.json,2026-10-03,0,0,2026-07
S26-0688,Saba Sazonov,Torino,Getafe,2026-07-31,Free,Free transfer,,Free base transfer; other costs not represented,Serie A,La Liga,Defender,New to workbook,,,,,https://www.theguardian.com/football/ng-interactive/2026/sep/01/mens-transfer-window-summer-2026-all-deals-from-europes-top-five-leagues,https://interactive.guim.co.uk/2024/07/transfers/men-summer-2026.json,2026-10-03,0,0,2026-07
S26-0689,Kieron Bowie,Verona,Sassuolo,2026-07-31,Loan,Loan fee not stated,,No numeric source quote,Outside top five / unattached,Serie A,Forward,New to workbook,,,,Blank quote does not mean zero loan fee; See Fee_Components,https://www.theguardian.com/football/ng-interactive/2026/sep/01/mens-transfer-window-summer-2026-all-deals-from-europes-top-five-leagues,https://interactive.guim.co.uk/2024/07/transfers/men-summer-2026.json,2026-10-03,0,0,2026-07
S26-0690,Ollie Harrison,Chelsea,Wimbledon,2026-07-31,Loan,Loan fee not stated,,No numeric source quote,Premier League,Outside top five / unattached,Midfielder,New to workbook,,,,Blank quote does not mean zero loan fee,https://www.theguardian.com/football/ng-interactive/2026/sep/01/mens-transfer-window-summer-2026-all-deals-from-europes-top-five-leagues,https://interactive.guim.co.uk/2024/07/transfers/men-summer-2026.json,2026-10-03,0,0,2026-07
S26-0691,Josh Maja,West Bromwich Albion,Le Havre,2026-07-31,Free,Free transfer,,Free base transfer; other costs not represented,Outside top five / unattached,Ligue 1,Forward,New to workbook,,,,,https://www.theguardian.com/football/ng-interactive/2026/sep/01/mens-transfer-window-summer-2026-all-deals-from-europes-top-five-leagues,https://interactive.guim.co.uk/2024/07/transfers/men-summer-2026.json,2026-10-03,0,0,2026-07
S26-0692,Martín Payero,Udinese,Watford,2026-07-31,Undisclosed fee,Undisclosed,,No numeric source quote,Serie A,Outside top five / unattached,Midfielder,New to workbook,,,,,https://www.theguardian.com/football/ng-interactive/2026/sep/01/mens-transfer-window-summer-2026-all-deals-from-europes-top-five-leagues,https://interactive.guim.co.uk/2024/07/transfers/men-summer-2026.json,2026-10-03,0,0,2026-07
S26-0693,Mason Burstow,Hull City,Sheffield Wednesday,2026-07-31,Loan,Loan fee not stated,,No numeric source quote,Premier League,Outside top five / unattached,Forward,New to workbook,,,,Blank quote does not mean zero loan fee,https://www.theguardian.com/football/ng-interactive/2026/sep/01/mens-transfer-window-summer-2026-all-deals-from-europes-top-five-leagues,https://interactive.guim.co.uk/2024/07/transfers/men-summer-2026.json,2026-10-03,0,0,2026-07
S26-0694,Federico Ravaglia,Bologna,Watford,2026-07-31,Fee,Reported fee,6000000,Source quote; base/add-on treatment unspecified,Serie A,Outside top five / unattached,Goalkeeper,New to workbook,,,,,https://www.theguardian.com/football/ng-interactive/2026/sep/01/mens-transfer-window-summer-2026-all-deals-from-europes-top-five-leagues,https://interactive.guim.co.uk/2024/07/transfers/men-summer-2026.json,2026-10-03,1,1,2026-07
S26-0695,Mateusz Wieteska,Cagliari,Wieczysta,2026-07-31,Undisclosed fee,Undisclosed,,No numeric source quote,Serie A,Outside top five / unattached,Defender,New to workbook,,,,,https://www.theguardian.com/football/ng-interactive/2026/sep/01/mens-transfer-window-summer-2026-all-deals-from-europes-top-five-leagues,https://interactive.guim.co.uk/2024/07/transfers/men-summer-2026.json,2026-10-03,0,0,2026-07
S26-0696,Kian Fitz-Jim,Ajax,Torino,2026-07-31,Fee,Reported fee,2570000,Source quote; base/add-on treatment unspecified,Outside top five / unattached,Serie A,Midfielder,New to workbook,,,,,https://www.theguardian.com/football/ng-interactive/2026/sep/01/mens-transfer-window-summer-2026-all-deals-from-europes-top-five-leagues,https://interactive.guim.co.uk/2024/07/transfers/men-summer-2026.json,2026-10-03,1,1,2026-07
S26-0697,Ousmane Diallo,Borussia Dortmund,Parma,2026-07-31,Fee,Reported fee,1280000,Source quote; base/add-on treatment unspecified,Bundesliga,Serie A,Winger,New to workbook,,,,,https://www.theguardian.com/football/ng-interactive/2026/sep/01/mens-transfer-window-summer-2026-all-deals-from-europes-top-five-leagues,https://interactive.guim.co.uk/2024/07/transfers/men-summer-2026.json,2026-10-03,1,1,2026-07
S26-0698,Mattia Viti,Nice,Sampdoria,2026-07-31,Undisclosed fee,Undisclosed,,No numeric source quote,Ligue 1,Outside top five / unattached,Defender,New to workbook,,,,,https://www.theguardian.com/football/ng-interactive/2026/sep/01/mens-transfer-window-summer-2026-all-deals-from-europes-top-five-leagues,https://interactive.guim.co.uk/2024/07/transfers/men-summer-2026.json,2026-10-03,0,0,2026-07
S26-0699,Julian Brandt,Borussia Dortmund,Ajax,2026-07-31,Free,Free transfer,,Free base transfer; other costs not represented,Bundesliga,Outside top five / unattached,Midfielder,New to workbook,,,,,https://www.theguardian.com/football/ng-interactive/2026/sep/01/mens-transfer-window-summer-2026-all-deals-from-europes-top-five-leagues,https://interactive.guim.co.uk/2024/07/transfers/men-summer-2026.json,2026-10-03,0,0,2026-07
S26-0700,Samuele Mulattieri,Sassuolo,Verona,2026-07-31,Loan,Loan fee not stated,,No numeric source quote,Serie A,Outside top five / unattached,Forward,New to workbook,,,,Future purchase conditions mentioned; Blank quote does not mean zero loan fee,https://www.theguardian.com/football/ng-interactive/2026/sep/01/mens-transfer-window-summer-2026-all-deals-from-europes-top-five-leagues,https://interactive.guim.co.uk/2024/07/transfers/men-summer-2026.json,2026-10-03,0,0,2026-07
S26-0701,Mario Mitaj,Al-Ittihad,Genoa,2026-07-31,Loan,Loan fee not stated,,No numeric source quote,Outside top five / unattached,Serie A,Defender,New to workbook,,,,Blank quote does not mean zero loan fee,https://www.theguardian.com/football/ng-interactive/2026/sep/01/mens-transfer-window-summer-2026-all-deals-from-europes-top-five-leagues,https://interactive.guim.co.uk/2024/07/transfers/men-summer-2026.json,2026-10-03,0,0,2026-07
S26-0702,Emanuele Rao,Napoli,Pisa,2026-07-31,Loan,Loan fee not stated,,No numeric source quote,Serie A,Outside top five / unattached,Winger,New to workbook,,,,Blank quote does not mean zero loan fee,https://www.theguardian.com/football/ng-interactive/2026/sep/01/mens-transfer-window-summer-2026-all-deals-from-europes-top-five-leagues,https://interactive.guim.co.uk/2024/07/transfers/men-summer-2026.json,2026-10-03,0,0,2026-07
S26-0703,António Silva,Benfica,Bournemouth,2026-08-01,Fee,Reported fee,21400000,Source quote; base/add-on treatment unspecified,Outside top five / unattached,Premier League,Defender,New to workbook,,,,Add-ons/bonuses mentioned; See Fee_Components,https://www.theguardian.com/football/ng-interactive/2026/sep/01/mens-transfer-window-summer-2026-all-deals-from-europes-top-five-leagues,https://interactive.guim.co.uk/2024/07/transfers/men-summer-2026.json,2026-10-03,1,1,2026-08
S26-0704,Sam Szmodics,Ipswich Town,Derby County,2026-08-01,Loan,Loan fee not stated,,No numeric source quote,Premier League,Outside top five / unattached,Forward,New to workbook,,,,Future purchase conditions mentioned; Blank quote does not mean zero loan fee; See Fee_Components,https://www.theguardian.com/football/ng-interactive/2026/sep/01/mens-transfer-window-summer-2026-all-deals-from-europes-top-five-leagues,https://interactive.guim.co.uk/2024/07/transfers/men-summer-2026.json,2026-10-03,0,0,2026-08
S26-0705,Damían Rodríguez,Celta Vigo,Cádiz,2026-07-31,Loan,Loan fee not stated,,No numeric source quote,La Liga,Outside top five / unattached,Midfielder,New to workbook,,,,Blank quote does not mean zero loan fee,https://www.theguardian.com/football/ng-interactive/2026/sep/01/mens-transfer-window-summer-2026-all-deals-from-europes-top-five-leagues,https://interactive.guim.co.uk/2024/07/transfers/men-summer-2026.json,2026-10-03,0,0,2026-07
S26-0706,Hervé Koffi,Lens,Union St-Gilloise,2026-08-01,Loan,Loan fee not stated,,No numeric source quote,Ligue 1,Outside top five / unattached,Goalkeeper,New to workbook,,,,Future purchase conditions mentioned; Blank quote does not mean zero loan fee,https://www.theguardian.com/football/ng-interactive/2026/sep/01/mens-transfer-window-summer-2026-all-deals-from-europes-top-five-leagues,https://interactive.guim.co.uk/2024/07/transfers/men-summer-2026.json,2026-10-03,0,0,2026-08
S26-0707,Kevin Akpoguma,Hoffenheim,Frosinone,2026-08-01,Free,Free transfer,,Free base transfer; other costs not represented,Bundesliga,Serie A,Defender,New to workbook,,,,,https://www.theguardian.com/football/ng-interactive/2026/sep/01/mens-transfer-window-summer-2026-all-deals-from-europes-top-five-leagues,https://interactive.guim.co.uk/2024/07/transfers/men-summer-2026.json,2026-10-03,0,0,2026-08
S26-0708,Ebenezer Akinsanmiro,Inter,Monza,2026-08-01,Loan,Loan fee not stated,,No numeric source quote,Serie A,Serie A,Midfielder,New to workbook,,,,Future purchase conditions mentioned; Blank quote does not mean zero loan fee,https://www.theguardian.com/football/ng-interactive/2026/sep/01/mens-transfer-window-summer-2026-all-deals-from-europes-top-five-leagues,https://interactive.guim.co.uk/2024/07/transfers/men-summer-2026.json,2026-10-03,0,0,2026-08
S26-0709,Danny Welbeck,Brighton,Chelsea,2026-08-01,Fee,Reported fee,5000000,Source quote; base/add-on treatment unspecified,Premier League,Premier League,Forward,New to workbook,,,,,https://www.theguardian.com/football/ng-interactive/2026/sep/01/mens-transfer-window-summer-2026-all-deals-from-europes-top-five-leagues,https://interactive.guim.co.uk/2024/07/transfers/men-summer-2026.json,2026-10-03,1,1,2026-08
S26-0710,Mamadou Sangaré,Lens,Brentford,2026-08-01,Fee,Reported fee,39000000,Source quote; base/add-on treatment unspecified,Ligue 1,Premier League,Midfielder,New to workbook,,,,,https://www.theguardian.com/football/ng-interactive/2026/sep/01/mens-transfer-window-summer-2026-all-deals-from-europes-top-five-leagues,https://interactive.guim.co.uk/2024/07/transfers/men-summer-2026.json,2026-10-03,1,1,2026-08
S26-0711,Nathan Tinsdale,Hull City,Crawley Town,2026-08-01,Loan,Loan fee not stated,,No numeric source quote,Premier League,Outside top five / unattached,Midfielder,New to workbook,,,,Blank quote does not mean zero loan fee,https://www.theguardian.com/football/ng-interactive/2026/sep/01/mens-transfer-window-summer-2026-all-deals-from-europes-top-five-leagues,https://interactive.guim.co.uk/2024/07/transfers/men-summer-2026.json,2026-10-03,0,0,2026-08
S26-0712,Tommy Watson,Brighton,Leicester City,2026-08-01,Loan,Loan fee not stated,,No numeric source quote,Premier League,Outside top five / unattached,Winger,New to workbook,,,,Blank quote does not mean zero loan fee,https://www.theguardian.com/football/ng-interactive/2026/sep/01/mens-transfer-window-summer-2026-all-deals-from-europes-top-five-leagues,https://interactive.guim.co.uk/2024/07/transfers/men-summer-2026.json,2026-10-03,0,0,2026-08
S26-0713,Konstantinos Koulierakis,Wolfsburg,Roma,2026-08-01,Fee,Reported fee,14100000,Source quote; base/add-on treatment unspecified,Outside top five / unattached,Serie A,Defender,New to workbook,,,,,https://www.theguardian.com/football/ng-interactive/2026/sep/01/mens-transfer-window-summer-2026-all-deals-from-europes-top-five-leagues,https://interactive.guim.co.uk/2024/07/transfers/men-summer-2026.json,2026-10-03,1,1,2026-08
S26-0714,Mikel Vesga,Athletic Club,Almería,2026-08-02,Free,Free transfer,,Free base transfer; other costs not represented,La Liga,Outside top five / unattached,Midfielder,New to workbook,,,,,https://www.theguardian.com/football/ng-interactive/2026/sep/01/mens-transfer-window-summer-2026-all-deals-from-europes-top-five-leagues,https://interactive.guim.co.uk/2024/07/transfers/men-summer-2026.json,2026-10-03,0,0,2026-08
S26-0715,Nordan Mukiele,Rennes,Montpellier,2026-08-01,Loan,Loan fee not stated,,No numeric source quote,Ligue 1,Outside top five / unattached,Winger,New to workbook,,,,Blank quote does not mean zero loan fee,https://www.theguardian.com/football/ng-interactive/2026/sep/01/mens-transfer-window-summer-2026-all-deals-from-europes-top-five-leagues,https://interactive.guim.co.uk/2024/07/transfers/men-summer-2026.json,2026-10-03,0,0,2026-08
S26-0716,Jordan Zemura,Udinese,Watford,2026-08-02,Loan,Loan fee not stated,,No numeric source quote,Serie A,Outside top five / unattached,Defender,New to workbook,,,,Blank quote does not mean zero loan fee,https://www.theguardian.com/football/ng-interactive/2026/sep/01/mens-transfer-window-summer-2026-all-deals-from-europes-top-five-leagues,https://interactive.guim.co.uk/2024/07/transfers/men-summer-2026.json,2026-10-03,0,0,2026-08
S26-0717,Raphael Onyedika,Club Brugge,Eintracht Frankfurt,2026-08-02,Fee,Reported fee,7700000,Source quote; base/add-on treatment unspecified,Outside top five / unattached,Bundesliga,Midfielder,New to workbook,,,,,https://www.theguardian.com/football/ng-interactive/2026/sep/01/mens-transfer-window-summer-2026-all-deals-from-europes-top-five-leagues,https://interactive.guim.co.uk/2024/07/transfers/men-summer-2026.json,2026-10-03,1,1,2026-08
S26-0718,Simon Sohm,Fiorentina,Venezia,2026-08-02,Loan,Loan fee not stated,,No numeric source quote,Serie A,Serie A,Midfielder,New to workbook,,,,Blank quote does not mean zero loan fee,https://www.theguardian.com/football/ng-interactive/2026/sep/01/mens-transfer-window-summer-2026-all-deals-from-europes-top-five-leagues,https://interactive.guim.co.uk/2024/07/transfers/men-summer-2026.json,2026-10-03,0,0,2026-08
S26-0719,Velizar-Iliya Iliev,Cagliari,Cosenza,2026-08-02,Loan,Loan fee not stated,,No numeric source quote,Serie A,Outside top five / unattached,Goalkeeper,New to workbook,,,,Blank quote does not mean zero loan fee,https://www.theguardian.com/football/ng-interactive/2026/sep/01/mens-transfer-window-summer-2026-all-deals-from-europes-top-five-leagues,https://interactive.guim.co.uk/2024/07/transfers/men-summer-2026.json,2026-10-03,0,0,2026-08
S26-0720,Willem Geubbels,Paris FC,Lecce,2026-08-02,Fee,Reported fee,4300000,Source quote; base/add-on treatment unspecified,Ligue 1,Serie A,Forward,New to workbook,,,,,https://www.theguardian.com/football/ng-interactive/2026/sep/01/mens-transfer-window-summer-2026-all-deals-from-europes-top-five-leagues,https://interactive.guim.co.uk/2024/07/transfers/men-summer-2026.json,2026-10-03,1,1,2026-08
S26-0721,Kerim Alajbegovic,Bayer Leverkusen,Juventus,2026-08-02,Fee,Reported fee,25650000,Source quote; base/add-on treatment unspecified,Bundesliga,Serie A,Winger,New to workbook,,,,,https://www.theguardian.com/football/ng-interactive/2026/sep/01/mens-transfer-window-summer-2026-all-deals-from-europes-top-five-leagues,https://interactive.guim.co.uk/2024/07/transfers/men-summer-2026.json,2026-10-03,1,1,2026-08
S26-0722,Emmanuel Latte Lath,Atlanta United,Union Berlin,2026-08-02,Loan,Loan fee not stated,,No numeric source quote,Outside top five / unattached,Bundesliga,Forward,New to workbook,,,,Blank quote does not mean zero loan fee,https://www.theguardian.com/football/ng-interactive/2026/sep/01/mens-transfer-window-summer-2026-all-deals-from-europes-top-five-leagues,https://interactive.guim.co.uk/2024/07/transfers/men-summer-2026.json,2026-10-03,0,0,2026-08
S26-0723,Valentín Barco,Strasbourg,Chelsea,2026-08-02,Fee,Reported fee,34000000,Source quote; base/add-on treatment unspecified,Ligue 1,Premier League,Midfielder,New to workbook,,,,,https://www.theguardian.com/football/ng-interactive/2026/sep/01/mens-transfer-window-summer-2026-all-deals-from-europes-top-five-leagues,https://interactive.guim.co.uk/2024/07/transfers/men-summer-2026.json,2026-10-03,1,1,2026-08
S26-0724,Randal Kolo Muani,Paris Saint-Germain,Juventus,2026-08-02,Fee,Reported fee,32500000,Source quote; base/add-on treatment unspecified,Ligue 1,Serie A,Forward,New to workbook,,,,Add-ons/bonuses mentioned; See Fee_Components,https://www.theguardian.com/football/ng-interactive/2026/sep/01/mens-transfer-window-summer-2026-all-deals-from-europes-top-five-leagues,https://interactive.guim.co.uk/2024/07/transfers/men-summer-2026.json,2026-10-03,1,1,2026-08
S26-0725,Adam Daghim,Red Bull Salzburg,Hoffenheim,2026-08-02,Fee,Reported fee,11130000,Source quote; base/add-on treatment unspecified,Outside top five / unattached,Bundesliga,Winger,New to workbook,,,,,https://www.theguardian.com/football/ng-interactive/2026/sep/01/mens-transfer-window-summer-2026-all-deals-from-europes-top-five-leagues,https://interactive.guim.co.uk/2024/07/transfers/men-summer-2026.json,2026-10-03,1,1,2026-08
S26-0726,Souleymane Faye,Sporting,Lorient,2026-08-02,Loan,Loan fee not stated,,No numeric source quote,Outside top five / unattached,Ligue 1,Winger,New to workbook,,,,Blank quote does not mean zero loan fee,https://www.theguardian.com/football/ng-interactive/2026/sep/01/mens-transfer-window-summer-2026-all-deals-from-europes-top-five-leagues,https://interactive.guim.co.uk/2024/07/transfers/men-summer-2026.json,2026-10-03,0,0,2026-08
S26-0727,Fran González,Real Madrid,Sevilla,2026-08-02,Undisclosed fee,Undisclosed,,No numeric source quote,La Liga,La Liga,Goalkeeper,New to workbook,,,,,https://www.theguardian.com/football/ng-interactive/2026/sep/01/mens-transfer-window-summer-2026-all-deals-from-europes-top-five-leagues,https://interactive.guim.co.uk/2024/07/transfers/men-summer-2026.json,2026-10-03,0,0,2026-08
S26-0728,Lukas Hornicek,Braga,Newcastle United,2026-08-03,Fee,Reported fee,25700000,Source quote; base/add-on treatment unspecified,Outside top five / unattached,Premier League,Goalkeeper,New to workbook,,,,,https://www.theguardian.com/football/ng-interactive/2026/sep/01/mens-transfer-window-summer-2026-all-deals-from-europes-top-five-leagues,https://interactive.guim.co.uk/2024/07/transfers/men-summer-2026.json,2026-10-03,1,1,2026-08
S26-0729,Konstantinos Karetsas,Genk,Borussia Dortmund,2026-08-03,Fee,Reported fee,25700000,Source quote; base/add-on treatment unspecified,Outside top five / unattached,Bundesliga,Forward,New to workbook,,,,,https://www.theguardian.com/football/ng-interactive/2026/sep/01/mens-transfer-window-summer-2026-all-deals-from-europes-top-five-leagues,https://interactive.guim.co.uk/2024/07/transfers/men-summer-2026.json,2026-10-03,1,1,2026-08
S26-0730,Felix Bacher,Estoril,Lyon,2026-08-02,Fee,Reported fee,3700000,Source quote; base/add-on treatment unspecified,Outside top five / unattached,Ligue 1,Defender,New to workbook,,,,,https://www.theguardian.com/football/ng-interactive/2026/sep/01/mens-transfer-window-summer-2026-all-deals-from-europes-top-five-leagues,https://interactive.guim.co.uk/2024/07/transfers/men-summer-2026.json,2026-10-03,1,1,2026-08
S26-0731,Redouane Halhal,Mechelen,Venezia,2026-08-01,Fee,Reported fee,4300000,Source quote; base/add-on treatment unspecified,Outside top five / unattached,Serie A,Defender,New to workbook,,,,,https://www.theguardian.com/football/ng-interactive/2026/sep/01/mens-transfer-window-summer-2026-all-deals-from-europes-top-five-leagues,https://interactive.guim.co.uk/2024/07/transfers/men-summer-2026.json,2026-10-03,1,1,2026-08
S26-0732,Luca Montenegro,Fiorentina,Dolomiti,2026-08-01,Loan,Loan fee not stated,,No numeric source quote,Serie A,Outside top five / unattached,Midfielder,New to workbook,,,,Blank quote does not mean zero loan fee,https://www.theguardian.com/football/ng-interactive/2026/sep/01/mens-transfer-window-summer-2026-all-deals-from-europes-top-five-leagues,https://interactive.guim.co.uk/2024/07/transfers/men-summer-2026.json,2026-10-03,0,0,2026-08
S26-0733,Dominic Vavassori,Atalanta,Palermo,2026-08-01,Loan,Loan fee not stated,,No numeric source quote,Serie A,Outside top five / unattached,Forward,New to workbook,,,,Blank quote does not mean zero loan fee,https://www.theguardian.com/football/ng-interactive/2026/sep/01/mens-transfer-window-summer-2026-all-deals-from-europes-top-five-leagues,https://interactive.guim.co.uk/2024/07/transfers/men-summer-2026.json,2026-10-03,0,0,2026-08
S26-0734,Abdoulaye Faye,Bayer Leverkusen,Celta Vigo,2026-08-03,Loan,Loan fee not stated,,No numeric source quote,Bundesliga,La Liga,Defender,New to workbook,,,,Blank quote does not mean zero loan fee,https://www.theguardian.com/football/ng-interactive/2026/sep/01/mens-transfer-window-summer-2026-all-deals-from-europes-top-five-leagues,https://interactive.guim.co.uk/2024/07/transfers/men-summer-2026.json,2026-10-03,0,0,2026-08
S26-0735,Glen Kamara,Rennes,QPR,2026-08-03,Loan,Loan fee not stated,,No numeric source quote,Ligue 1,Outside top five / unattached,Midfielder,New to workbook,,,,Blank quote does not mean zero loan fee,https://www.theguardian.com/football/ng-interactive/2026/sep/01/mens-transfer-window-summer-2026-all-deals-from-europes-top-five-leagues,https://interactive.guim.co.uk/2024/07/transfers/men-summer-2026.json,2026-10-03,0,0,2026-08
S26-0736,Jordan Henderson,Brentford,Chelsea,2026-08-03,Free,Free transfer,0,Free base transfer; other costs not represented,Premier League,Premier League,Midfielder,New to workbook,,,,,https://www.theguardian.com/football/ng-interactive/2026/sep/01/mens-transfer-window-summer-2026-all-deals-from-europes-top-five-leagues,https://interactive.guim.co.uk/2024/07/transfers/men-summer-2026.json,2026-10-03,0,0,2026-08
S26-0737,Vasilije Adzic,Juventus,Sassuolo,2026-08-03,Loan,Reported loan fee,428000,Loan fee,Serie A,Serie A,Midfielder,New to workbook,,,,Future purchase conditions mentioned,https://www.theguardian.com/football/ng-interactive/2026/sep/01/mens-transfer-window-summer-2026-all-deals-from-europes-top-five-leagues,https://interactive.guim.co.uk/2024/07/transfers/men-summer-2026.json,2026-10-03,1,0,2026-08
S26-0738,Peter Gulacsi,RB Leipzig,Villarreal,2026-08-03,Fee,Reported fee,1710000,Source quote; base/add-on treatment unspecified,Bundesliga,La Liga,Goalkeeper,New to workbook,,,,,https://www.theguardian.com/football/ng-interactive/2026/sep/01/mens-transfer-window-summer-2026-all-deals-from-europes-top-five-leagues,https://interactive.guim.co.uk/2024/07/transfers/men-summer-2026.json,2026-10-03,1,1,2026-08
S26-0739,João Mário,Juventus,Fiorentina,2026-08-03,Loan,Loan fee not stated,,No numeric source quote,Serie A,Serie A,Defender,New to workbook,,,,Blank quote does not mean zero loan fee,https://www.theguardian.com/football/ng-interactive/2026/sep/01/mens-transfer-window-summer-2026-all-deals-from-europes-top-five-leagues,https://interactive.guim.co.uk/2024/07/transfers/men-summer-2026.json,2026-10-03,0,0,2026-08
S26-0740,Yacine Titraoui,Charleroi,Lens,2026-08-03,Fee,Reported fee,6860000,Source quote; base/add-on treatment unspecified,Outside top five / unattached,Ligue 1,Midfielder,New to workbook,,,,,https://www.theguardian.com/football/ng-interactive/2026/sep/01/mens-transfer-window-summer-2026-all-deals-from-europes-top-five-leagues,https://interactive.guim.co.uk/2024/07/transfers/men-summer-2026.json,2026-10-03,1,1,2026-08
S26-0741,Gonzalo García,Real Madrid,Fulham,2026-08-03,Fee,Reported fee,34280000,Source quote; base/add-on treatment unspecified,La Liga,Premier League,Forward,New to workbook,,,,,https://www.theguardian.com/football/ng-interactive/2026/sep/01/mens-transfer-window-summer-2026-all-deals-from-europes-top-five-leagues,https://interactive.guim.co.uk/2024/07/transfers/men-summer-2026.json,2026-10-03,1,1,2026-08
S26-0742,Carl Rushworth,Brighton,Coventry City,2026-08-04,Fee,Reported fee,22500000,Source quote; base/add-on treatment unspecified,Premier League,Premier League,Goalkeeper,New to workbook,,,,,https://www.theguardian.com/football/ng-interactive/2026/sep/01/mens-transfer-window-summer-2026-all-deals-from-europes-top-five-leagues,https://interactive.guim.co.uk/2024/07/transfers/men-summer-2026.json,2026-10-03,1,1,2026-08
S26-0743,César Palacios,Real Madrid,Fulham,2026-08-03,Fee,Reported fee,8600000,Source quote; base/add-on treatment unspecified,La Liga,Premier League,Midfielder,New to workbook,,,,,https://www.theguardian.com/football/ng-interactive/2026/sep/01/mens-transfer-window-summer-2026-all-deals-from-europes-top-five-leagues,https://interactive.guim.co.uk/2024/07/transfers/men-summer-2026.json,2026-10-03,1,1,2026-08
S26-0744,Marc-André ter Stegen,Barcelona,Ajax,2026-08-04,Loan,Loan fee not stated,,No numeric source quote,La Liga,Outside top five / unattached,Goalkeeper,New to workbook,,,,Blank quote does not mean zero loan fee,https://www.theguardian.com/football/ng-interactive/2026/sep/01/mens-transfer-window-summer-2026-all-deals-from-europes-top-five-leagues,https://interactive.guim.co.uk/2024/07/transfers/men-summer-2026.json,2026-10-03,0,0,2026-08
S26-0745,Ørjan Nyland,Sevilla,RB Leipzig,2026-08-04,Free,Free transfer,,Free base transfer; other costs not represented,La Liga,Bundesliga,Goalkeeper,New to workbook,,,,,https://www.theguardian.com/football/ng-interactive/2026/sep/01/mens-transfer-window-summer-2026-all-deals-from-europes-top-five-leagues,https://interactive.guim.co.uk/2024/07/transfers/men-summer-2026.json,2026-10-03,0,0,2026-08
S26-0746,Charlie Cresswell,Toulouse,Rennes,2026-08-04,Loan,Loan fee not stated,,No numeric source quote,Ligue 1,Ligue 1,Defender,New to workbook,,,,Future purchase conditions mentioned; Blank quote does not mean zero loan fee; See Fee_Components,https://www.theguardian.com/football/ng-interactive/2026/sep/01/mens-transfer-window-summer-2026-all-deals-from-europes-top-five-leagues,https://interactive.guim.co.uk/2024/07/transfers/men-summer-2026.json,2026-10-03,0,0,2026-08
S26-0747,Gio Reyna,Borussia Mönchengladbach,Strasbourg,2026-08-04,Fee,Reported fee,2600000,Source quote; base/add-on treatment unspecified,Bundesliga,Ligue 1,Midfielder,New to workbook,,,,,https://www.theguardian.com/football/ng-interactive/2026/sep/01/mens-transfer-window-summer-2026-all-deals-from-europes-top-five-leagues,https://interactive.guim.co.uk/2024/07/transfers/men-summer-2026.json,2026-10-03,1,1,2026-08
S26-0748,Ahmed Abdullahi,Sunderland,Eyupspor,2026-08-04,Undisclosed fee,Undisclosed,,No numeric source quote,Premier League,Outside top five / unattached,Forward,New to workbook,,,,,https://www.theguardian.com/football/ng-interactive/2026/sep/01/mens-transfer-window-summer-2026-all-deals-from-europes-top-five-leagues,https://interactive.guim.co.uk/2024/07/transfers/men-summer-2026.json,2026-10-03,0,0,2026-08
S26-0749,Leonardo Cerri,Juventus,Grenoble,2026-08-03,Loan,Loan fee not stated,,No numeric source quote,Serie A,Outside top five / unattached,Forward,New to workbook,,,,Blank quote does not mean zero loan fee,https://www.theguardian.com/football/ng-interactive/2026/sep/01/mens-transfer-window-summer-2026-all-deals-from-europes-top-five-leagues,https://interactive.guim.co.uk/2024/07/transfers/men-summer-2026.json,2026-10-03,0,0,2026-08
S26-0750,Tom Louchet,Nice,PAOK,2026-08-03,Fee,Reported fee,1700000,Source quote; base/add-on treatment unspecified,Ligue 1,Outside top five / unattached,Winger,New to workbook,,,,,https://www.theguardian.com/football/ng-interactive/2026/sep/01/mens-transfer-window-summer-2026-all-deals-from-europes-top-five-leagues,https://interactive.guim.co.uk/2024/07/transfers/men-summer-2026.json,2026-10-03,1,1,2026-08
S26-0751,Florentino Luís,Burnley,Ipswich Town,2026-08-04,Fee,Reported fee,16000000,Source quote; base/add-on treatment unspecified,Outside top five / unattached,Premier League,Midfielder,New to workbook,,,,,https://www.theguardian.com/football/ng-interactive/2026/sep/01/mens-transfer-window-summer-2026-all-deals-from-europes-top-five-leagues,https://interactive.guim.co.uk/2024/07/transfers/men-summer-2026.json,2026-10-03,1,1,2026-08
S26-0752,Rafa Mir,Sevilla,Aris Saloniki,2026-08-04,Loan,Loan fee not stated,,No numeric source quote,La Liga,Outside top five / unattached,Forward,New to workbook,,,,Blank quote does not mean zero loan fee,https://www.theguardian.com/football/ng-interactive/2026/sep/01/mens-transfer-window-summer-2026-all-deals-from-europes-top-five-leagues,https://interactive.guim.co.uk/2024/07/transfers/men-summer-2026.json,2026-10-03,0,0,2026-08
S26-0753,Victor Valdepeñas,Real Madrid,Fiorentina,2026-08-01,Fee,Reported fee,6860000,Source quote; base/add-on treatment unspecified,La Liga,Serie A,Defender,New to workbook,,,,,https://www.theguardian.com/football/ng-interactive/2026/sep/01/mens-transfer-window-summer-2026-all-deals-from-europes-top-five-leagues,https://interactive.guim.co.uk/2024/07/transfers/men-summer-2026.json,2026-10-03,1,1,2026-08
S26-0754,Khalil Ayari,Paris Saint-Germain,Dunkerque,2026-08-04,Loan,Loan fee not stated,,No numeric source quote,Ligue 1,Outside top five / unattached,Winger,New to workbook,,,,Future purchase conditions mentioned; Blank quote does not mean zero loan fee,https://www.theguardian.com/football/ng-interactive/2026/sep/01/mens-transfer-window-summer-2026-all-deals-from-europes-top-five-leagues,https://interactive.guim.co.uk/2024/07/transfers/men-summer-2026.json,2026-10-03,0,0,2026-08
S26-0755,Pedro Felipe,Juventus,Racing Santander,2026-08-04,Undisclosed fee,Undisclosed,,No numeric source quote,Serie A,La Liga,Defender,New to workbook,,,,,https://www.theguardian.com/football/ng-interactive/2026/sep/01/mens-transfer-window-summer-2026-all-deals-from-europes-top-five-leagues,https://interactive.guim.co.uk/2024/07/transfers/men-summer-2026.json,2026-10-03,0,0,2026-08
S26-0756,Darlin Yongwa,Lorient,Norwich City,2026-08-04,Free,Free transfer,,Free base transfer; other costs not represented,Ligue 1,Outside top five / unattached,Defender,New to workbook,,,,,https://www.theguardian.com/football/ng-interactive/2026/sep/01/mens-transfer-window-summer-2026-all-deals-from-europes-top-five-leagues,https://interactive.guim.co.uk/2024/07/transfers/men-summer-2026.json,2026-10-03,0,0,2026-08
S26-0757,Alimami Gory,Paris FC,Abha Club,2026-08-04,Undisclosed fee,Undisclosed,,No numeric source quote,Ligue 1,Outside top five / unattached,Winger,New to workbook,,,,,https://www.theguardian.com/football/ng-interactive/2026/sep/01/mens-transfer-window-summer-2026-all-deals-from-europes-top-five-leagues,https://interactive.guim.co.uk/2024/07/transfers/men-summer-2026.json,2026-10-03,0,0,2026-08
S26-0758,Alessandro Debenedetti,Genoa,Cesena,2026-08-04,Loan,Loan fee not stated,,No numeric source quote,Serie A,Outside top five / unattached,Forward,New to workbook,,,,Blank quote does not mean zero loan fee,https://www.theguardian.com/football/ng-interactive/2026/sep/01/mens-transfer-window-summer-2026-all-deals-from-europes-top-five-leagues,https://interactive.guim.co.uk/2024/07/transfers/men-summer-2026.json,2026-10-03,0,0,2026-08
S26-0759,Gauthier Hein,Metz,Nice,2026-08-04,Fee,Reported fee,1500000,Source quote; base/add-on treatment unspecified,Outside top five / unattached,Ligue 1,Winger,New to workbook,,,,,https://www.theguardian.com/football/ng-interactive/2026/sep/01/mens-transfer-window-summer-2026-all-deals-from-europes-top-five-leagues,https://interactive.guim.co.uk/2024/07/transfers/men-summer-2026.json,2026-10-03,1,1,2026-08
S26-0760,Vlad Silva,Paços de Ferreira,Celta Vigo,2026-08-04,Loan,Loan fee not stated,,No numeric source quote,Outside top five / unattached,La Liga,Winger,New to workbook,,,,Future purchase conditions mentioned; Blank quote does not mean zero loan fee,https://www.theguardian.com/football/ng-interactive/2026/sep/01/mens-transfer-window-summer-2026-all-deals-from-europes-top-five-leagues,https://interactive.guim.co.uk/2024/07/transfers/men-summer-2026.json,2026-10-03,0,0,2026-08
S26-0761,Mohamed Salah,Liverpool,Trabzonspor,2026-08-05,Free,Free transfer,,Free base transfer; other costs not represented,Premier League,Outside top five / unattached,Forward,New to workbook,,,,,https://www.theguardian.com/football/ng-interactive/2026/sep/01/mens-transfer-window-summer-2026-all-deals-from-europes-top-five-leagues,https://interactive.guim.co.uk/2024/07/transfers/men-summer-2026.json,2026-10-03,0,0,2026-08
S26-0762,Yassir Zabiri,Rennes,Racing Santander,2026-07-29,Loan,Loan fee not stated,,No numeric source quote,Ligue 1,La Liga,Forward,New to workbook,,,,Blank quote does not mean zero loan fee,https://www.theguardian.com/football/ng-interactive/2026/sep/01/mens-transfer-window-summer-2026-all-deals-from-europes-top-five-leagues,https://interactive.guim.co.uk/2024/07/transfers/men-summer-2026.json,2026-10-03,0,0,2026-07
S26-0763,Pablo Ramón,Espanyol,Racing Santander,2026-08-05,Undisclosed fee,Undisclosed,,No numeric source quote,La Liga,La Liga,Defender,New to workbook,,,,,https://www.theguardian.com/football/ng-interactive/2026/sep/01/mens-transfer-window-summer-2026-all-deals-from-europes-top-five-leagues,https://interactive.guim.co.uk/2024/07/transfers/men-summer-2026.json,2026-10-03,0,0,2026-08
S26-0764,Unai Elgezabal,Levante,Eibar,2026-08-05,Free,Free transfer,,Free base transfer; other costs not represented,La Liga,Outside top five / unattached,Defender,New to workbook,,,,,https://www.theguardian.com/football/ng-interactive/2026/sep/01/mens-transfer-window-summer-2026-all-deals-from-europes-top-five-leagues,https://interactive.guim.co.uk/2024/07/transfers/men-summer-2026.json,2026-10-03,0,0,2026-08
S26-0765,Konstantinos Tzolakis,Olympiakos,Hull City,2026-08-05,Fee,Reported fee,20000000,Source quote; base/add-on treatment unspecified,Outside top five / unattached,Premier League,Goalkeeper,New to workbook,,,,,https://www.theguardian.com/football/ng-interactive/2026/sep/01/mens-transfer-window-summer-2026-all-deals-from-europes-top-five-leagues,https://interactive.guim.co.uk/2024/07/transfers/men-summer-2026.json,2026-10-03,1,1,2026-08
S26-0766,Miguel Gutiérrez,Napoli,Bayer Leverkusen,2026-08-05,Fee,Reported fee,25700000,Source quote; base/add-on treatment unspecified,Serie A,Bundesliga,Defender,New to workbook,,,,,https://www.theguardian.com/football/ng-interactive/2026/sep/01/mens-transfer-window-summer-2026-all-deals-from-europes-top-five-leagues,https://interactive.guim.co.uk/2024/07/transfers/men-summer-2026.json,2026-10-03,1,1,2026-08
S26-0767,Joseph Nonge,Kocaelispor,Brest,2026-08-05,Free,Free transfer,,Free base transfer; other costs not represented,Outside top five / unattached,Ligue 1,Midfielder,New to workbook,,,,,https://www.theguardian.com/football/ng-interactive/2026/sep/01/mens-transfer-window-summer-2026-all-deals-from-europes-top-five-leagues,https://interactive.guim.co.uk/2024/07/transfers/men-summer-2026.json,2026-10-03,0,0,2026-08
S26-0768,Kevin Leone,Sassuolo,Arezzo,2026-08-05,Loan,Loan fee not stated,,No numeric source quote,Serie A,Outside top five / unattached,Midfielder,New to workbook,,,,Blank quote does not mean zero loan fee,https://www.theguardian.com/football/ng-interactive/2026/sep/01/mens-transfer-window-summer-2026-all-deals-from-europes-top-five-leagues,https://interactive.guim.co.uk/2024/07/transfers/men-summer-2026.json,2026-10-03,0,0,2026-08
S26-0769,Reece Welch,Everton,Bradford City,2026-08-05,Free,Free transfer,,Free base transfer; other costs not represented,Premier League,Outside top five / unattached,Defender,New to workbook,,,,,https://www.theguardian.com/football/ng-interactive/2026/sep/01/mens-transfer-window-summer-2026-all-deals-from-europes-top-five-leagues,https://interactive.guim.co.uk/2024/07/transfers/men-summer-2026.json,2026-10-03,0,0,2026-08
S26-0770,David Ankeye,Genoa,Zeleznicar Pancevo,2026-07-04,Fee,Reported fee,400000,Source quote; base/add-on treatment unspecified,Serie A,Outside top five / unattached,Forward,New to workbook,,,,,https://www.theguardian.com/football/ng-interactive/2026/sep/01/mens-transfer-window-summer-2026-all-deals-from-europes-top-five-leagues,https://interactive.guim.co.uk/2024/07/transfers/men-summer-2026.json,2026-10-03,1,1,2026-07
S26-0771,Ruslan Malinovskyi,Genoa,Trabzonspor,2026-06-05,Free,Free transfer,,Free base transfer; other costs not represented,Serie A,Outside top five / unattached,Midfielder,New to workbook,,,,,https://www.theguardian.com/football/ng-interactive/2026/sep/01/mens-transfer-window-summer-2026-all-deals-from-europes-top-five-leagues,https://interactive.guim.co.uk/2024/07/transfers/men-summer-2026.json,2026-10-03,0,0,2026-06
S26-0772,Hugo Cuenca,Genoa,Celta Vigo,2026-08-04,Loan,Loan fee not stated,,No numeric source quote,Serie A,La Liga,Midfielder,New to workbook,,,,Future purchase conditions mentioned; Blank quote does not mean zero loan fee,https://www.theguardian.com/football/ng-interactive/2026/sep/01/mens-transfer-window-summer-2026-all-deals-from-europes-top-five-leagues,https://interactive.guim.co.uk/2024/07/transfers/men-summer-2026.json,2026-10-03,0,0,2026-08
S26-0773,Gianluca Rossi,Genoa,Treviso,2026-07-15,Loan,Loan fee not stated,,No numeric source quote,Serie A,Outside top five / unattached,Midfielder,New to workbook,,,,Blank quote does not mean zero loan fee,https://www.theguardian.com/football/ng-interactive/2026/sep/01/mens-transfer-window-summer-2026-all-deals-from-europes-top-five-leagues,https://interactive.guim.co.uk/2024/07/transfers/men-summer-2026.json,2026-10-03,0,0,2026-07
S26-0774,Gabriele Pessolani,Genoa,Crema,2026-07-27,Loan,Loan fee not stated,,No numeric source quote,Serie A,Outside top five / unattached,Forward,New to workbook,,,,Blank quote does not mean zero loan fee,https://www.theguardian.com/football/ng-interactive/2026/sep/01/mens-transfer-window-summer-2026-all-deals-from-europes-top-five-leagues,https://interactive.guim.co.uk/2024/07/transfers/men-summer-2026.json,2026-10-03,0,0,2026-07
S26-0775,Tommaso Pittino,Genoa,Livorno,2026-07-19,Loan,Loan fee not stated,,No numeric source quote,Serie A,Outside top five / unattached,Midfielder,New to workbook,,,,Blank quote does not mean zero loan fee,https://www.theguardian.com/football/ng-interactive/2026/sep/01/mens-transfer-window-summer-2026-all-deals-from-europes-top-five-leagues,https://interactive.guim.co.uk/2024/07/transfers/men-summer-2026.json,2026-10-03,0,0,2026-07
S26-0776,Lorenzo Gagliardi,Genoa,Altamura,2026-07-08,Loan,Loan fee not stated,,No numeric source quote,Serie A,Outside top five / unattached,Defender,New to workbook,,,,Blank quote does not mean zero loan fee,https://www.theguardian.com/football/ng-interactive/2026/sep/01/mens-transfer-window-summer-2026-all-deals-from-europes-top-five-leagues,https://interactive.guim.co.uk/2024/07/transfers/men-summer-2026.json,2026-10-03,0,0,2026-07
S26-0777,Simone Calvani,Genoa,Vado,2026-07-24,Loan,Loan fee not stated,,No numeric source quote,Serie A,Outside top five / unattached,Goalkeeper,New to workbook,,,,Blank quote does not mean zero loan fee,https://www.theguardian.com/football/ng-interactive/2026/sep/01/mens-transfer-window-summer-2026-all-deals-from-europes-top-five-leagues,https://interactive.guim.co.uk/2024/07/transfers/men-summer-2026.json,2026-10-03,0,0,2026-07
S26-0778,Edoardo Meconi,Genoa,Gubbio,2026-07-07,Loan,Loan fee not stated,,No numeric source quote,Serie A,Outside top five / unattached,Defender,New to workbook,,,,Blank quote does not mean zero loan fee,https://www.theguardian.com/football/ng-interactive/2026/sep/01/mens-transfer-window-summer-2026-all-deals-from-europes-top-five-leagues,https://interactive.guim.co.uk/2024/07/transfers/men-summer-2026.json,2026-10-03,0,0,2026-07
S26-0780,Charlie Crew,Leeds United,Walsall,2026-08-05,Loan,Loan fee not stated,,No numeric source quote,Premier League,Outside top five / unattached,Midfielder,New to workbook,,,,Blank quote does not mean zero loan fee,https://www.theguardian.com/football/ng-interactive/2026/sep/01/mens-transfer-window-summer-2026-all-deals-from-europes-top-five-leagues,https://interactive.guim.co.uk/2024/07/transfers/men-summer-2026.json,2026-10-03,0,0,2026-08
S26-0781,Thimothée Lo-Tutala,Hull City,Colchester,2026-08-06,Loan,Loan fee not stated,,No numeric source quote,Premier League,Outside top five / unattached,Goalkeeper,New to workbook,,,,Blank quote does not mean zero loan fee,https://www.theguardian.com/football/ng-interactive/2026/sep/01/mens-transfer-window-summer-2026-all-deals-from-europes-top-five-leagues,https://interactive.guim.co.uk/2024/07/transfers/men-summer-2026.json,2026-10-03,0,0,2026-08
S26-0782,Archie Harris,Bournemouth,Wigan Athletic,2026-08-06,Undisclosed fee,Undisclosed,,No numeric source quote,Premier League,Outside top five / unattached,Defender,New to workbook,,,,,https://www.theguardian.com/football/ng-interactive/2026/sep/01/mens-transfer-window-summer-2026-all-deals-from-europes-top-five-leagues,https://interactive.guim.co.uk/2024/07/transfers/men-summer-2026.json,2026-10-03,0,0,2026-08
S26-0783,Wes Burns,Ipswich Town,Leicester City,2026-08-06,Fee,Reported fee,100000,Source quote; base/add-on treatment unspecified,Premier League,Outside top five / unattached,Winger,New to workbook,,,,,https://www.theguardian.com/football/ng-interactive/2026/sep/01/mens-transfer-window-summer-2026-all-deals-from-europes-top-five-leagues,https://interactive.guim.co.uk/2024/07/transfers/men-summer-2026.json,2026-10-03,1,1,2026-08
S26-0784,Juanlu Sánchez,Sevilla,Bournemouth,2026-08-06,Fee,Reported fee,11100000,Source quote; base/add-on treatment unspecified,La Liga,Premier League,Defender,New to workbook,,,,,https://www.theguardian.com/football/ng-interactive/2026/sep/01/mens-transfer-window-summer-2026-all-deals-from-europes-top-five-leagues,https://interactive.guim.co.uk/2024/07/transfers/men-summer-2026.json,2026-10-03,1,1,2026-08
S26-0785,Christian Nørgaard,Arsenal,Everton,2026-08-05,Fee,Reported fee,7000000,Source quote; base/add-on treatment unspecified,Premier League,Premier League,Midfielder,New to workbook,,,,,https://www.theguardian.com/football/ng-interactive/2026/sep/01/mens-transfer-window-summer-2026-all-deals-from-europes-top-five-leagues,https://interactive.guim.co.uk/2024/07/transfers/men-summer-2026.json,2026-10-03,1,1,2026-08
S26-0786,James Trafford,Manchester City,Leeds United,2026-08-06,Fee,Reported fee,40500000,Source quote; base/add-on treatment unspecified,Premier League,Premier League,Goalkeeper,New to workbook,,,,,https://www.theguardian.com/football/ng-interactive/2026/sep/01/mens-transfer-window-summer-2026-all-deals-from-europes-top-five-leagues,https://interactive.guim.co.uk/2024/07/transfers/men-summer-2026.json,2026-10-03,1,1,2026-08
S26-0787,Cristian Orozco,Fortaleza CEIF,Manchester United,2026-08-06,Fee,Reported fee,700000,Source quote; base/add-on treatment unspecified,Outside top five / unattached,Premier League,Midfielder,New to workbook,,,,,https://www.theguardian.com/football/ng-interactive/2026/sep/01/mens-transfer-window-summer-2026-all-deals-from-europes-top-five-leagues,https://interactive.guim.co.uk/2024/07/transfers/men-summer-2026.json,2026-10-03,1,1,2026-08
S26-0788,Andrea Ceresoli,Atalanta,Nuremberg,2026-08-04,Fee,Reported fee,900000,Source quote; base/add-on treatment unspecified,Serie A,Outside top five / unattached,Defender,New to workbook,,,,,https://www.theguardian.com/football/ng-interactive/2026/sep/01/mens-transfer-window-summer-2026-all-deals-from-europes-top-five-leagues,https://interactive.guim.co.uk/2024/07/transfers/men-summer-2026.json,2026-10-03,1,1,2026-08
S26-0789,Yan Couto,Borussia Dortmund,Como 1907,2026-08-06,Loan,Loan fee not stated,,No numeric source quote,Bundesliga,Serie A,Defender,New to workbook,,,,Blank quote does not mean zero loan fee,https://www.theguardian.com/football/ng-interactive/2026/sep/01/mens-transfer-window-summer-2026-all-deals-from-europes-top-five-leagues,https://interactive.guim.co.uk/2024/07/transfers/men-summer-2026.json,2026-10-03,0,0,2026-08
S26-0790,Kevin Fustini,Bologna,Como 1907,2026-08-04,Undisclosed fee,Undisclosed,,No numeric source quote,Serie A,Serie A,Forward,New to workbook,,,,,https://www.theguardian.com/football/ng-interactive/2026/sep/01/mens-transfer-window-summer-2026-all-deals-from-europes-top-five-leagues,https://interactive.guim.co.uk/2024/07/transfers/men-summer-2026.json,2026-10-03,0,0,2026-08
S26-0791,Djibril Sow,Sevilla,Genoa,2026-08-06,Fee,Reported fee,3400000,Source quote; base/add-on treatment unspecified,La Liga,Serie A,Midfielder,New to workbook,,,,,https://www.theguardian.com/football/ng-interactive/2026/sep/01/mens-transfer-window-summer-2026-all-deals-from-europes-top-five-leagues,https://interactive.guim.co.uk/2024/07/transfers/men-summer-2026.json,2026-10-03,1,1,2026-08
S26-0792,Christian Früchtl,Lecce,Red Bull Salzburg,2026-08-05,Undisclosed fee,Undisclosed,,No numeric source quote,Serie A,Outside top five / unattached,Goalkeeper,New to workbook,,,,,https://www.theguardian.com/football/ng-interactive/2026/sep/01/mens-transfer-window-summer-2026-all-deals-from-europes-top-five-leagues,https://interactive.guim.co.uk/2024/07/transfers/men-summer-2026.json,2026-10-03,0,0,2026-08
S26-0793,Giacomo Satalino,Free agent,Sassuolo,2026-08-06,Free,Free transfer,,Free base transfer; other costs not represented,Outside top five / unattached,Serie A,Goalkeeper,New to workbook,,,,,https://www.theguardian.com/football/ng-interactive/2026/sep/01/mens-transfer-window-summer-2026-all-deals-from-europes-top-five-leagues,https://interactive.guim.co.uk/2024/07/transfers/men-summer-2026.json,2026-10-03,0,0,2026-08
S26-0794,Dimitris Giannoulis,Augsburg,PAOK,2026-08-06,Fee,Reported fee,3600000,Source quote; base/add-on treatment unspecified,Bundesliga,Outside top five / unattached,Defender,New to workbook,,,,,https://www.theguardian.com/football/ng-interactive/2026/sep/01/mens-transfer-window-summer-2026-all-deals-from-europes-top-five-leagues,https://interactive.guim.co.uk/2024/07/transfers/men-summer-2026.json,2026-10-03,1,1,2026-08
S26-0795,Georg Ermolaev,Paderborn,Alemannia Aachen,2026-08-04,Loan,Loan fee not stated,,No numeric source quote,Bundesliga,Outside top five / unattached,Winger,New to workbook,,,,Blank quote does not mean zero loan fee,https://www.theguardian.com/football/ng-interactive/2026/sep/01/mens-transfer-window-summer-2026-all-deals-from-europes-top-five-leagues,https://interactive.guim.co.uk/2024/07/transfers/men-summer-2026.json,2026-10-03,0,0,2026-08
S26-0796,Jesse Bisiwu,Club Brugge,Barcelona,2026-08-04,Fee,Reported fee,7300000,Source quote; base/add-on treatment unspecified,Outside top five / unattached,La Liga,Winger,New to workbook,,,,,https://www.theguardian.com/football/ng-interactive/2026/sep/01/mens-transfer-window-summer-2026-all-deals-from-europes-top-five-leagues,https://interactive.guim.co.uk/2024/07/transfers/men-summer-2026.json,2026-10-03,1,1,2026-08
S26-0797,Unai Núñez,Celta Vigo,Espanyol,2026-08-06,Loan,Loan fee not stated,,No numeric source quote,La Liga,La Liga,Defender,New to workbook,,,,Blank quote does not mean zero loan fee,https://www.theguardian.com/football/ng-interactive/2026/sep/01/mens-transfer-window-summer-2026-all-deals-from-europes-top-five-leagues,https://interactive.guim.co.uk/2024/07/transfers/men-summer-2026.json,2026-10-03,0,0,2026-08
S26-0798,Angeliño,Roma,Deportivo La Coruña,2026-08-05,Loan,Loan fee not stated,,No numeric source quote,Serie A,La Liga,Defender,New to workbook,,,,Future purchase conditions mentioned; Blank quote does not mean zero loan fee,https://www.theguardian.com/football/ng-interactive/2026/sep/01/mens-transfer-window-summer-2026-all-deals-from-europes-top-five-leagues,https://interactive.guim.co.uk/2024/07/transfers/men-summer-2026.json,2026-10-03,0,0,2026-08
S26-0799,Javi Morcillo,Atlético Madrid,Elche,2026-08-06,Fee,Reported fee,1300000,Source quote; base/add-on treatment unspecified,La Liga,La Liga,Midfielder,New to workbook,,,,,https://www.theguardian.com/football/ng-interactive/2026/sep/01/mens-transfer-window-summer-2026-all-deals-from-europes-top-five-leagues,https://interactive.guim.co.uk/2024/07/transfers/men-summer-2026.json,2026-10-03,1,1,2026-08
S26-0800,Altay Bayindir,Manchester United,Celta Vigo,2026-08-07,Loan,Loan fee not stated,,No numeric source quote,Premier League,La Liga,Goalkeeper,New to workbook,,,,Blank quote does not mean zero loan fee,https://www.theguardian.com/football/ng-interactive/2026/sep/01/mens-transfer-window-summer-2026-all-deals-from-europes-top-five-leagues,https://interactive.guim.co.uk/2024/07/transfers/men-summer-2026.json,2026-10-03,0,0,2026-08
S26-0801,Tyler Onyango,Everton,Sheffield Wednesday,2026-08-07,Free,Free transfer,,Free base transfer; other costs not represented,Premier League,Outside top five / unattached,Midfielder,New to workbook,,,,,https://www.theguardian.com/football/ng-interactive/2026/sep/01/mens-transfer-window-summer-2026-all-deals-from-europes-top-five-leagues,https://interactive.guim.co.uk/2024/07/transfers/men-summer-2026.json,2026-10-03,0,0,2026-08
S26-0802,Alfie Merritt,Bournemouth,Newport County,2026-08-07,Loan,Loan fee not stated,,No numeric source quote,Premier League,Outside top five / unattached,Defender,New to workbook,,,,Blank quote does not mean zero loan fee,https://www.theguardian.com/football/ng-interactive/2026/sep/01/mens-transfer-window-summer-2026-all-deals-from-europes-top-five-leagues,https://interactive.guim.co.uk/2024/07/transfers/men-summer-2026.json,2026-10-03,0,0,2026-08
S26-0803,El Bilal Touré,Atalanta,Parma,2026-08-07,Loan,Loan fee not stated,,No numeric source quote,Serie A,Serie A,Forward,New to workbook,,,,Blank quote does not mean zero loan fee,https://www.theguardian.com/football/ng-interactive/2026/sep/01/mens-transfer-window-summer-2026-all-deals-from-europes-top-five-leagues,https://interactive.guim.co.uk/2024/07/transfers/men-summer-2026.json,2026-10-03,0,0,2026-08
S26-0804,Franco Mastantuono,Real Madrid,Fiorentina,2026-08-07,Loan,Loan fee not stated,,No numeric source quote,La Liga,Serie A,Midfielder,New to workbook,,,,Blank quote does not mean zero loan fee,https://www.theguardian.com/football/ng-interactive/2026/sep/01/mens-transfer-window-summer-2026-all-deals-from-europes-top-five-leagues,https://interactive.guim.co.uk/2024/07/transfers/men-summer-2026.json,2026-10-03,0,0,2026-08
S26-0805,Takehiro Tomiyasu,Ajax,Crystal Palace,2026-08-07,Free,Free transfer,,Free base transfer; other costs not represented,Outside top five / unattached,Premier League,Defender,New to workbook,,,,,https://www.theguardian.com/football/ng-interactive/2026/sep/01/mens-transfer-window-summer-2026-all-deals-from-europes-top-five-leagues,https://interactive.guim.co.uk/2024/07/transfers/men-summer-2026.json,2026-10-03,0,0,2026-08
S26-0806,Sonny Aljofree,Manchester United,Rotherham,2026-08-07,Undisclosed fee,Undisclosed,,No numeric source quote,Premier League,Outside top five / unattached,Defender,New to workbook,,,,,https://www.theguardian.com/football/ng-interactive/2026/sep/01/mens-transfer-window-summer-2026-all-deals-from-europes-top-five-leagues,https://interactive.guim.co.uk/2024/07/transfers/men-summer-2026.json,2026-10-03,0,0,2026-08
S26-0807,Junior Dina Ebimbe,Eintracht Frankfurt,Schalke 04,2026-08-07,Fee,Reported fee,600000,Source quote; base/add-on treatment unspecified,Bundesliga,Bundesliga,Defender,New to workbook,,,,Add-ons/bonuses mentioned; See Fee_Components,https://www.theguardian.com/football/ng-interactive/2026/sep/01/mens-transfer-window-summer-2026-all-deals-from-europes-top-five-leagues,https://interactive.guim.co.uk/2024/07/transfers/men-summer-2026.json,2026-10-03,1,1,2026-08
S26-0808,Gil Neves,Benfica,Cologne,2026-08-07,Undisclosed fee,Undisclosed,,No numeric source quote,Outside top five / unattached,Bundesliga,Midfielder,New to workbook,,,,,https://www.theguardian.com/football/ng-interactive/2026/sep/01/mens-transfer-window-summer-2026-all-deals-from-europes-top-five-leagues,https://interactive.guim.co.uk/2024/07/transfers/men-summer-2026.json,2026-10-03,0,0,2026-08
S26-0809,Orel Mangala,Lyon,Getafe,2026-08-07,Loan,Loan fee not stated,,No numeric source quote,Ligue 1,La Liga,Midfielder,New to workbook,,,,Blank quote does not mean zero loan fee,https://www.theguardian.com/football/ng-interactive/2026/sep/01/mens-transfer-window-summer-2026-all-deals-from-europes-top-five-leagues,https://interactive.guim.co.uk/2024/07/transfers/men-summer-2026.json,2026-10-03,0,0,2026-08
S26-0810,Saïdou Sow,Strasbourg,Nantes,2026-08-07,Loan,Loan fee not stated,,No numeric source quote,Ligue 1,Outside top five / unattached,Defender,New to workbook,,,,Future purchase conditions mentioned; Blank quote does not mean zero loan fee,https://www.theguardian.com/football/ng-interactive/2026/sep/01/mens-transfer-window-summer-2026-all-deals-from-europes-top-five-leagues,https://interactive.guim.co.uk/2024/07/transfers/men-summer-2026.json,2026-10-03,0,0,2026-08
S26-0811,Jens Hjertø-Dahl,Tromsø,Hull City,2026-08-07,Fee,Reported fee,10000000,Source quote; base/add-on treatment unspecified,Outside top five / unattached,Premier League,Midfielder,New to workbook,,,,,https://www.theguardian.com/football/ng-interactive/2026/sep/01/mens-transfer-window-summer-2026-all-deals-from-europes-top-five-leagues,https://interactive.guim.co.uk/2024/07/transfers/men-summer-2026.json,2026-10-03,1,1,2026-08
S26-0812,Gabriele Conti,Fiorentina,Perugia,2026-08-07,Undisclosed fee,Undisclosed,,No numeric source quote,Serie A,Outside top five / unattached,Midfielder,New to workbook,,,,,https://www.theguardian.com/football/ng-interactive/2026/sep/01/mens-transfer-window-summer-2026-all-deals-from-europes-top-five-leagues,https://interactive.guim.co.uk/2024/07/transfers/men-summer-2026.json,2026-10-03,0,0,2026-08
S26-0813,Dimitar Papazov,Bologna,Perugia,2026-08-07,Loan,Loan fee not stated,,No numeric source quote,Serie A,Outside top five / unattached,Defender,New to workbook,,,,Blank quote does not mean zero loan fee,https://www.theguardian.com/football/ng-interactive/2026/sep/01/mens-transfer-window-summer-2026-all-deals-from-europes-top-five-leagues,https://interactive.guim.co.uk/2024/07/transfers/men-summer-2026.json,2026-10-03,0,0,2026-08
S26-0815,Davide Veroli,Cagliari,Südtirol,2026-07-31,Loan,Loan fee not stated,,No numeric source quote,Serie A,Outside top five / unattached,Defender,New to workbook,,,,Blank quote does not mean zero loan fee,https://www.theguardian.com/football/ng-interactive/2026/sep/01/mens-transfer-window-summer-2026-all-deals-from-europes-top-five-leagues,https://interactive.guim.co.uk/2024/07/transfers/men-summer-2026.json,2026-10-03,0,0,2026-07
S26-0816,Coli Saco,Napoli,Riga FC,2026-08-01,Free,Free transfer,,Free base transfer; other costs not represented,Serie A,Outside top five / unattached,Midfielder,New to workbook,,,,,https://www.theguardian.com/football/ng-interactive/2026/sep/01/mens-transfer-window-summer-2026-all-deals-from-europes-top-five-leagues,https://interactive.guim.co.uk/2024/07/transfers/men-summer-2026.json,2026-10-03,0,0,2026-08
S26-0817,Abdelhamid Sabiri,Fiorentina,Eyupspor,2026-07-31,Free,Free transfer,,Free base transfer; other costs not represented,Serie A,Outside top five / unattached,Midfielder,New to workbook,,,,,https://www.theguardian.com/football/ng-interactive/2026/sep/01/mens-transfer-window-summer-2026-all-deals-from-europes-top-five-leagues,https://interactive.guim.co.uk/2024/07/transfers/men-summer-2026.json,2026-10-03,0,0,2026-07
S26-0818,Odysseas Vlachodimos,Newcastle United,Sevilla,2026-07-01,Loan extended,Loan fee not stated,,No numeric source quote,Premier League,La Liga,Goalkeeper,New to workbook,,,,,https://www.theguardian.com/football/ng-interactive/2026/sep/01/mens-transfer-window-summer-2026-all-deals-from-europes-top-five-leagues,https://interactive.guim.co.uk/2024/07/transfers/men-summer-2026.json,2026-10-03,0,0,2026-07
S26-0819,Tynan Thompson,Tottenham Hotspur,Manchester United,2026-07-20,Fee,Reported fee,4000000,Source quote; base/add-on treatment unspecified,Premier League,Premier League,Winger,New to workbook,,,,Add-ons/bonuses mentioned; See Fee_Components,https://www.theguardian.com/football/ng-interactive/2026/sep/01/mens-transfer-window-summer-2026-all-deals-from-europes-top-five-leagues,https://interactive.guim.co.uk/2024/07/transfers/men-summer-2026.json,2026-10-03,1,1,2026-07
S26-0820,André Onana,Manchester United,Trabzonspor,2026-07-07,Loan extended,Loan fee not stated,,No numeric source quote,Premier League,Outside top five / unattached,Goalkeeper,New to workbook,,,,,https://www.theguardian.com/football/ng-interactive/2026/sep/01/mens-transfer-window-summer-2026-all-deals-from-europes-top-five-leagues,https://interactive.guim.co.uk/2024/07/transfers/men-summer-2026.json,2026-10-03,0,0,2026-07
S26-0821,Pierce Charles,Manchester City,QPR,2026-07-10,Loan,Loan fee not stated,,No numeric source quote,Premier League,Outside top five / unattached,Goalkeeper,New to workbook,,,,Blank quote does not mean zero loan fee; See Fee_Components,https://www.theguardian.com/football/ng-interactive/2026/sep/01/mens-transfer-window-summer-2026-all-deals-from-europes-top-five-leagues,https://interactive.guim.co.uk/2024/07/transfers/men-summer-2026.json,2026-10-03,0,0,2026-07
S26-0822,Cole Ramsey,Aston Villa,Tottenham Hotspur,2026-07-07,Free,Free transfer,,Free base transfer; other costs not represented,Premier League,Premier League,Midfielder,New to workbook,,,,,https://www.theguardian.com/football/ng-interactive/2026/sep/01/mens-transfer-window-summer-2026-all-deals-from-europes-top-five-leagues,https://interactive.guim.co.uk/2024/07/transfers/men-summer-2026.json,2026-10-03,0,0,2026-07
S26-0823,Luca Gunter,Tottenham Hotspur,Boreham Wood,2026-07-01,Loan,Loan fee not stated,,No numeric source quote,Premier League,Outside top five / unattached,Goalkeeper,New to workbook,,,,Blank quote does not mean zero loan fee,https://www.theguardian.com/football/ng-interactive/2026/sep/01/mens-transfer-window-summer-2026-all-deals-from-europes-top-five-leagues,https://interactive.guim.co.uk/2024/07/transfers/men-summer-2026.json,2026-10-03,0,0,2026-07
S26-0825,Travis Hernes,Newcastle United,Groningen,2026-06-03,Undisclosed fee,Undisclosed,,No numeric source quote,Premier League,Outside top five / unattached,Midfielder,New to workbook,,,,,https://www.theguardian.com/football/ng-interactive/2026/sep/01/mens-transfer-window-summer-2026-all-deals-from-europes-top-five-leagues,https://interactive.guim.co.uk/2024/07/transfers/men-summer-2026.json,2026-10-03,0,0,2026-06
S26-0826,Aidon Shehu,Hull City,Panathinaikos,2026-07-01,Fee,Reported fee,2500000,Source quote; base/add-on treatment unspecified,Premier League,Outside top five / unattached,Midfielder,New to workbook,,,,,https://www.theguardian.com/football/ng-interactive/2026/sep/01/mens-transfer-window-summer-2026-all-deals-from-europes-top-five-leagues,https://interactive.guim.co.uk/2024/07/transfers/men-summer-2026.json,2026-10-03,1,1,2026-07
S26-0827,Ben Robinson,Free agent,Hull City,2026-07-07,Free,Free transfer,,Free base transfer; other costs not represented,Outside top five / unattached,Premier League,Defender,New to workbook,,,,,https://www.theguardian.com/football/ng-interactive/2026/sep/01/mens-transfer-window-summer-2026-all-deals-from-europes-top-five-leagues,https://interactive.guim.co.uk/2024/07/transfers/men-summer-2026.json,2026-10-03,0,0,2026-07
S26-0828,Caleb Yirenkyi,Nordsjælland,Coventry City,2026-08-07,Fee,Reported fee,23000000,Source quote; base/add-on treatment unspecified,Outside top five / unattached,Premier League,Midfielder,New to workbook,,,,,https://www.theguardian.com/football/ng-interactive/2026/sep/01/mens-transfer-window-summer-2026-all-deals-from-europes-top-five-leagues,https://interactive.guim.co.uk/2024/07/transfers/men-summer-2026.json,2026-10-03,1,1,2026-08
S26-0829,Reiss Russell-Denny,Tottenham Hotspur,Bristol Rovers,2026-08-07,Loan,Loan fee not stated,,No numeric source quote,Premier League,Outside top five / unattached,Midfielder,New to workbook,,,,Blank quote does not mean zero loan fee,https://www.theguardian.com/football/ng-interactive/2026/sep/01/mens-transfer-window-summer-2026-all-deals-from-europes-top-five-leagues,https://interactive.guim.co.uk/2024/07/transfers/men-summer-2026.json,2026-10-03,0,0,2026-08
S26-0830,Yanis Musuayi,Club Brugge,Levante,2026-08-02,Fee,Reported fee,2100000,Source quote; base/add-on treatment unspecified,Outside top five / unattached,La Liga,Forward,New to workbook,,,,,https://www.theguardian.com/football/ng-interactive/2026/sep/01/mens-transfer-window-summer-2026-all-deals-from-europes-top-five-leagues,https://interactive.guim.co.uk/2024/07/transfers/men-summer-2026.json,2026-10-03,1,1,2026-08
S26-0831,Edgar Alcañiz,Levante,Atlético Madrid,2026-08-04,Undisclosed fee,Undisclosed,,No numeric source quote,La Liga,La Liga,Midfielder,New to workbook,,,,,https://www.theguardian.com/football/ng-interactive/2026/sep/01/mens-transfer-window-summer-2026-all-deals-from-europes-top-five-leagues,https://interactive.guim.co.uk/2024/07/transfers/men-summer-2026.json,2026-10-03,0,0,2026-08
S26-0832,Finley Barbrook,Ipswich Town,Falkirk,2026-08-07,Loan,Loan fee not stated,,No numeric source quote,Premier League,Outside top five / unattached,Midfielder,New to workbook,,,,Blank quote does not mean zero loan fee,https://www.theguardian.com/football/ng-interactive/2026/sep/01/mens-transfer-window-summer-2026-all-deals-from-europes-top-five-leagues,https://interactive.guim.co.uk/2024/07/transfers/men-summer-2026.json,2026-10-03,0,0,2026-08
S26-0833,Miguel Auría,Osasuna,Mirandés,2026-08-02,Loan,Loan fee not stated,,No numeric source quote,La Liga,Outside top five / unattached,Midfielder,New to workbook,,,,Blank quote does not mean zero loan fee,https://www.theguardian.com/football/ng-interactive/2026/sep/01/mens-transfer-window-summer-2026-all-deals-from-europes-top-five-leagues,https://interactive.guim.co.uk/2024/07/transfers/men-summer-2026.json,2026-10-03,0,0,2026-08
S26-0834,Álex Forés,Villarreal,Burgos,2026-08-07,Fee,Reported fee,300000,Source quote; base/add-on treatment unspecified,La Liga,Outside top five / unattached,Forward,New to workbook,,,,,https://www.theguardian.com/football/ng-interactive/2026/sep/01/mens-transfer-window-summer-2026-all-deals-from-europes-top-five-leagues,https://interactive.guim.co.uk/2024/07/transfers/men-summer-2026.json,2026-10-03,1,1,2026-08
S26-0835,Pau Cabanes,Villarreal,Eldense,2026-08-05,Free,Free transfer,,Free base transfer; other costs not represented,La Liga,Outside top five / unattached,Forward,New to workbook,,,,,https://www.theguardian.com/football/ng-interactive/2026/sep/01/mens-transfer-window-summer-2026-all-deals-from-europes-top-five-leagues,https://interactive.guim.co.uk/2024/07/transfers/men-summer-2026.json,2026-10-03,0,0,2026-08
S26-0836,Iwan Morgan,Brentford,Grimsby Town,2026-08-07,Undisclosed fee,Undisclosed,,No numeric source quote,Premier League,Outside top five / unattached,Forward,New to workbook,,,,,https://www.theguardian.com/football/ng-interactive/2026/sep/01/mens-transfer-window-summer-2026-all-deals-from-europes-top-five-leagues,https://interactive.guim.co.uk/2024/07/transfers/men-summer-2026.json,2026-10-03,0,0,2026-08
S26-0837,Facundo Buonanotte,Brighton,Elche,2026-08-07,Loan,Loan fee not stated,,No numeric source quote,Premier League,La Liga,Midfielder,New to workbook,,,,Blank quote does not mean zero loan fee,https://www.theguardian.com/football/ng-interactive/2026/sep/01/mens-transfer-window-summer-2026-all-deals-from-europes-top-five-leagues,https://interactive.guim.co.uk/2024/07/transfers/men-summer-2026.json,2026-10-03,0,0,2026-08
S26-0838,Daouda Traoré,Southampton,Le Mans,2026-08-06,Loan,Loan fee not stated,,No numeric source quote,Outside top five / unattached,Ligue 1,Midfielder,New to workbook,,,,Future purchase conditions mentioned; Blank quote does not mean zero loan fee,https://www.theguardian.com/football/ng-interactive/2026/sep/01/mens-transfer-window-summer-2026-all-deals-from-europes-top-five-leagues,https://interactive.guim.co.uk/2024/07/transfers/men-summer-2026.json,2026-10-03,0,0,2026-08
S26-0839,Ichem Ferrah,Lille,Pisa,2026-08-07,Undisclosed fee,Undisclosed,,No numeric source quote,Ligue 1,Outside top five / unattached,Winger,New to workbook,,,,,https://www.theguardian.com/football/ng-interactive/2026/sep/01/mens-transfer-window-summer-2026-all-deals-from-europes-top-five-leagues,https://interactive.guim.co.uk/2024/07/transfers/men-summer-2026.json,2026-10-03,0,0,2026-08
S26-0840,Maghnes Akliouche,Monaco,Paris Saint-Germain,2026-08-06,Fee,Reported fee,42800000,Source quote; base/add-on treatment unspecified,Ligue 1,Ligue 1,Midfielder,New to workbook,,,,,https://www.theguardian.com/football/ng-interactive/2026/sep/01/mens-transfer-window-summer-2026-all-deals-from-europes-top-five-leagues,https://interactive.guim.co.uk/2024/07/transfers/men-summer-2026.json,2026-10-03,1,1,2026-08
S26-0841,Sion Oppong,Brommapojkarna,Toulouse,2026-08-07,Fee,Reported fee,3400000,Source quote; base/add-on treatment unspecified,Outside top five / unattached,Ligue 1,Forward,New to workbook,,,,,https://www.theguardian.com/football/ng-interactive/2026/sep/01/mens-transfer-window-summer-2026-all-deals-from-europes-top-five-leagues,https://interactive.guim.co.uk/2024/07/transfers/men-summer-2026.json,2026-10-03,1,1,2026-08
S26-0842,Sasa Lukic,Fulham,Ipswich Town,2026-08-08,Fee,Reported fee,9000000,Source quote; base/add-on treatment unspecified,Premier League,Premier League,Midfielder,New to workbook,,,,,https://www.theguardian.com/football/ng-interactive/2026/sep/01/mens-transfer-window-summer-2026-all-deals-from-europes-top-five-leagues,https://interactive.guim.co.uk/2024/07/transfers/men-summer-2026.json,2026-10-03,1,1,2026-08
S26-0844,Marash Kumbulla,Roma,Rayo Vallecano,2026-08-07,Loan,Loan fee not stated,,No numeric source quote,Serie A,La Liga,Defender,New to workbook,,,,Blank quote does not mean zero loan fee,https://www.theguardian.com/football/ng-interactive/2026/sep/01/mens-transfer-window-summer-2026-all-deals-from-europes-top-five-leagues,https://interactive.guim.co.uk/2024/07/transfers/men-summer-2026.json,2026-10-03,0,0,2026-08
S26-0845,Nicolás Valentini,Fiorentina,Alavés,2026-08-07,Fee,Reported fee,2600000,Source quote; base/add-on treatment unspecified,Serie A,La Liga,Defender,New to workbook,,,,,https://www.theguardian.com/football/ng-interactive/2026/sep/01/mens-transfer-window-summer-2026-all-deals-from-europes-top-five-leagues,https://interactive.guim.co.uk/2024/07/transfers/men-summer-2026.json,2026-10-03,1,1,2026-08
S26-0846,Alexis Olmedo,Barcelona,Celta Vigo,2026-08-05,Undisclosed fee,Undisclosed,,No numeric source quote,La Liga,La Liga,Defender,New to workbook,,,,,https://www.theguardian.com/football/ng-interactive/2026/sep/01/mens-transfer-window-summer-2026-all-deals-from-europes-top-five-leagues,https://interactive.guim.co.uk/2024/07/transfers/men-summer-2026.json,2026-10-03,0,0,2026-08
S26-0847,Radek Vitek,Manchester United,Middlesbrough,2026-08-08,Fee,Reported fee,14000000,Source quote; base/add-on treatment unspecified,Premier League,Outside top five / unattached,Goalkeeper,New to workbook,,,,,https://www.theguardian.com/football/ng-interactive/2026/sep/01/mens-transfer-window-summer-2026-all-deals-from-europes-top-five-leagues,https://interactive.guim.co.uk/2024/07/transfers/men-summer-2026.json,2026-10-03,1,1,2026-08
S26-0848,Daniel Mikolajewski,Parma,FC Luzern,2026-08-06,Loan,Loan fee not stated,,No numeric source quote,Serie A,Outside top five / unattached,Forward,New to workbook,,,,Blank quote does not mean zero loan fee,https://www.theguardian.com/football/ng-interactive/2026/sep/01/mens-transfer-window-summer-2026-all-deals-from-europes-top-five-leagues,https://interactive.guim.co.uk/2024/07/transfers/men-summer-2026.json,2026-10-03,0,0,2026-08
S26-0849,Thiago Almada,Atlético Madrid,River Plate,2026-08-08,Fee,Reported fee,17200000,Source quote; base/add-on treatment unspecified,La Liga,Outside top five / unattached,Midfielder,New to workbook,,,,,https://www.theguardian.com/football/ng-interactive/2026/sep/01/mens-transfer-window-summer-2026-all-deals-from-europes-top-five-leagues,https://interactive.guim.co.uk/2024/07/transfers/men-summer-2026.json,2026-10-03,1,1,2026-08
S26-0850,Jay Robinson,Southampton,Monza,2026-08-07,Loan,Loan fee not stated,,No numeric source quote,Outside top five / unattached,Serie A,Winger,New to workbook,,,,Blank quote does not mean zero loan fee,https://www.theguardian.com/football/ng-interactive/2026/sep/01/mens-transfer-window-summer-2026-all-deals-from-europes-top-five-leagues,https://interactive.guim.co.uk/2024/07/transfers/men-summer-2026.json,2026-10-03,0,0,2026-08
S26-0852,Noah Nsoki,Paris Saint-Germain,Dinamo Zagreb,2026-08-08,Undisclosed fee,Undisclosed,,No numeric source quote,Ligue 1,Outside top five / unattached,Winger,New to workbook,,,,,https://www.theguardian.com/football/ng-interactive/2026/sep/01/mens-transfer-window-summer-2026-all-deals-from-europes-top-five-leagues,https://interactive.guim.co.uk/2024/07/transfers/men-summer-2026.json,2026-10-03,0,0,2026-08
S26-0853,Jahnoah Markelo,Coventry City,Shabab Al-Ahli,2026-08-08,Undisclosed fee,Undisclosed,,No numeric source quote,Premier League,Outside top five / unattached,Winger,New to workbook,,,,,https://www.theguardian.com/football/ng-interactive/2026/sep/01/mens-transfer-window-summer-2026-all-deals-from-europes-top-five-leagues,https://interactive.guim.co.uk/2024/07/transfers/men-summer-2026.json,2026-10-03,0,0,2026-08
S26-0854,Noah Mbamba,Bayer Leverkusen,Lorient,2026-08-08,Loan,Loan fee not stated,,No numeric source quote,Bundesliga,Ligue 1,Midfielder,New to workbook,,,,Blank quote does not mean zero loan fee,https://www.theguardian.com/football/ng-interactive/2026/sep/01/mens-transfer-window-summer-2026-all-deals-from-europes-top-five-leagues,https://interactive.guim.co.uk/2024/07/transfers/men-summer-2026.json,2026-10-03,0,0,2026-08
S26-0855,Sergi Roberto,Como 1907,LA Galaxy,2026-08-08,Free,Free transfer,,Free base transfer; other costs not represented,Serie A,Outside top five / unattached,Midfielder,New to workbook,,,,,https://www.theguardian.com/football/ng-interactive/2026/sep/01/mens-transfer-window-summer-2026-all-deals-from-europes-top-five-leagues,https://interactive.guim.co.uk/2024/07/transfers/men-summer-2026.json,2026-10-03,0,0,2026-08
S26-0856,Yusuf Kabadayi,Augsburg,Rijeka,2026-08-09,Loan,Loan fee not stated,,No numeric source quote,Bundesliga,Outside top five / unattached,Winger,New to workbook,,,,Blank quote does not mean zero loan fee,https://www.theguardian.com/football/ng-interactive/2026/sep/01/mens-transfer-window-summer-2026-all-deals-from-europes-top-five-leagues,https://interactive.guim.co.uk/2024/07/transfers/men-summer-2026.json,2026-10-03,0,0,2026-08
S26-0857,Mauro Zalazar,Schalke 04,Kustosija Zagreb,2026-08-07,Undisclosed fee,Undisclosed,,No numeric source quote,Bundesliga,Outside top five / unattached,Midfielder,New to workbook,,,,,https://www.theguardian.com/football/ng-interactive/2026/sep/01/mens-transfer-window-summer-2026-all-deals-from-europes-top-five-leagues,https://interactive.guim.co.uk/2024/07/transfers/men-summer-2026.json,2026-10-03,0,0,2026-08
S26-0858,Daniel Maldini,Atalanta,Cagliari,2026-08-09,Loan,Loan fee not stated,,No numeric source quote,Serie A,Serie A,Midfielder,New to workbook,,,,Future purchase conditions mentioned; Blank quote does not mean zero loan fee,https://www.theguardian.com/football/ng-interactive/2026/sep/01/mens-transfer-window-summer-2026-all-deals-from-europes-top-five-leagues,https://interactive.guim.co.uk/2024/07/transfers/men-summer-2026.json,2026-10-03,0,0,2026-08
S26-0859,Mario Domínguez,Valencia,Excelsior,2026-08-08,Loan,Loan fee not stated,,No numeric source quote,La Liga,Outside top five / unattached,Forward,New to workbook,,,,Future purchase conditions mentioned; Blank quote does not mean zero loan fee,https://www.theguardian.com/football/ng-interactive/2026/sep/01/mens-transfer-window-summer-2026-all-deals-from-europes-top-five-leagues,https://interactive.guim.co.uk/2024/07/transfers/men-summer-2026.json,2026-10-03,0,0,2026-08
S26-0860,Ahmed Sidibé,Venezia,Vitória de Guimarães,2026-08-06,Loan,Loan fee not stated,,No numeric source quote,Serie A,Outside top five / unattached,Defender,New to workbook,,,,Future purchase conditions mentioned; Blank quote does not mean zero loan fee,https://www.theguardian.com/football/ng-interactive/2026/sep/01/mens-transfer-window-summer-2026-all-deals-from-europes-top-five-leagues,https://interactive.guim.co.uk/2024/07/transfers/men-summer-2026.json,2026-10-03,0,0,2026-08
S26-0861,Bjarki Bjarkason,Venezia,Südtirol,2026-08-07,Undisclosed fee,Undisclosed,,No numeric source quote,Serie A,Outside top five / unattached,Midfielder,New to workbook,,,,,https://www.theguardian.com/football/ng-interactive/2026/sep/01/mens-transfer-window-summer-2026-all-deals-from-europes-top-five-leagues,https://interactive.guim.co.uk/2024/07/transfers/men-summer-2026.json,2026-10-03,0,0,2026-08
S26-0862,Simone Ascione,Venezia,Vis Pesaro,2026-08-07,Undisclosed fee,Undisclosed,,No numeric source quote,Serie A,Outside top five / unattached,Winger,New to workbook,,,,,https://www.theguardian.com/football/ng-interactive/2026/sep/01/mens-transfer-window-summer-2026-all-deals-from-europes-top-five-leagues,https://interactive.guim.co.uk/2024/07/transfers/men-summer-2026.json,2026-10-03,0,0,2026-08
S26-0863,Elliot Stroud,Mjällby,Hull City,2026-08-09,Fee,Reported fee,3000000,Source quote; base/add-on treatment unspecified,Outside top five / unattached,Premier League,Defender,New to workbook,,,,,https://www.theguardian.com/football/ng-interactive/2026/sep/01/mens-transfer-window-summer-2026-all-deals-from-europes-top-five-leagues,https://interactive.guim.co.uk/2024/07/transfers/men-summer-2026.json,2026-10-03,1,1,2026-08
S26-0864,Trevoh Chalobah,Chelsea,Como 1907,2026-08-09,Fee,Reported fee,25700000,Source quote; base/add-on treatment unspecified,Premier League,Serie A,Defender,New to workbook,,,,,https://www.theguardian.com/football/ng-interactive/2026/sep/01/mens-transfer-window-summer-2026-all-deals-from-europes-top-five-leagues,https://interactive.guim.co.uk/2024/07/transfers/men-summer-2026.json,2026-10-03,1,1,2026-08
S26-0865,Lucas Digne,Aston Villa,Paris Saint-Germain,2026-08-09,Fee,Reported fee,8500000,Source quote; base/add-on treatment unspecified,Premier League,Ligue 1,Defender,New to workbook,,,,,https://www.theguardian.com/football/ng-interactive/2026/sep/01/mens-transfer-window-summer-2026-all-deals-from-europes-top-five-leagues,https://interactive.guim.co.uk/2024/07/transfers/men-summer-2026.json,2026-10-03,1,1,2026-08
S26-0866,Deniz Zeitler,Hoffenheim,Paderborn,2026-08-10,Loan,Loan fee not stated,,No numeric source quote,Bundesliga,Bundesliga,Forward,New to workbook,,,,Blank quote does not mean zero loan fee,https://www.theguardian.com/football/ng-interactive/2026/sep/01/mens-transfer-window-summer-2026-all-deals-from-europes-top-five-leagues,https://interactive.guim.co.uk/2024/07/transfers/men-summer-2026.json,2026-10-03,0,0,2026-08
S26-0867,Abu Kamara,Hull City,Portsmouth,2026-08-10,Fee,Reported fee,2500000,Source quote; base/add-on treatment unspecified,Premier League,Outside top five / unattached,Winger,New to workbook,,,,,https://www.theguardian.com/football/ng-interactive/2026/sep/01/mens-transfer-window-summer-2026-all-deals-from-europes-top-five-leagues,https://interactive.guim.co.uk/2024/07/transfers/men-summer-2026.json,2026-10-03,1,1,2026-08
S26-0868,Dzenan Pejcinovic,Wolfsburg,Stuttgart,2026-08-10,Fee,Reported fee,21400000,Source quote; base/add-on treatment unspecified,Outside top five / unattached,Bundesliga,Forward,New to workbook,,,,,https://www.theguardian.com/football/ng-interactive/2026/sep/01/mens-transfer-window-summer-2026-all-deals-from-europes-top-five-leagues,https://interactive.guim.co.uk/2024/07/transfers/men-summer-2026.json,2026-10-03,1,1,2026-08
S26-0869,Kevin Carlos,Nice,Cagliari,2026-08-10,Loan,Loan fee not stated,,No numeric source quote,Ligue 1,Serie A,Forward,New to workbook,,,,Future purchase conditions mentioned; Blank quote does not mean zero loan fee,https://www.theguardian.com/football/ng-interactive/2026/sep/01/mens-transfer-window-summer-2026-all-deals-from-europes-top-five-leagues,https://interactive.guim.co.uk/2024/07/transfers/men-summer-2026.json,2026-10-03,0,0,2026-08
S26-0870,Bara Sapoko Ndiaye,Gambinos Stars Africa,Bayern Munich,2026-08-10,Fee,Reported fee,3000000,Source quote; base/add-on treatment unspecified,Outside top five / unattached,Bundesliga,Midfielder,New to workbook,,,,,https://www.theguardian.com/football/ng-interactive/2026/sep/01/mens-transfer-window-summer-2026-all-deals-from-europes-top-five-leagues,https://interactive.guim.co.uk/2024/07/transfers/men-summer-2026.json,2026-10-03,1,1,2026-08
S26-0871,Mansour Ouro-Tagba,Cologne,Bochum,2026-08-10,Undisclosed fee,Undisclosed,,No numeric source quote,Bundesliga,Outside top five / unattached,Forward,New to workbook,,,,,https://www.theguardian.com/football/ng-interactive/2026/sep/01/mens-transfer-window-summer-2026-all-deals-from-europes-top-five-leagues,https://interactive.guim.co.uk/2024/07/transfers/men-summer-2026.json,2026-10-03,0,0,2026-08
S26-0872,Patrizio Masini,Genoa,Frosinone,2026-08-10,Loan,Loan fee not stated,,No numeric source quote,Serie A,Serie A,Midfielder,New to workbook,,,,Future purchase conditions mentioned; Blank quote does not mean zero loan fee,https://www.theguardian.com/football/ng-interactive/2026/sep/01/mens-transfer-window-summer-2026-all-deals-from-europes-top-five-leagues,https://interactive.guim.co.uk/2024/07/transfers/men-summer-2026.json,2026-10-03,0,0,2026-08
S26-0873,Valdrin Mustafa,Kickers Offenbach,Elversberg,2026-08-10,Free,Free transfer,,Free base transfer; other costs not represented,Outside top five / unattached,Bundesliga,Forward,New to workbook,,,,,https://www.theguardian.com/football/ng-interactive/2026/sep/01/mens-transfer-window-summer-2026-all-deals-from-europes-top-five-leagues,https://interactive.guim.co.uk/2024/07/transfers/men-summer-2026.json,2026-10-03,0,0,2026-08
S26-0874,Ronald Araújo,Barcelona,Liverpool,2026-08-10,Loan,Loan fee not stated,,No numeric source quote,La Liga,Premier League,Defender,New to workbook,,,,Blank quote does not mean zero loan fee,https://www.theguardian.com/football/ng-interactive/2026/sep/01/mens-transfer-window-summer-2026-all-deals-from-europes-top-five-leagues,https://interactive.guim.co.uk/2024/07/transfers/men-summer-2026.json,2026-10-03,0,0,2026-08
S26-0875,Manor Solomon,Tottenham Hotspur,West Ham United,2026-08-10,Fee,Reported fee,5000000,Source quote; base/add-on treatment unspecified,Premier League,Outside top five / unattached,Winger,New to workbook,,,,,https://www.theguardian.com/football/ng-interactive/2026/sep/01/mens-transfer-window-summer-2026-all-deals-from-europes-top-five-leagues,https://interactive.guim.co.uk/2024/07/transfers/men-summer-2026.json,2026-10-03,1,1,2026-08
S26-0876,Giuseppe Aurelio,Spezia,Cagliari,2026-08-10,Fee,Reported fee,700000,Source quote; base/add-on treatment unspecified,Outside top five / unattached,Serie A,Defender,New to workbook,,,,,https://www.theguardian.com/football/ng-interactive/2026/sep/01/mens-transfer-window-summer-2026-all-deals-from-europes-top-five-leagues,https://interactive.guim.co.uk/2024/07/transfers/men-summer-2026.json,2026-10-03,1,1,2026-08
S26-0877,Aymen Zouin,Inter,Parma,2026-08-10,Undisclosed fee,Undisclosed,,No numeric source quote,Serie A,Serie A,Forward,New to workbook,,,,,https://www.theguardian.com/football/ng-interactive/2026/sep/01/mens-transfer-window-summer-2026-all-deals-from-europes-top-five-leagues,https://interactive.guim.co.uk/2024/07/transfers/men-summer-2026.json,2026-10-03,0,0,2026-08
S26-0878,Arthur Masuaku,Sunderland,Konyaspor,2026-08-10,Free,Free transfer,,Free base transfer; other costs not represented,Premier League,Outside top five / unattached,Defender,New to workbook,,,,,https://www.theguardian.com/football/ng-interactive/2026/sep/01/mens-transfer-window-summer-2026-all-deals-from-europes-top-five-leagues,https://interactive.guim.co.uk/2024/07/transfers/men-summer-2026.json,2026-10-03,0,0,2026-08
S26-0879,Julen Agirrezabala,Athletic Club,Racing Santander,2026-08-10,Undisclosed fee,Undisclosed,,No numeric source quote,La Liga,La Liga,Goalkeeper,New to workbook,,,,,https://www.theguardian.com/football/ng-interactive/2026/sep/01/mens-transfer-window-summer-2026-all-deals-from-europes-top-five-leagues,https://interactive.guim.co.uk/2024/07/transfers/men-summer-2026.json,2026-10-03,0,0,2026-08
S26-0880,Joan Jordán,Sevilla,Estrela Amadora,2026-08-10,Free,Free transfer,,Free base transfer; other costs not represented,La Liga,Outside top five / unattached,Midfielder,New to workbook,,,,,https://www.theguardian.com/football/ng-interactive/2026/sep/01/mens-transfer-window-summer-2026-all-deals-from-europes-top-five-leagues,https://interactive.guim.co.uk/2024/07/transfers/men-summer-2026.json,2026-10-03,0,0,2026-08
S26-0881,Alberto Flores,Sevilla,Granada,2026-08-10,Free,Free transfer,,Free base transfer; other costs not represented,La Liga,Outside top five / unattached,Goalkeeper,New to workbook,,,,,https://www.theguardian.com/football/ng-interactive/2026/sep/01/mens-transfer-window-summer-2026-all-deals-from-europes-top-five-leagues,https://interactive.guim.co.uk/2024/07/transfers/men-summer-2026.json,2026-10-03,0,0,2026-08
S26-0882,Giovanni Bonfanti,Atalanta,Las Palmas,2026-08-10,Loan,Loan fee not stated,,No numeric source quote,Serie A,Outside top five / unattached,Defender,New to workbook,,,,Future purchase conditions mentioned; Blank quote does not mean zero loan fee,https://www.theguardian.com/football/ng-interactive/2026/sep/01/mens-transfer-window-summer-2026-all-deals-from-europes-top-five-leagues,https://interactive.guim.co.uk/2024/07/transfers/men-summer-2026.json,2026-10-03,0,0,2026-08
S26-0883,Ousmane Diomande,Sporting,Nottingham Forest,2026-08-11,Fee,Reported fee,34200000,Source quote; base/add-on treatment unspecified,Outside top five / unattached,Premier League,Defender,New to workbook,,,,,https://www.theguardian.com/football/ng-interactive/2026/sep/01/mens-transfer-window-summer-2026-all-deals-from-europes-top-five-leagues,https://interactive.guim.co.uk/2024/07/transfers/men-summer-2026.json,2026-10-03,1,1,2026-08
S26-0884,Shea Charles,Southampton,Fulham,2026-08-11,Fee,Reported fee,30000000,Source quote; base/add-on treatment unspecified,Outside top five / unattached,Premier League,Midfielder,New to workbook,,,,,https://www.theguardian.com/football/ng-interactive/2026/sep/01/mens-transfer-window-summer-2026-all-deals-from-europes-top-five-leagues,https://interactive.guim.co.uk/2024/07/transfers/men-summer-2026.json,2026-10-03,1,1,2026-08
S26-0885,Filip Jörgensen,Chelsea,Strasbourg,2026-08-11,Loan,Loan fee not stated,,No numeric source quote,Premier League,Ligue 1,Goalkeeper,New to workbook,,,,Blank quote does not mean zero loan fee,https://www.theguardian.com/football/ng-interactive/2026/sep/01/mens-transfer-window-summer-2026-all-deals-from-europes-top-five-leagues,https://interactive.guim.co.uk/2024/07/transfers/men-summer-2026.json,2026-10-03,0,0,2026-08
S26-0886,Brennan Johnson,Crystal Palace,Everton,2026-08-11,Swap,Swap,,No numeric source quote,Premier League,Premier League,Forward,New to workbook,,,,,https://www.theguardian.com/football/ng-interactive/2026/sep/01/mens-transfer-window-summer-2026-all-deals-from-europes-top-five-leagues,https://interactive.guim.co.uk/2024/07/transfers/men-summer-2026.json,2026-10-03,0,0,2026-08
S26-0887,Dwight McNeil,Everton,Crystal Palace,2026-08-11,Swap,Swap,,No numeric source quote,Premier League,Premier League,Winger,New to workbook,,,,,https://www.theguardian.com/football/ng-interactive/2026/sep/01/mens-transfer-window-summer-2026-all-deals-from-europes-top-five-leagues,https://interactive.guim.co.uk/2024/07/transfers/men-summer-2026.json,2026-10-03,0,0,2026-08
S26-0888,Alex Murphy,Newcastle United,Kaiserslautern,2026-08-11,Loan,Loan fee not stated,,No numeric source quote,Premier League,Outside top five / unattached,Defender,New to workbook,,,,Blank quote does not mean zero loan fee,https://www.theguardian.com/football/ng-interactive/2026/sep/01/mens-transfer-window-summer-2026-all-deals-from-europes-top-five-leagues,https://interactive.guim.co.uk/2024/07/transfers/men-summer-2026.json,2026-10-03,0,0,2026-08
S26-0889,Divin Mubama,Manchester City,Southampton,2026-08-11,Loan,Loan fee not stated,,No numeric source quote,Premier League,Outside top five / unattached,Forward,New to workbook,,,,Blank quote does not mean zero loan fee,https://www.theguardian.com/football/ng-interactive/2026/sep/01/mens-transfer-window-summer-2026-all-deals-from-europes-top-five-leagues,https://interactive.guim.co.uk/2024/07/transfers/men-summer-2026.json,2026-10-03,0,0,2026-08
S26-0890,Berat Djimsiti,Atalanta,Al-Diriyah,2026-08-10,Fee,Reported fee,2600000,Source quote; base/add-on treatment unspecified,Serie A,Outside top five / unattached,Defender,New to workbook,,,,,https://www.theguardian.com/football/ng-interactive/2026/sep/01/mens-transfer-window-summer-2026-all-deals-from-europes-top-five-leagues,https://interactive.guim.co.uk/2024/07/transfers/men-summer-2026.json,2026-10-03,1,1,2026-08
S26-0891,Robbie Ure,Sirius,Sevilla,2026-08-11,Fee,Reported fee,5600000,Source quote; base/add-on treatment unspecified,Outside top five / unattached,La Liga,Forward,New to workbook,,,,,https://www.theguardian.com/football/ng-interactive/2026/sep/01/mens-transfer-window-summer-2026-all-deals-from-europes-top-five-leagues,https://interactive.guim.co.uk/2024/07/transfers/men-summer-2026.json,2026-10-03,1,1,2026-08
S26-0892,Carlos Domínguez,Celta Vigo,Real Oviedo,2026-08-11,Loan,Loan fee not stated,,No numeric source quote,La Liga,Outside top five / unattached,Defender,New to workbook,,,,Blank quote does not mean zero loan fee,https://www.theguardian.com/football/ng-interactive/2026/sep/01/mens-transfer-window-summer-2026-all-deals-from-europes-top-five-leagues,https://interactive.guim.co.uk/2024/07/transfers/men-summer-2026.json,2026-10-03,0,0,2026-08
S26-0894,Ishé Samuels-Smith,Chelsea,Notts County,2026-08-11,Loan,Loan fee not stated,,No numeric source quote,Premier League,Outside top five / unattached,Defender,New to workbook,,,,Blank quote does not mean zero loan fee,https://www.theguardian.com/football/ng-interactive/2026/sep/01/mens-transfer-window-summer-2026-all-deals-from-europes-top-five-leagues,https://interactive.guim.co.uk/2024/07/transfers/men-summer-2026.json,2026-10-03,0,0,2026-08
S26-0895,Roman Dixon,Everton,Walsall,2026-08-11,Free,Free transfer,,Free base transfer; other costs not represented,Premier League,Outside top five / unattached,Defender,New to workbook,,,,,https://www.theguardian.com/football/ng-interactive/2026/sep/01/mens-transfer-window-summer-2026-all-deals-from-europes-top-five-leagues,https://interactive.guim.co.uk/2024/07/transfers/men-summer-2026.json,2026-10-03,0,0,2026-08
S26-0896,Facundo Medina,Marseille,Bayer Leverkusen,2026-08-11,Fee,Reported fee,19700000,Source quote; base/add-on treatment unspecified,Ligue 1,Bundesliga,Defender,New to workbook,,,,,https://www.theguardian.com/football/ng-interactive/2026/sep/01/mens-transfer-window-summer-2026-all-deals-from-europes-top-five-leagues,https://interactive.guim.co.uk/2024/07/transfers/men-summer-2026.json,2026-10-03,1,1,2026-08
S26-0897,Christian Corradi,Verona,Juventus,2026-08-11,Loan,Loan fee not stated,,No numeric source quote,Outside top five / unattached,Serie A,Forward,New to workbook,,,,Blank quote does not mean zero loan fee,https://www.theguardian.com/football/ng-interactive/2026/sep/01/mens-transfer-window-summer-2026-all-deals-from-europes-top-five-leagues,https://interactive.guim.co.uk/2024/07/transfers/men-summer-2026.json,2026-10-03,0,0,2026-08
S26-0898,Hugo López,Villarreal,FC Andorra,2026-08-11,Loan,Loan fee not stated,,No numeric source quote,La Liga,Outside top five / unattached,Forward,New to workbook,,,,Blank quote does not mean zero loan fee,https://www.theguardian.com/football/ng-interactive/2026/sep/01/mens-transfer-window-summer-2026-all-deals-from-europes-top-five-leagues,https://interactive.guim.co.uk/2024/07/transfers/men-summer-2026.json,2026-10-03,0,0,2026-08
S26-0899,Gerónimo Rulli,Marseille,Manchester City,2026-08-12,Fee,Reported fee,1700000,Source quote; base/add-on treatment unspecified,Ligue 1,Premier League,Goalkeeper,New to workbook,,,,,https://www.theguardian.com/football/ng-interactive/2026/sep/01/mens-transfer-window-summer-2026-all-deals-from-europes-top-five-leagues,https://interactive.guim.co.uk/2024/07/transfers/men-summer-2026.json,2026-10-03,1,1,2026-08
S26-0900,Pep Chavarría,Rayo Vallecano,Chelsea,2026-08-12,Fee,Reported fee,16300000,Source quote; base/add-on treatment unspecified,La Liga,Premier League,Defender,New to workbook,,,,,https://www.theguardian.com/football/ng-interactive/2026/sep/01/mens-transfer-window-summer-2026-all-deals-from-europes-top-five-leagues,https://interactive.guim.co.uk/2024/07/transfers/men-summer-2026.json,2026-10-03,1,1,2026-08
S26-0901,Gautier Lloris,Le Havre,Brest,2026-08-12,Free,Free transfer,,Free base transfer; other costs not represented,Ligue 1,Ligue 1,Defender,New to workbook,,,,,https://www.theguardian.com/football/ng-interactive/2026/sep/01/mens-transfer-window-summer-2026-all-deals-from-europes-top-five-leagues,https://interactive.guim.co.uk/2024/07/transfers/men-summer-2026.json,2026-10-03,0,0,2026-08
S26-0902,Evann Guessand,Aston Villa,Crystal Palace,2026-08-12,Loan,Loan fee not stated,,No numeric source quote,Premier League,Premier League,Forward,New to workbook,,,,Future purchase conditions mentioned; Blank quote does not mean zero loan fee,https://www.theguardian.com/football/ng-interactive/2026/sep/01/mens-transfer-window-summer-2026-all-deals-from-europes-top-five-leagues,https://interactive.guim.co.uk/2024/07/transfers/men-summer-2026.json,2026-10-03,0,0,2026-08
S26-0903,Diego Rico,Getafe,Osasuna,2026-08-12,Free,Free transfer,,Free base transfer; other costs not represented,La Liga,La Liga,Defender,New to workbook,,,,,https://www.theguardian.com/football/ng-interactive/2026/sep/01/mens-transfer-window-summer-2026-all-deals-from-europes-top-five-leagues,https://interactive.guim.co.uk/2024/07/transfers/men-summer-2026.json,2026-10-03,0,0,2026-08
S26-0904,Gustavo Hamer,Sheffield United,Coventry City,2026-08-12,Fee,Reported fee,6000000,Source quote; base/add-on treatment unspecified,Outside top five / unattached,Premier League,Midfielder,New to workbook,,,,,https://www.theguardian.com/football/ng-interactive/2026/sep/01/mens-transfer-window-summer-2026-all-deals-from-europes-top-five-leagues,https://interactive.guim.co.uk/2024/07/transfers/men-summer-2026.json,2026-10-03,1,1,2026-08
S26-0905,Nahuel Molina,Atlético Madrid,Roma,2026-08-12,Fee,Reported fee,11100000,Source quote; base/add-on treatment unspecified,La Liga,Serie A,Defender,New to workbook,,,,,https://www.theguardian.com/football/ng-interactive/2026/sep/01/mens-transfer-window-summer-2026-all-deals-from-europes-top-five-leagues,https://interactive.guim.co.uk/2024/07/transfers/men-summer-2026.json,2026-10-03,1,1,2026-08
S26-0906,Stefan Posch,Como 1907,Mainz 05,2026-08-12,Fee,Reported fee,3400000,Source quote; base/add-on treatment unspecified,Serie A,Bundesliga,Defender,New to workbook,,,,,https://www.theguardian.com/football/ng-interactive/2026/sep/01/mens-transfer-window-summer-2026-all-deals-from-europes-top-five-leagues,https://interactive.guim.co.uk/2024/07/transfers/men-summer-2026.json,2026-10-03,1,1,2026-08
S26-0907,Lucas Herrington,Colorado Rapids,Hull City,2026-08-12,Fee,Reported fee,17100000,Source quote; base/add-on treatment unspecified,Outside top five / unattached,Premier League,Defender,New to workbook,,,,,https://www.theguardian.com/football/ng-interactive/2026/sep/01/mens-transfer-window-summer-2026-all-deals-from-europes-top-five-leagues,https://interactive.guim.co.uk/2024/07/transfers/men-summer-2026.json,2026-10-03,1,1,2026-08
S26-0908,Romelu Lukaku,Napoli,Fenerbahce,2026-08-12,Fee,Reported fee,5100000,Source quote; base/add-on treatment unspecified,Serie A,Outside top five / unattached,Forward,New to workbook,,,,,https://www.theguardian.com/football/ng-interactive/2026/sep/01/mens-transfer-window-summer-2026-all-deals-from-europes-top-five-leagues,https://interactive.guim.co.uk/2024/07/transfers/men-summer-2026.json,2026-10-03,1,1,2026-08
S26-0909,Nobel Mendy,Rayo Vallecano,Hull City,2026-08-12,Fee,Reported fee,20000000,Source quote; base/add-on treatment unspecified,La Liga,Premier League,Defender,New to workbook,,,,,https://www.theguardian.com/football/ng-interactive/2026/sep/01/mens-transfer-window-summer-2026-all-deals-from-europes-top-five-leagues,https://interactive.guim.co.uk/2024/07/transfers/men-summer-2026.json,2026-10-03,1,1,2026-08
S26-0910,Yang Min-hyeok,Tottenham Hotspur,Westerlo,2026-08-12,Loan,Loan fee not stated,,No numeric source quote,Premier League,Outside top five / unattached,Winger,New to workbook,,,,Blank quote does not mean zero loan fee,https://www.theguardian.com/football/ng-interactive/2026/sep/01/mens-transfer-window-summer-2026-all-deals-from-europes-top-five-leagues,https://interactive.guim.co.uk/2024/07/transfers/men-summer-2026.json,2026-10-03,0,0,2026-08
S26-0911,Anthony Patterson,Sunderland,Wrexham,2026-08-11,Fee,Reported fee,8000000,Source quote; base/add-on treatment unspecified,Premier League,Outside top five / unattached,Goalkeeper,New to workbook,,,,,https://www.theguardian.com/football/ng-interactive/2026/sep/01/mens-transfer-window-summer-2026-all-deals-from-europes-top-five-leagues,https://interactive.guim.co.uk/2024/07/transfers/men-summer-2026.json,2026-10-03,1,1,2026-08
S26-0912,Leo Hjelde,Sunderland,Mechelen,2026-08-11,Undisclosed fee,Undisclosed,,No numeric source quote,Premier League,Outside top five / unattached,Defender,New to workbook,,,,,https://www.theguardian.com/football/ng-interactive/2026/sep/01/mens-transfer-window-summer-2026-all-deals-from-europes-top-five-leagues,https://interactive.guim.co.uk/2024/07/transfers/men-summer-2026.json,2026-10-03,0,0,2026-08
S26-0913,Alexis Sánchez,Sevilla,CF Montréal,2026-08-11,Free,Free transfer,,Free base transfer; other costs not represented,La Liga,Outside top five / unattached,Forward,New to workbook,,,,,https://www.theguardian.com/football/ng-interactive/2026/sep/01/mens-transfer-window-summer-2026-all-deals-from-europes-top-five-leagues,https://interactive.guim.co.uk/2024/07/transfers/men-summer-2026.json,2026-10-03,0,0,2026-08
S26-0914,Kauã Prates,Cruzeiro,Borussia Dortmund,2026-08-12,Fee,Reported fee,6000000,Source quote; base/add-on treatment unspecified,Outside top five / unattached,Bundesliga,Defender,New to workbook,,,,,https://www.theguardian.com/football/ng-interactive/2026/sep/01/mens-transfer-window-summer-2026-all-deals-from-europes-top-five-leagues,https://interactive.guim.co.uk/2024/07/transfers/men-summer-2026.json,2026-10-03,1,1,2026-08
S26-0915,Benjamín Domínguez,Bologna,Sassuolo,2026-08-11,Loan,Loan fee not stated,,No numeric source quote,Serie A,Serie A,Winger,New to workbook,,,,Blank quote does not mean zero loan fee,https://www.theguardian.com/football/ng-interactive/2026/sep/01/mens-transfer-window-summer-2026-all-deals-from-europes-top-five-leagues,https://interactive.guim.co.uk/2024/07/transfers/men-summer-2026.json,2026-10-03,0,0,2026-08
S26-0916,Thiago Fernández,Villarreal,Levante,2026-08-11,Loan,Loan fee not stated,,No numeric source quote,La Liga,La Liga,Winger,New to workbook,,,,Blank quote does not mean zero loan fee,https://www.theguardian.com/football/ng-interactive/2026/sep/01/mens-transfer-window-summer-2026-all-deals-from-europes-top-five-leagues,https://interactive.guim.co.uk/2024/07/transfers/men-summer-2026.json,2026-10-03,0,0,2026-08
S26-0917,Riccardo Braschi,Fiorentina,Thun,2026-08-11,Fee,Reported fee,900000,Source quote; base/add-on treatment unspecified,Serie A,Outside top five / unattached,Forward,New to workbook,,,,,https://www.theguardian.com/football/ng-interactive/2026/sep/01/mens-transfer-window-summer-2026-all-deals-from-europes-top-five-leagues,https://interactive.guim.co.uk/2024/07/transfers/men-summer-2026.json,2026-10-03,1,1,2026-08
S26-0918,Justin Kumi,Sassuolo,Juve Stabia,2026-08-11,Loan,Loan fee not stated,,No numeric source quote,Serie A,Outside top five / unattached,Midfielder,New to workbook,,,,Blank quote does not mean zero loan fee,https://www.theguardian.com/football/ng-interactive/2026/sep/01/mens-transfer-window-summer-2026-all-deals-from-europes-top-five-leagues,https://interactive.guim.co.uk/2024/07/transfers/men-summer-2026.json,2026-10-03,0,0,2026-08
S26-0919,Enzo Molebe,Lyon,Lausanne,2026-08-11,Loan,Loan fee not stated,,No numeric source quote,Ligue 1,Outside top five / unattached,Forward,New to workbook,,,,Blank quote does not mean zero loan fee,https://www.theguardian.com/football/ng-interactive/2026/sep/01/mens-transfer-window-summer-2026-all-deals-from-europes-top-five-leagues,https://interactive.guim.co.uk/2024/07/transfers/men-summer-2026.json,2026-10-03,0,0,2026-08
S26-0920,Dusan Vlahovic,Juventus,Besiktas,2026-08-12,Free,Free transfer,,Free base transfer; other costs not represented,Serie A,Outside top five / unattached,Forward,New to workbook,,,,,https://www.theguardian.com/football/ng-interactive/2026/sep/01/mens-transfer-window-summer-2026-all-deals-from-europes-top-five-leagues,https://interactive.guim.co.uk/2024/07/transfers/men-summer-2026.json,2026-10-03,0,0,2026-08
S26-0921,Dennis Cirkin,Sunderland,QPR,2026-08-12,Free,Free transfer,,Free base transfer; other costs not represented,Premier League,Outside top five / unattached,Defender,New to workbook,,,,,https://www.theguardian.com/football/ng-interactive/2026/sep/01/mens-transfer-window-summer-2026-all-deals-from-europes-top-five-leagues,https://interactive.guim.co.uk/2024/07/transfers/men-summer-2026.json,2026-10-03,0,0,2026-08
S26-0922,Giorgi Tsitaishvili,Dynamo Kyiv,Rayo Vallecano,2026-08-13,Free,Free transfer,,Free base transfer; other costs not represented,Outside top five / unattached,La Liga,Winger,New to workbook,,,,,https://www.theguardian.com/football/ng-interactive/2026/sep/01/mens-transfer-window-summer-2026-all-deals-from-europes-top-five-leagues,https://interactive.guim.co.uk/2024/07/transfers/men-summer-2026.json,2026-10-03,0,0,2026-08
S26-0923,Romano Schmid,Werder Bremen,Frosinone,2026-08-12,Fee,Reported fee,7300000,Source quote; base/add-on treatment unspecified,Bundesliga,Serie A,Midfielder,New to workbook,,,,,https://www.theguardian.com/football/ng-interactive/2026/sep/01/mens-transfer-window-summer-2026-all-deals-from-europes-top-five-leagues,https://interactive.guim.co.uk/2024/07/transfers/men-summer-2026.json,2026-10-03,1,1,2026-08
S26-0924,Florian Grillitsch,Braga,Frosinone,2026-08-12,Free,Free transfer,,Free base transfer; other costs not represented,Outside top five / unattached,Serie A,Midfielder,New to workbook,,,,,https://www.theguardian.com/football/ng-interactive/2026/sep/01/mens-transfer-window-summer-2026-all-deals-from-europes-top-five-leagues,https://interactive.guim.co.uk/2024/07/transfers/men-summer-2026.json,2026-10-03,0,0,2026-08
S26-0925,Franjo Ivanovic,Benfica,Lens,2026-08-12,Loan,Loan fee not stated,,No numeric source quote,Outside top five / unattached,Ligue 1,Forward,New to workbook,,,,Blank quote does not mean zero loan fee,https://www.theguardian.com/football/ng-interactive/2026/sep/01/mens-transfer-window-summer-2026-all-deals-from-europes-top-five-leagues,https://interactive.guim.co.uk/2024/07/transfers/men-summer-2026.json,2026-10-03,0,0,2026-08
S26-0926,Othniël Raterink,Cagliari,ADO Den Haag,2026-08-12,Loan,Loan fee not stated,,No numeric source quote,Serie A,Outside top five / unattached,Defender,New to workbook,,,,Blank quote does not mean zero loan fee,https://www.theguardian.com/football/ng-interactive/2026/sep/01/mens-transfer-window-summer-2026-all-deals-from-europes-top-five-leagues,https://interactive.guim.co.uk/2024/07/transfers/men-summer-2026.json,2026-10-03,0,0,2026-08
S26-0927,Federico Gattoni,Sevilla,Ascoli,2026-08-12,Undisclosed fee,Undisclosed,,No numeric source quote,La Liga,Outside top five / unattached,Forward,New to workbook,,,,,https://www.theguardian.com/football/ng-interactive/2026/sep/01/mens-transfer-window-summer-2026-all-deals-from-europes-top-five-leagues,https://interactive.guim.co.uk/2024/07/transfers/men-summer-2026.json,2026-10-03,0,0,2026-08
S26-0928,Noam Obougou,Le Havre,Nancy,2026-08-12,Loan,Loan fee not stated,,No numeric source quote,Ligue 1,Outside top five / unattached,Forward,New to workbook,,,,Blank quote does not mean zero loan fee,https://www.theguardian.com/football/ng-interactive/2026/sep/01/mens-transfer-window-summer-2026-all-deals-from-europes-top-five-leagues,https://interactive.guim.co.uk/2024/07/transfers/men-summer-2026.json,2026-10-03,0,0,2026-08
S26-0929,Ethan Williams,Manchester United,Peterborough,2026-08-13,Undisclosed fee,Undisclosed,,No numeric source quote,Premier League,Outside top five / unattached,Winger,New to workbook,,,,,https://www.theguardian.com/football/ng-interactive/2026/sep/01/mens-transfer-window-summer-2026-all-deals-from-europes-top-five-leagues,https://interactive.guim.co.uk/2024/07/transfers/men-summer-2026.json,2026-10-03,0,0,2026-08
S26-0930,Marco Romano,Genoa,Novara,2026-08-12,Loan,Loan fee not stated,,No numeric source quote,Serie A,Outside top five / unattached,Midfielder,New to workbook,,,,Blank quote does not mean zero loan fee,https://www.theguardian.com/football/ng-interactive/2026/sep/01/mens-transfer-window-summer-2026-all-deals-from-europes-top-five-leagues,https://interactive.guim.co.uk/2024/07/transfers/men-summer-2026.json,2026-10-03,0,0,2026-08
S26-0931,Mamady Diambou,Red Bull Salzburg,Brest,2026-08-13,Undisclosed fee,Undisclosed,,No numeric source quote,Outside top five / unattached,Ligue 1,Midfielder,New to workbook,,,,,https://www.theguardian.com/football/ng-interactive/2026/sep/01/mens-transfer-window-summer-2026-all-deals-from-europes-top-five-leagues,https://interactive.guim.co.uk/2024/07/transfers/men-summer-2026.json,2026-10-03,0,0,2026-08
S26-0932,Mika Baur,Paderborn,Celtic,2026-08-13,Fee,Reported fee,6800000,Source quote; base/add-on treatment unspecified,Bundesliga,Outside top five / unattached,Midfielder,New to workbook,,,,,https://www.theguardian.com/football/ng-interactive/2026/sep/01/mens-transfer-window-summer-2026-all-deals-from-europes-top-five-leagues,https://interactive.guim.co.uk/2024/07/transfers/men-summer-2026.json,2026-10-03,1,1,2026-08
S26-0933,Enes Unal,Bournemouth,Getafe,2026-08-13,Free,Free transfer,,Free base transfer; other costs not represented,Premier League,La Liga,Forward,New to workbook,,,,Add-ons/bonuses mentioned; See Fee_Components,https://www.theguardian.com/football/ng-interactive/2026/sep/01/mens-transfer-window-summer-2026-all-deals-from-europes-top-five-leagues,https://interactive.guim.co.uk/2024/07/transfers/men-summer-2026.json,2026-10-03,0,0,2026-08
S26-0934,Roberto Piccoli,Fiorentina,Bologna,2026-08-13,Loan,Loan fee not stated,,No numeric source quote,Serie A,Serie A,Forward,New to workbook,,,,Future purchase conditions mentioned; Blank quote does not mean zero loan fee; See Fee_Components,https://www.theguardian.com/football/ng-interactive/2026/sep/01/mens-transfer-window-summer-2026-all-deals-from-europes-top-five-leagues,https://interactive.guim.co.uk/2024/07/transfers/men-summer-2026.json,2026-10-03,0,0,2026-08
S26-0935,Mateo Pellegrino,Parma,Fiorentina,2026-08-13,Fee,Reported fee,19200000,Source quote; base/add-on treatment unspecified,Serie A,Serie A,Forward,New to workbook,,,,,https://www.theguardian.com/football/ng-interactive/2026/sep/01/mens-transfer-window-summer-2026-all-deals-from-europes-top-five-leagues,https://interactive.guim.co.uk/2024/07/transfers/men-summer-2026.json,2026-10-03,1,1,2026-08
S26-0936,Thomas Kristensen,Udinese,Atalanta,2026-08-13,Loan,Loan fee not stated,,No numeric source quote,Serie A,Serie A,Defender,New to workbook,,,,Future purchase conditions mentioned; Blank quote does not mean zero loan fee; See Fee_Components,https://www.theguardian.com/football/ng-interactive/2026/sep/01/mens-transfer-window-summer-2026-all-deals-from-europes-top-five-leagues,https://interactive.guim.co.uk/2024/07/transfers/men-summer-2026.json,2026-10-03,0,0,2026-08
S26-0937,Gabriele Bertolini,Fiorentina,Atalanta,2026-08-12,Undisclosed fee,Undisclosed,,No numeric source quote,Serie A,Serie A,Winger,New to workbook,,,,,https://www.theguardian.com/football/ng-interactive/2026/sep/01/mens-transfer-window-summer-2026-all-deals-from-europes-top-five-leagues,https://interactive.guim.co.uk/2024/07/transfers/men-summer-2026.json,2026-10-03,0,0,2026-08
S26-0938,Johan Mojica,Mallorca,Getafe,2026-08-13,Fee,Reported fee,400000,Source quote; base/add-on treatment unspecified,Outside top five / unattached,La Liga,Defender,New to workbook,,,,,https://www.theguardian.com/football/ng-interactive/2026/sep/01/mens-transfer-window-summer-2026-all-deals-from-europes-top-five-leagues,https://interactive.guim.co.uk/2024/07/transfers/men-summer-2026.json,2026-10-03,1,1,2026-08
S26-0939,Saná Fernandes,Lazio,Juve Stabia,2026-08-13,Loan,Loan fee not stated,,No numeric source quote,Serie A,Outside top five / unattached,Winger,New to workbook,,,,Future purchase conditions mentioned; Blank quote does not mean zero loan fee,https://www.theguardian.com/football/ng-interactive/2026/sep/01/mens-transfer-window-summer-2026-all-deals-from-europes-top-five-leagues,https://interactive.guim.co.uk/2024/07/transfers/men-summer-2026.json,2026-10-03,0,0,2026-08
S26-0940,Egil Selvik,Watford,Brest,2026-08-13,Loan,Loan fee not stated,,No numeric source quote,Outside top five / unattached,Ligue 1,Goalkeeper,New to workbook,,,,Blank quote does not mean zero loan fee,https://www.theguardian.com/football/ng-interactive/2026/sep/01/mens-transfer-window-summer-2026-all-deals-from-europes-top-five-leagues,https://interactive.guim.co.uk/2024/07/transfers/men-summer-2026.json,2026-10-03,0,0,2026-08
S26-0941,Matías Pérez,Lecce,La Serena,2026-08-13,Loan,Loan fee not stated,,No numeric source quote,Serie A,Outside top five / unattached,Defender,New to workbook,,,,Blank quote does not mean zero loan fee,https://www.theguardian.com/football/ng-interactive/2026/sep/01/mens-transfer-window-summer-2026-all-deals-from-europes-top-five-leagues,https://interactive.guim.co.uk/2024/07/transfers/men-summer-2026.json,2026-10-03,0,0,2026-08
S26-0942,Tiziano Perrotta,Banfield,Elche,2026-08-13,Undisclosed fee,Undisclosed,,No numeric source quote,Outside top five / unattached,La Liga,Forward,New to workbook,,,,,https://www.theguardian.com/football/ng-interactive/2026/sep/01/mens-transfer-window-summer-2026-all-deals-from-europes-top-five-leagues,https://interactive.guim.co.uk/2024/07/transfers/men-summer-2026.json,2026-10-03,0,0,2026-08
S26-0943,Tiziano Perrotta,Elche,Defensa y Justicia,2026-08-13,Loan,Loan fee not stated,,No numeric source quote,La Liga,Outside top five / unattached,Forward,New to workbook,,,,Blank quote does not mean zero loan fee,https://www.theguardian.com/football/ng-interactive/2026/sep/01/mens-transfer-window-summer-2026-all-deals-from-europes-top-five-leagues,https://interactive.guim.co.uk/2024/07/transfers/men-summer-2026.json,2026-10-03,0,0,2026-08
S26-0944,Harry Howell,Brighton,Leicester City,2026-08-13,Loan,Loan fee not stated,,No numeric source quote,Premier League,Outside top five / unattached,Midfielder,New to workbook,,,,Blank quote does not mean zero loan fee,https://www.theguardian.com/football/ng-interactive/2026/sep/01/mens-transfer-window-summer-2026-all-deals-from-europes-top-five-leagues,https://interactive.guim.co.uk/2024/07/transfers/men-summer-2026.json,2026-10-03,0,0,2026-08
S26-0945,Armindo Sieb,Bayern Munich,Los Angeles FC,2026-08-13,Fee,Reported fee,430000,Source quote; base/add-on treatment unspecified,Bundesliga,Outside top five / unattached,Forward,New to workbook,,,,,https://www.theguardian.com/football/ng-interactive/2026/sep/01/mens-transfer-window-summer-2026-all-deals-from-europes-top-five-leagues,https://interactive.guim.co.uk/2024/07/transfers/men-summer-2026.json,2026-10-03,1,1,2026-08
S26-0946,Jacob Ondrejka,Parma,Groningen,2026-08-14,Loan,Loan fee not stated,,No numeric source quote,Serie A,Outside top five / unattached,Winger,New to workbook,,,,Blank quote does not mean zero loan fee,https://www.theguardian.com/football/ng-interactive/2026/sep/01/mens-transfer-window-summer-2026-all-deals-from-europes-top-five-leagues,https://interactive.guim.co.uk/2024/07/transfers/men-summer-2026.json,2026-10-03,0,0,2026-08
S26-0947,Aleksa Terzic,Red Bull Salzburg,Frosinone,2026-08-14,Fee,Reported fee,2100000,Source quote; base/add-on treatment unspecified,Outside top five / unattached,Serie A,Defender,New to workbook,,,,,https://www.theguardian.com/football/ng-interactive/2026/sep/01/mens-transfer-window-summer-2026-all-deals-from-europes-top-five-leagues,https://interactive.guim.co.uk/2024/07/transfers/men-summer-2026.json,2026-10-03,1,1,2026-08
S26-0948,Almugera Kabar,Borussia Dortmund,NEC Nijmegen,2026-08-14,Loan,Loan fee not stated,,No numeric source quote,Bundesliga,Outside top five / unattached,Defender,New to workbook,,,,Blank quote does not mean zero loan fee,https://www.theguardian.com/football/ng-interactive/2026/sep/01/mens-transfer-window-summer-2026-all-deals-from-europes-top-five-leagues,https://interactive.guim.co.uk/2024/07/transfers/men-summer-2026.json,2026-10-03,0,0,2026-08
S26-0949,Andréa Le Borgne,Como 1907,Verona,2026-08-14,Loan,Loan fee not stated,,No numeric source quote,Serie A,Outside top five / unattached,Midfielder,New to workbook,,,,Blank quote does not mean zero loan fee,https://www.theguardian.com/football/ng-interactive/2026/sep/01/mens-transfer-window-summer-2026-all-deals-from-europes-top-five-leagues,https://interactive.guim.co.uk/2024/07/transfers/men-summer-2026.json,2026-10-03,0,0,2026-08
S26-0950,Enis Destan,Hull City,Konyaspor,2026-08-14,Undisclosed fee,Undisclosed,,No numeric source quote,Premier League,Outside top five / unattached,Forward,New to workbook,,,,,https://www.theguardian.com/football/ng-interactive/2026/sep/01/mens-transfer-window-summer-2026-all-deals-from-europes-top-five-leagues,https://interactive.guim.co.uk/2024/07/transfers/men-summer-2026.json,2026-10-03,0,0,2026-08
S26-0951,Rayane Messi,Strasbourg,Ettifaq,2026-08-14,Loan,Loan fee not stated,,No numeric source quote,Ligue 1,Outside top five / unattached,Winger,New to workbook,,,,Blank quote does not mean zero loan fee,https://www.theguardian.com/football/ng-interactive/2026/sep/01/mens-transfer-window-summer-2026-all-deals-from-europes-top-five-leagues,https://interactive.guim.co.uk/2024/07/transfers/men-summer-2026.json,2026-10-03,0,0,2026-08
S26-0952,Flavio Russo,Sassuolo,Catania,2026-08-14,Loan,Loan fee not stated,,No numeric source quote,Serie A,Outside top five / unattached,Forward,New to workbook,,,,Blank quote does not mean zero loan fee,https://www.theguardian.com/football/ng-interactive/2026/sep/01/mens-transfer-window-summer-2026-all-deals-from-europes-top-five-leagues,https://interactive.guim.co.uk/2024/07/transfers/men-summer-2026.json,2026-10-03,0,0,2026-08
S26-0953,Fabio Baldé,Hamburg,Strasbourg,2026-08-14,Fee,Reported fee,6000000,Source quote; base/add-on treatment unspecified,Bundesliga,Ligue 1,Winger,New to workbook,,,,,https://www.theguardian.com/football/ng-interactive/2026/sep/01/mens-transfer-window-summer-2026-all-deals-from-europes-top-five-leagues,https://interactive.guim.co.uk/2024/07/transfers/men-summer-2026.json,2026-10-03,1,1,2026-08
S26-0954,Giorgio Altare,Venezia,Pescara,2026-08-14,Undisclosed fee,Undisclosed,,No numeric source quote,Serie A,Outside top five / unattached,Defender,New to workbook,,,,,https://www.theguardian.com/football/ng-interactive/2026/sep/01/mens-transfer-window-summer-2026-all-deals-from-europes-top-five-leagues,https://interactive.guim.co.uk/2024/07/transfers/men-summer-2026.json,2026-10-03,0,0,2026-08
S26-0955,David Romero,Club Atlético Tigre,Parma,2026-08-14,Fee,Reported fee,6000000,Source quote; base/add-on treatment unspecified,Outside top five / unattached,Serie A,Forward,New to workbook,,,,,https://www.theguardian.com/football/ng-interactive/2026/sep/01/mens-transfer-window-summer-2026-all-deals-from-europes-top-five-leagues,https://interactive.guim.co.uk/2024/07/transfers/men-summer-2026.json,2026-10-03,1,1,2026-08
S26-0956,Emilio Lawrence,Manchester City,Luton Town,2026-08-14,Loan,Loan fee not stated,,No numeric source quote,Premier League,Outside top five / unattached,Winger,New to workbook,,,,Blank quote does not mean zero loan fee,https://www.theguardian.com/football/ng-interactive/2026/sep/01/mens-transfer-window-summer-2026-all-deals-from-europes-top-five-leagues,https://interactive.guim.co.uk/2024/07/transfers/men-summer-2026.json,2026-10-03,0,0,2026-08
S26-0957,Ryan Kavuma-McQueen,Chelsea,Portsmouth,2026-08-14,Loan,Loan fee not stated,,No numeric source quote,Premier League,Outside top five / unattached,Winger,New to workbook,,,,Blank quote does not mean zero loan fee,https://www.theguardian.com/football/ng-interactive/2026/sep/01/mens-transfer-window-summer-2026-all-deals-from-europes-top-five-leagues,https://interactive.guim.co.uk/2024/07/transfers/men-summer-2026.json,2026-10-03,0,0,2026-08
S26-0958,Lakyle Samuel,Manchester City,Exeter City,2026-08-14,Loan,Loan fee not stated,,No numeric source quote,Premier League,Outside top five / unattached,Defender,New to workbook,,,,Blank quote does not mean zero loan fee,https://www.theguardian.com/football/ng-interactive/2026/sep/01/mens-transfer-window-summer-2026-all-deals-from-europes-top-five-leagues,https://interactive.guim.co.uk/2024/07/transfers/men-summer-2026.json,2026-10-03,0,0,2026-08
S26-0959,Finley Burns,Manchester City,Wigan Athletic,2026-08-14,Undisclosed fee,Undisclosed,,No numeric source quote,Premier League,Outside top five / unattached,Defender,New to workbook,,,,,https://www.theguardian.com/football/ng-interactive/2026/sep/01/mens-transfer-window-summer-2026-all-deals-from-europes-top-five-leagues,https://interactive.guim.co.uk/2024/07/transfers/men-summer-2026.json,2026-10-03,0,0,2026-08
S26-0960,Max Alleyne,Manchester City,Burnley,2026-08-14,Loan,Loan fee not stated,,No numeric source quote,Premier League,Outside top five / unattached,Defender,New to workbook,,,,Blank quote does not mean zero loan fee,https://www.theguardian.com/football/ng-interactive/2026/sep/01/mens-transfer-window-summer-2026-all-deals-from-europes-top-five-leagues,https://interactive.guim.co.uk/2024/07/transfers/men-summer-2026.json,2026-10-03,0,0,2026-08
S26-0961,Dastan Satpayev,Chelsea,Burnley,2026-08-14,Loan,Loan fee not stated,,No numeric source quote,Premier League,Outside top five / unattached,Forward,New to workbook,,,,Blank quote does not mean zero loan fee,https://www.theguardian.com/football/ng-interactive/2026/sep/01/mens-transfer-window-summer-2026-all-deals-from-europes-top-five-leagues,https://interactive.guim.co.uk/2024/07/transfers/men-summer-2026.json,2026-10-03,0,0,2026-08
S26-0962,Samuel Iling-Junior,Aston Villa,Bolton,2026-08-14,Loan,Loan fee not stated,,No numeric source quote,Premier League,Outside top five / unattached,Winger,New to workbook,,,,Blank quote does not mean zero loan fee,https://www.theguardian.com/football/ng-interactive/2026/sep/01/mens-transfer-window-summer-2026-all-deals-from-europes-top-five-leagues,https://interactive.guim.co.uk/2024/07/transfers/men-summer-2026.json,2026-10-03,0,0,2026-08
S26-0963,Harry Clarke,Ipswich Town,Preston,2026-08-14,Fee,Reported fee,3500000,Source quote; base/add-on treatment unspecified,Premier League,Outside top five / unattached,Defender,New to workbook,,,,,https://www.theguardian.com/football/ng-interactive/2026/sep/01/mens-transfer-window-summer-2026-all-deals-from-europes-top-five-leagues,https://interactive.guim.co.uk/2024/07/transfers/men-summer-2026.json,2026-10-03,1,1,2026-08
S26-0966,Ludovit Reis,Club Brugge,Werder Bremen,2026-08-14,Free,Free transfer,,Free base transfer; other costs not represented,Outside top five / unattached,Bundesliga,Midfielder,New to workbook,,,,,https://www.theguardian.com/football/ng-interactive/2026/sep/01/mens-transfer-window-summer-2026-all-deals-from-europes-top-five-leagues,https://interactive.guim.co.uk/2024/07/transfers/men-summer-2026.json,2026-10-03,0,0,2026-08
S26-0967,Marius Courcoul,Angers,La Louvière,2026-08-14,Loan,Loan fee not stated,,No numeric source quote,Ligue 1,Outside top five / unattached,Midfielder,New to workbook,,,,Blank quote does not mean zero loan fee,https://www.theguardian.com/football/ng-interactive/2026/sep/01/mens-transfer-window-summer-2026-all-deals-from-europes-top-five-leagues,https://interactive.guim.co.uk/2024/07/transfers/men-summer-2026.json,2026-10-03,0,0,2026-08
S26-0968,Vanja Drkusic,Zenit,Espanyol,2026-08-14,Loan,Loan fee not stated,,No numeric source quote,Outside top five / unattached,La Liga,Defender,New to workbook,,,,Blank quote does not mean zero loan fee,https://www.theguardian.com/football/ng-interactive/2026/sep/01/mens-transfer-window-summer-2026-all-deals-from-europes-top-five-leagues,https://interactive.guim.co.uk/2024/07/transfers/men-summer-2026.json,2026-10-03,0,0,2026-08
S26-0969,Umut Tohumcu,Hoffenheim,Red Bull Salzburg,2026-08-14,Loan,Loan fee not stated,,No numeric source quote,Bundesliga,Outside top five / unattached,Midfielder,New to workbook,,,,Blank quote does not mean zero loan fee,https://www.theguardian.com/football/ng-interactive/2026/sep/01/mens-transfer-window-summer-2026-all-deals-from-europes-top-five-leagues,https://interactive.guim.co.uk/2024/07/transfers/men-summer-2026.json,2026-10-03,0,0,2026-08
S26-0970,Cristian Romero,Tottenham Hotspur,Atlético Madrid,2026-08-15,Fee,Reported fee,34100000,Source quote; base/add-on treatment unspecified,Premier League,La Liga,Defender,New to workbook,,,,,https://www.theguardian.com/football/ng-interactive/2026/sep/01/mens-transfer-window-summer-2026-all-deals-from-europes-top-five-leagues,https://interactive.guim.co.uk/2024/07/transfers/men-summer-2026.json,2026-10-03,1,1,2026-08
S26-0971,Ferran Torres,Barcelona,Paris Saint-Germain,2026-08-15,Fee,Reported fee,42800000,Source quote; base/add-on treatment unspecified,La Liga,Ligue 1,Forward,New to workbook,,,,,https://www.theguardian.com/football/ng-interactive/2026/sep/01/mens-transfer-window-summer-2026-all-deals-from-europes-top-five-leagues,https://interactive.guim.co.uk/2024/07/transfers/men-summer-2026.json,2026-10-03,1,1,2026-08
S26-0972,Ashley Phillips,Tottenham Hotspur,Middlesbrough,2026-08-15,Fee,Reported fee,7000000,Source quote; base/add-on treatment unspecified,Premier League,Outside top five / unattached,Defender,New to workbook,,,,,https://www.theguardian.com/football/ng-interactive/2026/sep/01/mens-transfer-window-summer-2026-all-deals-from-europes-top-five-leagues,https://interactive.guim.co.uk/2024/07/transfers/men-summer-2026.json,2026-10-03,1,1,2026-08
S26-0973,Steven Benda,Fulham,Nottingham Forest,2026-08-15,Free,Free transfer,,Free base transfer; other costs not represented,Premier League,Premier League,Goalkeeper,New to workbook,,,,,https://www.theguardian.com/football/ng-interactive/2026/sep/01/mens-transfer-window-summer-2026-all-deals-from-europes-top-five-leagues,https://interactive.guim.co.uk/2024/07/transfers/men-summer-2026.json,2026-10-03,0,0,2026-08
S26-0974,Joe Gelhardt,Leeds United,Hull City,2026-08-15,Fee,Reported fee,6500000,Source quote; base/add-on treatment unspecified,Premier League,Premier League,Forward,New to workbook,,,,,https://www.theguardian.com/football/ng-interactive/2026/sep/01/mens-transfer-window-summer-2026-all-deals-from-europes-top-five-leagues,https://interactive.guim.co.uk/2024/07/transfers/men-summer-2026.json,2026-10-03,1,1,2026-08
S26-0975,Janis Antiste,Sassuolo,Gornik Zabrze,2026-08-15,Loan,Loan fee not stated,,No numeric source quote,Serie A,Outside top five / unattached,Forward,New to workbook,,,,Future purchase conditions mentioned; Blank quote does not mean zero loan fee,https://www.theguardian.com/football/ng-interactive/2026/sep/01/mens-transfer-window-summer-2026-all-deals-from-europes-top-five-leagues,https://interactive.guim.co.uk/2024/07/transfers/men-summer-2026.json,2026-10-03,0,0,2026-08
S26-0976,Lucas Gourna-Douath,Red Bull Salzburg,Hull City,2026-08-15,Fee,Reported fee,3400000,Source quote; base/add-on treatment unspecified,Outside top five / unattached,Premier League,Midfielder,New to workbook,,,,,https://www.theguardian.com/football/ng-interactive/2026/sep/01/mens-transfer-window-summer-2026-all-deals-from-europes-top-five-leagues,https://interactive.guim.co.uk/2024/07/transfers/men-summer-2026.json,2026-10-03,1,1,2026-08
S26-0977,Anan Khalaili,Union St-Gilloise,Crystal Palace,2026-08-15,Fee,Reported fee,21000000,Source quote; base/add-on treatment unspecified,Outside top five / unattached,Premier League,Winger,New to workbook,,,,,https://www.theguardian.com/football/ng-interactive/2026/sep/01/mens-transfer-window-summer-2026-all-deals-from-europes-top-five-leagues,https://interactive.guim.co.uk/2024/07/transfers/men-summer-2026.json,2026-10-03,1,1,2026-08
S26-0978,Agustín Álvarez,Sassuolo,Talleres,2026-08-14,Loan,Loan fee not stated,,No numeric source quote,Serie A,Outside top five / unattached,Forward,New to workbook,,,,Blank quote does not mean zero loan fee,https://www.theguardian.com/football/ng-interactive/2026/sep/01/mens-transfer-window-summer-2026-all-deals-from-europes-top-five-leagues,https://interactive.guim.co.uk/2024/07/transfers/men-summer-2026.json,2026-10-03,0,0,2026-08
S26-0979,Davide Frattesi,Inter,Lazio,2026-08-14,Loan,Loan fee not stated,,No numeric source quote,Serie A,Serie A,Midfielder,New to workbook,,,,Blank quote does not mean zero loan fee,https://www.theguardian.com/football/ng-interactive/2026/sep/01/mens-transfer-window-summer-2026-all-deals-from-europes-top-five-leagues,https://interactive.guim.co.uk/2024/07/transfers/men-summer-2026.json,2026-10-03,0,0,2026-08
S26-0980,Iker Benito,Osasuna,Querétaro,2026-08-14,Fee,Reported fee,510000,Source quote; base/add-on treatment unspecified,La Liga,Outside top five / unattached,Winger,New to workbook,,,,Future purchase conditions mentioned,https://www.theguardian.com/football/ng-interactive/2026/sep/01/mens-transfer-window-summer-2026-all-deals-from-europes-top-five-leagues,https://interactive.guim.co.uk/2024/07/transfers/men-summer-2026.json,2026-10-03,1,1,2026-08
S26-0981,Rafael Obrador,Benfica,Sassuolo,2026-08-14,Loan,Loan fee not stated,,No numeric source quote,Outside top five / unattached,Serie A,Defender,New to workbook,,,,Blank quote does not mean zero loan fee,https://www.theguardian.com/football/ng-interactive/2026/sep/01/mens-transfer-window-summer-2026-all-deals-from-europes-top-five-leagues,https://interactive.guim.co.uk/2024/07/transfers/men-summer-2026.json,2026-10-03,0,0,2026-08
S26-0982,Noel Futkeu,Eintracht Frankfurt,Elversberg,2026-08-15,Loan,Loan fee not stated,,No numeric source quote,Bundesliga,Bundesliga,Forward,New to workbook,,,,Blank quote does not mean zero loan fee,https://www.theguardian.com/football/ng-interactive/2026/sep/01/mens-transfer-window-summer-2026-all-deals-from-europes-top-five-leagues,https://interactive.guim.co.uk/2024/07/transfers/men-summer-2026.json,2026-10-03,0,0,2026-08
S26-0983,Djed Spence,Tottenham Hotspur,Inter,2026-08-15,Fee,Reported fee,25600000,Source quote; base/add-on treatment unspecified,Premier League,Serie A,Defender,New to workbook,,,,,https://www.theguardian.com/football/ng-interactive/2026/sep/01/mens-transfer-window-summer-2026-all-deals-from-europes-top-five-leagues,https://interactive.guim.co.uk/2024/07/transfers/men-summer-2026.json,2026-10-03,1,1,2026-08
S26-0984,Mika Godts,Ajax,Paris Saint-Germain,2026-08-15,Fee,Reported fee,47000000,Source quote; base/add-on treatment unspecified,Outside top five / unattached,Ligue 1,Winger,New to workbook,,,,,https://www.theguardian.com/football/ng-interactive/2026/sep/01/mens-transfer-window-summer-2026-all-deals-from-europes-top-five-leagues,https://interactive.guim.co.uk/2024/07/transfers/men-summer-2026.json,2026-10-03,1,1,2026-08
S26-0985,Laurin Ulrich,Stuttgart,Paderborn,2026-08-16,Loan,Loan fee not stated,,No numeric source quote,Bundesliga,Bundesliga,Midfielder,New to workbook,,,,Blank quote does not mean zero loan fee,https://www.theguardian.com/football/ng-interactive/2026/sep/01/mens-transfer-window-summer-2026-all-deals-from-europes-top-five-leagues,https://interactive.guim.co.uk/2024/07/transfers/men-summer-2026.json,2026-10-03,0,0,2026-08
S26-0986,Calum Scanlon,Liverpool,Cardiff City,2026-08-15,Loan,Loan fee not stated,,No numeric source quote,Premier League,Outside top five / unattached,Defender,New to workbook,,,,Blank quote does not mean zero loan fee,https://www.theguardian.com/football/ng-interactive/2026/sep/01/mens-transfer-window-summer-2026-all-deals-from-europes-top-five-leagues,https://interactive.guim.co.uk/2024/07/transfers/men-summer-2026.json,2026-10-03,0,0,2026-08
S26-0987,Abdoul Ouattara,Strasbourg,Ipswich Town,2026-08-17,Fee,Reported fee,17000000,Source quote; base/add-on treatment unspecified,Ligue 1,Premier League,Midfielder,New to workbook,,,,,https://www.theguardian.com/football/ng-interactive/2026/sep/01/mens-transfer-window-summer-2026-all-deals-from-europes-top-five-leagues,https://interactive.guim.co.uk/2024/07/transfers/men-summer-2026.json,2026-10-03,1,1,2026-08
S26-0988,Anthony Munda,Newcastle United,Swindon Town,2026-08-17,Loan,Loan fee not stated,,No numeric source quote,Premier League,Outside top five / unattached,Midfielder,New to workbook,,,,Blank quote does not mean zero loan fee,https://www.theguardian.com/football/ng-interactive/2026/sep/01/mens-transfer-window-summer-2026-all-deals-from-europes-top-five-leagues,https://interactive.guim.co.uk/2024/07/transfers/men-summer-2026.json,2026-10-03,0,0,2026-08
S26-0989,Julio Enciso,Strasbourg,Ipswich Town,2026-08-17,Fee,Reported fee,26000000,Source quote; base/add-on treatment unspecified,Ligue 1,Premier League,Forward,New to workbook,,,,,https://www.theguardian.com/football/ng-interactive/2026/sep/01/mens-transfer-window-summer-2026-all-deals-from-europes-top-five-leagues,https://interactive.guim.co.uk/2024/07/transfers/men-summer-2026.json,2026-10-03,1,1,2026-08
S26-0990,Taiwo Awoniyi,Nottingham Forest,Coventry City,2026-08-17,Fee,Reported fee,9000000,Source quote; base/add-on treatment unspecified,Premier League,Premier League,Forward,New to workbook,,,,,https://www.theguardian.com/football/ng-interactive/2026/sep/01/mens-transfer-window-summer-2026-all-deals-from-europes-top-five-leagues,https://interactive.guim.co.uk/2024/07/transfers/men-summer-2026.json,2026-10-03,1,1,2026-08
S26-0991,Michy Batshuayi,Eintracht Frankfurt,Abha Club,2026-08-17,Undisclosed fee,Undisclosed,,No numeric source quote,Bundesliga,Outside top five / unattached,Forward,New to workbook,,,,,https://www.theguardian.com/football/ng-interactive/2026/sep/01/mens-transfer-window-summer-2026-all-deals-from-europes-top-five-leagues,https://interactive.guim.co.uk/2024/07/transfers/men-summer-2026.json,2026-10-03,0,0,2026-08
S26-0992,Giannis Konstantelias,PAOK,Borussia Dortmund,2026-08-17,Fee,Reported fee,22200000,Source quote; base/add-on treatment unspecified,Outside top five / unattached,Bundesliga,Midfielder,New to workbook,,,,,https://www.theguardian.com/football/ng-interactive/2026/sep/01/mens-transfer-window-summer-2026-all-deals-from-europes-top-five-leagues,https://interactive.guim.co.uk/2024/07/transfers/men-summer-2026.json,2026-10-03,1,1,2026-08
S26-0993,Jhon Lucumí,Bologna,Juventus,2026-08-17,Fee,Reported fee,17200000,Source quote; base/add-on treatment unspecified,Serie A,Serie A,Defender,New to workbook,,,,,https://www.theguardian.com/football/ng-interactive/2026/sep/01/mens-transfer-window-summer-2026-all-deals-from-europes-top-five-leagues,https://interactive.guim.co.uk/2024/07/transfers/men-summer-2026.json,2026-10-03,1,1,2026-08
S26-0994,Jacobo Ortega,Real Madrid,Strasbourg,2026-08-17,Fee,Reported fee,8600000,Source quote; base/add-on treatment unspecified,La Liga,Ligue 1,Forward,New to workbook,,,,,https://www.theguardian.com/football/ng-interactive/2026/sep/01/mens-transfer-window-summer-2026-all-deals-from-europes-top-five-leagues,https://interactive.guim.co.uk/2024/07/transfers/men-summer-2026.json,2026-10-03,1,1,2026-08
S26-0995,Remo Freuler,Bologna,Olympiakos,2026-08-17,Free,Free transfer,,Free base transfer; other costs not represented,Serie A,Outside top five / unattached,Midfielder,New to workbook,,,,,https://www.theguardian.com/football/ng-interactive/2026/sep/01/mens-transfer-window-summer-2026-all-deals-from-europes-top-five-leagues,https://interactive.guim.co.uk/2024/07/transfers/men-summer-2026.json,2026-10-03,0,0,2026-08
S26-0996,Diant Ramaj,Borussia Dortmund,FC Copenhagen,2026-08-17,Loan,Loan fee not stated,,No numeric source quote,Bundesliga,Outside top five / unattached,Goalkeeper,New to workbook,,,,Future purchase conditions mentioned; Blank quote does not mean zero loan fee,https://www.theguardian.com/football/ng-interactive/2026/sep/01/mens-transfer-window-summer-2026-all-deals-from-europes-top-five-leagues,https://interactive.guim.co.uk/2024/07/transfers/men-summer-2026.json,2026-10-03,0,0,2026-08
S26-0997,Eren Dinkci,Freiburg,Werder Bremen,2026-08-17,Loan,Loan fee not stated,,No numeric source quote,Bundesliga,Bundesliga,Winger,New to workbook,,,,Blank quote does not mean zero loan fee,https://www.theguardian.com/football/ng-interactive/2026/sep/01/mens-transfer-window-summer-2026-all-deals-from-europes-top-five-leagues,https://interactive.guim.co.uk/2024/07/transfers/men-summer-2026.json,2026-10-03,0,0,2026-08
S26-0998,Hugo Picard,Columbus Crew,Troyes,2026-08-17,Loan,Loan fee not stated,,No numeric source quote,Outside top five / unattached,Ligue 1,Winger,New to workbook,,,,Future purchase conditions mentioned; Blank quote does not mean zero loan fee,https://www.theguardian.com/football/ng-interactive/2026/sep/01/mens-transfer-window-summer-2026-all-deals-from-europes-top-five-leagues,https://interactive.guim.co.uk/2024/07/transfers/men-summer-2026.json,2026-10-03,0,0,2026-08
S26-0999,Jofre Torrents,Barcelona,Ajax,2026-08-17,Fee,Reported fee,4300000,Source quote; base/add-on treatment unspecified,La Liga,Outside top five / unattached,Defender,New to workbook,,,,,https://www.theguardian.com/football/ng-interactive/2026/sep/01/mens-transfer-window-summer-2026-all-deals-from-europes-top-five-leagues,https://interactive.guim.co.uk/2024/07/transfers/men-summer-2026.json,2026-10-03,1,1,2026-08
S26-1000,Thijs Dallinga,Bologna,Cologne,2026-08-17,Loan,Loan fee not stated,,No numeric source quote,Serie A,Bundesliga,Forward,New to workbook,,,,Blank quote does not mean zero loan fee,https://www.theguardian.com/football/ng-interactive/2026/sep/01/mens-transfer-window-summer-2026-all-deals-from-europes-top-five-leagues,https://interactive.guim.co.uk/2024/07/transfers/men-summer-2026.json,2026-10-03,0,0,2026-08
S26-1001,Nathan Ngoumou,Borussia Mönchengladbach,Nice,2026-08-17,Free,Free transfer,,Free base transfer; other costs not represented,Bundesliga,Ligue 1,Winger,New to workbook,,,,,https://www.theguardian.com/football/ng-interactive/2026/sep/01/mens-transfer-window-summer-2026-all-deals-from-europes-top-five-leagues,https://interactive.guim.co.uk/2024/07/transfers/men-summer-2026.json,2026-10-03,0,0,2026-08
S26-1002,Kervin Arriaga,Levante,AEK Athens,2026-08-17,Fee,Reported fee,2600000,Source quote; base/add-on treatment unspecified,La Liga,Outside top five / unattached,Midfielder,New to workbook,,,,,https://www.theguardian.com/football/ng-interactive/2026/sep/01/mens-transfer-window-summer-2026-all-deals-from-europes-top-five-leagues,https://interactive.guim.co.uk/2024/07/transfers/men-summer-2026.json,2026-10-03,1,1,2026-08
S26-1003,Javi López,Real Sociedad,Feyenoord,2026-08-17,Loan,Loan fee not stated,,No numeric source quote,La Liga,Outside top five / unattached,Defender,New to workbook,,,,Future purchase conditions mentioned; Blank quote does not mean zero loan fee,https://www.theguardian.com/football/ng-interactive/2026/sep/01/mens-transfer-window-summer-2026-all-deals-from-europes-top-five-leagues,https://interactive.guim.co.uk/2024/07/transfers/men-summer-2026.json,2026-10-03,0,0,2026-08
S26-1004,Ousmane Traoré,Lille,Dunkerque,2026-08-17,Loan,Loan fee not stated,,No numeric source quote,Ligue 1,Outside top five / unattached,Defender,New to workbook,,,,Blank quote does not mean zero loan fee,https://www.theguardian.com/football/ng-interactive/2026/sep/01/mens-transfer-window-summer-2026-all-deals-from-europes-top-five-leagues,https://interactive.guim.co.uk/2024/07/transfers/men-summer-2026.json,2026-10-03,0,0,2026-08
S26-1005,Amar Dedic,Benfica,Newcastle United,2026-08-18,Fee,Reported fee,29500000,Source quote; base/add-on treatment unspecified,Outside top five / unattached,Premier League,Defender,New to workbook,,,,,https://www.theguardian.com/football/ng-interactive/2026/sep/01/mens-transfer-window-summer-2026-all-deals-from-europes-top-five-leagues,https://interactive.guim.co.uk/2024/07/transfers/men-summer-2026.json,2026-10-03,1,1,2026-08
S26-1006,Guglielmo Vicario,Tottenham Hotspur,Juventus,2026-08-18,Loan,Loan fee not stated,,No numeric source quote,Premier League,Serie A,Goalkeeper,New to workbook,,,,Future purchase conditions mentioned; Blank quote does not mean zero loan fee,https://www.theguardian.com/football/ng-interactive/2026/sep/01/mens-transfer-window-summer-2026-all-deals-from-europes-top-five-leagues,https://interactive.guim.co.uk/2024/07/transfers/men-summer-2026.json,2026-10-03,0,0,2026-08
S26-1007,Djibril Sidibé,Toulouse,Le Mans,2026-08-18,Free,Free transfer,,Free base transfer; other costs not represented,Ligue 1,Ligue 1,Defender,New to workbook,,,,,https://www.theguardian.com/football/ng-interactive/2026/sep/01/mens-transfer-window-summer-2026-all-deals-from-europes-top-five-leagues,https://interactive.guim.co.uk/2024/07/transfers/men-summer-2026.json,2026-10-03,0,0,2026-08
S26-1008,Fabio Rispoli,Como 1907,Südtirol,2026-08-18,Loan,Loan fee not stated,,No numeric source quote,Serie A,Outside top five / unattached,Midfielder,New to workbook,,,,Blank quote does not mean zero loan fee,https://www.theguardian.com/football/ng-interactive/2026/sep/01/mens-transfer-window-summer-2026-all-deals-from-europes-top-five-leagues,https://interactive.guim.co.uk/2024/07/transfers/men-summer-2026.json,2026-10-03,0,0,2026-08
S26-1009,Luigi Cherubini,Roma,Benevento,2026-08-18,Loan,Loan fee not stated,,No numeric source quote,Serie A,Outside top five / unattached,Winger,New to workbook,,,,Blank quote does not mean zero loan fee,https://www.theguardian.com/football/ng-interactive/2026/sep/01/mens-transfer-window-summer-2026-all-deals-from-europes-top-five-leagues,https://interactive.guim.co.uk/2024/07/transfers/men-summer-2026.json,2026-10-03,0,0,2026-08
S26-1010,Niclas Füllkrug,West Ham United,Werder Bremen,2026-08-18,Loan,Loan fee not stated,,No numeric source quote,Outside top five / unattached,Bundesliga,Forward,New to workbook,,,,Blank quote does not mean zero loan fee,https://www.theguardian.com/football/ng-interactive/2026/sep/01/mens-transfer-window-summer-2026-all-deals-from-europes-top-five-leagues,https://interactive.guim.co.uk/2024/07/transfers/men-summer-2026.json,2026-10-03,0,0,2026-08
S26-1011,Joel Mvuka,Lorient,Bodø/Glimt,2026-08-18,Undisclosed fee,Undisclosed,,No numeric source quote,Ligue 1,Outside top five / unattached,Winger,New to workbook,,,,,https://www.theguardian.com/football/ng-interactive/2026/sep/01/mens-transfer-window-summer-2026-all-deals-from-europes-top-five-leagues,https://interactive.guim.co.uk/2024/07/transfers/men-summer-2026.json,2026-10-03,0,0,2026-08
S26-1013,Wisdom Acquah,Torino,Modena,2026-08-18,Loan,Loan fee not stated,,No numeric source quote,Serie A,Outside top five / unattached,Midfielder,New to workbook,,,,Blank quote does not mean zero loan fee,https://www.theguardian.com/football/ng-interactive/2026/sep/01/mens-transfer-window-summer-2026-all-deals-from-europes-top-five-leagues,https://interactive.guim.co.uk/2024/07/transfers/men-summer-2026.json,2026-10-03,0,0,2026-08
S26-1014,Gabriel Vidovic,Dinamo Zagreb,Paderborn,2026-08-18,Fee,Reported fee,2600000,Source quote; base/add-on treatment unspecified,Outside top five / unattached,Bundesliga,Winger,New to workbook,,,,,https://www.theguardian.com/football/ng-interactive/2026/sep/01/mens-transfer-window-summer-2026-all-deals-from-europes-top-five-leagues,https://interactive.guim.co.uk/2024/07/transfers/men-summer-2026.json,2026-10-03,1,1,2026-08
S26-1015,Francho Serrano,Real Zaragoza,Getafe,2026-08-18,Free,Free transfer,,Free base transfer; other costs not represented,Outside top five / unattached,La Liga,Midfielder,New to workbook,,,,,https://www.theguardian.com/football/ng-interactive/2026/sep/01/mens-transfer-window-summer-2026-all-deals-from-europes-top-five-leagues,https://interactive.guim.co.uk/2024/07/transfers/men-summer-2026.json,2026-10-03,0,0,2026-08
S26-1016,Joey Veerman,PSV Eindhoven,Borussia Dortmund,2026-08-18,Fee,Reported fee,18800000,Source quote; base/add-on treatment unspecified,Outside top five / unattached,Bundesliga,Midfielder,New to workbook,,,,,https://www.theguardian.com/football/ng-interactive/2026/sep/01/mens-transfer-window-summer-2026-all-deals-from-europes-top-five-leagues,https://interactive.guim.co.uk/2024/07/transfers/men-summer-2026.json,2026-10-03,1,1,2026-08
S26-1017,David Odogu,Milan,Toulouse,2026-08-18,Loan,Loan fee not stated,,No numeric source quote,Serie A,Ligue 1,Defender,New to workbook,,,,Blank quote does not mean zero loan fee,https://www.theguardian.com/football/ng-interactive/2026/sep/01/mens-transfer-window-summer-2026-all-deals-from-europes-top-five-leagues,https://interactive.guim.co.uk/2024/07/transfers/men-summer-2026.json,2026-10-03,0,0,2026-08
S26-1018,Chec Bebel Doumbia,Genoa,Rapid Bucharest,2026-08-18,Loan,Loan fee not stated,,No numeric source quote,Serie A,Outside top five / unattached,Midfielder,New to workbook,,,,Blank quote does not mean zero loan fee,https://www.theguardian.com/football/ng-interactive/2026/sep/01/mens-transfer-window-summer-2026-all-deals-from-europes-top-five-leagues,https://interactive.guim.co.uk/2024/07/transfers/men-summer-2026.json,2026-10-03,0,0,2026-08
S26-1019,Zavier Gozo,Real Salt Lake,Crystal Palace,2026-08-18,Fee,Reported fee,11000000,Source quote; base/add-on treatment unspecified,Outside top five / unattached,Premier League,Winger,New to workbook,,,,,https://www.theguardian.com/football/ng-interactive/2026/sep/01/mens-transfer-window-summer-2026-all-deals-from-europes-top-five-leagues,https://interactive.guim.co.uk/2024/07/transfers/men-summer-2026.json,2026-10-03,1,1,2026-08
S26-1020,Abdul Mumin,Rayo Vallecano,Girona,2026-08-18,Free,Free transfer,,Free base transfer; other costs not represented,La Liga,Outside top five / unattached,Defender,New to workbook,,,,,https://www.theguardian.com/football/ng-interactive/2026/sep/01/mens-transfer-window-summer-2026-all-deals-from-europes-top-five-leagues,https://interactive.guim.co.uk/2024/07/transfers/men-summer-2026.json,2026-10-03,0,0,2026-08
S26-1021,Nunzio Lella,Venezia,Verona,2026-08-18,Undisclosed fee,Undisclosed,,No numeric source quote,Serie A,Outside top five / unattached,Midfielder,New to workbook,,,,,https://www.theguardian.com/football/ng-interactive/2026/sep/01/mens-transfer-window-summer-2026-all-deals-from-europes-top-five-leagues,https://interactive.guim.co.uk/2024/07/transfers/men-summer-2026.json,2026-10-03,0,0,2026-08
S26-1022,Yunus Konak,Brentford,Lincoln City,2026-08-18,Loan,Loan fee not stated,,No numeric source quote,Premier League,Outside top five / unattached,Midfielder,New to workbook,,,,Blank quote does not mean zero loan fee,https://www.theguardian.com/football/ng-interactive/2026/sep/01/mens-transfer-window-summer-2026-all-deals-from-europes-top-five-leagues,https://interactive.guim.co.uk/2024/07/transfers/men-summer-2026.json,2026-10-03,0,0,2026-08
S26-1023,Ethan Ennis,Manchester United,Stockport County,2026-08-18,Undisclosed fee,Undisclosed,,No numeric source quote,Premier League,Outside top five / unattached,Winger,New to workbook,,,,,https://www.theguardian.com/football/ng-interactive/2026/sep/01/mens-transfer-window-summer-2026-all-deals-from-europes-top-five-leagues,https://interactive.guim.co.uk/2024/07/transfers/men-summer-2026.json,2026-10-03,0,0,2026-08
S26-1024,Promise David,Union St-Gilloise,Brighton,2026-08-18,Loan,Loan fee not stated,,No numeric source quote,Outside top five / unattached,Premier League,Forward,New to workbook,,,,Future purchase conditions mentioned; Blank quote does not mean zero loan fee; See Fee_Components,https://www.theguardian.com/football/ng-interactive/2026/sep/01/mens-transfer-window-summer-2026-all-deals-from-europes-top-five-leagues,https://interactive.guim.co.uk/2024/07/transfers/men-summer-2026.json,2026-10-03,0,0,2026-08
S26-1025,Andrés Cuenca,Como 1907,Sporting Gijón,2026-08-18,Loan,Loan fee not stated,,No numeric source quote,Serie A,Outside top five / unattached,Defender,New to workbook,,,,Blank quote does not mean zero loan fee,https://www.theguardian.com/football/ng-interactive/2026/sep/01/mens-transfer-window-summer-2026-all-deals-from-europes-top-five-leagues,https://interactive.guim.co.uk/2024/07/transfers/men-summer-2026.json,2026-10-03,0,0,2026-08
S26-1026,Thomás De Martis,Lanús,Parma,2026-08-18,Loan,Loan fee not stated,,No numeric source quote,Outside top five / unattached,Serie A,Forward,New to workbook,,,,Future purchase conditions mentioned; Blank quote does not mean zero loan fee,https://www.theguardian.com/football/ng-interactive/2026/sep/01/mens-transfer-window-summer-2026-all-deals-from-europes-top-five-leagues,https://interactive.guim.co.uk/2024/07/transfers/men-summer-2026.json,2026-10-03,0,0,2026-08
S26-1027,Joël Piroe,Leeds United,West Ham United,2026-08-19,Loan,Loan fee not stated,,No numeric source quote,Premier League,Outside top five / unattached,Forward,New to workbook,,,,Future purchase conditions mentioned; Blank quote does not mean zero loan fee,https://www.theguardian.com/football/ng-interactive/2026/sep/01/mens-transfer-window-summer-2026-all-deals-from-europes-top-five-leagues,https://interactive.guim.co.uk/2024/07/transfers/men-summer-2026.json,2026-10-03,0,0,2026-08
S26-1028,Reggie Walsh,Chelsea,Wigan Athletic,2026-08-19,Loan,Loan fee not stated,,No numeric source quote,Premier League,Outside top five / unattached,Midfielder,New to workbook,,,,Blank quote does not mean zero loan fee,https://www.theguardian.com/football/ng-interactive/2026/sep/01/mens-transfer-window-summer-2026-all-deals-from-europes-top-five-leagues,https://interactive.guim.co.uk/2024/07/transfers/men-summer-2026.json,2026-10-03,0,0,2026-08
S26-1029,Kosta Nedeljkovic,Aston Villa,Rangers,2026-08-19,Loan,Loan fee not stated,,No numeric source quote,Premier League,Outside top five / unattached,Defender,New to workbook,,,,Blank quote does not mean zero loan fee,https://www.theguardian.com/football/ng-interactive/2026/sep/01/mens-transfer-window-summer-2026-all-deals-from-europes-top-five-leagues,https://interactive.guim.co.uk/2024/07/transfers/men-summer-2026.json,2026-10-03,0,0,2026-08
S26-1030,Harvey Araujo,Fulham,Burton Albion,2026-08-19,Loan,Loan fee not stated,,No numeric source quote,Premier League,Outside top five / unattached,Defender,New to workbook,,,,Blank quote does not mean zero loan fee,https://www.theguardian.com/football/ng-interactive/2026/sep/01/mens-transfer-window-summer-2026-all-deals-from-europes-top-five-leagues,https://interactive.guim.co.uk/2024/07/transfers/men-summer-2026.json,2026-10-03,0,0,2026-08
S26-1031,Zion Suzuki,Parma,Aston Villa,2026-08-19,Fee,Reported fee,30000000,Source quote; base/add-on treatment unspecified,Serie A,Premier League,Goalkeeper,New to workbook,,,,,https://www.theguardian.com/football/ng-interactive/2026/sep/01/mens-transfer-window-summer-2026-all-deals-from-europes-top-five-leagues,https://interactive.guim.co.uk/2024/07/transfers/men-summer-2026.json,2026-10-03,1,1,2026-08
S26-1032,Matteo Ruggeri,Atlético Madrid,Aston Villa,2026-08-19,Fee,Reported fee,21420000,Source quote; base/add-on treatment unspecified,La Liga,Premier League,Defender,New to workbook,,,,,https://www.theguardian.com/football/ng-interactive/2026/sep/01/mens-transfer-window-summer-2026-all-deals-from-europes-top-five-leagues,https://interactive.guim.co.uk/2024/07/transfers/men-summer-2026.json,2026-10-03,1,1,2026-08
S26-1033,Sebastiaan Bornauw,Leeds United,Hamburg,2026-08-19,Loan,Loan fee not stated,,No numeric source quote,Premier League,Bundesliga,Defender,New to workbook,,,,Blank quote does not mean zero loan fee,https://www.theguardian.com/football/ng-interactive/2026/sep/01/mens-transfer-window-summer-2026-all-deals-from-europes-top-five-leagues,https://interactive.guim.co.uk/2024/07/transfers/men-summer-2026.json,2026-10-03,0,0,2026-08
S26-1034,Michael Aebischer,Pisa,Union Berlin,2026-08-19,Fee,Reported fee,3430000,Source quote; base/add-on treatment unspecified,Outside top five / unattached,Bundesliga,Midfielder,New to workbook,,,,,https://www.theguardian.com/football/ng-interactive/2026/sep/01/mens-transfer-window-summer-2026-all-deals-from-europes-top-five-leagues,https://interactive.guim.co.uk/2024/07/transfers/men-summer-2026.json,2026-10-03,1,1,2026-08
S26-1035,Rodrigo Mora,Porto,Roma,2026-08-19,Fee,Reported fee,21400000,Source quote; base/add-on treatment unspecified,Outside top five / unattached,Serie A,Midfielder,New to workbook,,,,See Fee_Components,https://www.theguardian.com/football/ng-interactive/2026/sep/01/mens-transfer-window-summer-2026-all-deals-from-europes-top-five-leagues,https://interactive.guim.co.uk/2024/07/transfers/men-summer-2026.json,2026-10-03,1,1,2026-08
S26-1036,Nico Elvedi,Borussia Mönchengladbach,Leeds United,2026-08-19,Fee,Reported fee,6800000,Source quote; base/add-on treatment unspecified,Bundesliga,Premier League,Defender,New to workbook,,,,,https://www.theguardian.com/football/ng-interactive/2026/sep/01/mens-transfer-window-summer-2026-all-deals-from-europes-top-five-leagues,https://interactive.guim.co.uk/2024/07/transfers/men-summer-2026.json,2026-10-03,1,1,2026-08
S26-1037,Axel Witsel,Girona,Nice,2026-08-18,Free,Free transfer,,Free base transfer; other costs not represented,Outside top five / unattached,Ligue 1,Midfielder,New to workbook,,,,,https://www.theguardian.com/football/ng-interactive/2026/sep/01/mens-transfer-window-summer-2026-all-deals-from-europes-top-five-leagues,https://interactive.guim.co.uk/2024/07/transfers/men-summer-2026.json,2026-10-03,0,0,2026-08
S26-1038,Thomas Jørgensen,Viborg,Toulouse,2026-08-19,Fee,Reported fee,6430000,Source quote; base/add-on treatment unspecified,Outside top five / unattached,Ligue 1,Midfielder,New to workbook,,,,See Fee_Components,https://www.theguardian.com/football/ng-interactive/2026/sep/01/mens-transfer-window-summer-2026-all-deals-from-europes-top-five-leagues,https://interactive.guim.co.uk/2024/07/transfers/men-summer-2026.json,2026-10-03,1,1,2026-08
S26-1039,Lorenzo Montipò,Verona,Venezia,2026-08-19,Undisclosed fee,Undisclosed,,No numeric source quote,Outside top five / unattached,Serie A,Goalkeeper,New to workbook,,,,,https://www.theguardian.com/football/ng-interactive/2026/sep/01/mens-transfer-window-summer-2026-all-deals-from-europes-top-five-leagues,https://interactive.guim.co.uk/2024/07/transfers/men-summer-2026.json,2026-10-03,0,0,2026-08
S26-1040,Sidiki Cherif,Fenerbahce,Coventry City,2026-08-19,Fee,Reported fee,20500000,Source quote; base/add-on treatment unspecified,Outside top five / unattached,Premier League,Forward,New to workbook,,,,,https://www.theguardian.com/football/ng-interactive/2026/sep/01/mens-transfer-window-summer-2026-all-deals-from-europes-top-five-leagues,https://interactive.guim.co.uk/2024/07/transfers/men-summer-2026.json,2026-10-03,1,1,2026-08
S26-1041,Tijjani Reijnders,Manchester City,Al-Qadsiah,2026-08-19,Fee,Reported fee,52000000,Source quote; base/add-on treatment unspecified,Premier League,Outside top five / unattached,Midfielder,New to workbook,,,,,https://www.theguardian.com/football/ng-interactive/2026/sep/01/mens-transfer-window-summer-2026-all-deals-from-europes-top-five-leagues,https://interactive.guim.co.uk/2024/07/transfers/men-summer-2026.json,2026-10-03,1,1,2026-08
S26-1042,Diego Moreira,Strasbourg,Milan,2026-08-20,Fee,Reported fee,42860000,Source quote; base/add-on treatment unspecified,Ligue 1,Serie A,Midfielder,New to workbook,,,,,https://www.theguardian.com/football/ng-interactive/2026/sep/01/mens-transfer-window-summer-2026-all-deals-from-europes-top-five-leagues,https://interactive.guim.co.uk/2024/07/transfers/men-summer-2026.json,2026-10-03,1,1,2026-08
S26-1043,Jordan James,Rennes,Wolverhampton Wanderers,2026-08-20,Loan,Loan fee not stated,,No numeric source quote,Ligue 1,Outside top five / unattached,Midfielder,New to workbook,,,,Blank quote does not mean zero loan fee,https://www.theguardian.com/football/ng-interactive/2026/sep/01/mens-transfer-window-summer-2026-all-deals-from-europes-top-five-leagues,https://interactive.guim.co.uk/2024/07/transfers/men-summer-2026.json,2026-10-03,0,0,2026-08
S26-1044,Farid Alfa-Ruprecht,Bayer Leverkusen,Hertha Berlin,2026-08-20,Loan,Loan fee not stated,,No numeric source quote,Bundesliga,Outside top five / unattached,Winger,New to workbook,,,,Blank quote does not mean zero loan fee,https://www.theguardian.com/football/ng-interactive/2026/sep/01/mens-transfer-window-summer-2026-all-deals-from-europes-top-five-leagues,https://interactive.guim.co.uk/2024/07/transfers/men-summer-2026.json,2026-10-03,0,0,2026-08
S26-1045,Ko Itakura,Ajax,Borussia Mönchengladbach,2026-08-20,Fee,Reported fee,3000000,Source quote; base/add-on treatment unspecified,Outside top five / unattached,Bundesliga,Defender,New to workbook,,,,,https://www.theguardian.com/football/ng-interactive/2026/sep/01/mens-transfer-window-summer-2026-all-deals-from-europes-top-five-leagues,https://interactive.guim.co.uk/2024/07/transfers/men-summer-2026.json,2026-10-03,1,1,2026-08
S26-1046,Jonathan Norbye,RB Leipzig,Haugesund,2026-08-20,Undisclosed fee,Undisclosed,,No numeric source quote,Bundesliga,Outside top five / unattached,Defender,New to workbook,,,,,https://www.theguardian.com/football/ng-interactive/2026/sep/01/mens-transfer-window-summer-2026-all-deals-from-europes-top-five-leagues,https://interactive.guim.co.uk/2024/07/transfers/men-summer-2026.json,2026-10-03,0,0,2026-08
S26-1047,João Cancelo,Al-Hilal,Barcelona,2026-08-20,Free,Free transfer,,Free base transfer; other costs not represented,Outside top five / unattached,La Liga,Defender,New to workbook,,,,,https://www.theguardian.com/football/ng-interactive/2026/sep/01/mens-transfer-window-summer-2026-all-deals-from-europes-top-five-leagues,https://interactive.guim.co.uk/2024/07/transfers/men-summer-2026.json,2026-10-03,0,0,2026-08
S26-1048,Kieran Morrison,Liverpool,Sheffield Wednesday,2026-08-20,Loan,Loan fee not stated,,No numeric source quote,Premier League,Outside top five / unattached,Winger,New to workbook,,,,Blank quote does not mean zero loan fee,https://www.theguardian.com/football/ng-interactive/2026/sep/01/mens-transfer-window-summer-2026-all-deals-from-europes-top-five-leagues,https://interactive.guim.co.uk/2024/07/transfers/men-summer-2026.json,2026-10-03,0,0,2026-08
S26-1049,Pablo Maffeo,Olympiakos,Valencia,2026-08-20,Loan,Loan fee not stated,,No numeric source quote,Outside top five / unattached,La Liga,Defender,New to workbook,,,,Blank quote does not mean zero loan fee,https://www.theguardian.com/football/ng-interactive/2026/sep/01/mens-transfer-window-summer-2026-all-deals-from-europes-top-five-leagues,https://interactive.guim.co.uk/2024/07/transfers/men-summer-2026.json,2026-10-03,0,0,2026-08
S26-1050,Troy Parrott,AZ Alkmaar,Real Betis,2026-08-20,Fee,Reported fee,17100000,Source quote; base/add-on treatment unspecified,Outside top five / unattached,La Liga,Forward,New to workbook,,,,,https://www.theguardian.com/football/ng-interactive/2026/sep/01/mens-transfer-window-summer-2026-all-deals-from-europes-top-five-leagues,https://interactive.guim.co.uk/2024/07/transfers/men-summer-2026.json,2026-10-03,1,1,2026-08
S26-1051,Aaron Wan-Bissaka,West Ham United,Aston Villa,2026-08-21,Loan,Loan fee not stated,,No numeric source quote,Outside top five / unattached,Premier League,Defender,New to workbook,,,,Future purchase conditions mentioned; Blank quote does not mean zero loan fee; See Fee_Components,https://www.theguardian.com/football/ng-interactive/2026/sep/01/mens-transfer-window-summer-2026-all-deals-from-europes-top-five-leagues,https://interactive.guim.co.uk/2024/07/transfers/men-summer-2026.json,2026-10-03,0,0,2026-08
S26-1052,Ellyes Skhiri,Eintracht Frankfurt,Cologne,2026-08-21,Fee,Reported fee,1300000,Source quote; base/add-on treatment unspecified,Bundesliga,Bundesliga,Midfielder,New to workbook,,,,,https://www.theguardian.com/football/ng-interactive/2026/sep/01/mens-transfer-window-summer-2026-all-deals-from-europes-top-five-leagues,https://interactive.guim.co.uk/2024/07/transfers/men-summer-2026.json,2026-10-03,1,1,2026-08
S26-1053,Dan Bentley,Wolverhampton Wanderers,Coventry City,2026-08-21,Undisclosed fee,Undisclosed,,No numeric source quote,Outside top five / unattached,Premier League,Goalkeeper,New to workbook,,,,,https://www.theguardian.com/football/ng-interactive/2026/sep/01/mens-transfer-window-summer-2026-all-deals-from-europes-top-five-leagues,https://interactive.guim.co.uk/2024/07/transfers/men-summer-2026.json,2026-10-03,0,0,2026-08
S26-1054,Ben Johnson,Ipswich Town,Stoke City,2026-08-21,Loan,Loan fee not stated,,No numeric source quote,Premier League,Outside top five / unattached,Defender,New to workbook,,,,Blank quote does not mean zero loan fee,https://www.theguardian.com/football/ng-interactive/2026/sep/01/mens-transfer-window-summer-2026-all-deals-from-europes-top-five-leagues,https://interactive.guim.co.uk/2024/07/transfers/men-summer-2026.json,2026-10-03,0,0,2026-08
S26-1055,George Hirst,Ipswich Town,Stoke City,2026-08-20,Fee,Reported fee,6000000,Source quote; base/add-on treatment unspecified,Premier League,Outside top five / unattached,Forward,New to workbook,,,,,https://www.theguardian.com/football/ng-interactive/2026/sep/01/mens-transfer-window-summer-2026-all-deals-from-europes-top-five-leagues,https://interactive.guim.co.uk/2024/07/transfers/men-summer-2026.json,2026-10-03,1,1,2026-08
S26-1056,Divine Mukasa,Manchester City,West Ham United,2026-08-21,Loan,Loan fee not stated,,No numeric source quote,Premier League,Outside top five / unattached,Forward,New to workbook,,,,Blank quote does not mean zero loan fee,https://www.theguardian.com/football/ng-interactive/2026/sep/01/mens-transfer-window-summer-2026-all-deals-from-europes-top-five-leagues,https://interactive.guim.co.uk/2024/07/transfers/men-summer-2026.json,2026-10-03,0,0,2026-08
S26-1057,Karim Coulibaly,Werder Bremen,Strasbourg,2026-08-21,Fee,Reported fee,17100000,Source quote; base/add-on treatment unspecified,Bundesliga,Ligue 1,Defender,New to workbook,,,,,https://www.theguardian.com/football/ng-interactive/2026/sep/01/mens-transfer-window-summer-2026-all-deals-from-europes-top-five-leagues,https://interactive.guim.co.uk/2024/07/transfers/men-summer-2026.json,2026-10-03,1,1,2026-08
S26-1059,Luke Harris,Fulham,Wigan Athletic,2026-08-21,Loan,Loan fee not stated,,No numeric source quote,Premier League,Outside top five / unattached,Midfielder,New to workbook,,,,Blank quote does not mean zero loan fee,https://www.theguardian.com/football/ng-interactive/2026/sep/01/mens-transfer-window-summer-2026-all-deals-from-europes-top-five-leagues,https://interactive.guim.co.uk/2024/07/transfers/men-summer-2026.json,2026-10-03,0,0,2026-08
S26-1060,Elias Jelert,Galatasaray,Le Havre,2026-08-21,Loan,Loan fee not stated,,No numeric source quote,Outside top five / unattached,Ligue 1,Defender,New to workbook,,,,Blank quote does not mean zero loan fee,https://www.theguardian.com/football/ng-interactive/2026/sep/01/mens-transfer-window-summer-2026-all-deals-from-europes-top-five-leagues,https://interactive.guim.co.uk/2024/07/transfers/men-summer-2026.json,2026-10-03,0,0,2026-08
S26-1061,Curtis Jones,Liverpool,Inter,2026-08-21,Fee,Reported fee,25700000,Source quote; base/add-on treatment unspecified,Premier League,Serie A,Midfielder,New to workbook,,,,,https://www.theguardian.com/football/ng-interactive/2026/sep/01/mens-transfer-window-summer-2026-all-deals-from-europes-top-five-leagues,https://interactive.guim.co.uk/2024/07/transfers/men-summer-2026.json,2026-10-03,1,1,2026-08
S26-1062,Alieu Fadera,Como 1907,Cagliari,2026-08-21,Loan,Loan fee not stated,,No numeric source quote,Serie A,Serie A,Winger,New to workbook,,,,Blank quote does not mean zero loan fee,https://www.theguardian.com/football/ng-interactive/2026/sep/01/mens-transfer-window-summer-2026-all-deals-from-europes-top-five-leagues,https://interactive.guim.co.uk/2024/07/transfers/men-summer-2026.json,2026-10-03,0,0,2026-08
S26-1063,Dermane Karim,Lommel SK,Troyes,2026-08-21,Undisclosed fee,Undisclosed,,No numeric source quote,Outside top five / unattached,Ligue 1,Midfielder,New to workbook,,,,,https://www.theguardian.com/football/ng-interactive/2026/sep/01/mens-transfer-window-summer-2026-all-deals-from-europes-top-five-leagues,https://interactive.guim.co.uk/2024/07/transfers/men-summer-2026.json,2026-10-03,0,0,2026-08
S26-1064,Dayann Méthalie,Toulouse,Sunderland,2026-08-21,Fee,Reported fee,24000000,Source quote; base/add-on treatment unspecified,Ligue 1,Premier League,Defender,New to workbook,,,,,https://www.theguardian.com/football/ng-interactive/2026/sep/01/mens-transfer-window-summer-2026-all-deals-from-europes-top-five-leagues,https://interactive.guim.co.uk/2024/07/transfers/men-summer-2026.json,2026-10-03,1,1,2026-08
S26-1065,Alessandro Circati,Parma,Benfica,2026-08-19,Fee,Reported fee,17100000,Source quote; base/add-on treatment unspecified,Serie A,Outside top five / unattached,Defender,New to workbook,,,,,https://www.theguardian.com/football/ng-interactive/2026/sep/01/mens-transfer-window-summer-2026-all-deals-from-europes-top-five-leagues,https://interactive.guim.co.uk/2024/07/transfers/men-summer-2026.json,2026-10-03,1,1,2026-08
S26-1066,Benoît Badiashile,Chelsea,Napoli,2026-08-22,Loan,Loan fee not stated,,No numeric source quote,Premier League,Serie A,Defender,New to workbook,,,,Future purchase conditions mentioned; Blank quote does not mean zero loan fee; See Fee_Components,https://www.theguardian.com/football/ng-interactive/2026/sep/01/mens-transfer-window-summer-2026-all-deals-from-europes-top-five-leagues,https://interactive.guim.co.uk/2024/07/transfers/men-summer-2026.json,2026-10-03,0,0,2026-08
S26-1067,Ifeanyi Ndukwe,Austria Vienna,Liverpool,2026-08-17,Undisclosed fee,Undisclosed,,No numeric source quote,Outside top five / unattached,Premier League,Defender,New to workbook,,,,,https://www.theguardian.com/football/ng-interactive/2026/sep/01/mens-transfer-window-summer-2026-all-deals-from-europes-top-five-leagues,https://interactive.guim.co.uk/2024/07/transfers/men-summer-2026.json,2026-10-03,0,0,2026-08
S26-1068,Ifeanyi Ndukwe,Liverpool,Levante,2026-08-22,Loan,Loan fee not stated,,No numeric source quote,Premier League,La Liga,Defender,New to workbook,,,,Blank quote does not mean zero loan fee,https://www.theguardian.com/football/ng-interactive/2026/sep/01/mens-transfer-window-summer-2026-all-deals-from-europes-top-five-leagues,https://interactive.guim.co.uk/2024/07/transfers/men-summer-2026.json,2026-10-03,0,0,2026-08
S26-1069,Josip Sutalo,Ajax,Lazio,2026-08-22,Loan,Loan fee not stated,,No numeric source quote,Outside top five / unattached,Serie A,Defender,New to workbook,,,,Future purchase conditions mentioned; Blank quote does not mean zero loan fee,https://www.theguardian.com/football/ng-interactive/2026/sep/01/mens-transfer-window-summer-2026-all-deals-from-europes-top-five-leagues,https://interactive.guim.co.uk/2024/07/transfers/men-summer-2026.json,2026-10-03,0,0,2026-08
S26-1070,Eljif Elmas,RB Leipzig,Atalanta,2026-08-22,Loan,Loan fee not stated,,No numeric source quote,Bundesliga,Serie A,Midfielder,New to workbook,,,,Blank quote does not mean zero loan fee,https://www.theguardian.com/football/ng-interactive/2026/sep/01/mens-transfer-window-summer-2026-all-deals-from-europes-top-five-leagues,https://interactive.guim.co.uk/2024/07/transfers/men-summer-2026.json,2026-10-03,0,0,2026-08
S26-1071,Mihailo Ristic,Celta Vigo,Red Star Belgrade,2026-08-22,Free,Free transfer,,Free base transfer; other costs not represented,La Liga,Outside top five / unattached,Midfielder,New to workbook,,,,,https://www.theguardian.com/football/ng-interactive/2026/sep/01/mens-transfer-window-summer-2026-all-deals-from-europes-top-five-leagues,https://interactive.guim.co.uk/2024/07/transfers/men-summer-2026.json,2026-10-03,0,0,2026-08
S26-1072,Abdoulaye Camara,Udinese,Ajax,2026-08-22,Loan,Loan fee not stated,,No numeric source quote,Serie A,Outside top five / unattached,Midfielder,New to workbook,,,,Future purchase conditions mentioned; Blank quote does not mean zero loan fee,https://www.theguardian.com/football/ng-interactive/2026/sep/01/mens-transfer-window-summer-2026-all-deals-from-europes-top-five-leagues,https://interactive.guim.co.uk/2024/07/transfers/men-summer-2026.json,2026-10-03,0,0,2026-08
S26-1073,Miguel Rubio,Espanyol,Real Valladolid,2026-08-22,Free,Free transfer,,Free base transfer; other costs not represented,La Liga,Outside top five / unattached,Defender,New to workbook,,,,,https://www.theguardian.com/football/ng-interactive/2026/sep/01/mens-transfer-window-summer-2026-all-deals-from-europes-top-five-leagues,https://interactive.guim.co.uk/2024/07/transfers/men-summer-2026.json,2026-10-03,0,0,2026-08
S26-1074,Manuel Fernández,Celta Vigo,Cádiz,2026-08-21,Free,Free transfer,,Free base transfer; other costs not represented,La Liga,Outside top five / unattached,Defender,New to workbook,,,,,https://www.theguardian.com/football/ng-interactive/2026/sep/01/mens-transfer-window-summer-2026-all-deals-from-europes-top-five-leagues,https://interactive.guim.co.uk/2024/07/transfers/men-summer-2026.json,2026-10-03,0,0,2026-08
S26-1075,Pablo Martínez,Levante,Málaga,2026-08-21,Free,Free transfer,,Free base transfer; other costs not represented,La Liga,La Liga,Midfielder,New to workbook,,,,,https://www.theguardian.com/football/ng-interactive/2026/sep/01/mens-transfer-window-summer-2026-all-deals-from-europes-top-five-leagues,https://interactive.guim.co.uk/2024/07/transfers/men-summer-2026.json,2026-10-03,0,0,2026-08
S26-1076,Fedde Leysen,Union St-Gilloise,Sassuolo,2026-08-21,Loan,Loan fee not stated,,No numeric source quote,Outside top five / unattached,Serie A,Defender,New to workbook,,,,Blank quote does not mean zero loan fee,https://www.theguardian.com/football/ng-interactive/2026/sep/01/mens-transfer-window-summer-2026-all-deals-from-europes-top-five-leagues,https://interactive.guim.co.uk/2024/07/transfers/men-summer-2026.json,2026-10-03,0,0,2026-08
S26-1077,Tommy Marqués,Barcelona,Braga,2026-08-20,Undisclosed fee,Undisclosed,,No numeric source quote,La Liga,Outside top five / unattached,Midfielder,New to workbook,,,,,https://www.theguardian.com/football/ng-interactive/2026/sep/01/mens-transfer-window-summer-2026-all-deals-from-europes-top-five-leagues,https://interactive.guim.co.uk/2024/07/transfers/men-summer-2026.json,2026-10-03,0,0,2026-08
S26-1078,Lutsharel Geertruida,RB Leipzig,PSV Eindhoven,2026-08-21,Loan,Loan fee not stated,,No numeric source quote,Bundesliga,Outside top five / unattached,Defender,New to workbook,,,,Blank quote does not mean zero loan fee,https://www.theguardian.com/football/ng-interactive/2026/sep/01/mens-transfer-window-summer-2026-all-deals-from-europes-top-five-leagues,https://interactive.guim.co.uk/2024/07/transfers/men-summer-2026.json,2026-10-03,0,0,2026-08
S26-1079,Iván Martín,Girona,Racing Santander,2026-08-20,Fee,Reported fee,2570000,Source quote; base/add-on treatment unspecified,Outside top five / unattached,La Liga,Midfielder,New to workbook,,,,,https://www.theguardian.com/football/ng-interactive/2026/sep/01/mens-transfer-window-summer-2026-all-deals-from-europes-top-five-leagues,https://interactive.guim.co.uk/2024/07/transfers/men-summer-2026.json,2026-10-03,1,1,2026-08
S26-1080,Adam Buksa,Udinese,Mallorca,2026-08-23,Loan,Loan fee not stated,,No numeric source quote,Serie A,Outside top five / unattached,Forward,New to workbook,,,,Blank quote does not mean zero loan fee,https://www.theguardian.com/football/ng-interactive/2026/sep/01/mens-transfer-window-summer-2026-all-deals-from-europes-top-five-leagues,https://interactive.guim.co.uk/2024/07/transfers/men-summer-2026.json,2026-10-03,0,0,2026-08
S26-1081,Antonio Casas,Venezia,Sporting Gijón,2026-08-23,Loan,Loan fee not stated,,No numeric source quote,Serie A,Outside top five / unattached,Forward,New to workbook,,,,Blank quote does not mean zero loan fee,https://www.theguardian.com/football/ng-interactive/2026/sep/01/mens-transfer-window-summer-2026-all-deals-from-europes-top-five-leagues,https://interactive.guim.co.uk/2024/07/transfers/men-summer-2026.json,2026-10-03,0,0,2026-08
S26-1082,Josh Stephenson,Brentford,Crewe,2026-08-21,Loan,Loan fee not stated,,No numeric source quote,Premier League,Outside top five / unattached,Defender,New to workbook,,,,Blank quote does not mean zero loan fee,https://www.theguardian.com/football/ng-interactive/2026/sep/01/mens-transfer-window-summer-2026-all-deals-from-europes-top-five-leagues,https://interactive.guim.co.uk/2024/07/transfers/men-summer-2026.json,2026-10-03,0,0,2026-08
S26-1083,Omar Richards,Nottingham Forest,Aris Saloniki,2026-08-21,Undisclosed fee,Undisclosed,,No numeric source quote,Premier League,Outside top five / unattached,Defender,New to workbook,,,,,https://www.theguardian.com/football/ng-interactive/2026/sep/01/mens-transfer-window-summer-2026-all-deals-from-europes-top-five-leagues,https://interactive.guim.co.uk/2024/07/transfers/men-summer-2026.json,2026-10-03,0,0,2026-08
S26-1084,Antoine Joujou,Parma,Nantes,2026-08-21,Undisclosed fee,Undisclosed,,No numeric source quote,Serie A,Outside top five / unattached,Winger,New to workbook,,,,,https://www.theguardian.com/football/ng-interactive/2026/sep/01/mens-transfer-window-summer-2026-all-deals-from-europes-top-five-leagues,https://interactive.guim.co.uk/2024/07/transfers/men-summer-2026.json,2026-10-03,0,0,2026-08
S26-1085,Giorgi Kochorashvili,Sporting,Sevilla,2026-08-21,Fee,Reported fee,3900000,Source quote; base/add-on treatment unspecified,Outside top five / unattached,La Liga,Midfielder,New to workbook,,,,,https://www.theguardian.com/football/ng-interactive/2026/sep/01/mens-transfer-window-summer-2026-all-deals-from-europes-top-five-leagues,https://interactive.guim.co.uk/2024/07/transfers/men-summer-2026.json,2026-10-03,1,1,2026-08
S26-1086,Vanja Vlahovic,Atalanta,Mantova,2026-08-21,Loan,Loan fee not stated,,No numeric source quote,Serie A,Outside top five / unattached,Forward,New to workbook,,,,Blank quote does not mean zero loan fee,https://www.theguardian.com/football/ng-interactive/2026/sep/01/mens-transfer-window-summer-2026-all-deals-from-europes-top-five-leagues,https://interactive.guim.co.uk/2024/07/transfers/men-summer-2026.json,2026-10-03,0,0,2026-08
S26-1087,Jeyland Mitchell,Sturm Graz,Strasbourg,2026-08-19,Fee,Reported fee,6900000,Source quote; base/add-on treatment unspecified,Outside top five / unattached,Ligue 1,Defender,New to workbook,,,,,https://www.theguardian.com/football/ng-interactive/2026/sep/01/mens-transfer-window-summer-2026-all-deals-from-europes-top-five-leagues,https://interactive.guim.co.uk/2024/07/transfers/men-summer-2026.json,2026-10-03,1,1,2026-08
S26-1088,Juanpe Jiménez,Málaga,Gamba Osaka,2026-08-23,Undisclosed fee,Undisclosed,,No numeric source quote,La Liga,Outside top five / unattached,Midfielder,New to workbook,,,,,https://www.theguardian.com/football/ng-interactive/2026/sep/01/mens-transfer-window-summer-2026-all-deals-from-europes-top-five-leagues,https://interactive.guim.co.uk/2024/07/transfers/men-summer-2026.json,2026-10-03,0,0,2026-08
S26-1089,Breel Embolo,Rennes,Atlanta United,2026-08-23,Fee,Reported fee,14600000,Source quote; base/add-on treatment unspecified,Ligue 1,Outside top five / unattached,Forward,New to workbook,,,,,https://www.theguardian.com/football/ng-interactive/2026/sep/01/mens-transfer-window-summer-2026-all-deals-from-europes-top-five-leagues,https://interactive.guim.co.uk/2024/07/transfers/men-summer-2026.json,2026-10-03,1,1,2026-08
S26-1090,Terem Moffi,Nice,Hamburg,2026-08-24,Fee,Reported fee,1700000,Source quote; base/add-on treatment unspecified,Ligue 1,Bundesliga,Forward,New to workbook,,,,,https://www.theguardian.com/football/ng-interactive/2026/sep/01/mens-transfer-window-summer-2026-all-deals-from-europes-top-five-leagues,https://interactive.guim.co.uk/2024/07/transfers/men-summer-2026.json,2026-10-03,1,1,2026-08
S26-1092,Manu Fernández,Celta Vigo,Cádiz,2026-08-21,Undisclosed fee,Undisclosed,,No numeric source quote,La Liga,Outside top five / unattached,Defender,New to workbook,,,,,https://www.theguardian.com/football/ng-interactive/2026/sep/01/mens-transfer-window-summer-2026-all-deals-from-europes-top-five-leagues,https://interactive.guim.co.uk/2024/07/transfers/men-summer-2026.json,2026-10-03,0,0,2026-08
S26-1093,Aron Yaakobishvili,Barcelona,Almería,2026-08-20,Loan,Loan fee not stated,,No numeric source quote,La Liga,Outside top five / unattached,Goalkeeper,New to workbook,,,,Blank quote does not mean zero loan fee,https://www.theguardian.com/football/ng-interactive/2026/sep/01/mens-transfer-window-summer-2026-all-deals-from-europes-top-five-leagues,https://interactive.guim.co.uk/2024/07/transfers/men-summer-2026.json,2026-10-03,0,0,2026-08
S26-1094,Dani Budesca,Villarreal,Córdoba,2026-08-19,Loan,Loan fee not stated,,No numeric source quote,La Liga,Outside top five / unattached,Defender,New to workbook,,,,Blank quote does not mean zero loan fee,https://www.theguardian.com/football/ng-interactive/2026/sep/01/mens-transfer-window-summer-2026-all-deals-from-europes-top-five-leagues,https://interactive.guim.co.uk/2024/07/transfers/men-summer-2026.json,2026-10-03,0,0,2026-08
S26-1095,Moussa Diarra,Alavés,Al-Wahda,2026-08-19,Fee,Reported fee,1000000,Source quote; base/add-on treatment unspecified,La Liga,Outside top five / unattached,Defender,New to workbook,,,,,https://www.theguardian.com/football/ng-interactive/2026/sep/01/mens-transfer-window-summer-2026-all-deals-from-europes-top-five-leagues,https://interactive.guim.co.uk/2024/07/transfers/men-summer-2026.json,2026-10-03,1,1,2026-08
S26-1096,Ezequiel Ponce,Houston Dynamo,Elche,2026-08-14,Fee,Reported fee,1700000,Source quote; base/add-on treatment unspecified,Outside top five / unattached,La Liga,Forward,New to workbook,,,,,https://www.theguardian.com/football/ng-interactive/2026/sep/01/mens-transfer-window-summer-2026-all-deals-from-europes-top-five-leagues,https://interactive.guim.co.uk/2024/07/transfers/men-summer-2026.json,2026-10-03,1,1,2026-08
S26-1097,Rockson Yeboah,IFK Göteborg,Osasuna,2026-08-12,Fee,Reported fee,2600000,Source quote; base/add-on treatment unspecified,Outside top five / unattached,La Liga,Defender,New to workbook,,,,,https://www.theguardian.com/football/ng-interactive/2026/sep/01/mens-transfer-window-summer-2026-all-deals-from-europes-top-five-leagues,https://interactive.guim.co.uk/2024/07/transfers/men-summer-2026.json,2026-10-03,1,1,2026-08
S26-1098,Jacob Devaney,Manchester United,Hibernian,2026-08-23,Loan,Loan fee not stated,,No numeric source quote,Premier League,Outside top five / unattached,Midfielder,New to workbook,,,,Blank quote does not mean zero loan fee,https://www.theguardian.com/football/ng-interactive/2026/sep/01/mens-transfer-window-summer-2026-all-deals-from-europes-top-five-leagues,https://interactive.guim.co.uk/2024/07/transfers/men-summer-2026.json,2026-10-03,0,0,2026-08
S26-1099,Mofe Jemide,Crystal Palace,Alverca,2026-08-20,Loan,Loan fee not stated,,No numeric source quote,Premier League,Outside top five / unattached,Defender,New to workbook,,,,Blank quote does not mean zero loan fee,https://www.theguardian.com/football/ng-interactive/2026/sep/01/mens-transfer-window-summer-2026-all-deals-from-europes-top-five-leagues,https://interactive.guim.co.uk/2024/07/transfers/men-summer-2026.json,2026-10-03,0,0,2026-08
S26-1100,Darwin Guagua,Independiente del Valle,Brentford,2026-08-15,Undisclosed fee,Undisclosed,,No numeric source quote,Outside top five / unattached,Premier League,Midfielder,New to workbook,,,,,https://www.theguardian.com/football/ng-interactive/2026/sep/01/mens-transfer-window-summer-2026-all-deals-from-europes-top-five-leagues,https://interactive.guim.co.uk/2024/07/transfers/men-summer-2026.json,2026-10-03,0,0,2026-08
S26-1101,Cathal McCarthy,Hull City,Kilmarnock,2026-08-18,Loan,Loan fee not stated,,No numeric source quote,Premier League,Outside top five / unattached,Defender,New to workbook,,,,Blank quote does not mean zero loan fee,https://www.theguardian.com/football/ng-interactive/2026/sep/01/mens-transfer-window-summer-2026-all-deals-from-europes-top-five-leagues,https://interactive.guim.co.uk/2024/07/transfers/men-summer-2026.json,2026-10-03,0,0,2026-08
S26-1102,Tayo Adaramola,Crystal Palace,Cercle Brugge,2026-08-17,Loan,Loan fee not stated,,No numeric source quote,Premier League,Outside top five / unattached,Defender,New to workbook,,,,Blank quote does not mean zero loan fee,https://www.theguardian.com/football/ng-interactive/2026/sep/01/mens-transfer-window-summer-2026-all-deals-from-europes-top-five-leagues,https://interactive.guim.co.uk/2024/07/transfers/men-summer-2026.json,2026-10-03,0,0,2026-08
S26-1103,Ismeal Kabia,Arsenal,St Mirren,2026-08-15,Loan,Loan fee not stated,,No numeric source quote,Premier League,Outside top five / unattached,Winger,New to workbook,,,,Blank quote does not mean zero loan fee,https://www.theguardian.com/football/ng-interactive/2026/sep/01/mens-transfer-window-summer-2026-all-deals-from-europes-top-five-leagues,https://interactive.guim.co.uk/2024/07/transfers/men-summer-2026.json,2026-10-03,0,0,2026-08
S26-1104,Jovan Milosevic,Stuttgart,Braga,2026-08-20,Fee,Reported fee,6900000,Source quote; base/add-on treatment unspecified,Bundesliga,Outside top five / unattached,Forward,New to workbook,,,,,https://www.theguardian.com/football/ng-interactive/2026/sep/01/mens-transfer-window-summer-2026-all-deals-from-europes-top-five-leagues,https://interactive.guim.co.uk/2024/07/transfers/men-summer-2026.json,2026-10-03,1,1,2026-08
S26-1105,Alberto Moreno,Como 1907,Mallorca,2026-08-24,Free,Free transfer,,Free base transfer; other costs not represented,Serie A,Outside top five / unattached,Defender,New to workbook,,,,,https://www.theguardian.com/football/ng-interactive/2026/sep/01/mens-transfer-window-summer-2026-all-deals-from-europes-top-five-leagues,https://interactive.guim.co.uk/2024/07/transfers/men-summer-2026.json,2026-10-03,0,0,2026-08
S26-1106,Mads Valentin Pedersen,Augsburg,Hertha Berlin,2026-08-24,Fee,Reported fee,100000,Source quote; base/add-on treatment unspecified,Bundesliga,Outside top five / unattached,Defender,New to workbook,,,,,https://www.theguardian.com/football/ng-interactive/2026/sep/01/mens-transfer-window-summer-2026-all-deals-from-europes-top-five-leagues,https://interactive.guim.co.uk/2024/07/transfers/men-summer-2026.json,2026-10-03,1,1,2026-08
S26-1107,Sam Byram,Leeds United,Middlesbrough,2026-08-24,Free,Free transfer,,Free base transfer; other costs not represented,Premier League,Outside top five / unattached,Defender,New to workbook,,,,,https://www.theguardian.com/football/ng-interactive/2026/sep/01/mens-transfer-window-summer-2026-all-deals-from-europes-top-five-leagues,https://interactive.guim.co.uk/2024/07/transfers/men-summer-2026.json,2026-10-03,0,0,2026-08
S26-1108,Kayne van Oevelen,Ipswich Town,Valencia,2026-08-24,Loan,Loan fee not stated,,No numeric source quote,Premier League,La Liga,Goalkeeper,New to workbook,,,,Blank quote does not mean zero loan fee,https://www.theguardian.com/football/ng-interactive/2026/sep/01/mens-transfer-window-summer-2026-all-deals-from-europes-top-five-leagues,https://interactive.guim.co.uk/2024/07/transfers/men-summer-2026.json,2026-10-03,0,0,2026-08
S26-1109,Elye Wahi,Eintracht Frankfurt,Nice,2026-08-24,Loan,Loan fee not stated,,No numeric source quote,Bundesliga,Ligue 1,Forward,New to workbook,,,,Blank quote does not mean zero loan fee,https://www.theguardian.com/football/ng-interactive/2026/sep/01/mens-transfer-window-summer-2026-all-deals-from-europes-top-five-leagues,https://interactive.guim.co.uk/2024/07/transfers/men-summer-2026.json,2026-10-03,0,0,2026-08
S26-1110,Sávio,Manchester City,Tottenham Hotspur,2026-08-25,Fee,Reported fee,75000000,Base fee; add-ons separately reported,Premier League,Premier League,Winger,New to workbook,,,,,https://www.theguardian.com/football/ng-interactive/2026/sep/01/mens-transfer-window-summer-2026-all-deals-from-europes-top-five-leagues,https://interactive.guim.co.uk/2024/07/transfers/men-summer-2026.json,2026-10-03,1,1,2026-08
S26-1111,Omari Kellyman,Chelsea,Strasbourg,2026-08-25,Fee,Reported fee,5100000,Source quote; base/add-on treatment unspecified,Premier League,Ligue 1,Midfielder,New to workbook,,,,,https://www.theguardian.com/football/ng-interactive/2026/sep/01/mens-transfer-window-summer-2026-all-deals-from-europes-top-five-leagues,https://interactive.guim.co.uk/2024/07/transfers/men-summer-2026.json,2026-10-03,1,1,2026-08
S26-1112,Agustín Albarracín,Cagliari,Albacete,2026-08-25,Loan,Loan fee not stated,,No numeric source quote,Serie A,Outside top five / unattached,Forward,New to workbook,,,,Blank quote does not mean zero loan fee,https://www.theguardian.com/football/ng-interactive/2026/sep/01/mens-transfer-window-summer-2026-all-deals-from-europes-top-five-leagues,https://interactive.guim.co.uk/2024/07/transfers/men-summer-2026.json,2026-10-03,0,0,2026-08
S26-1113,Milutin Osmajic,Preston,Genoa,2026-08-24,Fee,Reported fee,2100000,Source quote; base/add-on treatment unspecified,Outside top five / unattached,Serie A,Forward,New to workbook,,,,,https://www.theguardian.com/football/ng-interactive/2026/sep/01/mens-transfer-window-summer-2026-all-deals-from-europes-top-five-leagues,https://interactive.guim.co.uk/2024/07/transfers/men-summer-2026.json,2026-10-03,1,1,2026-08
S26-1114,Isak Jensen,AZ Alkmaar,Lorient,2026-08-24,Loan,Loan fee not stated,,No numeric source quote,Outside top five / unattached,Ligue 1,Winger,New to workbook,,,,Future purchase conditions mentioned; Blank quote does not mean zero loan fee,https://www.theguardian.com/football/ng-interactive/2026/sep/01/mens-transfer-window-summer-2026-all-deals-from-europes-top-five-leagues,https://interactive.guim.co.uk/2024/07/transfers/men-summer-2026.json,2026-10-03,0,0,2026-08
S26-1115,Marco Dalla Vecchia,Torino,Cesena,2026-08-25,Loan,Loan fee not stated,,No numeric source quote,Serie A,Outside top five / unattached,Midfielder,New to workbook,,,,Future purchase conditions mentioned; Blank quote does not mean zero loan fee,https://www.theguardian.com/football/ng-interactive/2026/sep/01/mens-transfer-window-summer-2026-all-deals-from-europes-top-five-leagues,https://interactive.guim.co.uk/2024/07/transfers/men-summer-2026.json,2026-10-03,0,0,2026-08
S26-1116,Michele Di Gregorio,Juventus,Bournemouth,2026-08-25,Loan,Loan fee not stated,,No numeric source quote,Serie A,Premier League,Goalkeeper,New to workbook,,,,Future purchase conditions mentioned; Blank quote does not mean zero loan fee; See Fee_Components,https://www.theguardian.com/football/ng-interactive/2026/sep/01/mens-transfer-window-summer-2026-all-deals-from-europes-top-five-leagues,https://interactive.guim.co.uk/2024/07/transfers/men-summer-2026.json,2026-10-03,0,0,2026-08
S26-1117,Carlos Baleba,Brighton,Manchester United,2026-08-25,Fee,Reported fee,70000000,Includes add-ons or potential total; see components,Premier League,Premier League,Midfielder,New to workbook,,,,,https://www.theguardian.com/football/ng-interactive/2026/sep/01/mens-transfer-window-summer-2026-all-deals-from-europes-top-five-leagues,https://interactive.guim.co.uk/2024/07/transfers/men-summer-2026.json,2026-10-03,1,1,2026-08
S26-1118,Christopher Nkunku,Milan,RB Leipzig,2026-08-25,Loan,Loan fee not stated,,No numeric source quote,Serie A,Bundesliga,Forward,New to workbook,,,,Future purchase conditions mentioned; Blank quote does not mean zero loan fee,https://www.theguardian.com/football/ng-interactive/2026/sep/01/mens-transfer-window-summer-2026-all-deals-from-europes-top-five-leagues,https://interactive.guim.co.uk/2024/07/transfers/men-summer-2026.json,2026-10-03,0,0,2026-08
S26-1120,Axel Disasi,Chelsea,Crystal Palace,2026-08-26,Loan,Loan fee not stated,,No numeric source quote,Premier League,Premier League,Defender,New to workbook,,,,Blank quote does not mean zero loan fee,https://www.theguardian.com/football/ng-interactive/2026/sep/01/mens-transfer-window-summer-2026-all-deals-from-europes-top-five-leagues,https://interactive.guim.co.uk/2024/07/transfers/men-summer-2026.json,2026-10-03,0,0,2026-08
S26-1121,Calvin Ramsay,Liverpool,St Mirren,2026-08-25,Loan,Loan fee not stated,,No numeric source quote,Premier League,Outside top five / unattached,Defender,New to workbook,,,,Blank quote does not mean zero loan fee,https://www.theguardian.com/football/ng-interactive/2026/sep/01/mens-transfer-window-summer-2026-all-deals-from-europes-top-five-leagues,https://interactive.guim.co.uk/2024/07/transfers/men-summer-2026.json,2026-10-03,0,0,2026-08
S26-1122,Jaouen Hadjam,Young Boys,Brighton,2026-08-25,Fee,Reported fee,11100000,Source quote; base/add-on treatment unspecified,Outside top five / unattached,Premier League,Defender,New to workbook,,,,,https://www.theguardian.com/football/ng-interactive/2026/sep/01/mens-transfer-window-summer-2026-all-deals-from-europes-top-five-leagues,https://interactive.guim.co.uk/2024/07/transfers/men-summer-2026.json,2026-10-03,1,1,2026-08
S26-1123,Eric da Silva Moreira,Nottingham Forest,Excelsior,2026-08-26,Loan,Loan fee not stated,,No numeric source quote,Premier League,Outside top five / unattached,Defender,New to workbook,,,,Blank quote does not mean zero loan fee,https://www.theguardian.com/football/ng-interactive/2026/sep/01/mens-transfer-window-summer-2026-all-deals-from-europes-top-five-leagues,https://interactive.guim.co.uk/2024/07/transfers/men-summer-2026.json,2026-10-03,0,0,2026-08
S26-1124,Ali al-Hamadi,Ipswich Town,Sheffield Wednesday,2026-08-26,Loan,Loan fee not stated,,No numeric source quote,Premier League,Outside top five / unattached,Forward,New to workbook,,,,Blank quote does not mean zero loan fee,https://www.theguardian.com/football/ng-interactive/2026/sep/01/mens-transfer-window-summer-2026-all-deals-from-europes-top-five-leagues,https://interactive.guim.co.uk/2024/07/transfers/men-summer-2026.json,2026-10-03,0,0,2026-08
S26-1125,Dilane Bakwa,Nottingham Forest,Lille,2026-08-26,Loan,Loan fee not stated,,No numeric source quote,Premier League,Ligue 1,Winger,New to workbook,,,,Blank quote does not mean zero loan fee,https://www.theguardian.com/football/ng-interactive/2026/sep/01/mens-transfer-window-summer-2026-all-deals-from-europes-top-five-leagues,https://interactive.guim.co.uk/2024/07/transfers/men-summer-2026.json,2026-10-03,0,0,2026-08
S26-1126,Ethan Pinnock,Brentford,Coventry City,2026-08-26,Fee,Reported fee,6000000,Source quote; base/add-on treatment unspecified,Premier League,Premier League,Defender,New to workbook,,,,,https://www.theguardian.com/football/ng-interactive/2026/sep/01/mens-transfer-window-summer-2026-all-deals-from-europes-top-five-leagues,https://interactive.guim.co.uk/2024/07/transfers/men-summer-2026.json,2026-10-03,1,1,2026-08
S26-1127,Nathan Saliba,Anderlecht,Villarreal,2026-08-26,Fee,Reported fee,12900000,Source quote; base/add-on treatment unspecified,Outside top five / unattached,La Liga,Midfielder,New to workbook,,,,,https://www.theguardian.com/football/ng-interactive/2026/sep/01/mens-transfer-window-summer-2026-all-deals-from-europes-top-five-leagues,https://interactive.guim.co.uk/2024/07/transfers/men-summer-2026.json,2026-10-03,1,1,2026-08
S26-1128,João Palhinha,Bayern Munich,Benfica,2026-08-26,Fee,Reported fee,12000000,Source quote; base/add-on treatment unspecified,Bundesliga,Outside top five / unattached,Midfielder,New to workbook,,,,,https://www.theguardian.com/football/ng-interactive/2026/sep/01/mens-transfer-window-summer-2026-all-deals-from-europes-top-five-leagues,https://interactive.guim.co.uk/2024/07/transfers/men-summer-2026.json,2026-10-03,1,1,2026-08
S26-1129,Orlando Gill,San Lorenzo,Lille,2026-08-26,Fee,Reported fee,3100000,Source quote; base/add-on treatment unspecified,Outside top five / unattached,Ligue 1,Goalkeeper,New to workbook,,,,,https://www.theguardian.com/football/ng-interactive/2026/sep/01/mens-transfer-window-summer-2026-all-deals-from-europes-top-five-leagues,https://interactive.guim.co.uk/2024/07/transfers/men-summer-2026.json,2026-10-03,1,1,2026-08
S26-1130,Seko Fofana,Rennes,Porto,2026-08-26,Loan,Loan fee not stated,,No numeric source quote,Ligue 1,Outside top five / unattached,Midfielder,New to workbook,,,,Blank quote does not mean zero loan fee,https://www.theguardian.com/football/ng-interactive/2026/sep/01/mens-transfer-window-summer-2026-all-deals-from-europes-top-five-leagues,https://interactive.guim.co.uk/2024/07/transfers/men-summer-2026.json,2026-10-03,0,0,2026-08
S26-1131,Nico González,Manchester City,Newcastle United,2026-08-26,Fee,Reported fee,52000000,Source quote; base/add-on treatment unspecified,Premier League,Premier League,Midfielder,New to workbook,,,,,https://www.theguardian.com/football/ng-interactive/2026/sep/01/mens-transfer-window-summer-2026-all-deals-from-europes-top-five-leagues,https://interactive.guim.co.uk/2024/07/transfers/men-summer-2026.json,2026-10-03,1,1,2026-08
S26-1132,Mario Sauer,Toulouse,Kaiserslautern,2026-08-26,Loan,Loan fee not stated,,No numeric source quote,Ligue 1,Outside top five / unattached,Midfielder,New to workbook,,,,Blank quote does not mean zero loan fee,https://www.theguardian.com/football/ng-interactive/2026/sep/01/mens-transfer-window-summer-2026-all-deals-from-europes-top-five-leagues,https://interactive.guim.co.uk/2024/07/transfers/men-summer-2026.json,2026-10-03,0,0,2026-08
S26-1133,Marvin Pieringer,Heidenheim,Paderborn,2026-08-26,Fee,Reported fee,2570000,Source quote; base/add-on treatment unspecified,Outside top five / unattached,Bundesliga,Forward,New to workbook,,,,,https://www.theguardian.com/football/ng-interactive/2026/sep/01/mens-transfer-window-summer-2026-all-deals-from-europes-top-five-leagues,https://interactive.guim.co.uk/2024/07/transfers/men-summer-2026.json,2026-10-03,1,1,2026-08
S26-1134,Arnau Martínez,Girona,Valencia,2026-08-26,Fee,Reported fee,4300000,Source quote; base/add-on treatment unspecified,Outside top five / unattached,La Liga,Defender,New to workbook,,,,,https://www.theguardian.com/football/ng-interactive/2026/sep/01/mens-transfer-window-summer-2026-all-deals-from-europes-top-five-leagues,https://interactive.guim.co.uk/2024/07/transfers/men-summer-2026.json,2026-10-03,1,1,2026-08
S26-1135,Jesús Owono,Alavés,FC Andorra,2026-08-26,Undisclosed fee,Undisclosed,,No numeric source quote,La Liga,Outside top five / unattached,Goalkeeper,New to workbook,,,,,https://www.theguardian.com/football/ng-interactive/2026/sep/01/mens-transfer-window-summer-2026-all-deals-from-europes-top-five-leagues,https://interactive.guim.co.uk/2024/07/transfers/men-summer-2026.json,2026-10-03,0,0,2026-08
S26-1136,Niccolò Corrado,Frosinone,Empoli,2026-08-26,Loan,Loan fee not stated,,No numeric source quote,Serie A,Outside top five / unattached,Defender,New to workbook,,,,Blank quote does not mean zero loan fee,https://www.theguardian.com/football/ng-interactive/2026/sep/01/mens-transfer-window-summer-2026-all-deals-from-europes-top-five-leagues,https://interactive.guim.co.uk/2024/07/transfers/men-summer-2026.json,2026-10-03,0,0,2026-08
S26-1137,Mattia Perin,Juventus,Palermo,2026-08-26,Fee,Reported fee,430000,Source quote; base/add-on treatment unspecified,Serie A,Outside top five / unattached,Goalkeeper,New to workbook,,,,,https://www.theguardian.com/football/ng-interactive/2026/sep/01/mens-transfer-window-summer-2026-all-deals-from-europes-top-five-leagues,https://interactive.guim.co.uk/2024/07/transfers/men-summer-2026.json,2026-10-03,1,1,2026-08
S26-1138,Adama Traoré,West Ham United,Deportivo La Coruña,2026-08-26,Free,Free transfer,,Free base transfer; other costs not represented,Outside top five / unattached,La Liga,Winger,New to workbook,,,,,https://www.theguardian.com/football/ng-interactive/2026/sep/01/mens-transfer-window-summer-2026-all-deals-from-europes-top-five-leagues,https://interactive.guim.co.uk/2024/07/transfers/men-summer-2026.json,2026-10-03,0,0,2026-08
S26-1139,Willy Kambwala,Villarreal,Como 1907,2026-08-26,Loan,Loan fee not stated,,No numeric source quote,La Liga,Serie A,Defender,New to workbook,,,,Blank quote does not mean zero loan fee,https://www.theguardian.com/football/ng-interactive/2026/sep/01/mens-transfer-window-summer-2026-all-deals-from-europes-top-five-leagues,https://interactive.guim.co.uk/2024/07/transfers/men-summer-2026.json,2026-10-03,0,0,2026-08
S26-1140,Liam Delap,Chelsea,Nottingham Forest,2026-08-27,Fee,Reported fee,45000000,Source quote; base/add-on treatment unspecified,Premier League,Premier League,Forward,New to workbook,,,,,https://www.theguardian.com/football/ng-interactive/2026/sep/01/mens-transfer-window-summer-2026-all-deals-from-europes-top-five-leagues,https://interactive.guim.co.uk/2024/07/transfers/men-summer-2026.json,2026-10-03,1,1,2026-08
S26-1141,Mohamed-Ali Cho,Nice,Hull City,2026-08-27,Fee,Reported fee,13000000,Source quote; base/add-on treatment unspecified,Ligue 1,Premier League,Winger,New to workbook,,,,,https://www.theguardian.com/football/ng-interactive/2026/sep/01/mens-transfer-window-summer-2026-all-deals-from-europes-top-five-leagues,https://interactive.guim.co.uk/2024/07/transfers/men-summer-2026.json,2026-10-03,1,1,2026-08
S26-1142,John Ruddy,Newcastle United,Wolverhampton Wanderers,2026-08-27,Free,Free transfer,,Free base transfer; other costs not represented,Premier League,Outside top five / unattached,Goalkeeper,New to workbook,,,,,https://www.theguardian.com/football/ng-interactive/2026/sep/01/mens-transfer-window-summer-2026-all-deals-from-europes-top-five-leagues,https://interactive.guim.co.uk/2024/07/transfers/men-summer-2026.json,2026-10-03,0,0,2026-08
S26-1143,Jenson Seelt,Sunderland,Swansea,2026-08-27,Loan,Loan fee not stated,,No numeric source quote,Premier League,Outside top five / unattached,Defender,New to workbook,,,,Blank quote does not mean zero loan fee,https://www.theguardian.com/football/ng-interactive/2026/sep/01/mens-transfer-window-summer-2026-all-deals-from-europes-top-five-leagues,https://interactive.guim.co.uk/2024/07/transfers/men-summer-2026.json,2026-10-03,0,0,2026-08
S26-1144,Lamin Sillah,Nottingham Forest,Gillingham,2026-08-27,Loan,Loan fee not stated,,No numeric source quote,Premier League,Outside top five / unattached,Forward,New to workbook,,,,Blank quote does not mean zero loan fee,https://www.theguardian.com/football/ng-interactive/2026/sep/01/mens-transfer-window-summer-2026-all-deals-from-europes-top-five-leagues,https://interactive.guim.co.uk/2024/07/transfers/men-summer-2026.json,2026-10-03,0,0,2026-08
S26-1145,Bryan Zaragoza,Bayern Munich,Espanyol,2026-08-27,Loan,Loan fee not stated,,No numeric source quote,Bundesliga,La Liga,Winger,New to workbook,,,,Future purchase conditions mentioned; Blank quote does not mean zero loan fee; See Fee_Components,https://www.theguardian.com/football/ng-interactive/2026/sep/01/mens-transfer-window-summer-2026-all-deals-from-europes-top-five-leagues,https://interactive.guim.co.uk/2024/07/transfers/men-summer-2026.json,2026-10-03,0,0,2026-08
S26-1146,Omar Marmoush,Manchester City,Tottenham Hotspur,2026-08-27,Loan,Loan fee not stated,,No numeric source quote,Premier League,Premier League,Forward,New to workbook,,,,Future purchase conditions mentioned; Blank quote does not mean zero loan fee; See Fee_Components,https://www.theguardian.com/football/ng-interactive/2026/sep/01/mens-transfer-window-summer-2026-all-deals-from-europes-top-five-leagues,https://interactive.guim.co.uk/2024/07/transfers/men-summer-2026.json,2026-10-03,0,0,2026-08
S26-1147,Adrià Pedrosa,Sevilla,Rayo Vallecano,2026-08-27,Loan,Loan fee not stated,,No numeric source quote,La Liga,La Liga,Defender,New to workbook,,,,Blank quote does not mean zero loan fee,https://www.theguardian.com/football/ng-interactive/2026/sep/01/mens-transfer-window-summer-2026-all-deals-from-europes-top-five-leagues,https://interactive.guim.co.uk/2024/07/transfers/men-summer-2026.json,2026-10-03,0,0,2026-08
S26-1148,Kareem Tunde,Levante,West Bromwich Albion,2026-08-27,Fee,Reported fee,3000000,Source quote; base/add-on treatment unspecified,La Liga,Outside top five / unattached,Winger,New to workbook,,,,,https://www.theguardian.com/football/ng-interactive/2026/sep/01/mens-transfer-window-summer-2026-all-deals-from-europes-top-five-leagues,https://interactive.guim.co.uk/2024/07/transfers/men-summer-2026.json,2026-10-03,1,1,2026-08
S26-1149,Keven Schlotterbeck,Augsburg,Southampton,2026-08-27,Fee,Reported fee,3300000,Source quote; base/add-on treatment unspecified,Bundesliga,Outside top five / unattached,Defender,New to workbook,,,,,https://www.theguardian.com/football/ng-interactive/2026/sep/01/mens-transfer-window-summer-2026-all-deals-from-europes-top-five-leagues,https://interactive.guim.co.uk/2024/07/transfers/men-summer-2026.json,2026-10-03,1,1,2026-08
S26-1150,Exequiel Palacios,Bayer Leverkusen,Ipswich Town,2026-08-27,Fee,Reported fee,23500000,Source quote; base/add-on treatment unspecified,Bundesliga,Premier League,Midfielder,New to workbook,,,,,https://www.theguardian.com/football/ng-interactive/2026/sep/01/mens-transfer-window-summer-2026-all-deals-from-europes-top-five-leagues,https://interactive.guim.co.uk/2024/07/transfers/men-summer-2026.json,2026-10-03,1,1,2026-08
S26-1151,Mamadou Sarr,Chelsea,Real Sociedad,2026-08-28,Loan,Loan fee not stated,,No numeric source quote,Premier League,La Liga,Defender,New to workbook,,,,Blank quote does not mean zero loan fee,https://www.theguardian.com/football/ng-interactive/2026/sep/01/mens-transfer-window-summer-2026-all-deals-from-europes-top-five-leagues,https://interactive.guim.co.uk/2024/07/transfers/men-summer-2026.json,2026-10-03,0,0,2026-08
S26-1152,El Hadji Malick Diouf,West Ham United,Brentford,2026-08-28,Fee,Reported fee,35000000,Source quote; base/add-on treatment unspecified,Outside top five / unattached,Premier League,Defender,New to workbook,,,,,https://www.theguardian.com/football/ng-interactive/2026/sep/01/mens-transfer-window-summer-2026-all-deals-from-europes-top-five-leagues,https://interactive.guim.co.uk/2024/07/transfers/men-summer-2026.json,2026-10-03,1,1,2026-08
S26-1153,Noah Atubolu,Freiburg,Eintracht Frankfurt,2026-08-28,Loan,Loan fee not stated,,No numeric source quote,Bundesliga,Bundesliga,Goalkeeper,New to workbook,,,,Future purchase conditions mentioned; Blank quote does not mean zero loan fee; See Fee_Components,https://www.theguardian.com/football/ng-interactive/2026/sep/01/mens-transfer-window-summer-2026-all-deals-from-europes-top-five-leagues,https://interactive.guim.co.uk/2024/07/transfers/men-summer-2026.json,2026-10-03,0,0,2026-08
S26-1154,Jean-Luc Dompé,Hamburg,Konyaspor,2026-08-28,Free,Free transfer,,Free base transfer; other costs not represented,Bundesliga,Outside top five / unattached,Winger,New to workbook,,,,,https://www.theguardian.com/football/ng-interactive/2026/sep/01/mens-transfer-window-summer-2026-all-deals-from-europes-top-five-leagues,https://interactive.guim.co.uk/2024/07/transfers/men-summer-2026.json,2026-10-03,0,0,2026-08
S26-1155,Caleb Wiley,Chelsea,Preston,2026-08-28,Loan,Loan fee not stated,,No numeric source quote,Premier League,Outside top five / unattached,Defender,New to workbook,,,,Blank quote does not mean zero loan fee,https://www.theguardian.com/football/ng-interactive/2026/sep/01/mens-transfer-window-summer-2026-all-deals-from-europes-top-five-leagues,https://interactive.guim.co.uk/2024/07/transfers/men-summer-2026.json,2026-10-03,0,0,2026-08
S26-1156,Miguel Ángel Brau,Coventry City,Académico Viseu,2026-08-28,Loan,Loan fee not stated,,No numeric source quote,Premier League,Outside top five / unattached,Defender,New to workbook,,,,Blank quote does not mean zero loan fee,https://www.theguardian.com/football/ng-interactive/2026/sep/01/mens-transfer-window-summer-2026-all-deals-from-europes-top-five-leagues,https://interactive.guim.co.uk/2024/07/transfers/men-summer-2026.json,2026-10-03,0,0,2026-08
S26-1157,Nicolas Jackson,Chelsea,Aston Villa,2026-08-28,Fee,Reported fee,47500000,Source quote; base/add-on treatment unspecified,Premier League,Premier League,Forward,New to workbook,,,,,https://www.theguardian.com/football/ng-interactive/2026/sep/01/mens-transfer-window-summer-2026-all-deals-from-europes-top-five-leagues,https://interactive.guim.co.uk/2024/07/transfers/men-summer-2026.json,2026-10-03,1,1,2026-08
S26-1158,Giovanni Fabbian,Fiorentina,Parma,2026-08-28,Loan,Loan fee not stated,,No numeric source quote,Serie A,Serie A,Midfielder,New to workbook,,,,Blank quote does not mean zero loan fee,https://www.theguardian.com/football/ng-interactive/2026/sep/01/mens-transfer-window-summer-2026-all-deals-from-europes-top-five-leagues,https://interactive.guim.co.uk/2024/07/transfers/men-summer-2026.json,2026-10-03,0,0,2026-08
S26-1159,Dennis Geiger,Hoffenheim,NEC Nijmegen,2026-08-28,Free,Free transfer,,Free base transfer; other costs not represented,Bundesliga,Outside top five / unattached,Midfielder,New to workbook,,,,,https://www.theguardian.com/football/ng-interactive/2026/sep/01/mens-transfer-window-summer-2026-all-deals-from-europes-top-five-leagues,https://interactive.guim.co.uk/2024/07/transfers/men-summer-2026.json,2026-10-03,0,0,2026-08
S26-1160,Tomas Bobcek,Lechia Gdansk,Frosinone,2026-08-28,Fee,Reported fee,9160000,Source quote; base/add-on treatment unspecified,Outside top five / unattached,Serie A,Forward,New to workbook,,,,,https://www.theguardian.com/football/ng-interactive/2026/sep/01/mens-transfer-window-summer-2026-all-deals-from-europes-top-five-leagues,https://interactive.guim.co.uk/2024/07/transfers/men-summer-2026.json,2026-10-03,1,1,2026-08
S26-1161,Álvaro Morata,Como 1907,Leganés,2026-08-28,Loan,Loan fee not stated,,No numeric source quote,Serie A,Outside top five / unattached,Forward,New to workbook,,,,Blank quote does not mean zero loan fee,https://www.theguardian.com/football/ng-interactive/2026/sep/01/mens-transfer-window-summer-2026-all-deals-from-europes-top-five-leagues,https://interactive.guim.co.uk/2024/07/transfers/men-summer-2026.json,2026-10-03,0,0,2026-08
S26-1162,Fabio Miretti,Juventus,Besiktas,2026-08-28,Loan,Loan fee not stated,,No numeric source quote,Serie A,Outside top five / unattached,Midfielder,New to workbook,,,,Blank quote does not mean zero loan fee; See Fee_Components,https://www.theguardian.com/football/ng-interactive/2026/sep/01/mens-transfer-window-summer-2026-all-deals-from-europes-top-five-leagues,https://interactive.guim.co.uk/2024/07/transfers/men-summer-2026.json,2026-10-03,0,0,2026-08
S26-1163,Kojo Peprah Oppong,Nice,Fenerbahce,2026-08-28,Fee,Reported fee,10270000,Source quote; base/add-on treatment unspecified,Ligue 1,Outside top five / unattached,Defender,New to workbook,,,,,https://www.theguardian.com/football/ng-interactive/2026/sep/01/mens-transfer-window-summer-2026-all-deals-from-europes-top-five-leagues,https://interactive.guim.co.uk/2024/07/transfers/men-summer-2026.json,2026-10-03,1,1,2026-08
S26-1164,Bartosz Mrozek,Lech Poznan,Udinese,2026-08-28,Fee,Reported fee,1280000,Source quote; base/add-on treatment unspecified,Outside top five / unattached,Serie A,Goalkeeper,New to workbook,,,,,https://www.theguardian.com/football/ng-interactive/2026/sep/01/mens-transfer-window-summer-2026-all-deals-from-europes-top-five-leagues,https://interactive.guim.co.uk/2024/07/transfers/men-summer-2026.json,2026-10-03,1,1,2026-08
S26-1165,Gabriele Zappa,Cagliari,Verona,2026-08-28,Loan,Loan fee not stated,,No numeric source quote,Serie A,Outside top five / unattached,Defender,New to workbook,,,,Future purchase conditions mentioned; Blank quote does not mean zero loan fee,https://www.theguardian.com/football/ng-interactive/2026/sep/01/mens-transfer-window-summer-2026-all-deals-from-europes-top-five-leagues,https://interactive.guim.co.uk/2024/07/transfers/men-summer-2026.json,2026-10-03,0,0,2026-08
S26-1166,Walid Cheddira,Napoli,Avellino,2026-08-28,Fee,Reported fee,3000000,Source quote; base/add-on treatment unspecified,Serie A,Outside top five / unattached,Forward,New to workbook,,,,,https://www.theguardian.com/football/ng-interactive/2026/sep/01/mens-transfer-window-summer-2026-all-deals-from-europes-top-five-leagues,https://interactive.guim.co.uk/2024/07/transfers/men-summer-2026.json,2026-10-03,1,1,2026-08
S26-1167,William Bøving,Mainz 05,Nuremberg,2026-08-28,Loan,Loan fee not stated,,No numeric source quote,Bundesliga,Outside top five / unattached,Forward,New to workbook,,,,Blank quote does not mean zero loan fee,https://www.theguardian.com/football/ng-interactive/2026/sep/01/mens-transfer-window-summer-2026-all-deals-from-europes-top-five-leagues,https://interactive.guim.co.uk/2024/07/transfers/men-summer-2026.json,2026-10-03,0,0,2026-08
S26-1168,Javi Montero,Málaga,Leganés,2026-08-29,Free,Free transfer,,Free base transfer; other costs not represented,La Liga,Outside top five / unattached,Defender,New to workbook,,,,,https://www.theguardian.com/football/ng-interactive/2026/sep/01/mens-transfer-window-summer-2026-all-deals-from-europes-top-five-leagues,https://interactive.guim.co.uk/2024/07/transfers/men-summer-2026.json,2026-10-03,0,0,2026-08
S26-1169,Jon Karrikaburu,Real Sociedad,Burgos,2026-08-28,Free,Free transfer,,Free base transfer; other costs not represented,La Liga,Outside top five / unattached,Forward,New to workbook,,,,,https://www.theguardian.com/football/ng-interactive/2026/sep/01/mens-transfer-window-summer-2026-all-deals-from-europes-top-five-leagues,https://interactive.guim.co.uk/2024/07/transfers/men-summer-2026.json,2026-10-03,0,0,2026-08
S26-1170,Patrick Nuamah,Sassuolo,Sabadell,2026-08-28,Loan,Loan fee not stated,,No numeric source quote,Serie A,Outside top five / unattached,Midfielder,New to workbook,,,,Blank quote does not mean zero loan fee,https://www.theguardian.com/football/ng-interactive/2026/sep/01/mens-transfer-window-summer-2026-all-deals-from-europes-top-five-leagues,https://interactive.guim.co.uk/2024/07/transfers/men-summer-2026.json,2026-10-03,0,0,2026-08
S26-1171,Issa Kaboré,Manchester City,Wrexham,2026-08-26,Fee,Reported fee,2000000,Source quote; base/add-on treatment unspecified,Premier League,Outside top five / unattached,Defender,New to workbook,,,,,https://www.theguardian.com/football/ng-interactive/2026/sep/01/mens-transfer-window-summer-2026-all-deals-from-europes-top-five-leagues,https://interactive.guim.co.uk/2024/07/transfers/men-summer-2026.json,2026-10-03,1,1,2026-08
S26-1172,Matai Akinmboni,Bournemouth,Dundee,2026-08-27,Loan,Loan fee not stated,,No numeric source quote,Premier League,Outside top five / unattached,Defender,New to workbook,,,,Blank quote does not mean zero loan fee,https://www.theguardian.com/football/ng-interactive/2026/sep/01/mens-transfer-window-summer-2026-all-deals-from-europes-top-five-leagues,https://interactive.guim.co.uk/2024/07/transfers/men-summer-2026.json,2026-10-03,0,0,2026-08
S26-1173,Yanis Zouaoui,Le Havre,Montpellier,2026-08-28,Undisclosed fee,Undisclosed,,No numeric source quote,Ligue 1,Outside top five / unattached,Defender,New to workbook,,,,,https://www.theguardian.com/football/ng-interactive/2026/sep/01/mens-transfer-window-summer-2026-all-deals-from-europes-top-five-leagues,https://interactive.guim.co.uk/2024/07/transfers/men-summer-2026.json,2026-10-03,0,0,2026-08
S26-1174,Michael Folorunsho,Napoli,Monza,2026-08-28,Loan,Loan fee not stated,,No numeric source quote,Serie A,Serie A,Midfielder,New to workbook,,,,Blank quote does not mean zero loan fee,https://www.theguardian.com/football/ng-interactive/2026/sep/01/mens-transfer-window-summer-2026-all-deals-from-europes-top-five-leagues,https://interactive.guim.co.uk/2024/07/transfers/men-summer-2026.json,2026-10-03,0,0,2026-08
S26-1175,Cyril Ngonge,Napoli,Monza,2026-08-28,Loan,Loan fee not stated,,No numeric source quote,Serie A,Serie A,Winger,New to workbook,,,,Future purchase conditions mentioned; Blank quote does not mean zero loan fee,https://www.theguardian.com/football/ng-interactive/2026/sep/01/mens-transfer-window-summer-2026-all-deals-from-europes-top-five-leagues,https://interactive.guim.co.uk/2024/07/transfers/men-summer-2026.json,2026-10-03,0,0,2026-08
S26-1176,Reiss Nelson,Arsenal,Feyenoord,2026-09-02,Free,Free transfer,,Free base transfer; other costs not represented,Premier League,Outside top five / unattached,Winger,New to workbook,,,,After main leagues deadline; retained under source summer coverage,https://www.theguardian.com/football/ng-interactive/2026/sep/01/mens-transfer-window-summer-2026-all-deals-from-europes-top-five-leagues,https://interactive.guim.co.uk/2024/07/transfers/men-summer-2026.json,2026-10-03,0,0,2026-09
S26-1177,Javi Muñoz,Getafe,Almería,2026-08-28,Free,Free transfer,,Free base transfer; other costs not represented,La Liga,Outside top five / unattached,Midfielder,New to workbook,,,,,https://www.theguardian.com/football/ng-interactive/2026/sep/01/mens-transfer-window-summer-2026-all-deals-from-europes-top-five-leagues,https://interactive.guim.co.uk/2024/07/transfers/men-summer-2026.json,2026-10-03,0,0,2026-08
S26-1178,Rachid Kouda,Parma,Mantova,2026-08-27,Loan,Loan fee not stated,,No numeric source quote,Serie A,Outside top five / unattached,Midfielder,New to workbook,,,,Blank quote does not mean zero loan fee,https://www.theguardian.com/football/ng-interactive/2026/sep/01/mens-transfer-window-summer-2026-all-deals-from-europes-top-five-leagues,https://interactive.guim.co.uk/2024/07/transfers/men-summer-2026.json,2026-10-03,0,0,2026-08
S26-1179,Dominik Livakovic,Fenerbahce,Barcelona,2026-08-27,Fee,Reported fee,1700000,Source quote; base/add-on treatment unspecified,Outside top five / unattached,La Liga,Goalkeeper,New to workbook,,,,,https://www.theguardian.com/football/ng-interactive/2026/sep/01/mens-transfer-window-summer-2026-all-deals-from-europes-top-five-leagues,https://interactive.guim.co.uk/2024/07/transfers/men-summer-2026.json,2026-10-03,1,1,2026-08
S26-1180,Kai Andrews,Coventry City,Oxford United,2026-08-28,Loan,Loan fee not stated,,No numeric source quote,Premier League,Outside top five / unattached,Midfielder,New to workbook,,,,Blank quote does not mean zero loan fee,https://www.theguardian.com/football/ng-interactive/2026/sep/01/mens-transfer-window-summer-2026-all-deals-from-europes-top-five-leagues,https://interactive.guim.co.uk/2024/07/transfers/men-summer-2026.json,2026-10-03,0,0,2026-08
S26-1181,Matteo Prati,Cagliari,Racing Santander,2026-08-26,Loan,Loan fee not stated,,No numeric source quote,Serie A,La Liga,Midfielder,New to workbook,,,,Blank quote does not mean zero loan fee,https://www.theguardian.com/football/ng-interactive/2026/sep/01/mens-transfer-window-summer-2026-all-deals-from-europes-top-five-leagues,https://interactive.guim.co.uk/2024/07/transfers/men-summer-2026.json,2026-10-03,0,0,2026-08
S26-1182,Couhaib Driouech,PSV Eindhoven,Celta Vigo,2026-08-25,Fee,Reported fee,6000000,Source quote; base/add-on treatment unspecified,Outside top five / unattached,La Liga,Winger,New to workbook,,,,,https://www.theguardian.com/football/ng-interactive/2026/sep/01/mens-transfer-window-summer-2026-all-deals-from-europes-top-five-leagues,https://interactive.guim.co.uk/2024/07/transfers/men-summer-2026.json,2026-10-03,1,1,2026-08
S26-1183,Álex Sancris,Getafe,Leganés,2026-08-25,Loan,Loan fee not stated,,No numeric source quote,La Liga,Outside top five / unattached,Winger,New to workbook,,,,Blank quote does not mean zero loan fee,https://www.theguardian.com/football/ng-interactive/2026/sep/01/mens-transfer-window-summer-2026-all-deals-from-europes-top-five-leagues,https://interactive.guim.co.uk/2024/07/transfers/men-summer-2026.json,2026-10-03,0,0,2026-08
S26-1184,Ernest Poku,Bayer Leverkusen,Besiktas,2026-08-27,Loan,Loan fee not stated,,No numeric source quote,Bundesliga,Outside top five / unattached,Winger,New to workbook,,,,Future purchase conditions mentioned; Blank quote does not mean zero loan fee,https://www.theguardian.com/football/ng-interactive/2026/sep/01/mens-transfer-window-summer-2026-all-deals-from-europes-top-five-leagues,https://interactive.guim.co.uk/2024/07/transfers/men-summer-2026.json,2026-10-03,0,0,2026-08
S26-1185,Felix Uduokhai,Besiktas,Union Berlin,2026-08-27,Fee,Reported fee,1300000,Source quote; base/add-on treatment unspecified,Outside top five / unattached,Bundesliga,Defender,New to workbook,,,,,https://www.theguardian.com/football/ng-interactive/2026/sep/01/mens-transfer-window-summer-2026-all-deals-from-europes-top-five-leagues,https://interactive.guim.co.uk/2024/07/transfers/men-summer-2026.json,2026-10-03,1,1,2026-08
S26-1186,Seol Young-woo,Red Star Belgrade,Augsburg,2026-08-27,Fee,Reported fee,3200000,Source quote; base/add-on treatment unspecified,Outside top five / unattached,Bundesliga,Defender,New to workbook,,,,,https://www.theguardian.com/football/ng-interactive/2026/sep/01/mens-transfer-window-summer-2026-all-deals-from-europes-top-five-leagues,https://interactive.guim.co.uk/2024/07/transfers/men-summer-2026.json,2026-10-03,1,1,2026-08
S26-1187,Youssoupha Niang,Cologne,St Pauli,2026-08-27,Loan,Loan fee not stated,,No numeric source quote,Bundesliga,Outside top five / unattached,Winger,New to workbook,,,,Blank quote does not mean zero loan fee,https://www.theguardian.com/football/ng-interactive/2026/sep/01/mens-transfer-window-summer-2026-all-deals-from-europes-top-five-leagues,https://interactive.guim.co.uk/2024/07/transfers/men-summer-2026.json,2026-10-03,0,0,2026-08
S26-1188,Felipe Chávez,Bayern Munich,Magdeburg,2026-08-27,Loan,Loan fee not stated,,No numeric source quote,Bundesliga,Outside top five / unattached,Midfielder,New to workbook,,,,Blank quote does not mean zero loan fee,https://www.theguardian.com/football/ng-interactive/2026/sep/01/mens-transfer-window-summer-2026-all-deals-from-europes-top-five-leagues,https://interactive.guim.co.uk/2024/07/transfers/men-summer-2026.json,2026-10-03,0,0,2026-08
S26-1189,Rafael Leão,Milan,Galatasaray,2026-08-29,Fee,Reported fee,36800000,Source quote; base/add-on treatment unspecified,Serie A,Outside top five / unattached,Winger,New to workbook,,,,,https://www.theguardian.com/football/ng-interactive/2026/sep/01/mens-transfer-window-summer-2026-all-deals-from-europes-top-five-leagues,https://interactive.guim.co.uk/2024/07/transfers/men-summer-2026.json,2026-10-03,1,1,2026-08
S26-1190,Samuele Ricci,Milan,Como 1907,2026-08-29,Loan,Loan fee not stated,,No numeric source quote,Serie A,Serie A,Midfielder,New to workbook,,,,Future purchase conditions mentioned; Blank quote does not mean zero loan fee,https://www.theguardian.com/football/ng-interactive/2026/sep/01/mens-transfer-window-summer-2026-all-deals-from-europes-top-five-leagues,https://interactive.guim.co.uk/2024/07/transfers/men-summer-2026.json,2026-10-03,0,0,2026-08
S26-1191,Kristjan Asllani,Inter,Al-Jazira,2026-08-29,Loan,Loan fee not stated,,No numeric source quote,Serie A,Outside top five / unattached,Midfielder,New to workbook,,,,Blank quote does not mean zero loan fee,https://www.theguardian.com/football/ng-interactive/2026/sep/01/mens-transfer-window-summer-2026-all-deals-from-europes-top-five-leagues,https://interactive.guim.co.uk/2024/07/transfers/men-summer-2026.json,2026-10-03,0,0,2026-08
S26-1192,Alvin Okoro,Venezia,Südtirol,2026-08-29,Loan,Loan fee not stated,,No numeric source quote,Serie A,Outside top five / unattached,Forward,New to workbook,,,,Blank quote does not mean zero loan fee,https://www.theguardian.com/football/ng-interactive/2026/sep/01/mens-transfer-window-summer-2026-all-deals-from-europes-top-five-leagues,https://interactive.guim.co.uk/2024/07/transfers/men-summer-2026.json,2026-10-03,0,0,2026-08
S26-1193,Sebastiano Esposito,Cagliari,Sassuolo,2026-08-29,Loan,Loan fee not stated,,No numeric source quote,Serie A,Serie A,Forward,New to workbook,,,,Future purchase conditions mentioned; Blank quote does not mean zero loan fee,https://www.theguardian.com/football/ng-interactive/2026/sep/01/mens-transfer-window-summer-2026-all-deals-from-europes-top-five-leagues,https://interactive.guim.co.uk/2024/07/transfers/men-summer-2026.json,2026-10-03,0,0,2026-08
S26-1194,Semuel Pizzignacco,Monza,Carrarese,2026-08-28,Loan,Loan fee not stated,,No numeric source quote,Serie A,Outside top five / unattached,Goalkeeper,New to workbook,,,,Blank quote does not mean zero loan fee,https://www.theguardian.com/football/ng-interactive/2026/sep/01/mens-transfer-window-summer-2026-all-deals-from-europes-top-five-leagues,https://interactive.guim.co.uk/2024/07/transfers/men-summer-2026.json,2026-10-03,0,0,2026-08
S26-1195,Gabriele Artistico,Lazio,Padova,2026-08-27,Fee,Reported fee,2600000,Source quote; base/add-on treatment unspecified,Serie A,Outside top five / unattached,Forward,New to workbook,,,,,https://www.theguardian.com/football/ng-interactive/2026/sep/01/mens-transfer-window-summer-2026-all-deals-from-europes-top-five-leagues,https://interactive.guim.co.uk/2024/07/transfers/men-summer-2026.json,2026-10-03,1,1,2026-08
S26-1196,Daniel Birligea,FCSB,Frosinone,2026-08-27,Loan,Loan fee not stated,,No numeric source quote,Outside top five / unattached,Serie A,Forward,New to workbook,,,,Blank quote does not mean zero loan fee,https://www.theguardian.com/football/ng-interactive/2026/sep/01/mens-transfer-window-summer-2026-all-deals-from-europes-top-five-leagues,https://interactive.guim.co.uk/2024/07/transfers/men-summer-2026.json,2026-10-03,0,0,2026-08
S26-1197,Andrea Pinamonti,Sassuolo,Lazio,2026-08-27,Fee,Reported fee,2600000,Source quote; base/add-on treatment unspecified,Serie A,Serie A,Forward,New to workbook,,,,,https://www.theguardian.com/football/ng-interactive/2026/sep/01/mens-transfer-window-summer-2026-all-deals-from-europes-top-five-leagues,https://interactive.guim.co.uk/2024/07/transfers/men-summer-2026.json,2026-10-03,1,1,2026-08
S26-1198,Ivan Ilic,Torino,Lecce,2026-08-27,Loan,Loan fee not stated,,No numeric source quote,Serie A,Serie A,Midfielder,New to workbook,,,,Blank quote does not mean zero loan fee,https://www.theguardian.com/football/ng-interactive/2026/sep/01/mens-transfer-window-summer-2026-all-deals-from-europes-top-five-leagues,https://interactive.guim.co.uk/2024/07/transfers/men-summer-2026.json,2026-10-03,0,0,2026-08
S26-1199,Filippo Grosso,Frosinone,Crotone,2026-08-27,Loan,Loan fee not stated,,No numeric source quote,Serie A,Outside top five / unattached,Midfielder,New to workbook,,,,Blank quote does not mean zero loan fee,https://www.theguardian.com/football/ng-interactive/2026/sep/01/mens-transfer-window-summer-2026-all-deals-from-europes-top-five-leagues,https://interactive.guim.co.uk/2024/07/transfers/men-summer-2026.json,2026-10-03,0,0,2026-08
S26-1200,Alan Matturro,Genoa,Shakhtar Donetsk,2026-08-26,Fee,Reported fee,4300000,Source quote; base/add-on treatment unspecified,Serie A,Outside top five / unattached,Defender,New to workbook,,,,,https://www.theguardian.com/football/ng-interactive/2026/sep/01/mens-transfer-window-summer-2026-all-deals-from-europes-top-five-leagues,https://interactive.guim.co.uk/2024/07/transfers/men-summer-2026.json,2026-10-03,1,1,2026-08
S26-1201,Emiliano Martínez,Aston Villa,Chelsea,2026-08-30,Fee,Reported fee,7500000,Source quote; base/add-on treatment unspecified,Premier League,Premier League,Goalkeeper,New to workbook,,,,,https://www.theguardian.com/football/ng-interactive/2026/sep/01/mens-transfer-window-summer-2026-all-deals-from-europes-top-five-leagues,https://interactive.guim.co.uk/2024/07/transfers/men-summer-2026.json,2026-10-03,1,1,2026-08
S26-1202,Riccardo Ciervo,Sassuolo,Cagliari,2026-08-29,Loan,Loan fee not stated,,No numeric source quote,Serie A,Serie A,Winger,New to workbook,,,,Blank quote does not mean zero loan fee,https://www.theguardian.com/football/ng-interactive/2026/sep/01/mens-transfer-window-summer-2026-all-deals-from-europes-top-five-leagues,https://interactive.guim.co.uk/2024/07/transfers/men-summer-2026.json,2026-10-03,0,0,2026-08
S26-1203,Jamie Donley,Tottenham Hotspur,Luton Town,2026-08-29,Loan,Loan fee not stated,,No numeric source quote,Premier League,Outside top five / unattached,Midfielder,New to workbook,,,,Blank quote does not mean zero loan fee,https://www.theguardian.com/football/ng-interactive/2026/sep/01/mens-transfer-window-summer-2026-all-deals-from-europes-top-five-leagues,https://interactive.guim.co.uk/2024/07/transfers/men-summer-2026.json,2026-10-03,0,0,2026-08
S26-1204,William Mikelbrencis,Hamburg,Darmstadt,2026-08-29,Free,Free transfer,,Free base transfer; other costs not represented,Bundesliga,Outside top five / unattached,Defender,New to workbook,,,,,https://www.theguardian.com/football/ng-interactive/2026/sep/01/mens-transfer-window-summer-2026-all-deals-from-europes-top-five-leagues,https://interactive.guim.co.uk/2024/07/transfers/men-summer-2026.json,2026-10-03,0,0,2026-08
S26-1205,Marcus Pedersen,Torino,Olympiakos,2026-08-29,Fee,Reported fee,5100000,Source quote; base/add-on treatment unspecified,Serie A,Outside top five / unattached,Defender,New to workbook,,,,,https://www.theguardian.com/football/ng-interactive/2026/sep/01/mens-transfer-window-summer-2026-all-deals-from-europes-top-five-leagues,https://interactive.guim.co.uk/2024/07/transfers/men-summer-2026.json,2026-10-03,1,1,2026-08
S26-1206,Lucas Perri,Leeds United,Torino,2026-08-29,Loan,Loan fee not stated,,No numeric source quote,Premier League,Serie A,Goalkeeper,New to workbook,,,,Blank quote does not mean zero loan fee,https://www.theguardian.com/football/ng-interactive/2026/sep/01/mens-transfer-window-summer-2026-all-deals-from-europes-top-five-leagues,https://interactive.guim.co.uk/2024/07/transfers/men-summer-2026.json,2026-10-03,0,0,2026-08
S26-1207,Nemanja Gudelj,Sevilla,Getafe,2026-08-30,Free,Free transfer,,Free base transfer; other costs not represented,La Liga,La Liga,Midfielder,New to workbook,,,,,https://www.theguardian.com/football/ng-interactive/2026/sep/01/mens-transfer-window-summer-2026-all-deals-from-europes-top-five-leagues,https://interactive.guim.co.uk/2024/07/transfers/men-summer-2026.json,2026-10-03,0,0,2026-08
S26-1208,Arthur Theate,Eintracht Frankfurt,Bologna,2026-08-30,Loan,Loan fee not stated,,No numeric source quote,Bundesliga,Serie A,Defender,New to workbook,,,,Blank quote does not mean zero loan fee,https://www.theguardian.com/football/ng-interactive/2026/sep/01/mens-transfer-window-summer-2026-all-deals-from-europes-top-five-leagues,https://interactive.guim.co.uk/2024/07/transfers/men-summer-2026.json,2026-10-03,0,0,2026-08
S26-1209,Leonardo Balerdi,Marseille,Roma,2026-08-30,Loan,Loan fee not stated,,No numeric source quote,Ligue 1,Serie A,Defender,New to workbook,,,,Blank quote does not mean zero loan fee,https://www.theguardian.com/football/ng-interactive/2026/sep/01/mens-transfer-window-summer-2026-all-deals-from-europes-top-five-leagues,https://interactive.guim.co.uk/2024/07/transfers/men-summer-2026.json,2026-10-03,0,0,2026-08
S26-1210,Tyler Bindon,Nottingham Forest,Charlton Athletic,2026-08-30,Loan,Loan fee not stated,,No numeric source quote,Premier League,Outside top five / unattached,Defender,New to workbook,,,,Blank quote does not mean zero loan fee,https://www.theguardian.com/football/ng-interactive/2026/sep/01/mens-transfer-window-summer-2026-all-deals-from-europes-top-five-leagues,https://interactive.guim.co.uk/2024/07/transfers/men-summer-2026.json,2026-10-03,0,0,2026-08
S26-1211,Nick Bätzner,Paderborn,RW Essen,2026-08-30,Fee,Reported fee,106500,Source quote; base/add-on treatment unspecified,Bundesliga,Outside top five / unattached,Midfielder,New to workbook,,,,,https://www.theguardian.com/football/ng-interactive/2026/sep/01/mens-transfer-window-summer-2026-all-deals-from-europes-top-five-leagues,https://interactive.guim.co.uk/2024/07/transfers/men-summer-2026.json,2026-10-03,1,1,2026-08
S26-1212,Toby Collyer,Manchester United,West Bromwich Albion,2026-08-30,Undisclosed fee,Undisclosed,,No numeric source quote,Premier League,Outside top five / unattached,Midfielder,New to workbook,,,,,https://www.theguardian.com/football/ng-interactive/2026/sep/01/mens-transfer-window-summer-2026-all-deals-from-europes-top-five-leagues,https://interactive.guim.co.uk/2024/07/transfers/men-summer-2026.json,2026-10-03,0,0,2026-08
S26-1213,Ernestas Lysionok,Genoa,Dolomiti,2026-08-30,Loan,Loan fee not stated,,No numeric source quote,Serie A,Outside top five / unattached,Goalkeeper,New to workbook,,,,Blank quote does not mean zero loan fee,https://www.theguardian.com/football/ng-interactive/2026/sep/01/mens-transfer-window-summer-2026-all-deals-from-europes-top-five-leagues,https://interactive.guim.co.uk/2024/07/transfers/men-summer-2026.json,2026-10-03,0,0,2026-08
S26-1214,Oso,Sevilla,Strasbourg,2026-08-30,Fee,Reported fee,8500000,Source quote; base/add-on treatment unspecified,La Liga,Ligue 1,Winger,New to workbook,,,,,https://www.theguardian.com/football/ng-interactive/2026/sep/01/mens-transfer-window-summer-2026-all-deals-from-europes-top-five-leagues,https://interactive.guim.co.uk/2024/07/transfers/men-summer-2026.json,2026-10-03,1,1,2026-08
S26-1215,Stephen Mfuni,Manchester City,Coventry City,2026-08-30,Loan,Loan fee not stated,,No numeric source quote,Premier League,Premier League,Defender,New to workbook,,,,Blank quote does not mean zero loan fee,https://www.theguardian.com/football/ng-interactive/2026/sep/01/mens-transfer-window-summer-2026-all-deals-from-europes-top-five-leagues,https://interactive.guim.co.uk/2024/07/transfers/men-summer-2026.json,2026-10-03,0,0,2026-08
S26-1216,Ollie Watkins,Aston Villa,Al-Hilal,2026-08-30,Fee,Reported fee,51000000,Source quote; base/add-on treatment unspecified,Premier League,Outside top five / unattached,Forward,New to workbook,,,,,https://www.theguardian.com/football/ng-interactive/2026/sep/01/mens-transfer-window-summer-2026-all-deals-from-europes-top-five-leagues,https://interactive.guim.co.uk/2024/07/transfers/men-summer-2026.json,2026-10-03,1,1,2026-08
S26-1217,Marten de Roon,Atalanta,Roma,2026-08-30,Fee,Reported fee,850000,Source quote; base/add-on treatment unspecified,Serie A,Serie A,Midfielder,New to workbook,,,,,https://www.theguardian.com/football/ng-interactive/2026/sep/01/mens-transfer-window-summer-2026-all-deals-from-europes-top-five-leagues,https://interactive.guim.co.uk/2024/07/transfers/men-summer-2026.json,2026-10-03,1,1,2026-08
S26-1218,Matías Orozco,Deportivo Cali,Brighton,2026-08-30,Fee,Reported fee,3500000,Source quote; base/add-on treatment unspecified,Outside top five / unattached,Premier League,Midfielder,New to workbook,,,,,https://www.theguardian.com/football/ng-interactive/2026/sep/01/mens-transfer-window-summer-2026-all-deals-from-europes-top-five-leagues,https://interactive.guim.co.uk/2024/07/transfers/men-summer-2026.json,2026-10-03,1,1,2026-08
S26-1219,Ignace Van Der Brempt,Como 1907,Sassuolo,2026-08-30,Loan,Loan fee not stated,,No numeric source quote,Serie A,Serie A,Defender,New to workbook,,,,Future purchase conditions mentioned; Blank quote does not mean zero loan fee,https://www.theguardian.com/football/ng-interactive/2026/sep/01/mens-transfer-window-summer-2026-all-deals-from-europes-top-five-leagues,https://interactive.guim.co.uk/2024/07/transfers/men-summer-2026.json,2026-10-03,0,0,2026-08
S26-1220,Alieu Njie,Torino,Fiorentina,2026-08-30,Loan,Loan fee not stated,,No numeric source quote,Serie A,Serie A,Forward,New to workbook,,,,Blank quote does not mean zero loan fee,https://www.theguardian.com/football/ng-interactive/2026/sep/01/mens-transfer-window-summer-2026-all-deals-from-europes-top-five-leagues,https://interactive.guim.co.uk/2024/07/transfers/men-summer-2026.json,2026-10-03,0,0,2026-08
S26-1221,Axel Tape,Bayer Leverkusen,Levante,2026-08-30,Loan,Loan fee not stated,,No numeric source quote,Bundesliga,La Liga,Defender,New to workbook,,,,Blank quote does not mean zero loan fee,https://www.theguardian.com/football/ng-interactive/2026/sep/01/mens-transfer-window-summer-2026-all-deals-from-europes-top-five-leagues,https://interactive.guim.co.uk/2024/07/transfers/men-summer-2026.json,2026-10-03,0,0,2026-08
S26-1222,Emil Bohinen,Venezia,Cesena,2026-08-30,Loan,Loan fee not stated,,No numeric source quote,Serie A,Outside top five / unattached,Midfielder,New to workbook,,,,Blank quote does not mean zero loan fee,https://www.theguardian.com/football/ng-interactive/2026/sep/01/mens-transfer-window-summer-2026-all-deals-from-europes-top-five-leagues,https://interactive.guim.co.uk/2024/07/transfers/men-summer-2026.json,2026-10-03,0,0,2026-08
S26-1223,Ali Dembélé,Torino,Lecce,2026-08-30,Loan,Loan fee not stated,,No numeric source quote,Serie A,Serie A,Defender,New to workbook,,,,Blank quote does not mean zero loan fee,https://www.theguardian.com/football/ng-interactive/2026/sep/01/mens-transfer-window-summer-2026-all-deals-from-europes-top-five-leagues,https://interactive.guim.co.uk/2024/07/transfers/men-summer-2026.json,2026-10-03,0,0,2026-08
S26-1224,Eman Kospo,Fiorentina,Mantova,2026-08-30,Loan,Loan fee not stated,,No numeric source quote,Serie A,Outside top five / unattached,Forward,New to workbook,,,,Blank quote does not mean zero loan fee,https://www.theguardian.com/football/ng-interactive/2026/sep/01/mens-transfer-window-summer-2026-all-deals-from-europes-top-five-leagues,https://interactive.guim.co.uk/2024/07/transfers/men-summer-2026.json,2026-10-03,0,0,2026-08
S26-1225,Sergio Martínez,Racing Santander,Real Madrid,2026-08-31,Fee,Reported fee,2600000,Source quote; base/add-on treatment unspecified,La Liga,La Liga,Midfielder,New to workbook,,,,,https://www.theguardian.com/football/ng-interactive/2026/sep/01/mens-transfer-window-summer-2026-all-deals-from-europes-top-five-leagues,https://interactive.guim.co.uk/2024/07/transfers/men-summer-2026.json,2026-10-03,1,1,2026-08
S26-1226,Yanis Massolin,Inter,Cagliari,2026-08-30,Loan,Loan fee not stated,,No numeric source quote,Serie A,Serie A,Midfielder,New to workbook,,,,Future purchase conditions mentioned; Blank quote does not mean zero loan fee,https://www.theguardian.com/football/ng-interactive/2026/sep/01/mens-transfer-window-summer-2026-all-deals-from-europes-top-five-leagues,https://interactive.guim.co.uk/2024/07/transfers/men-summer-2026.json,2026-10-03,0,0,2026-08
S26-1227,Jayce Fitzgerald,Manchester United,Rotherham,2026-08-31,Loan,Loan fee not stated,,No numeric source quote,Premier League,Outside top five / unattached,Midfielder,New to workbook,,,,Blank quote does not mean zero loan fee,https://www.theguardian.com/football/ng-interactive/2026/sep/01/mens-transfer-window-summer-2026-all-deals-from-europes-top-five-leagues,https://interactive.guim.co.uk/2024/07/transfers/men-summer-2026.json,2026-10-03,0,0,2026-08
S26-1228,Daniel Muñoz,Crystal Palace,Nottingham Forest,2026-08-31,Fee,Reported fee,22000000,Source quote; base/add-on treatment unspecified,Premier League,Premier League,Defender,New to workbook,,,,,https://www.theguardian.com/football/ng-interactive/2026/sep/01/mens-transfer-window-summer-2026-all-deals-from-europes-top-five-leagues,https://interactive.guim.co.uk/2024/07/transfers/men-summer-2026.json,2026-10-03,1,1,2026-08
S26-1229,Allan,Palmeiras,Manchester City,2026-08-31,Fee,Reported fee,32000000,Source quote; base/add-on treatment unspecified,Outside top five / unattached,Premier League,Winger,New to workbook,,,,,https://www.theguardian.com/football/ng-interactive/2026/sep/01/mens-transfer-window-summer-2026-all-deals-from-europes-top-five-leagues,https://interactive.guim.co.uk/2024/07/transfers/men-summer-2026.json,2026-10-03,1,1,2026-08
S26-1231,Filippo Missori,Sassuolo,Avellino,2026-08-31,Loan,Loan fee not stated,,No numeric source quote,Serie A,Outside top five / unattached,Defender,New to workbook,,,,Blank quote does not mean zero loan fee,https://www.theguardian.com/football/ng-interactive/2026/sep/01/mens-transfer-window-summer-2026-all-deals-from-europes-top-five-leagues,https://interactive.guim.co.uk/2024/07/transfers/men-summer-2026.json,2026-10-03,0,0,2026-08
S26-1232,Alessandro Vogt,Hoffenheim,Heidenheim,2026-08-31,Loan,Loan fee not stated,,No numeric source quote,Bundesliga,Outside top five / unattached,Forward,New to workbook,,,,Blank quote does not mean zero loan fee,https://www.theguardian.com/football/ng-interactive/2026/sep/01/mens-transfer-window-summer-2026-all-deals-from-europes-top-five-leagues,https://interactive.guim.co.uk/2024/07/transfers/men-summer-2026.json,2026-10-03,0,0,2026-08
S26-1233,Lino Sousa,Aston Villa,Shrewsbury Town,2026-08-31,Loan,Loan fee not stated,,No numeric source quote,Premier League,Outside top five / unattached,Defender,New to workbook,,,,Blank quote does not mean zero loan fee,https://www.theguardian.com/football/ng-interactive/2026/sep/01/mens-transfer-window-summer-2026-all-deals-from-europes-top-five-leagues,https://interactive.guim.co.uk/2024/07/transfers/men-summer-2026.json,2026-10-03,0,0,2026-08
S26-1234,Josh Feeney,Aston Villa,Peterborough,2026-08-31,Loan,Loan fee not stated,,No numeric source quote,Premier League,Outside top five / unattached,Defender,New to workbook,,,,Blank quote does not mean zero loan fee,https://www.theguardian.com/football/ng-interactive/2026/sep/01/mens-transfer-window-summer-2026-all-deals-from-europes-top-five-leagues,https://interactive.guim.co.uk/2024/07/transfers/men-summer-2026.json,2026-10-03,0,0,2026-08
S26-1235,Joel Catesby,Everton,Accrington,2026-08-31,Loan,Loan fee not stated,,No numeric source quote,Premier League,Outside top five / unattached,Winger,New to workbook,,,,Blank quote does not mean zero loan fee,https://www.theguardian.com/football/ng-interactive/2026/sep/01/mens-transfer-window-summer-2026-all-deals-from-europes-top-five-leagues,https://interactive.guim.co.uk/2024/07/transfers/men-summer-2026.json,2026-10-03,0,0,2026-08
S26-1236,Stefan Bajcetic,Liverpool,Celta Vigo,2026-08-31,Undisclosed fee,Undisclosed,,No numeric source quote,Premier League,La Liga,Midfielder,New to workbook,,,,,https://www.theguardian.com/football/ng-interactive/2026/sep/01/mens-transfer-window-summer-2026-all-deals-from-europes-top-five-leagues,https://interactive.guim.co.uk/2024/07/transfers/men-summer-2026.json,2026-10-03,0,0,2026-08
S26-1237,Omari Hutchinson,Nottingham Forest,Milan,2026-08-31,Loan,Loan fee not stated,,No numeric source quote,Premier League,Serie A,Winger,New to workbook,,,,Future purchase conditions mentioned; Blank quote does not mean zero loan fee,https://www.theguardian.com/football/ng-interactive/2026/sep/01/mens-transfer-window-summer-2026-all-deals-from-europes-top-five-leagues,https://interactive.guim.co.uk/2024/07/transfers/men-summer-2026.json,2026-10-03,0,0,2026-08
S26-1238,Adam Aznou,Everton,Málaga,2026-08-31,Loan,Loan fee not stated,,No numeric source quote,Premier League,La Liga,Defender,New to workbook,,,,Blank quote does not mean zero loan fee,https://www.theguardian.com/football/ng-interactive/2026/sep/01/mens-transfer-window-summer-2026-all-deals-from-europes-top-five-leagues,https://interactive.guim.co.uk/2024/07/transfers/men-summer-2026.json,2026-10-03,0,0,2026-08
S26-1239,David Datro Fofana,Chelsea,Servette,2026-08-31,Undisclosed fee,Undisclosed,,No numeric source quote,Premier League,Outside top five / unattached,Forward,New to workbook,,,,,https://www.theguardian.com/football/ng-interactive/2026/sep/01/mens-transfer-window-summer-2026-all-deals-from-europes-top-five-leagues,https://interactive.guim.co.uk/2024/07/transfers/men-summer-2026.json,2026-10-03,0,0,2026-08
S26-1240,Conrad Harder,RB Leipzig,Strasbourg,2026-09-01,Loan,Loan fee not stated,,No numeric source quote,Bundesliga,Ligue 1,Forward,New to workbook,,,,Blank quote does not mean zero loan fee,https://www.theguardian.com/football/ng-interactive/2026/sep/01/mens-transfer-window-summer-2026-all-deals-from-europes-top-five-leagues,https://interactive.guim.co.uk/2024/07/transfers/men-summer-2026.json,2026-10-03,0,0,2026-09
S26-1241,Luís Semedo,Sunderland,Clermont Foot,2026-09-01,Undisclosed fee,Undisclosed,,No numeric source quote,Premier League,Outside top five / unattached,Forward,New to workbook,,,,,https://www.theguardian.com/football/ng-interactive/2026/sep/01/mens-transfer-window-summer-2026-all-deals-from-europes-top-five-leagues,https://interactive.guim.co.uk/2024/07/transfers/men-summer-2026.json,2026-10-03,0,0,2026-09
S26-1242,Marc Guiu,Chelsea,RB Leipzig,2026-09-01,Fee,Reported fee,14500000,Source quote; base/add-on treatment unspecified,Premier League,Bundesliga,Forward,New to workbook,,,,,https://www.theguardian.com/football/ng-interactive/2026/sep/01/mens-transfer-window-summer-2026-all-deals-from-europes-top-five-leagues,https://interactive.guim.co.uk/2024/07/transfers/men-summer-2026.json,2026-10-03,1,1,2026-09
S26-1243,Pasquale Mazzocchi,Napoli,Venezia,2026-08-31,Loan,Loan fee not stated,,No numeric source quote,Serie A,Serie A,Defender,New to workbook,,,,Blank quote does not mean zero loan fee,https://www.theguardian.com/football/ng-interactive/2026/sep/01/mens-transfer-window-summer-2026-all-deals-from-europes-top-five-leagues,https://interactive.guim.co.uk/2024/07/transfers/men-summer-2026.json,2026-10-03,0,0,2026-08
S26-1244,Romain Del Castillo,Brest,Osasuna,2026-09-01,Fee,Reported fee,850000,Source quote; base/add-on treatment unspecified,Ligue 1,La Liga,Winger,New to workbook,,,,,https://www.theguardian.com/football/ng-interactive/2026/sep/01/mens-transfer-window-summer-2026-all-deals-from-europes-top-five-leagues,https://interactive.guim.co.uk/2024/07/transfers/men-summer-2026.json,2026-10-03,1,1,2026-09
S26-1245,Duje Caleta-Car,Lyon,Sassuolo,2026-09-01,Free,Free transfer,,Free base transfer; other costs not represented,Ligue 1,Serie A,Defender,New to workbook,,,,,https://www.theguardian.com/football/ng-interactive/2026/sep/01/mens-transfer-window-summer-2026-all-deals-from-europes-top-five-leagues,https://interactive.guim.co.uk/2024/07/transfers/men-summer-2026.json,2026-10-03,0,0,2026-09
S26-1246,Zakaria El Ouahdi,Genk,Hamburg,2026-09-01,Fee,Reported fee,6850000,Source quote; base/add-on treatment unspecified,Outside top five / unattached,Bundesliga,Defender,New to workbook,,,,,https://www.theguardian.com/football/ng-interactive/2026/sep/01/mens-transfer-window-summer-2026-all-deals-from-europes-top-five-leagues,https://interactive.guim.co.uk/2024/07/transfers/men-summer-2026.json,2026-10-03,1,1,2026-09
S26-1247,Aarón Martín,Genoa,Racing Santander,2026-09-01,Fee,Reported fee,1700000,Source quote; base/add-on treatment unspecified,Serie A,La Liga,Defender,New to workbook,,,,,https://www.theguardian.com/football/ng-interactive/2026/sep/01/mens-transfer-window-summer-2026-all-deals-from-europes-top-five-leagues,https://interactive.guim.co.uk/2024/07/transfers/men-summer-2026.json,2026-10-03,1,1,2026-09
S26-1248,Ilyas Ansah,Union Berlin,Hull City,2026-09-01,Fee,Reported fee,14500000,Source quote; base/add-on treatment unspecified,Bundesliga,Premier League,Forward,New to workbook,,,,,https://www.theguardian.com/football/ng-interactive/2026/sep/01/mens-transfer-window-summer-2026-all-deals-from-europes-top-five-leagues,https://interactive.guim.co.uk/2024/07/transfers/men-summer-2026.json,2026-10-03,1,1,2026-09
S26-1249,Souza,Tottenham Hotspur,Porto,2026-08-31,Loan,Loan fee not stated,,No numeric source quote,Premier League,Outside top five / unattached,Defender,New to workbook,,,,Blank quote does not mean zero loan fee,https://www.theguardian.com/football/ng-interactive/2026/sep/01/mens-transfer-window-summer-2026-all-deals-from-europes-top-five-leagues,https://interactive.guim.co.uk/2024/07/transfers/men-summer-2026.json,2026-10-03,0,0,2026-08
S26-1250,Nicolas Galazzi,Monza,Padova,2026-09-01,Loan,Loan fee not stated,,No numeric source quote,Serie A,Outside top five / unattached,Midfielder,New to workbook,,,,Blank quote does not mean zero loan fee,https://www.theguardian.com/football/ng-interactive/2026/sep/01/mens-transfer-window-summer-2026-all-deals-from-europes-top-five-leagues,https://interactive.guim.co.uk/2024/07/transfers/men-summer-2026.json,2026-10-03,0,0,2026-09
S26-1251,John Chetauya,Elche,Mallorca,2026-08-31,Loan,Loan fee not stated,,No numeric source quote,La Liga,Outside top five / unattached,Defender,New to workbook,,,,Blank quote does not mean zero loan fee,https://www.theguardian.com/football/ng-interactive/2026/sep/01/mens-transfer-window-summer-2026-all-deals-from-europes-top-five-leagues,https://interactive.guim.co.uk/2024/07/transfers/men-summer-2026.json,2026-10-03,0,0,2026-08
S26-1252,Gonzalo Petit,Real Betis,Cádiz,2026-09-01,Loan,Loan fee not stated,,No numeric source quote,La Liga,Outside top five / unattached,Forward,New to workbook,,,,Blank quote does not mean zero loan fee,https://www.theguardian.com/football/ng-interactive/2026/sep/01/mens-transfer-window-summer-2026-all-deals-from-europes-top-five-leagues,https://interactive.guim.co.uk/2024/07/transfers/men-summer-2026.json,2026-10-03,0,0,2026-09
S26-1253,Mathis Amougou,Strasbourg,Toulouse,2026-09-01,Loan,Loan fee not stated,,No numeric source quote,Ligue 1,Ligue 1,Midfielder,New to workbook,,,,Blank quote does not mean zero loan fee,https://www.theguardian.com/football/ng-interactive/2026/sep/01/mens-transfer-window-summer-2026-all-deals-from-europes-top-five-leagues,https://interactive.guim.co.uk/2024/07/transfers/men-summer-2026.json,2026-10-03,0,0,2026-09
S26-1255,Fábio Vieira,Arsenal,Hamburg,2026-09-01,Fee,Reported fee,7700000,Source quote; base/add-on treatment unspecified,Premier League,Bundesliga,Midfielder,New to workbook,,,,,https://www.theguardian.com/football/ng-interactive/2026/sep/01/mens-transfer-window-summer-2026-all-deals-from-europes-top-five-leagues,https://interactive.guim.co.uk/2024/07/transfers/men-summer-2026.json,2026-10-03,1,1,2026-09
S26-1256,Kota Takai,Tottenham Hotspur,Sint-Truiden,2026-09-01,Loan,Loan fee not stated,,No numeric source quote,Premier League,Outside top five / unattached,Defender,New to workbook,,,,Blank quote does not mean zero loan fee,https://www.theguardian.com/football/ng-interactive/2026/sep/01/mens-transfer-window-summer-2026-all-deals-from-europes-top-five-leagues,https://interactive.guim.co.uk/2024/07/transfers/men-summer-2026.json,2026-10-03,0,0,2026-09
S26-1257,Kastriot Imeri,Young Boys,Union Berlin,2026-09-01,Fee,Reported fee,2140000,Source quote; base/add-on treatment unspecified,Outside top five / unattached,Bundesliga,Midfielder,New to workbook,,,,,https://www.theguardian.com/football/ng-interactive/2026/sep/01/mens-transfer-window-summer-2026-all-deals-from-europes-top-five-leagues,https://interactive.guim.co.uk/2024/07/transfers/men-summer-2026.json,2026-10-03,1,1,2026-09
S26-1258,Taylor Harwood-Bellis,Southampton,Aston Villa,2026-09-01,Fee,Reported fee,25000000,Source quote; base/add-on treatment unspecified,Outside top five / unattached,Premier League,Defender,New to workbook,,,,,https://www.theguardian.com/football/ng-interactive/2026/sep/01/mens-transfer-window-summer-2026-all-deals-from-europes-top-five-leagues,https://interactive.guim.co.uk/2024/07/transfers/men-summer-2026.json,2026-10-03,1,1,2026-09
S26-1259,Lazar Jovanovic,Stuttgart,Udinese,2026-09-01,Fee,Reported fee,5500000,Source quote; base/add-on treatment unspecified,Bundesliga,Serie A,Forward,New to workbook,,,,,https://www.theguardian.com/football/ng-interactive/2026/sep/01/mens-transfer-window-summer-2026-all-deals-from-europes-top-five-leagues,https://interactive.guim.co.uk/2024/07/transfers/men-summer-2026.json,2026-10-03,1,1,2026-09
S26-1260,Maurits Kjaergaard,Red Bull Salzburg,Lille,2026-09-01,Fee,Reported fee,6850000,Source quote; base/add-on treatment unspecified,Outside top five / unattached,Ligue 1,Midfielder,New to workbook,,,,,https://www.theguardian.com/football/ng-interactive/2026/sep/01/mens-transfer-window-summer-2026-all-deals-from-europes-top-five-leagues,https://interactive.guim.co.uk/2024/07/transfers/men-summer-2026.json,2026-10-03,1,1,2026-09
S26-1261,Mikey Moore,Tottenham Hotspur,Cologne,2026-08-31,Loan,Loan fee not stated,,No numeric source quote,Premier League,Bundesliga,Winger,New to workbook,,,,Blank quote does not mean zero loan fee,https://www.theguardian.com/football/ng-interactive/2026/sep/01/mens-transfer-window-summer-2026-all-deals-from-europes-top-five-leagues,https://interactive.guim.co.uk/2024/07/transfers/men-summer-2026.json,2026-10-03,0,0,2026-08
S26-1262,Christian Gomis,Schalke 04,CD Tenerife,2026-09-01,Loan,Loan fee not stated,,No numeric source quote,Bundesliga,Outside top five / unattached,Forward,New to workbook,,,,Blank quote does not mean zero loan fee,https://www.theguardian.com/football/ng-interactive/2026/sep/01/mens-transfer-window-summer-2026-all-deals-from-europes-top-five-leagues,https://interactive.guim.co.uk/2024/07/transfers/men-summer-2026.json,2026-10-03,0,0,2026-09
S26-1264,Dylan Leonard,Schalke 04,Alemannia Aachen,2026-09-01,Loan,Loan fee not stated,,No numeric source quote,Bundesliga,Outside top five / unattached,Defender,New to workbook,,,,Blank quote does not mean zero loan fee,https://www.theguardian.com/football/ng-interactive/2026/sep/01/mens-transfer-window-summer-2026-all-deals-from-europes-top-five-leagues,https://interactive.guim.co.uk/2024/07/transfers/men-summer-2026.json,2026-10-03,0,0,2026-09
S26-1265,Mahamadou Diawara,Lyon,Red Star,2026-09-01,Loan,Loan fee not stated,,No numeric source quote,Ligue 1,Outside top five / unattached,Midfielder,New to workbook,,,,Blank quote does not mean zero loan fee,https://www.theguardian.com/football/ng-interactive/2026/sep/01/mens-transfer-window-summer-2026-all-deals-from-europes-top-five-leagues,https://interactive.guim.co.uk/2024/07/transfers/men-summer-2026.json,2026-10-03,0,0,2026-09
S26-1266,Honest Ahanor,Atalanta,Crystal Palace,2026-09-01,Loan,Loan fee not stated,,No numeric source quote,Serie A,Premier League,Defender,New to workbook,,,,Blank quote does not mean zero loan fee,https://www.theguardian.com/football/ng-interactive/2026/sep/01/mens-transfer-window-summer-2026-all-deals-from-europes-top-five-leagues,https://interactive.guim.co.uk/2024/07/transfers/men-summer-2026.json,2026-10-03,0,0,2026-09
S26-1267,Gabriel Jesus,Arsenal,Barcelona,2026-09-01,Fee,Reported fee,8600000,Source quote; base/add-on treatment unspecified,Premier League,La Liga,Forward,New to workbook,,,,,https://www.theguardian.com/football/ng-interactive/2026/sep/01/mens-transfer-window-summer-2026-all-deals-from-europes-top-five-leagues,https://interactive.guim.co.uk/2024/07/transfers/men-summer-2026.json,2026-10-03,1,1,2026-09
S26-1268,Cameron Humphreys,Ipswich Town,Huddersfield,2026-09-01,Loan,Loan fee not stated,,No numeric source quote,Premier League,Outside top five / unattached,Midfielder,New to workbook,,,,Blank quote does not mean zero loan fee,https://www.theguardian.com/football/ng-interactive/2026/sep/01/mens-transfer-window-summer-2026-all-deals-from-europes-top-five-leagues,https://interactive.guim.co.uk/2024/07/transfers/men-summer-2026.json,2026-10-03,0,0,2026-09
S26-1269,Botond Balogh,Parma,Westerlo,2026-09-01,Fee,Reported fee,428000,Source quote; base/add-on treatment unspecified,Serie A,Outside top five / unattached,Defender,New to workbook,,,,,https://www.theguardian.com/football/ng-interactive/2026/sep/01/mens-transfer-window-summer-2026-all-deals-from-europes-top-five-leagues,https://interactive.guim.co.uk/2024/07/transfers/men-summer-2026.json,2026-10-03,1,1,2026-09
S26-1270,Rayan Philippe,Hamburg,Paderborn,2026-09-01,Loan,Loan fee not stated,,No numeric source quote,Bundesliga,Bundesliga,Forward,New to workbook,,,,Blank quote does not mean zero loan fee,https://www.theguardian.com/football/ng-interactive/2026/sep/01/mens-transfer-window-summer-2026-all-deals-from-europes-top-five-leagues,https://interactive.guim.co.uk/2024/07/transfers/men-summer-2026.json,2026-10-03,0,0,2026-09
S26-1271,Marko Farji,Venezia,Heerenveen,2026-09-01,Undisclosed fee,Undisclosed,,No numeric source quote,Serie A,Outside top five / unattached,Winger,New to workbook,,,,,https://www.theguardian.com/football/ng-interactive/2026/sep/01/mens-transfer-window-summer-2026-all-deals-from-europes-top-five-leagues,https://interactive.guim.co.uk/2024/07/transfers/men-summer-2026.json,2026-10-03,0,0,2026-09
S26-1272,Moussa N'Diaye,Anderlecht,Werder Bremen,2026-09-01,Loan,Loan fee not stated,,No numeric source quote,Outside top five / unattached,Bundesliga,Defender,New to workbook,,,,Future purchase conditions mentioned; Blank quote does not mean zero loan fee,https://www.theguardian.com/football/ng-interactive/2026/sep/01/mens-transfer-window-summer-2026-all-deals-from-europes-top-five-leagues,https://interactive.guim.co.uk/2024/07/transfers/men-summer-2026.json,2026-10-03,0,0,2026-09
S26-1273,Juan Berrocal,Getafe,Málaga,2026-09-01,Free,Free transfer,,Free base transfer; other costs not represented,La Liga,La Liga,Defender,New to workbook,,,,,https://www.theguardian.com/football/ng-interactive/2026/sep/01/mens-transfer-window-summer-2026-all-deals-from-europes-top-five-leagues,https://interactive.guim.co.uk/2024/07/transfers/men-summer-2026.json,2026-10-03,0,0,2026-09
S26-1274,Moussa Diaby,Al-Ittihad,Bayer Leverkusen,2026-09-01,Fee,Reported fee,25600000,Source quote; base/add-on treatment unspecified,Outside top five / unattached,Bundesliga,Winger,New to workbook,,,,,https://www.theguardian.com/football/ng-interactive/2026/sep/01/mens-transfer-window-summer-2026-all-deals-from-europes-top-five-leagues,https://interactive.guim.co.uk/2024/07/transfers/men-summer-2026.json,2026-10-03,1,1,2026-09
S26-1275,Edoardo Iannoni,Sassuolo,Verona,2026-09-01,Undisclosed fee,Undisclosed,,No numeric source quote,Serie A,Outside top five / unattached,Midfielder,New to workbook,,,,,https://www.theguardian.com/football/ng-interactive/2026/sep/01/mens-transfer-window-summer-2026-all-deals-from-europes-top-five-leagues,https://interactive.guim.co.uk/2024/07/transfers/men-summer-2026.json,2026-10-03,0,0,2026-09
S26-1276,Branimir Mlacic,Udinese,Watford,2026-09-01,Loan,Loan fee not stated,,No numeric source quote,Serie A,Outside top five / unattached,Defender,New to workbook,,,,Blank quote does not mean zero loan fee,https://www.theguardian.com/football/ng-interactive/2026/sep/01/mens-transfer-window-summer-2026-all-deals-from-europes-top-five-leagues,https://interactive.guim.co.uk/2024/07/transfers/men-summer-2026.json,2026-10-03,0,0,2026-09
S26-1277,Filippo Delli Carri,Monza,Sampdoria,2026-09-01,Loan,Loan fee not stated,,No numeric source quote,Serie A,Outside top five / unattached,Defender,New to workbook,,,,Blank quote does not mean zero loan fee,https://www.theguardian.com/football/ng-interactive/2026/sep/01/mens-transfer-window-summer-2026-all-deals-from-europes-top-five-leagues,https://interactive.guim.co.uk/2024/07/transfers/men-summer-2026.json,2026-10-03,0,0,2026-09
S26-1278,Jérémy Hatchi,Lorient,Montpellier,2026-09-01,Loan,Loan fee not stated,,No numeric source quote,Ligue 1,Outside top five / unattached,Winger,New to workbook,,,,Blank quote does not mean zero loan fee,https://www.theguardian.com/football/ng-interactive/2026/sep/01/mens-transfer-window-summer-2026-all-deals-from-europes-top-five-leagues,https://interactive.guim.co.uk/2024/07/transfers/men-summer-2026.json,2026-10-03,0,0,2026-09
S26-1279,Joe Whitworth,Crystal Palace,Wigan Athletic,2026-09-01,Free,Free transfer,,Free base transfer; other costs not represented,Premier League,Outside top five / unattached,Goalkeeper,New to workbook,,,,,https://www.theguardian.com/football/ng-interactive/2026/sep/01/mens-transfer-window-summer-2026-all-deals-from-europes-top-five-leagues,https://interactive.guim.co.uk/2024/07/transfers/men-summer-2026.json,2026-10-03,0,0,2026-09
S26-1280,Matias Fernandez-Pardo,Lille,Newcastle United,2026-09-01,Fee,Reported fee,51000000,Source quote; base/add-on treatment unspecified,Ligue 1,Premier League,Forward,New to workbook,,,,,https://www.theguardian.com/football/ng-interactive/2026/sep/01/mens-transfer-window-summer-2026-all-deals-from-europes-top-five-leagues,https://interactive.guim.co.uk/2024/07/transfers/men-summer-2026.json,2026-10-03,1,1,2026-09
S26-1281,Rui Modesto,Udinese,Vancouver Whitecaps,2026-09-01,Undisclosed fee,Undisclosed,,No numeric source quote,Serie A,Outside top five / unattached,Defender,New to workbook,,,,,https://www.theguardian.com/football/ng-interactive/2026/sep/01/mens-transfer-window-summer-2026-all-deals-from-europes-top-five-leagues,https://interactive.guim.co.uk/2024/07/transfers/men-summer-2026.json,2026-10-03,0,0,2026-09
S26-1282,Arijon Ibrahimović,Bayern Munich,Augsburg,2026-09-01,Loan,Loan fee not stated,,No numeric source quote,Bundesliga,Bundesliga,Forward,New to workbook,,,,Blank quote does not mean zero loan fee,https://www.theguardian.com/football/ng-interactive/2026/sep/01/mens-transfer-window-summer-2026-all-deals-from-europes-top-five-leagues,https://interactive.guim.co.uk/2024/07/transfers/men-summer-2026.json,2026-10-03,0,0,2026-09
S26-1283,Timothé Nkada,Standard Liège,Troyes,2026-09-01,Loan,Loan fee not stated,,No numeric source quote,Outside top five / unattached,Ligue 1,Forward,New to workbook,,,,Blank quote does not mean zero loan fee,https://www.theguardian.com/football/ng-interactive/2026/sep/01/mens-transfer-window-summer-2026-all-deals-from-europes-top-five-leagues,https://interactive.guim.co.uk/2024/07/transfers/men-summer-2026.json,2026-10-03,0,0,2026-09
S26-1284,Largie Ramazani,Leeds United,Burnley,2026-09-01,Loan,Loan fee not stated,,No numeric source quote,Premier League,Outside top five / unattached,Winger,New to workbook,,,,Future purchase conditions mentioned; Blank quote does not mean zero loan fee,https://www.theguardian.com/football/ng-interactive/2026/sep/01/mens-transfer-window-summer-2026-all-deals-from-europes-top-five-leagues,https://interactive.guim.co.uk/2024/07/transfers/men-summer-2026.json,2026-10-03,0,0,2026-09
S26-1285,Paolo Vismara,Atalanta,Juve Stabia,2026-09-01,Undisclosed fee,Undisclosed,,No numeric source quote,Serie A,Outside top five / unattached,Goalkeeper,New to workbook,,,,,https://www.theguardian.com/football/ng-interactive/2026/sep/01/mens-transfer-window-summer-2026-all-deals-from-europes-top-five-leagues,https://interactive.guim.co.uk/2024/07/transfers/men-summer-2026.json,2026-10-03,0,0,2026-09
S26-1286,Mattia Mannini,Roma,Benevento,2026-09-01,Loan,Loan fee not stated,,No numeric source quote,Serie A,Outside top five / unattached,Defender,New to workbook,,,,Blank quote does not mean zero loan fee,https://www.theguardian.com/football/ng-interactive/2026/sep/01/mens-transfer-window-summer-2026-all-deals-from-europes-top-five-leagues,https://interactive.guim.co.uk/2024/07/transfers/men-summer-2026.json,2026-10-03,0,0,2026-09
S26-1287,Pape Matar Sarr,Tottenham Hotspur,Juventus,2026-09-01,Loan,Loan fee not stated,,No numeric source quote,Premier League,Serie A,Midfielder,New to workbook,,,,Blank quote does not mean zero loan fee,https://www.theguardian.com/football/ng-interactive/2026/sep/01/mens-transfer-window-summer-2026-all-deals-from-europes-top-five-leagues,https://interactive.guim.co.uk/2024/07/transfers/men-summer-2026.json,2026-10-03,0,0,2026-09
S26-1288,Louey Ben Farhat,Karlsruhe,Freiburg,2026-09-01,Fee,Reported fee,6400000,Source quote; base/add-on treatment unspecified,Outside top five / unattached,Bundesliga,Forward,New to workbook,,,,,https://www.theguardian.com/football/ng-interactive/2026/sep/01/mens-transfer-window-summer-2026-all-deals-from-europes-top-five-leagues,https://interactive.guim.co.uk/2024/07/transfers/men-summer-2026.json,2026-10-03,1,1,2026-09
S26-1289,Habib Diallo,Metz,Le Mans,2026-09-01,Undisclosed fee,Undisclosed,,No numeric source quote,Outside top five / unattached,Ligue 1,Forward,New to workbook,,,,,https://www.theguardian.com/football/ng-interactive/2026/sep/01/mens-transfer-window-summer-2026-all-deals-from-europes-top-five-leagues,https://interactive.guim.co.uk/2024/07/transfers/men-summer-2026.json,2026-10-03,0,0,2026-09
S26-1290,Jeanuël Belocian,Bayer Leverkusen,Racing Santander,2026-09-01,Loan,Loan fee not stated,,No numeric source quote,Bundesliga,La Liga,Defender,New to workbook,,,,Blank quote does not mean zero loan fee,https://www.theguardian.com/football/ng-interactive/2026/sep/01/mens-transfer-window-summer-2026-all-deals-from-europes-top-five-leagues,https://interactive.guim.co.uk/2024/07/transfers/men-summer-2026.json,2026-10-03,0,0,2026-09
S26-1291,Jean-Clair Todibo,West Ham United,Lens,2026-09-01,Loan,Loan fee not stated,,No numeric source quote,Outside top five / unattached,Ligue 1,Defender,New to workbook,,,,Blank quote does not mean zero loan fee,https://www.theguardian.com/football/ng-interactive/2026/sep/01/mens-transfer-window-summer-2026-all-deals-from-europes-top-five-leagues,https://interactive.guim.co.uk/2024/07/transfers/men-summer-2026.json,2026-10-03,0,0,2026-09
S26-1292,Emir Sahiti,Hamburg,Hannover 96,2026-09-01,Free,Free transfer,,Free base transfer; other costs not represented,Bundesliga,Outside top five / unattached,Winger,New to workbook,,,,,https://www.theguardian.com/football/ng-interactive/2026/sep/01/mens-transfer-window-summer-2026-all-deals-from-europes-top-five-leagues,https://interactive.guim.co.uk/2024/07/transfers/men-summer-2026.json,2026-10-03,0,0,2026-09
S26-1293,Harvey Elliott,Liverpool,Valencia,2026-09-01,Loan,Loan fee not stated,,No numeric source quote,Premier League,La Liga,Midfielder,New to workbook,,,,Blank quote does not mean zero loan fee,https://www.theguardian.com/football/ng-interactive/2026/sep/01/mens-transfer-window-summer-2026-all-deals-from-europes-top-five-leagues,https://interactive.guim.co.uk/2024/07/transfers/men-summer-2026.json,2026-10-03,0,0,2026-09
S26-1294,Joyeux Masanka Bungi,RB Leipzig,Stuttgart,2026-09-01,Loan,Loan fee not stated,,No numeric source quote,Bundesliga,Bundesliga,Defender,New to workbook,,,,Blank quote does not mean zero loan fee,https://www.theguardian.com/football/ng-interactive/2026/sep/01/mens-transfer-window-summer-2026-all-deals-from-europes-top-five-leagues,https://interactive.guim.co.uk/2024/07/transfers/men-summer-2026.json,2026-10-03,0,0,2026-09
S26-1295,Caleb Ekuban,Genoa,Verona,2026-09-01,Free,Free transfer,,Free base transfer; other costs not represented,Serie A,Outside top five / unattached,Forward,New to workbook,,,,,https://www.theguardian.com/football/ng-interactive/2026/sep/01/mens-transfer-window-summer-2026-all-deals-from-europes-top-five-leagues,https://interactive.guim.co.uk/2024/07/transfers/men-summer-2026.json,2026-10-03,0,0,2026-09
S26-1296,Oliver Sørensen,Parma,Celtic,2026-09-01,Loan,Loan fee not stated,,No numeric source quote,Serie A,Outside top five / unattached,Midfielder,New to workbook,,,,Blank quote does not mean zero loan fee,https://www.theguardian.com/football/ng-interactive/2026/sep/01/mens-transfer-window-summer-2026-all-deals-from-europes-top-five-leagues,https://interactive.guim.co.uk/2024/07/transfers/men-summer-2026.json,2026-10-03,0,0,2026-09
S26-1297,Arthur,Bayer Leverkusen,Werder Bremen,2026-09-01,Loan,Loan fee not stated,,No numeric source quote,Bundesliga,Bundesliga,Defender,New to workbook,,,,Blank quote does not mean zero loan fee,https://www.theguardian.com/football/ng-interactive/2026/sep/01/mens-transfer-window-summer-2026-all-deals-from-europes-top-five-leagues,https://interactive.guim.co.uk/2024/07/transfers/men-summer-2026.json,2026-10-03,0,0,2026-09
S26-1298,Niko Sigur,Hajduk Split,Toulouse,2026-09-01,Fee,Reported fee,3400000,Source quote; base/add-on treatment unspecified,Outside top five / unattached,Ligue 1,Midfielder,New to workbook,,,,,https://www.theguardian.com/football/ng-interactive/2026/sep/01/mens-transfer-window-summer-2026-all-deals-from-europes-top-five-leagues,https://interactive.guim.co.uk/2024/07/transfers/men-summer-2026.json,2026-10-03,1,1,2026-09
S26-1299,Robinho Junior,Santos FC,Genoa,2026-09-01,Loan,Loan fee not stated,,No numeric source quote,Outside top five / unattached,Serie A,Winger,New to workbook,,,,Blank quote does not mean zero loan fee,https://www.theguardian.com/football/ng-interactive/2026/sep/01/mens-transfer-window-summer-2026-all-deals-from-europes-top-five-leagues,https://interactive.guim.co.uk/2024/07/transfers/men-summer-2026.json,2026-10-03,0,0,2026-09
S26-1300,Cameron Archer,Southampton,Auxerre,2026-09-01,Loan,Loan fee not stated,,No numeric source quote,Outside top five / unattached,Ligue 1,Forward,New to workbook,,,,Blank quote does not mean zero loan fee,https://www.theguardian.com/football/ng-interactive/2026/sep/01/mens-transfer-window-summer-2026-all-deals-from-europes-top-five-leagues,https://interactive.guim.co.uk/2024/07/transfers/men-summer-2026.json,2026-10-03,0,0,2026-09
S26-1301,Freddie Simmonds,Brighton,Wimbledon,2026-09-01,Loan,Loan fee not stated,,No numeric source quote,Premier League,Outside top five / unattached,Defender,New to workbook,,,,Blank quote does not mean zero loan fee,https://www.theguardian.com/football/ng-interactive/2026/sep/01/mens-transfer-window-summer-2026-all-deals-from-europes-top-five-leagues,https://interactive.guim.co.uk/2024/07/transfers/men-summer-2026.json,2026-10-03,0,0,2026-09
S26-1302,Samuel Mbangula,Werder Bremen,Bologna,2026-09-01,Loan,Loan fee not stated,,No numeric source quote,Bundesliga,Serie A,Winger,New to workbook,,,,Blank quote does not mean zero loan fee,https://www.theguardian.com/football/ng-interactive/2026/sep/01/mens-transfer-window-summer-2026-all-deals-from-europes-top-five-leagues,https://interactive.guim.co.uk/2024/07/transfers/men-summer-2026.json,2026-10-03,0,0,2026-09
S26-1303,Tudor Mendel,Ipswich Town,Luton Town,2026-09-01,Loan,Loan fee not stated,,No numeric source quote,Premier League,Outside top five / unattached,Winger,New to workbook,,,,Blank quote does not mean zero loan fee,https://www.theguardian.com/football/ng-interactive/2026/sep/01/mens-transfer-window-summer-2026-all-deals-from-europes-top-five-leagues,https://interactive.guim.co.uk/2024/07/transfers/men-summer-2026.json,2026-10-03,0,0,2026-09
S26-1304,Jaden Heskey,Manchester City,Sheffield Wednesday,2026-09-01,Loan,Loan fee not stated,,No numeric source quote,Premier League,Outside top five / unattached,Midfielder,New to workbook,,,,Blank quote does not mean zero loan fee,https://www.theguardian.com/football/ng-interactive/2026/sep/01/mens-transfer-window-summer-2026-all-deals-from-europes-top-five-leagues,https://interactive.guim.co.uk/2024/07/transfers/men-summer-2026.json,2026-10-03,0,0,2026-09
S26-1305,Sam Chambers,Leeds United,Northampton,2026-09-01,Loan,Loan fee not stated,,No numeric source quote,Premier League,Outside top five / unattached,Midfielder,New to workbook,,,,Blank quote does not mean zero loan fee,https://www.theguardian.com/football/ng-interactive/2026/sep/01/mens-transfer-window-summer-2026-all-deals-from-europes-top-five-leagues,https://interactive.guim.co.uk/2024/07/transfers/men-summer-2026.json,2026-10-03,0,0,2026-09
S26-1306,Josh Powell,Nottingham Forest,Northampton,2026-09-01,Loan,Loan fee not stated,,No numeric source quote,Premier League,Outside top five / unattached,Defender,New to workbook,,,,Blank quote does not mean zero loan fee,https://www.theguardian.com/football/ng-interactive/2026/sep/01/mens-transfer-window-summer-2026-all-deals-from-europes-top-five-leagues,https://interactive.guim.co.uk/2024/07/transfers/men-summer-2026.json,2026-10-03,0,0,2026-09
S26-1308,Caylan Vickers,Brighton,Burton Albion,2026-09-01,Undisclosed fee,Undisclosed,,No numeric source quote,Premier League,Outside top five / unattached,Winger,New to workbook,,,,,https://www.theguardian.com/football/ng-interactive/2026/sep/01/mens-transfer-window-summer-2026-all-deals-from-europes-top-five-leagues,https://interactive.guim.co.uk/2024/07/transfers/men-summer-2026.json,2026-10-03,0,0,2026-09
S26-1309,Dan Gore,Manchester United,Luton Town,2026-08-31,Loan,Loan fee not stated,,No numeric source quote,Premier League,Outside top five / unattached,Midfielder,New to workbook,,,,Blank quote does not mean zero loan fee,https://www.theguardian.com/football/ng-interactive/2026/sep/01/mens-transfer-window-summer-2026-all-deals-from-europes-top-five-leagues,https://interactive.guim.co.uk/2024/07/transfers/men-summer-2026.json,2026-10-03,0,0,2026-08
S26-1310,David Obou,Crystal Palace,Örgryte,2026-08-31,Free,Free transfer,,Free base transfer; other costs not represented,Premier League,Outside top five / unattached,Forward,New to workbook,,,,,https://www.theguardian.com/football/ng-interactive/2026/sep/01/mens-transfer-window-summer-2026-all-deals-from-europes-top-five-leagues,https://interactive.guim.co.uk/2024/07/transfers/men-summer-2026.json,2026-10-03,0,0,2026-08
S26-1311,Kennedy Okpala,Paderborn,Dynamo Dresden,2026-09-01,Loan,Loan fee not stated,,No numeric source quote,Bundesliga,Outside top five / unattached,Forward,New to workbook,,,,Blank quote does not mean zero loan fee,https://www.theguardian.com/football/ng-interactive/2026/sep/01/mens-transfer-window-summer-2026-all-deals-from-europes-top-five-leagues,https://interactive.guim.co.uk/2024/07/transfers/men-summer-2026.json,2026-10-03,0,0,2026-09
S26-1312,Diego Carlos,Fenerbahce,Parma,2026-09-01,Loan,Loan fee not stated,,No numeric source quote,Outside top five / unattached,Serie A,Defender,New to workbook,,,,Blank quote does not mean zero loan fee,https://www.theguardian.com/football/ng-interactive/2026/sep/01/mens-transfer-window-summer-2026-all-deals-from-europes-top-five-leagues,https://interactive.guim.co.uk/2024/07/transfers/men-summer-2026.json,2026-10-03,0,0,2026-09
S26-1313,Andreas Hanche-Olsen,Mainz 05,Chicago Fire,2026-09-01,Undisclosed fee,Undisclosed,,No numeric source quote,Bundesliga,Outside top five / unattached,Defender,New to workbook,,,,,https://www.theguardian.com/football/ng-interactive/2026/sep/01/mens-transfer-window-summer-2026-all-deals-from-europes-top-five-leagues,https://interactive.guim.co.uk/2024/07/transfers/men-summer-2026.json,2026-10-03,0,0,2026-09
S26-1314,Jonathan Rowe,Bologna,Atalanta,2026-09-01,Loan,Loan fee not stated,,No numeric source quote,Serie A,Serie A,Forward,New to workbook,,,,Future purchase conditions mentioned; Blank quote does not mean zero loan fee,https://www.theguardian.com/football/ng-interactive/2026/sep/01/mens-transfer-window-summer-2026-all-deals-from-europes-top-five-leagues,https://interactive.guim.co.uk/2024/07/transfers/men-summer-2026.json,2026-10-03,0,0,2026-09
S26-1315,David Møller Wolfe,Wolverhampton Wanderers,Hamburg,2026-09-01,Loan,Loan fee not stated,,No numeric source quote,Outside top five / unattached,Bundesliga,Defender,New to workbook,,,,Blank quote does not mean zero loan fee,https://www.theguardian.com/football/ng-interactive/2026/sep/01/mens-transfer-window-summer-2026-all-deals-from-europes-top-five-leagues,https://interactive.guim.co.uk/2024/07/transfers/men-summer-2026.json,2026-10-03,0,0,2026-09
S26-1316,Ibrahim Sulemana,Atalanta,Sassuolo,2026-09-01,Loan,Loan fee not stated,,No numeric source quote,Serie A,Serie A,Midfielder,New to workbook,,,,Blank quote does not mean zero loan fee,https://www.theguardian.com/football/ng-interactive/2026/sep/01/mens-transfer-window-summer-2026-all-deals-from-europes-top-five-leagues,https://interactive.guim.co.uk/2024/07/transfers/men-summer-2026.json,2026-10-03,0,0,2026-09
S26-1317,Theo Bair,Auxerre,Bolton,2026-09-01,Loan,Loan fee not stated,,No numeric source quote,Ligue 1,Outside top five / unattached,Forward,New to workbook,,,,Blank quote does not mean zero loan fee,https://www.theguardian.com/football/ng-interactive/2026/sep/01/mens-transfer-window-summer-2026-all-deals-from-europes-top-five-leagues,https://interactive.guim.co.uk/2024/07/transfers/men-summer-2026.json,2026-10-03,0,0,2026-09
S26-1318,Nicolas Kühn,Como 1907,Borussia Mönchengladbach,2026-09-01,Loan,Loan fee not stated,,No numeric source quote,Serie A,Bundesliga,Winger,New to workbook,,,,Blank quote does not mean zero loan fee,https://www.theguardian.com/football/ng-interactive/2026/sep/01/mens-transfer-window-summer-2026-all-deals-from-europes-top-five-leagues,https://interactive.guim.co.uk/2024/07/transfers/men-summer-2026.json,2026-10-03,0,0,2026-09
S26-1319,André Almeida,Valencia,Racing Santander,2026-09-01,Loan,Loan fee not stated,,No numeric source quote,La Liga,La Liga,Midfielder,New to workbook,,,,Blank quote does not mean zero loan fee,https://www.theguardian.com/football/ng-interactive/2026/sep/01/mens-transfer-window-summer-2026-all-deals-from-europes-top-five-leagues,https://interactive.guim.co.uk/2024/07/transfers/men-summer-2026.json,2026-10-03,0,0,2026-09
S26-1320,Santiago Gimenez,Milan,Porto,2026-08-31,Loan,Loan fee not stated,,No numeric source quote,Serie A,Outside top five / unattached,Forward,New to workbook,,,,Future purchase conditions mentioned; Blank quote does not mean zero loan fee,https://www.theguardian.com/football/ng-interactive/2026/sep/01/mens-transfer-window-summer-2026-all-deals-from-europes-top-five-leagues,https://interactive.guim.co.uk/2024/07/transfers/men-summer-2026.json,2026-10-03,0,0,2026-08
S26-1321,Jay Enem,Red Star Belgrade,Bologna,2026-09-01,Fee,Reported fee,5150000,Source quote; base/add-on treatment unspecified,Outside top five / unattached,Serie A,Forward,New to workbook,,,,,https://www.theguardian.com/football/ng-interactive/2026/sep/01/mens-transfer-window-summer-2026-all-deals-from-europes-top-five-leagues,https://interactive.guim.co.uk/2024/07/transfers/men-summer-2026.json,2026-10-03,1,1,2026-09
S26-1322,Guéla Doué,Strasbourg,Bayer Leverkusen,2026-09-01,Fee,Reported fee,25700000,Source quote; base/add-on treatment unspecified,Ligue 1,Bundesliga,Defender,New to workbook,,,,,https://www.theguardian.com/football/ng-interactive/2026/sep/01/mens-transfer-window-summer-2026-all-deals-from-europes-top-five-leagues,https://interactive.guim.co.uk/2024/07/transfers/men-summer-2026.json,2026-10-03,1,1,2026-09
S26-1323,Beto,Everton,Fiorentina,2026-09-01,Fee,Reported fee,15440000,Source quote; base/add-on treatment unspecified,Premier League,Serie A,Forward,New to workbook,,,,Add-ons/bonuses mentioned; See Fee_Components,https://www.theguardian.com/football/ng-interactive/2026/sep/01/mens-transfer-window-summer-2026-all-deals-from-europes-top-five-leagues,https://interactive.guim.co.uk/2024/07/transfers/men-summer-2026.json,2026-10-03,1,1,2026-09
S26-1324,Félix Correia,Lille,Sevilla,2026-09-01,Loan,Loan fee not stated,,No numeric source quote,Ligue 1,La Liga,Winger,New to workbook,,,,Blank quote does not mean zero loan fee,https://www.theguardian.com/football/ng-interactive/2026/sep/01/mens-transfer-window-summer-2026-all-deals-from-europes-top-five-leagues,https://interactive.guim.co.uk/2024/07/transfers/men-summer-2026.json,2026-10-03,0,0,2026-09
S26-1325,Yukinari Sugawara,Southampton,Cagliari,2026-09-01,Loan,Loan fee not stated,,No numeric source quote,Outside top five / unattached,Serie A,Defender,New to workbook,,,,Blank quote does not mean zero loan fee,https://www.theguardian.com/football/ng-interactive/2026/sep/01/mens-transfer-window-summer-2026-all-deals-from-europes-top-five-leagues,https://interactive.guim.co.uk/2024/07/transfers/men-summer-2026.json,2026-10-03,0,0,2026-09
S26-1326,Axel Tuanzebe,Burnley,Auxerre,2026-09-01,Free,Free transfer,,Free base transfer; other costs not represented,Outside top five / unattached,Ligue 1,Defender,New to workbook,,,,,https://www.theguardian.com/football/ng-interactive/2026/sep/01/mens-transfer-window-summer-2026-all-deals-from-europes-top-five-leagues,https://interactive.guim.co.uk/2024/07/transfers/men-summer-2026.json,2026-10-03,0,0,2026-09
S26-1327,Jesper Lindstrøm,Napoli,Red Bull Salzburg,2026-09-01,Loan,Loan fee not stated,,No numeric source quote,Serie A,Outside top five / unattached,Midfielder,New to workbook,,,,Future purchase conditions mentioned; Blank quote does not mean zero loan fee,https://www.theguardian.com/football/ng-interactive/2026/sep/01/mens-transfer-window-summer-2026-all-deals-from-europes-top-five-leagues,https://interactive.guim.co.uk/2024/07/transfers/men-summer-2026.json,2026-10-03,0,0,2026-09
S26-1328,Nick Woltemade,Newcastle United,Juventus,2026-09-01,Loan,Loan fee not stated,,No numeric source quote,Premier League,Serie A,Forward,New to workbook,,,,Blank quote does not mean zero loan fee,https://www.theguardian.com/football/ng-interactive/2026/sep/01/mens-transfer-window-summer-2026-all-deals-from-europes-top-five-leagues,https://interactive.guim.co.uk/2024/07/transfers/men-summer-2026.json,2026-10-03,0,0,2026-09
S26-1329,Deivid Washington,Chelsea,Strasbourg,2026-09-01,Fee,Reported fee,6900000,Source quote; base/add-on treatment unspecified,Premier League,Ligue 1,Forward,New to workbook,,,,,https://www.theguardian.com/football/ng-interactive/2026/sep/01/mens-transfer-window-summer-2026-all-deals-from-europes-top-five-leagues,https://interactive.guim.co.uk/2024/07/transfers/men-summer-2026.json,2026-10-03,1,1,2026-09
S26-1330,Mikel Goti,Real Sociedad,Real Oviedo,2026-09-01,Loan,Loan fee not stated,,No numeric source quote,La Liga,Outside top five / unattached,Midfielder,New to workbook,,,,Blank quote does not mean zero loan fee,https://www.theguardian.com/football/ng-interactive/2026/sep/01/mens-transfer-window-summer-2026-all-deals-from-europes-top-five-leagues,https://interactive.guim.co.uk/2024/07/transfers/men-summer-2026.json,2026-10-03,0,0,2026-09
S26-1331,Guille Fernández,Barcelona,Mallorca,2026-09-01,Fee,Reported fee,3400000,Source quote; base/add-on treatment unspecified,La Liga,Outside top five / unattached,Midfielder,New to workbook,,,,,https://www.theguardian.com/football/ng-interactive/2026/sep/01/mens-transfer-window-summer-2026-all-deals-from-europes-top-five-leagues,https://interactive.guim.co.uk/2024/07/transfers/men-summer-2026.json,2026-10-03,1,1,2026-09
S26-1332,Moise Kean,Fiorentina,Como 1907,2026-09-01,Loan,Loan fee not stated,,No numeric source quote,Serie A,Serie A,Forward,New to workbook,,,,Add-ons/bonuses mentioned; Future purchase conditions mentioned; Blank quote does not mean zero loan fee; See Fee_Components,https://www.theguardian.com/football/ng-interactive/2026/sep/01/mens-transfer-window-summer-2026-all-deals-from-europes-top-five-leagues,https://interactive.guim.co.uk/2024/07/transfers/men-summer-2026.json,2026-10-03,0,0,2026-09
S26-1333,Albert Gudmundsson,Fiorentina,Lazio,2026-09-01,Loan,Loan fee not stated,,No numeric source quote,Serie A,Serie A,Forward,New to workbook,,,,Future purchase conditions mentioned; Blank quote does not mean zero loan fee,https://www.theguardian.com/football/ng-interactive/2026/sep/01/mens-transfer-window-summer-2026-all-deals-from-europes-top-five-leagues,https://interactive.guim.co.uk/2024/07/transfers/men-summer-2026.json,2026-10-03,0,0,2026-09
S26-1334,Fodé Doucouré,Le Havre,Nantes,2026-09-01,Undisclosed fee,Undisclosed,,No numeric source quote,Ligue 1,Outside top five / unattached,Defender,New to workbook,,,,,https://www.theguardian.com/football/ng-interactive/2026/sep/01/mens-transfer-window-summer-2026-all-deals-from-europes-top-five-leagues,https://interactive.guim.co.uk/2024/07/transfers/men-summer-2026.json,2026-10-03,0,0,2026-09
S26-1335,Iván Azón,Como 1907,Getafe,2026-09-01,Loan,Loan fee not stated,,No numeric source quote,Serie A,La Liga,Forward,New to workbook,,,,Blank quote does not mean zero loan fee,https://www.theguardian.com/football/ng-interactive/2026/sep/01/mens-transfer-window-summer-2026-all-deals-from-europes-top-five-leagues,https://interactive.guim.co.uk/2024/07/transfers/men-summer-2026.json,2026-10-03,0,0,2026-09
S26-1336,Rubén Sánchez,Espanyol,Elche,2026-09-01,Undisclosed fee,Undisclosed,,No numeric source quote,La Liga,La Liga,Defender,New to workbook,,,,,https://www.theguardian.com/football/ng-interactive/2026/sep/01/mens-transfer-window-summer-2026-all-deals-from-europes-top-five-leagues,https://interactive.guim.co.uk/2024/07/transfers/men-summer-2026.json,2026-10-03,0,0,2026-09
S26-1337,Zach Abbott,Nottingham Forest,Southampton,2026-09-01,Loan,Loan fee not stated,,No numeric source quote,Premier League,Outside top five / unattached,Defender,New to workbook,,,,Blank quote does not mean zero loan fee,https://www.theguardian.com/football/ng-interactive/2026/sep/01/mens-transfer-window-summer-2026-all-deals-from-europes-top-five-leagues,https://interactive.guim.co.uk/2024/07/transfers/men-summer-2026.json,2026-10-03,0,0,2026-09
S26-1338,Lucca Brughmans,Genk,Liverpool,2026-09-01,Fee,Reported fee,30000000,Source quote; base/add-on treatment unspecified,Outside top five / unattached,Premier League,Goalkeeper,New to workbook,,,,,https://www.theguardian.com/football/ng-interactive/2026/sep/01/mens-transfer-window-summer-2026-all-deals-from-europes-top-five-leagues,https://interactive.guim.co.uk/2024/07/transfers/men-summer-2026.json,2026-10-03,1,1,2026-09
S26-1339,Ethan Nwaneri,Arsenal,Borussia Dortmund,2026-09-01,Loan,Loan fee not stated,,No numeric source quote,Premier League,Bundesliga,Midfielder,New to workbook,,,,Blank quote does not mean zero loan fee,https://www.theguardian.com/football/ng-interactive/2026/sep/01/mens-transfer-window-summer-2026-all-deals-from-europes-top-five-leagues,https://interactive.guim.co.uk/2024/07/transfers/men-summer-2026.json,2026-10-03,0,0,2026-09
S26-1340,Oluwaseun Ogbemudia,Union Berlin,Waldhof Mannheim,2026-09-01,Loan,Loan fee not stated,,No numeric source quote,Bundesliga,Outside top five / unattached,Defender,New to workbook,,,,Blank quote does not mean zero loan fee,https://www.theguardian.com/football/ng-interactive/2026/sep/01/mens-transfer-window-summer-2026-all-deals-from-europes-top-five-leagues,https://interactive.guim.co.uk/2024/07/transfers/men-summer-2026.json,2026-10-03,0,0,2026-09
S26-1341,Ayodele Thomas,RB Leipzig,NEC Nijmegen,2026-09-01,Fee,Reported fee,860000,Source quote; base/add-on treatment unspecified,Bundesliga,Outside top five / unattached,Winger,New to workbook,,,,,https://www.theguardian.com/football/ng-interactive/2026/sep/01/mens-transfer-window-summer-2026-all-deals-from-europes-top-five-leagues,https://interactive.guim.co.uk/2024/07/transfers/men-summer-2026.json,2026-10-03,1,1,2026-09
S26-1342,Exequiel Zeballos,Boca Juniors,Monza,2026-09-01,Fee,Reported fee,3860000,Source quote; base/add-on treatment unspecified,Outside top five / unattached,Serie A,Winger,New to workbook,,,,,https://www.theguardian.com/football/ng-interactive/2026/sep/01/mens-transfer-window-summer-2026-all-deals-from-europes-top-five-leagues,https://interactive.guim.co.uk/2024/07/transfers/men-summer-2026.json,2026-10-03,1,1,2026-09
S26-1343,Dário Essugo,Chelsea,Strasbourg,2026-09-01,Loan,Loan fee not stated,,No numeric source quote,Premier League,Ligue 1,Midfielder,New to workbook,,,,Blank quote does not mean zero loan fee,https://www.theguardian.com/football/ng-interactive/2026/sep/01/mens-transfer-window-summer-2026-all-deals-from-europes-top-five-leagues,https://interactive.guim.co.uk/2024/07/transfers/men-summer-2026.json,2026-10-03,0,0,2026-09
S26-1344,Jonathan David,Juventus,Atlético Madrid,2026-09-01,Loan,Loan fee not stated,,No numeric source quote,Serie A,La Liga,Forward,New to workbook,,,,Future purchase conditions mentioned; Blank quote does not mean zero loan fee,https://www.theguardian.com/football/ng-interactive/2026/sep/01/mens-transfer-window-summer-2026-all-deals-from-europes-top-five-leagues,https://interactive.guim.co.uk/2024/07/transfers/men-summer-2026.json,2026-10-03,0,0,2026-09
S26-1345,Robert Sánchez,Chelsea,Como 1907,2026-09-01,Loan,Loan fee not stated,,No numeric source quote,Premier League,Serie A,Goalkeeper,New to workbook,,,,Blank quote does not mean zero loan fee,https://www.theguardian.com/football/ng-interactive/2026/sep/01/mens-transfer-window-summer-2026-all-deals-from-europes-top-five-leagues,https://interactive.guim.co.uk/2024/07/transfers/men-summer-2026.json,2026-10-03,0,0,2026-09
S26-1346,Eiran Cashin,Brighton,Derby County,2026-09-01,Free,Free transfer,,Free base transfer; other costs not represented,Premier League,Outside top five / unattached,Defender,New to workbook,,,,,https://www.theguardian.com/football/ng-interactive/2026/sep/01/mens-transfer-window-summer-2026-all-deals-from-europes-top-five-leagues,https://interactive.guim.co.uk/2024/07/transfers/men-summer-2026.json,2026-10-03,0,0,2026-09
S26-1347,Gustavo Puerta,Racing Santander,Olympiakos,2026-09-01,Fee,Reported fee,17100000,Source quote; base/add-on treatment unspecified,La Liga,Outside top five / unattached,Midfielder,New to workbook,,,,,https://www.theguardian.com/football/ng-interactive/2026/sep/01/mens-transfer-window-summer-2026-all-deals-from-europes-top-five-leagues,https://interactive.guim.co.uk/2024/07/transfers/men-summer-2026.json,2026-10-03,1,1,2026-09
S26-1348,Liam Millar,Hull City,Birmingham City,2026-09-01,Loan,Loan fee not stated,,No numeric source quote,Premier League,Outside top five / unattached,Winger,New to workbook,,,,Blank quote does not mean zero loan fee,https://www.theguardian.com/football/ng-interactive/2026/sep/01/mens-transfer-window-summer-2026-all-deals-from-europes-top-five-leagues,https://interactive.guim.co.uk/2024/07/transfers/men-summer-2026.json,2026-10-03,0,0,2026-09
S26-1349,Andoni Gorosabel,Athletic Club,Espanyol,2026-09-01,Loan,Loan fee not stated,,No numeric source quote,La Liga,La Liga,Defender,New to workbook,,,,Future purchase conditions mentioned; Blank quote does not mean zero loan fee,https://www.theguardian.com/football/ng-interactive/2026/sep/01/mens-transfer-window-summer-2026-all-deals-from-europes-top-five-leagues,https://interactive.guim.co.uk/2024/07/transfers/men-summer-2026.json,2026-10-03,0,0,2026-09
S26-1350,Noah Edjouma,Lille,Brest,2026-09-01,Loan,Loan fee not stated,,No numeric source quote,Ligue 1,Ligue 1,Winger,New to workbook,,,,Blank quote does not mean zero loan fee,https://www.theguardian.com/football/ng-interactive/2026/sep/01/mens-transfer-window-summer-2026-all-deals-from-europes-top-five-leagues,https://interactive.guim.co.uk/2024/07/transfers/men-summer-2026.json,2026-10-03,0,0,2026-09
S26-1351,Lucas Stassin,Saint-Etienne,Sevilla,2026-09-01,Loan,Loan fee not stated,,No numeric source quote,Outside top five / unattached,La Liga,Forward,New to workbook,,,,Future purchase conditions mentioned; Blank quote does not mean zero loan fee,https://www.theguardian.com/football/ng-interactive/2026/sep/01/mens-transfer-window-summer-2026-all-deals-from-europes-top-five-leagues,https://interactive.guim.co.uk/2024/07/transfers/men-summer-2026.json,2026-10-03,0,0,2026-09
S26-1352,Kevin Danso,Tottenham Hotspur,Sunderland,2026-09-01,Loan,Loan fee not stated,,No numeric source quote,Premier League,Premier League,Defender,New to workbook,,,,Blank quote does not mean zero loan fee,https://www.theguardian.com/football/ng-interactive/2026/sep/01/mens-transfer-window-summer-2026-all-deals-from-europes-top-five-leagues,https://interactive.guim.co.uk/2024/07/transfers/men-summer-2026.json,2026-10-03,0,0,2026-09
S26-1353,Igor Julio,Brighton,Burnley,2026-09-01,Fee,Reported fee,3000000,Source quote; base/add-on treatment unspecified,Premier League,Outside top five / unattached,Defender,New to workbook,,,,,https://www.theguardian.com/football/ng-interactive/2026/sep/01/mens-transfer-window-summer-2026-all-deals-from-europes-top-five-leagues,https://interactive.guim.co.uk/2024/07/transfers/men-summer-2026.json,2026-10-03,1,1,2026-09
S26-1354,Boulaye Dia,Lazio,Rennes,2026-09-01,Loan,Loan fee not stated,,No numeric source quote,Serie A,Ligue 1,Forward,New to workbook,,,,Blank quote does not mean zero loan fee,https://www.theguardian.com/football/ng-interactive/2026/sep/01/mens-transfer-window-summer-2026-all-deals-from-europes-top-five-leagues,https://interactive.guim.co.uk/2024/07/transfers/men-summer-2026.json,2026-10-03,0,0,2026-09
S26-1355,Liam Kitching,Coventry City,Sheffield United,2026-09-01,Loan,Loan fee not stated,,No numeric source quote,Premier League,Outside top five / unattached,Defender,New to workbook,,,,Blank quote does not mean zero loan fee,https://www.theguardian.com/football/ng-interactive/2026/sep/01/mens-transfer-window-summer-2026-all-deals-from-europes-top-five-leagues,https://interactive.guim.co.uk/2024/07/transfers/men-summer-2026.json,2026-10-03,0,0,2026-09
S26-1356,Borna Sosa,Crystal Palace,Cologne,2026-09-01,Loan,Loan fee not stated,,No numeric source quote,Premier League,Bundesliga,Defender,New to workbook,,,,Blank quote does not mean zero loan fee,https://www.theguardian.com/football/ng-interactive/2026/sep/01/mens-transfer-window-summer-2026-all-deals-from-europes-top-five-leagues,https://interactive.guim.co.uk/2024/07/transfers/men-summer-2026.json,2026-10-03,0,0,2026-09
S26-1357,Tay Abed,Levante,Real Valladolid,2026-09-01,Loan,Loan fee not stated,,No numeric source quote,La Liga,Outside top five / unattached,Winger,New to workbook,,,,Future purchase conditions mentioned; Blank quote does not mean zero loan fee,https://www.theguardian.com/football/ng-interactive/2026/sep/01/mens-transfer-window-summer-2026-all-deals-from-europes-top-five-leagues,https://interactive.guim.co.uk/2024/07/transfers/men-summer-2026.json,2026-10-03,0,0,2026-09
S26-1358,Roy Revivo,Maccabi Tel Aviv,Elche,2026-09-01,Fee,Reported fee,2100000,Source quote; base/add-on treatment unspecified,Outside top five / unattached,La Liga,Defender,New to workbook,,,,,https://www.theguardian.com/football/ng-interactive/2026/sep/01/mens-transfer-window-summer-2026-all-deals-from-europes-top-five-leagues,https://interactive.guim.co.uk/2024/07/transfers/men-summer-2026.json,2026-10-03,1,1,2026-09
S26-1359,Morato,Nottingham Forest,West Ham United,2026-09-01,Loan,Loan fee not stated,,No numeric source quote,Premier League,Outside top five / unattached,Defender,New to workbook,,,,Blank quote does not mean zero loan fee,https://www.theguardian.com/football/ng-interactive/2026/sep/01/mens-transfer-window-summer-2026-all-deals-from-europes-top-five-leagues,https://interactive.guim.co.uk/2024/07/transfers/men-summer-2026.json,2026-10-03,0,0,2026-09
S26-1360,Godson Kyeremeh,Le Havre,Red Star,2026-09-01,Undisclosed fee,Undisclosed,,No numeric source quote,Ligue 1,Outside top five / unattached,Winger,New to workbook,,,,,https://www.theguardian.com/football/ng-interactive/2026/sep/01/mens-transfer-window-summer-2026-all-deals-from-europes-top-five-leagues,https://interactive.guim.co.uk/2024/07/transfers/men-summer-2026.json,2026-10-03,0,0,2026-09
S26-1361,Dujuan Richards,Chelsea,Wimbledon,2026-09-01,Loan,Loan fee not stated,,No numeric source quote,Premier League,Outside top five / unattached,Forward,New to workbook,,,,Blank quote does not mean zero loan fee,https://www.theguardian.com/football/ng-interactive/2026/sep/01/mens-transfer-window-summer-2026-all-deals-from-europes-top-five-leagues,https://interactive.guim.co.uk/2024/07/transfers/men-summer-2026.json,2026-10-03,0,0,2026-09
S26-1362,Elijah Campbell,Everton,MK Dons,2026-09-01,Loan,Loan fee not stated,,No numeric source quote,Premier League,Outside top five / unattached,Defender,New to workbook,,,,Blank quote does not mean zero loan fee,https://www.theguardian.com/football/ng-interactive/2026/sep/01/mens-transfer-window-summer-2026-all-deals-from-europes-top-five-leagues,https://interactive.guim.co.uk/2024/07/transfers/men-summer-2026.json,2026-10-03,0,0,2026-09
S26-1363,Brad Burrowes,Aston Villa,Wigan Athletic,2026-09-01,Loan,Loan fee not stated,,No numeric source quote,Premier League,Outside top five / unattached,Midfielder,New to workbook,,,,Blank quote does not mean zero loan fee,https://www.theguardian.com/football/ng-interactive/2026/sep/01/mens-transfer-window-summer-2026-all-deals-from-europes-top-five-leagues,https://interactive.guim.co.uk/2024/07/transfers/men-summer-2026.json,2026-10-03,0,0,2026-09
S26-1365,Hwang Hee-chan,Wolverhampton Wanderers,Schalke 04,2026-09-01,Loan,Loan fee not stated,,No numeric source quote,Outside top five / unattached,Bundesliga,Forward,New to workbook,,,,Blank quote does not mean zero loan fee,https://www.theguardian.com/football/ng-interactive/2026/sep/01/mens-transfer-window-summer-2026-all-deals-from-europes-top-five-leagues,https://interactive.guim.co.uk/2024/07/transfers/men-summer-2026.json,2026-10-03,0,0,2026-09
S26-1366,Neil El Aynaoui,Roma,RB Leipzig,2026-09-01,Loan,Loan fee not stated,,No numeric source quote,Serie A,Bundesliga,Midfielder,New to workbook,,,,Future purchase conditions mentioned; Blank quote does not mean zero loan fee,https://www.theguardian.com/football/ng-interactive/2026/sep/01/mens-transfer-window-summer-2026-all-deals-from-europes-top-five-leagues,https://interactive.guim.co.uk/2024/07/transfers/men-summer-2026.json,2026-10-03,0,0,2026-09
S26-1367,Federico Cassa,Atalanta,Bologna,2026-09-01,Undisclosed fee,Undisclosed,,No numeric source quote,Serie A,Serie A,Midfielder,New to workbook,,,,,https://www.theguardian.com/football/ng-interactive/2026/sep/01/mens-transfer-window-summer-2026-all-deals-from-europes-top-five-leagues,https://interactive.guim.co.uk/2024/07/transfers/men-summer-2026.json,2026-10-03,0,0,2026-09
S26-1368,George Abbott,Tottenham Hotspur,Mansfield Town,2026-09-01,Loan,Loan fee not stated,,No numeric source quote,Premier League,Outside top five / unattached,Midfielder,New to workbook,,,,Blank quote does not mean zero loan fee,https://www.theguardian.com/football/ng-interactive/2026/sep/01/mens-transfer-window-summer-2026-all-deals-from-europes-top-five-leagues,https://interactive.guim.co.uk/2024/07/transfers/men-summer-2026.json,2026-10-03,0,0,2026-09
S26-1369,Sebastián Cáceres,Club América,Celta Vigo,2026-09-01,Fee,Reported fee,3900000,Source quote; base/add-on treatment unspecified,Outside top five / unattached,La Liga,Defender,New to workbook,,,,,https://www.theguardian.com/football/ng-interactive/2026/sep/01/mens-transfer-window-summer-2026-all-deals-from-europes-top-five-leagues,https://interactive.guim.co.uk/2024/07/transfers/men-summer-2026.json,2026-10-03,1,1,2026-09
S26-1370,Mujaid Sadick,Genk,Rayo Vallecano,2026-09-01,Loan,Loan fee not stated,,No numeric source quote,Outside top five / unattached,La Liga,Defender,New to workbook,,,,Blank quote does not mean zero loan fee,https://www.theguardian.com/football/ng-interactive/2026/sep/01/mens-transfer-window-summer-2026-all-deals-from-europes-top-five-leagues,https://interactive.guim.co.uk/2024/07/transfers/men-summer-2026.json,2026-10-03,0,0,2026-09
S26-1371,Tom Wisbereit,Union Berlin,Augsburg,2026-07-14,Free,Free transfer,,Free base transfer; other costs not represented,Bundesliga,Bundesliga,Goalkeeper,New to workbook,,,,,https://www.theguardian.com/football/ng-interactive/2026/sep/01/mens-transfer-window-summer-2026-all-deals-from-europes-top-five-leagues,https://interactive.guim.co.uk/2024/07/transfers/men-summer-2026.json,2026-10-03,0,0,2026-07
S26-1372,Ibrahima Baldé,Rodez,Lorient,2026-09-01,Loan,Loan fee not stated,,No numeric source quote,Outside top five / unattached,Ligue 1,Forward,New to workbook,,,,Future purchase conditions mentioned; Blank quote does not mean zero loan fee,https://www.theguardian.com/football/ng-interactive/2026/sep/01/mens-transfer-window-summer-2026-all-deals-from-europes-top-five-leagues,https://interactive.guim.co.uk/2024/07/transfers/men-summer-2026.json,2026-10-03,0,0,2026-09
S26-1373,Álvaro Cortés,Barcelona,Royal Antwerp,2026-09-01,Fee,Reported fee,3000000,Source quote; base/add-on treatment unspecified,La Liga,Outside top five / unattached,Defender,New to workbook,,,,,https://www.theguardian.com/football/ng-interactive/2026/sep/01/mens-transfer-window-summer-2026-all-deals-from-europes-top-five-leagues,https://interactive.guim.co.uk/2024/07/transfers/men-summer-2026.json,2026-10-03,1,1,2026-09
S26-1374,Manuel Ángel,Real Madrid,Fulham,2026-09-01,Fee,Reported fee,3400000,Source quote; base/add-on treatment unspecified,La Liga,Premier League,Midfielder,New to workbook,,,,,https://www.theguardian.com/football/ng-interactive/2026/sep/01/mens-transfer-window-summer-2026-all-deals-from-europes-top-five-leagues,https://interactive.guim.co.uk/2024/07/transfers/men-summer-2026.json,2026-10-03,1,1,2026-09
S26-1375,Lilian Brassier,Rennes,Eintracht Frankfurt,2026-09-01,Fee,Reported fee,8500000,Source quote; base/add-on treatment unspecified,Ligue 1,Bundesliga,Defender,New to workbook,,,,,https://www.theguardian.com/football/ng-interactive/2026/sep/01/mens-transfer-window-summer-2026-all-deals-from-europes-top-five-leagues,https://interactive.guim.co.uk/2024/07/transfers/men-summer-2026.json,2026-10-03,1,1,2026-09
S26-1376,Youri Regeer,Ajax,Werder Bremen,2026-09-01,Loan,Loan fee not stated,,No numeric source quote,Outside top five / unattached,Bundesliga,Midfielder,New to workbook,,,,Blank quote does not mean zero loan fee,https://www.theguardian.com/football/ng-interactive/2026/sep/01/mens-transfer-window-summer-2026-all-deals-from-europes-top-five-leagues,https://interactive.guim.co.uk/2024/07/transfers/men-summer-2026.json,2026-10-03,0,0,2026-09
S26-1377,Alessandro Di Bitonto,Sassuolo,Avellino,2026-09-01,Loan,Loan fee not stated,,No numeric source quote,Serie A,Outside top five / unattached,Defender,New to workbook,,,,Blank quote does not mean zero loan fee,https://www.theguardian.com/football/ng-interactive/2026/sep/01/mens-transfer-window-summer-2026-all-deals-from-europes-top-five-leagues,https://interactive.guim.co.uk/2024/07/transfers/men-summer-2026.json,2026-10-03,0,0,2026-09
S26-1378,Mark O'Mahony,Brighton,Burton Albion,2026-09-01,Loan,Loan fee not stated,,No numeric source quote,Premier League,Outside top five / unattached,Forward,New to workbook,,,,Blank quote does not mean zero loan fee,https://www.theguardian.com/football/ng-interactive/2026/sep/01/mens-transfer-window-summer-2026-all-deals-from-europes-top-five-leagues,https://interactive.guim.co.uk/2024/07/transfers/men-summer-2026.json,2026-10-03,0,0,2026-09
S26-1379,Rolando Mandragora,Fiorentina,Torino,2026-09-01,Fee,Reported fee,4300000,Source quote; base/add-on treatment unspecified,Serie A,Serie A,Midfielder,New to workbook,,,,,https://www.theguardian.com/football/ng-interactive/2026/sep/01/mens-transfer-window-summer-2026-all-deals-from-europes-top-five-leagues,https://interactive.guim.co.uk/2024/07/transfers/men-summer-2026.json,2026-10-03,1,1,2026-09
S26-1380,Ndjicoura Bomba,CS Bamako,Bayer Leverkusen,2026-04-17,Undisclosed fee,Undisclosed,,No numeric source quote,Outside top five / unattached,Bundesliga,Forward,New to workbook,,,,Early announcement; source assigns to summer window,https://www.theguardian.com/football/ng-interactive/2026/sep/01/mens-transfer-window-summer-2026-all-deals-from-europes-top-five-leagues,https://interactive.guim.co.uk/2024/07/transfers/men-summer-2026.json,2026-10-03,0,0,2026-04
S26-1381,Jeremiah Mensah,Bayer Leverkusen,Roda JC,2026-08-12,Loan,Loan fee not stated,,No numeric source quote,Bundesliga,Outside top five / unattached,Midfielder,New to workbook,,,,Blank quote does not mean zero loan fee,https://www.theguardian.com/football/ng-interactive/2026/sep/01/mens-transfer-window-summer-2026-all-deals-from-europes-top-five-leagues,https://interactive.guim.co.uk/2024/07/transfers/men-summer-2026.json,2026-10-03,0,0,2026-08
S26-1382,Tim Iroegbunam,Everton,Hull City,2026-09-01,Fee,Reported fee,13000000,Source quote; base/add-on treatment unspecified,Premier League,Premier League,Midfielder,New to workbook,,,,,https://www.theguardian.com/football/ng-interactive/2026/sep/01/mens-transfer-window-summer-2026-all-deals-from-europes-top-five-leagues,https://interactive.guim.co.uk/2024/07/transfers/men-summer-2026.json,2026-10-03,1,1,2026-09
S26-1383,Andrea Natali,Bayer Leverkusen,AZ Alkmaar,2026-07-28,Fee,Reported fee,2000000,Source quote; base/add-on treatment unspecified,Bundesliga,Outside top five / unattached,Defender,New to workbook,,,,,https://www.theguardian.com/football/ng-interactive/2026/sep/01/mens-transfer-window-summer-2026-all-deals-from-europes-top-five-leagues,https://interactive.guim.co.uk/2024/07/transfers/men-summer-2026.json,2026-10-03,1,1,2026-07
S26-1384,Mykhailo Mudryk,Chelsea,Tottenham Hotspur,2026-09-01,Loan,Loan fee not stated,,No numeric source quote,Premier League,Premier League,Winger,New to workbook,,,,Blank quote does not mean zero loan fee,https://www.theguardian.com/football/ng-interactive/2026/sep/01/mens-transfer-window-summer-2026-all-deals-from-europes-top-five-leagues,https://interactive.guim.co.uk/2024/07/transfers/men-summer-2026.json,2026-10-03,0,0,2026-09
S26-1385,Hugo Larsson,Eintracht Frankfurt,Fulham,2026-09-01,Loan,Loan fee not stated,,No numeric source quote,Bundesliga,Premier League,Midfielder,New to workbook,,,,Blank quote does not mean zero loan fee,https://www.theguardian.com/football/ng-interactive/2026/sep/01/mens-transfer-window-summer-2026-all-deals-from-europes-top-five-leagues,https://interactive.guim.co.uk/2024/07/transfers/men-summer-2026.json,2026-10-03,0,0,2026-09
S26-1386,Toni Fernández,Barcelona,Venezia,2026-09-01,Loan,Loan fee not stated,,No numeric source quote,La Liga,Serie A,Forward,New to workbook,,,,Future purchase conditions mentioned; Blank quote does not mean zero loan fee,https://www.theguardian.com/football/ng-interactive/2026/sep/01/mens-transfer-window-summer-2026-all-deals-from-europes-top-five-leagues,https://interactive.guim.co.uk/2024/07/transfers/men-summer-2026.json,2026-10-03,0,0,2026-09
S26-1387,Jack Grealish,Manchester City,Everton,2026-09-01,Loan,Loan fee not stated,,No numeric source quote,Premier League,Premier League,Winger,New to workbook,,,,Blank quote does not mean zero loan fee,https://www.theguardian.com/football/ng-interactive/2026/sep/01/mens-transfer-window-summer-2026-all-deals-from-europes-top-five-leagues,https://interactive.guim.co.uk/2024/07/transfers/men-summer-2026.json,2026-10-03,0,0,2026-09
S26-1388,Javier Fernández,Bayern Munich,Nuremberg,2026-06-13,Loan extended,Loan fee not stated,,No numeric source quote,Bundesliga,Outside top five / unattached,Midfielder,New to workbook,,,,,https://www.theguardian.com/football/ng-interactive/2026/sep/01/mens-transfer-window-summer-2026-all-deals-from-europes-top-five-leagues,https://interactive.guim.co.uk/2024/07/transfers/men-summer-2026.json,2026-10-03,0,0,2026-06
S26-1389,Jens Cajuste,Napoli,Málaga,2026-09-01,Loan,Loan fee not stated,,No numeric source quote,Serie A,La Liga,Midfielder,New to workbook,,,,Blank quote does not mean zero loan fee,https://www.theguardian.com/football/ng-interactive/2026/sep/01/mens-transfer-window-summer-2026-all-deals-from-europes-top-five-leagues,https://interactive.guim.co.uk/2024/07/transfers/men-summer-2026.json,2026-10-03,0,0,2026-09
S26-1390,Wisdom Mike,Bayern Munich,Club Brugge,2026-08-27,Fee,Reported fee,4500000,Source quote; base/add-on treatment unspecified,Bundesliga,Outside top five / unattached,Winger,New to workbook,,,,,https://www.theguardian.com/football/ng-interactive/2026/sep/01/mens-transfer-window-summer-2026-all-deals-from-europes-top-five-leagues,https://interactive.guim.co.uk/2024/07/transfers/men-summer-2026.json,2026-10-03,1,1,2026-08
S26-1391,Brooke Norton-Cuffy,Genoa,Hull City,2026-09-01,Fee,Reported fee,12000000,Source quote; base/add-on treatment unspecified,Serie A,Premier League,Defender,New to workbook,,,,,https://www.theguardian.com/football/ng-interactive/2026/sep/01/mens-transfer-window-summer-2026-all-deals-from-europes-top-five-leagues,https://interactive.guim.co.uk/2024/07/transfers/men-summer-2026.json,2026-10-03,1,1,2026-09
S26-1392,Cody Drameh,Hull City,Genoa,2026-09-01,Fee,Reported fee,3850000,Source quote; base/add-on treatment unspecified,Premier League,Serie A,Defender,New to workbook,,,,,https://www.theguardian.com/football/ng-interactive/2026/sep/01/mens-transfer-window-summer-2026-all-deals-from-europes-top-five-leagues,https://interactive.guim.co.uk/2024/07/transfers/men-summer-2026.json,2026-10-03,1,1,2026-09
S26-1393,Joane Gadou,Red Bull Salzburg,Borussia Dortmund,2026-07-01,Fee,Reported fee,16700000,Source quote; base/add-on treatment unspecified,Outside top five / unattached,Bundesliga,Defender,New to workbook,,,,,https://www.theguardian.com/football/ng-interactive/2026/sep/01/mens-transfer-window-summer-2026-all-deals-from-europes-top-five-leagues,https://interactive.guim.co.uk/2024/07/transfers/men-summer-2026.json,2026-10-03,1,1,2026-07
S26-1394,Justin Lerma,Independiente del Valle,Borussia Dortmund,2026-07-01,Fee,Reported fee,3000000,Source quote; base/add-on treatment unspecified,Outside top five / unattached,Bundesliga,Midfielder,New to workbook,,,,,https://www.theguardian.com/football/ng-interactive/2026/sep/01/mens-transfer-window-summer-2026-all-deals-from-europes-top-five-leagues,https://interactive.guim.co.uk/2024/07/transfers/men-summer-2026.json,2026-10-03,1,1,2026-07
S26-1395,Elias Benkara,Borussia Dortmund,Greuther Fürth,2026-08-28,Loan,Loan fee not stated,,No numeric source quote,Bundesliga,Outside top five / unattached,Defender,New to workbook,,,,Blank quote does not mean zero loan fee,https://www.theguardian.com/football/ng-interactive/2026/sep/01/mens-transfer-window-summer-2026-all-deals-from-europes-top-five-leagues,https://interactive.guim.co.uk/2024/07/transfers/men-summer-2026.json,2026-10-03,0,0,2026-08
S26-1396,Pablo García,Real Betis,Racing Santander,2026-09-01,Fee,Reported fee,4700000,Source quote; base/add-on treatment unspecified,La Liga,La Liga,Winger,New to workbook,,,,,https://www.theguardian.com/football/ng-interactive/2026/sep/01/mens-transfer-window-summer-2026-all-deals-from-europes-top-five-leagues,https://interactive.guim.co.uk/2024/07/transfers/men-summer-2026.json,2026-10-03,1,1,2026-09
S26-1397,Taycan Etcibasi,Borussia Dortmund,Hannover 96,2026-07-03,Fee,Reported fee,400000,Source quote; base/add-on treatment unspecified,Bundesliga,Outside top five / unattached,Winger,New to workbook,,,,,https://www.theguardian.com/football/ng-interactive/2026/sep/01/mens-transfer-window-summer-2026-all-deals-from-europes-top-five-leagues,https://interactive.guim.co.uk/2024/07/transfers/men-summer-2026.json,2026-10-03,1,1,2026-07
S26-1398,Thomas Lemar,Atlético Madrid,Elche,2026-09-01,Loan,Loan fee not stated,,No numeric source quote,La Liga,La Liga,Midfielder,New to workbook,,,,Blank quote does not mean zero loan fee,https://www.theguardian.com/football/ng-interactive/2026/sep/01/mens-transfer-window-summer-2026-all-deals-from-europes-top-five-leagues,https://interactive.guim.co.uk/2024/07/transfers/men-summer-2026.json,2026-10-03,0,0,2026-09
S26-1399,Petar Ratkov,Lazio,Levante,2026-09-01,Loan,Loan fee not stated,,No numeric source quote,Serie A,La Liga,Forward,New to workbook,,,,Blank quote does not mean zero loan fee,https://www.theguardian.com/football/ng-interactive/2026/sep/01/mens-transfer-window-summer-2026-all-deals-from-europes-top-five-leagues,https://interactive.guim.co.uk/2024/07/transfers/men-summer-2026.json,2026-10-03,0,0,2026-09
S26-1400,Niklas Süle,Borussia Dortmund,SV Tiefenbach,2026-07-05,Free,Free transfer,,Free base transfer; other costs not represented,Bundesliga,Outside top five / unattached,Defender,New to workbook,,,,,https://www.theguardian.com/football/ng-interactive/2026/sep/01/mens-transfer-window-summer-2026-all-deals-from-europes-top-five-leagues,https://interactive.guim.co.uk/2024/07/transfers/men-summer-2026.json,2026-10-03,0,0,2026-07
S26-1401,Nathan Patterson,Everton,Torino,2026-09-01,Free,Free transfer,,Free base transfer; other costs not represented,Premier League,Serie A,Defender,New to workbook,,,,,https://www.theguardian.com/football/ng-interactive/2026/sep/01/mens-transfer-window-summer-2026-all-deals-from-europes-top-five-leagues,https://interactive.guim.co.uk/2024/07/transfers/men-summer-2026.json,2026-10-03,0,0,2026-09
S26-1403,Tommy Setford,Arsenal,Stevenage,2026-09-01,Loan,Loan fee not stated,,No numeric source quote,Premier League,Outside top five / unattached,Goalkeeper,New to workbook,,,,Blank quote does not mean zero loan fee,https://www.theguardian.com/football/ng-interactive/2026/sep/01/mens-transfer-window-summer-2026-all-deals-from-europes-top-five-leagues,https://interactive.guim.co.uk/2024/07/transfers/men-summer-2026.json,2026-10-03,0,0,2026-09
S26-1404,Jayden Meghoma,Brentford,Portsmouth,2026-09-01,Loan,Loan fee not stated,,No numeric source quote,Premier League,Outside top five / unattached,Defender,New to workbook,,,,Blank quote does not mean zero loan fee,https://www.theguardian.com/football/ng-interactive/2026/sep/01/mens-transfer-window-summer-2026-all-deals-from-europes-top-five-leagues,https://interactive.guim.co.uk/2024/07/transfers/men-summer-2026.json,2026-10-03,0,0,2026-09
S26-1405,Pedro Gonçalves,Sporting,Fiorentina,2026-09-01,Loan,Loan fee not stated,,No numeric source quote,Outside top five / unattached,Serie A,Winger,New to workbook,,,,Future purchase conditions mentioned; Blank quote does not mean zero loan fee,https://www.theguardian.com/football/ng-interactive/2026/sep/01/mens-transfer-window-summer-2026-all-deals-from-europes-top-five-leagues,https://interactive.guim.co.uk/2024/07/transfers/men-summer-2026.json,2026-10-03,0,0,2026-09
S26-1406,Daniel Batz,Mainz 05,Borussia Mönchengladbach,2026-07-01,Free,Free transfer,,Free base transfer; other costs not represented,Bundesliga,Bundesliga,Goalkeeper,New to workbook,,,,,https://www.theguardian.com/football/ng-interactive/2026/sep/01/mens-transfer-window-summer-2026-all-deals-from-europes-top-five-leagues,https://interactive.guim.co.uk/2024/07/transfers/men-summer-2026.json,2026-10-03,0,0,2026-07
S26-1407,Melvin Bard,Nice,Leeds United,2026-09-01,Loan,Loan fee not stated,,No numeric source quote,Ligue 1,Premier League,Defender,New to workbook,,,,Blank quote does not mean zero loan fee,https://www.theguardian.com/football/ng-interactive/2026/sep/01/mens-transfer-window-summer-2026-all-deals-from-europes-top-five-leagues,https://interactive.guim.co.uk/2024/07/transfers/men-summer-2026.json,2026-10-03,0,0,2026-09
S26-1408,Hugo Bolin,Malmö FF,Borussia Mönchengladbach,2026-07-01,Fee,Reported fee,1500000,Source quote; base/add-on treatment unspecified,Outside top five / unattached,Bundesliga,Midfielder,New to workbook,,,,,https://www.theguardian.com/football/ng-interactive/2026/sep/01/mens-transfer-window-summer-2026-all-deals-from-europes-top-five-leagues,https://interactive.guim.co.uk/2024/07/transfers/men-summer-2026.json,2026-10-03,1,1,2026-07
S26-1409,David Herold,Karlsruhe,Borussia Mönchengladbach,2026-07-01,Fee,Fee amount not stated,,No numeric source quote,Outside top five / unattached,Bundesliga,Defender,New to workbook,,,,,https://www.theguardian.com/football/ng-interactive/2026/sep/01/mens-transfer-window-summer-2026-all-deals-from-europes-top-five-leagues,https://interactive.guim.co.uk/2024/07/transfers/men-summer-2026.json,2026-10-03,0,0,2026-07
S26-1410,Tosin Adarabioyo,Chelsea,Tottenham Hotspur,2026-09-01,Fee,Reported fee,7000000,Source quote; base/add-on treatment unspecified,Premier League,Premier League,Defender,New to workbook,,,,,https://www.theguardian.com/football/ng-interactive/2026/sep/01/mens-transfer-window-summer-2026-all-deals-from-europes-top-five-leagues,https://interactive.guim.co.uk/2024/07/transfers/men-summer-2026.json,2026-10-03,1,1,2026-09
S26-1411,Yukhym Konoplia,Shakhtar Donetsk,Borussia Mönchengladbach,2026-07-01,Free,Free transfer,,Free base transfer; other costs not represented,Outside top five / unattached,Bundesliga,Defender,New to workbook,,,,,https://www.theguardian.com/football/ng-interactive/2026/sep/01/mens-transfer-window-summer-2026-all-deals-from-europes-top-five-leagues,https://interactive.guim.co.uk/2024/07/transfers/men-summer-2026.json,2026-10-03,0,0,2026-07
S26-1412,Marc Casadó,Barcelona,Deportivo La Coruña,2026-09-01,Loan,Loan fee not stated,,No numeric source quote,La Liga,La Liga,Midfielder,New to workbook,,,,Blank quote does not mean zero loan fee,https://www.theguardian.com/football/ng-interactive/2026/sep/01/mens-transfer-window-summer-2026-all-deals-from-europes-top-five-leagues,https://interactive.guim.co.uk/2024/07/transfers/men-summer-2026.json,2026-10-03,0,0,2026-09
S26-1413,Zian Flemming,Burnley,Ipswich Town,2026-09-01,Fee,Reported fee,20000000,Source quote; base/add-on treatment unspecified,Outside top five / unattached,Premier League,Forward,New to workbook,,,,,https://www.theguardian.com/football/ng-interactive/2026/sep/01/mens-transfer-window-summer-2026-all-deals-from-europes-top-five-leagues,https://interactive.guim.co.uk/2024/07/transfers/men-summer-2026.json,2026-10-03,1,1,2026-09
S26-1414,Chiedozie Ogbene,Ipswich Town,Lincoln City,2026-09-01,Loan,Loan fee not stated,,No numeric source quote,Premier League,Outside top five / unattached,Winger,New to workbook,,,,Blank quote does not mean zero loan fee,https://www.theguardian.com/football/ng-interactive/2026/sep/01/mens-transfer-window-summer-2026-all-deals-from-europes-top-five-leagues,https://interactive.guim.co.uk/2024/07/transfers/men-summer-2026.json,2026-10-03,0,0,2026-09
S26-1415,Emil Audero,Como 1907,Rayo Vallecano,2026-09-01,Loan,Loan fee not stated,,No numeric source quote,Serie A,La Liga,Goalkeeper,New to workbook,,,,Blank quote does not mean zero loan fee,https://www.theguardian.com/football/ng-interactive/2026/sep/01/mens-transfer-window-summer-2026-all-deals-from-europes-top-five-leagues,https://interactive.guim.co.uk/2024/07/transfers/men-summer-2026.json,2026-10-03,0,0,2026-09
S26-1416,Robinio Vaz,Roma,Hull City,2026-09-01,Loan,Loan fee not stated,,No numeric source quote,Serie A,Premier League,Forward,New to workbook,,,,Blank quote does not mean zero loan fee,https://www.theguardian.com/football/ng-interactive/2026/sep/01/mens-transfer-window-summer-2026-all-deals-from-europes-top-five-leagues,https://interactive.guim.co.uk/2024/07/transfers/men-summer-2026.json,2026-10-03,0,0,2026-09
S26-1417,Soumaïla Coulibaly,Strasbourg,Watford,2026-09-01,Loan,Loan fee not stated,,No numeric source quote,Ligue 1,Outside top five / unattached,Defender,New to workbook,,,,Blank quote does not mean zero loan fee,https://www.theguardian.com/football/ng-interactive/2026/sep/01/mens-transfer-window-summer-2026-all-deals-from-europes-top-five-leagues,https://interactive.guim.co.uk/2024/07/transfers/men-summer-2026.json,2026-10-03,0,0,2026-09
S26-1418,Youssouf Fofana,Milan,Sevilla,2026-09-01,Loan,Loan fee not stated,,No numeric source quote,Serie A,La Liga,Midfielder,New to workbook,,,,Blank quote does not mean zero loan fee,https://www.theguardian.com/football/ng-interactive/2026/sep/01/mens-transfer-window-summer-2026-all-deals-from-europes-top-five-leagues,https://interactive.guim.co.uk/2024/07/transfers/men-summer-2026.json,2026-10-03,0,0,2026-09
S26-1419,Armario Cozier-Duberry,Brighton,Middlesbrough,2026-09-01,Loan,Loan fee not stated,,No numeric source quote,Premier League,Outside top five / unattached,Winger,New to workbook,,,,Blank quote does not mean zero loan fee,https://www.theguardian.com/football/ng-interactive/2026/sep/01/mens-transfer-window-summer-2026-all-deals-from-europes-top-five-leagues,https://interactive.guim.co.uk/2024/07/transfers/men-summer-2026.json,2026-10-03,0,0,2026-09
S26-1421,José María Giménez,Atlético Madrid,Deportivo La Coruña,2026-09-01,Loan,Loan fee not stated,,No numeric source quote,La Liga,La Liga,Defender,New to workbook,,,,Blank quote does not mean zero loan fee,https://www.theguardian.com/football/ng-interactive/2026/sep/01/mens-transfer-window-summer-2026-all-deals-from-europes-top-five-leagues,https://interactive.guim.co.uk/2024/07/transfers/men-summer-2026.json,2026-10-03,0,0,2026-09
S26-1422,Sorba Thomas,Stoke City,Hull City,2026-09-01,Fee,Reported fee,7500000,Source quote; base/add-on treatment unspecified,Outside top five / unattached,Premier League,Winger,New to workbook,,,,,https://www.theguardian.com/football/ng-interactive/2026/sep/01/mens-transfer-window-summer-2026-all-deals-from-europes-top-five-leagues,https://interactive.guim.co.uk/2024/07/transfers/men-summer-2026.json,2026-10-03,1,1,2026-09
S26-1423,Chema Andrés,Stuttgart,Brighton,2026-09-01,Fee,Reported fee,18900000,Source quote; base/add-on treatment unspecified,Bundesliga,Premier League,Midfielder,New to workbook,,,,,https://www.theguardian.com/football/ng-interactive/2026/sep/01/mens-transfer-window-summer-2026-all-deals-from-europes-top-five-leagues,https://interactive.guim.co.uk/2024/07/transfers/men-summer-2026.json,2026-10-03,1,1,2026-09
S26-1424,Ben Chilwell,Strasbourg,Crystal Palace,2026-09-01,Undisclosed fee,Undisclosed,,No numeric source quote,Ligue 1,Premier League,Defender,New to workbook,,,,,https://www.theguardian.com/football/ng-interactive/2026/sep/01/mens-transfer-window-summer-2026-all-deals-from-europes-top-five-leagues,https://interactive.guim.co.uk/2024/07/transfers/men-summer-2026.json,2026-10-03,0,0,2026-09
S26-1425,Christos Mouzakitis,Olympiakos,Hull City,2026-09-01,Fee,Reported fee,12900000,Source quote; base/add-on treatment unspecified,Outside top five / unattached,Premier League,Midfielder,New to workbook,,,,,https://www.theguardian.com/football/ng-interactive/2026/sep/01/mens-transfer-window-summer-2026-all-deals-from-europes-top-five-leagues,https://interactive.guim.co.uk/2024/07/transfers/men-summer-2026.json,2026-10-03,1,1,2026-09
S26-1426,Kevin Lomónaco,Independiente,Elche,2026-09-01,Fee,Reported fee,4000000,Source quote; base/add-on treatment unspecified,Outside top five / unattached,La Liga,Defender,New to workbook,,,,,https://www.theguardian.com/football/ng-interactive/2026/sep/01/mens-transfer-window-summer-2026-all-deals-from-europes-top-five-leagues,https://interactive.guim.co.uk/2024/07/transfers/men-summer-2026.json,2026-10-03,1,1,2026-09
S26-1427,Mirza Catovic,Stuttgart,Barcelona,2026-09-01,Loan,Loan fee not stated,,No numeric source quote,Bundesliga,La Liga,Midfielder,New to workbook,,,,Blank quote does not mean zero loan fee,https://www.theguardian.com/football/ng-interactive/2026/sep/01/mens-transfer-window-summer-2026-all-deals-from-europes-top-five-leagues,https://interactive.guim.co.uk/2024/07/transfers/men-summer-2026.json,2026-10-03,0,0,2026-09
S26-1428,Unai Vencedor,Athletic Club,Burgos,2026-09-01,Free,Free transfer,,Free base transfer; other costs not represented,La Liga,Outside top five / unattached,Midfielder,New to workbook,,,,,https://www.theguardian.com/football/ng-interactive/2026/sep/01/mens-transfer-window-summer-2026-all-deals-from-europes-top-five-leagues,https://interactive.guim.co.uk/2024/07/transfers/men-summer-2026.json,2026-10-03,0,0,2026-09
S26-1429,David Affengruber,Elche,Fulham,2026-09-01,Fee,Reported fee,10300000,Source quote; base/add-on treatment unspecified,La Liga,Premier League,Defender,New to workbook,,,,,https://www.theguardian.com/football/ng-interactive/2026/sep/01/mens-transfer-window-summer-2026-all-deals-from-europes-top-five-leagues,https://interactive.guim.co.uk/2024/07/transfers/men-summer-2026.json,2026-10-03,1,1,2026-09
S26-1430,Ainsley Maitland-Niles,Lyon,Everton,2026-09-01,Fee,Reported fee,4300000,Source quote; base/add-on treatment unspecified,Ligue 1,Premier League,Defender,New to workbook,,,,,https://www.theguardian.com/football/ng-interactive/2026/sep/01/mens-transfer-window-summer-2026-all-deals-from-europes-top-five-leagues,https://interactive.guim.co.uk/2024/07/transfers/men-summer-2026.json,2026-10-03,1,1,2026-09
S26-1431,Malick Fofana,Lyon,Sunderland,2026-09-02,Fee,Reported fee,31000000,Source quote; base/add-on treatment unspecified,Ligue 1,Premier League,Winger,New to workbook,,,,After main leagues deadline; retained under source summer coverage,https://www.theguardian.com/football/ng-interactive/2026/sep/01/mens-transfer-window-summer-2026-all-deals-from-europes-top-five-leagues,https://interactive.guim.co.uk/2024/07/transfers/men-summer-2026.json,2026-10-03,1,1,2026-09
S26-1432,David Ozoh,Crystal Palace,Derby County,2026-09-02,Fee,Reported fee,4000000,Source quote; base/add-on treatment unspecified,Premier League,Outside top five / unattached,Midfielder,New to workbook,,,,After main leagues deadline; retained under source summer coverage,https://www.theguardian.com/football/ng-interactive/2026/sep/01/mens-transfer-window-summer-2026-all-deals-from-europes-top-five-leagues,https://interactive.guim.co.uk/2024/07/transfers/men-summer-2026.json,2026-10-03,1,1,2026-09
S26-1433,Quinten Timber,Marseille,Crystal Palace,2026-09-02,Fee,Reported fee,15000000,Source quote; base/add-on treatment unspecified,Ligue 1,Premier League,Midfielder,New to workbook,,,,After main leagues deadline; retained under source summer coverage,https://www.theguardian.com/football/ng-interactive/2026/sep/01/mens-transfer-window-summer-2026-all-deals-from-europes-top-five-leagues,https://interactive.guim.co.uk/2024/07/transfers/men-summer-2026.json,2026-10-03,1,1,2026-09
S26-1434,Jean-Mattéo Bahoya,Eintracht Frankfurt,Leeds United,2026-09-02,Loan,Loan fee not stated,,No numeric source quote,Bundesliga,Premier League,Forward,New to workbook,,,,Future purchase conditions mentioned; Blank quote does not mean zero loan fee; After main leagues deadline; retained under source summer coverage,https://www.theguardian.com/football/ng-interactive/2026/sep/01/mens-transfer-window-summer-2026-all-deals-from-europes-top-five-leagues,https://interactive.guim.co.uk/2024/07/transfers/men-summer-2026.json,2026-10-03,0,0,2026-09
S26-1435,Darío Osorio,FC Midtjylland,Crystal Palace,2026-09-02,Loan,Loan fee not stated,,No numeric source quote,Outside top five / unattached,Premier League,Winger,New to workbook,,,,Blank quote does not mean zero loan fee; After main leagues deadline; retained under source summer coverage,https://www.theguardian.com/football/ng-interactive/2026/sep/01/mens-transfer-window-summer-2026-all-deals-from-europes-top-five-leagues,https://interactive.guim.co.uk/2024/07/transfers/men-summer-2026.json,2026-10-03,0,0,2026-09
S26-1436,Michael Zetterer,Eintracht Frankfurt,Leeds United,2026-07-29,Fee,Reported fee,4000000,Source quote; base/add-on treatment unspecified,Bundesliga,Premier League,Goalkeeper,New to workbook,,,,,https://www.theguardian.com/football/ng-interactive/2026/sep/01/mens-transfer-window-summer-2026-all-deals-from-europes-top-five-leagues,https://interactive.guim.co.uk/2024/07/transfers/men-summer-2026.json,2026-10-03,1,1,2026-07
S26-1437,Femi Azeez,Millwall,Brighton,2026-09-02,Fee,Reported fee,15000000,Source quote; base/add-on treatment unspecified,Outside top five / unattached,Premier League,Midfielder,New to workbook,,,,After main leagues deadline; retained under source summer coverage,https://www.theguardian.com/football/ng-interactive/2026/sep/01/mens-transfer-window-summer-2026-all-deals-from-europes-top-five-leagues,https://interactive.guim.co.uk/2024/07/transfers/men-summer-2026.json,2026-10-03,1,1,2026-09
S26-1438,Damola Ajayi,Tottenham Hotspur,Barnet,2026-09-01,Loan,Loan fee not stated,,No numeric source quote,Premier League,Outside top five / unattached,Winger,New to workbook,,,,Blank quote does not mean zero loan fee,https://www.theguardian.com/football/ng-interactive/2026/sep/01/mens-transfer-window-summer-2026-all-deals-from-europes-top-five-leagues,https://interactive.guim.co.uk/2024/07/transfers/men-summer-2026.json,2026-10-03,0,0,2026-09
S26-1439,Kamari Doyle,Brighton,Leicester City,2026-09-01,Loan,Loan fee not stated,,No numeric source quote,Premier League,Outside top five / unattached,Midfielder,New to workbook,,,,Blank quote does not mean zero loan fee,https://www.theguardian.com/football/ng-interactive/2026/sep/01/mens-transfer-window-summer-2026-all-deals-from-europes-top-five-leagues,https://interactive.guim.co.uk/2024/07/transfers/men-summer-2026.json,2026-10-03,0,0,2026-09
S26-1440,Adama Boiro,Athletic Club,West Ham United,2026-09-02,Loan,Loan fee not stated,,No numeric source quote,La Liga,Outside top five / unattached,Defender,New to workbook,,,,Blank quote does not mean zero loan fee; After main leagues deadline; retained under source summer coverage,https://www.theguardian.com/football/ng-interactive/2026/sep/01/mens-transfer-window-summer-2026-all-deals-from-europes-top-five-leagues,https://interactive.guim.co.uk/2024/07/transfers/men-summer-2026.json,2026-10-03,0,0,2026-09
S26-1441,Yvan Neyou,Getafe,Volos,2026-09-02,Loan,Loan fee not stated,,No numeric source quote,La Liga,Outside top five / unattached,Midfielder,New to workbook,,,,Blank quote does not mean zero loan fee; After main leagues deadline; retained under source summer coverage,https://www.theguardian.com/football/ng-interactive/2026/sep/01/mens-transfer-window-summer-2026-all-deals-from-europes-top-five-leagues,https://interactive.guim.co.uk/2024/07/transfers/men-summer-2026.json,2026-10-03,0,0,2026-09
S26-1442,Kingstone Mutandwa,Cagliari,Servette,2026-09-02,Loan,Loan fee not stated,,No numeric source quote,Serie A,Outside top five / unattached,Forward,New to workbook,,,,Blank quote does not mean zero loan fee; After main leagues deadline; retained under source summer coverage,https://www.theguardian.com/football/ng-interactive/2026/sep/01/mens-transfer-window-summer-2026-all-deals-from-europes-top-five-leagues,https://interactive.guim.co.uk/2024/07/transfers/men-summer-2026.json,2026-10-03,0,0,2026-09
S26-1443,Julian Pauli,Cologne,Odense,2026-09-02,Loan,Loan fee not stated,,No numeric source quote,Bundesliga,Outside top five / unattached,Defender,New to workbook,,,,Blank quote does not mean zero loan fee; After main leagues deadline; retained under source summer coverage,https://www.theguardian.com/football/ng-interactive/2026/sep/01/mens-transfer-window-summer-2026-all-deals-from-europes-top-five-leagues,https://interactive.guim.co.uk/2024/07/transfers/men-summer-2026.json,2026-10-03,0,0,2026-09
S26-1444,Thilo Kehrer,Monaco,Ajax,2026-09-02,Loan,Loan fee not stated,,No numeric source quote,Ligue 1,Outside top five / unattached,Defender,New to workbook,,,,Blank quote does not mean zero loan fee; After main leagues deadline; retained under source summer coverage,https://www.theguardian.com/football/ng-interactive/2026/sep/01/mens-transfer-window-summer-2026-all-deals-from-europes-top-five-leagues,https://interactive.guim.co.uk/2024/07/transfers/men-summer-2026.json,2026-10-03,0,0,2026-09
S26-1445,El Chadaille Bitshiabu,RB Leipzig,Galatasaray,2026-09-02,Loan,Loan fee not stated,,No numeric source quote,Bundesliga,Outside top five / unattached,Defender,New to workbook,,,,Blank quote does not mean zero loan fee; After main leagues deadline; retained under source summer coverage,https://www.theguardian.com/football/ng-interactive/2026/sep/01/mens-transfer-window-summer-2026-all-deals-from-europes-top-five-leagues,https://interactive.guim.co.uk/2024/07/transfers/men-summer-2026.json,2026-10-03,0,0,2026-09
S26-1447,Juma Bah,Manchester City,Augsburg,2026-09-01,Loan,Loan fee not stated,,No numeric source quote,Premier League,Bundesliga,Defender,New to workbook,,,,Blank quote does not mean zero loan fee,https://www.theguardian.com/football/ng-interactive/2026/sep/01/mens-transfer-window-summer-2026-all-deals-from-europes-top-five-leagues,https://interactive.guim.co.uk/2024/07/transfers/men-summer-2026.json,2026-10-03,0,0,2026-09
S26-1448,Romain Esse,Crystal Palace,Millwall,2026-09-02,Loan,Loan fee not stated,,No numeric source quote,Premier League,Outside top five / unattached,Winger,New to workbook,,,,Blank quote does not mean zero loan fee; After main leagues deadline; retained under source summer coverage,https://www.theguardian.com/football/ng-interactive/2026/sep/01/mens-transfer-window-summer-2026-all-deals-from-europes-top-five-leagues,https://interactive.guim.co.uk/2024/07/transfers/men-summer-2026.json,2026-10-03,0,0,2026-09
S26-1449,Justin Devenny,Crystal Palace,Stoke City,2026-09-01,Fee,Reported fee,5000000,Source quote; base/add-on treatment unspecified,Premier League,Outside top five / unattached,Midfielder,New to workbook,,,,,https://www.theguardian.com/football/ng-interactive/2026/sep/01/mens-transfer-window-summer-2026-all-deals-from-europes-top-five-leagues,https://interactive.guim.co.uk/2024/07/transfers/men-summer-2026.json,2026-10-03,1,1,2026-09
S26-1450,Jeremy Monga,Manchester City,Swansea,2026-09-02,Loan,Loan fee not stated,,No numeric source quote,Premier League,Outside top five / unattached,Winger,New to workbook,,,,Blank quote does not mean zero loan fee; After main leagues deadline; retained under source summer coverage,https://www.theguardian.com/football/ng-interactive/2026/sep/01/mens-transfer-window-summer-2026-all-deals-from-europes-top-five-leagues,https://interactive.guim.co.uk/2024/07/transfers/men-summer-2026.json,2026-10-03,0,0,2026-09
S26-1451,Oliver Dovin,Coventry City,Leyton Orient,2026-09-01,Loan,Loan fee not stated,,No numeric source quote,Premier League,Outside top five / unattached,Goalkeeper,New to workbook,,,,Blank quote does not mean zero loan fee,https://www.theguardian.com/football/ng-interactive/2026/sep/01/mens-transfer-window-summer-2026-all-deals-from-europes-top-five-leagues,https://interactive.guim.co.uk/2024/07/transfers/men-summer-2026.json,2026-10-03,0,0,2026-09
S26-1453,Enzo Leopold,Hannover 96,Borussia Mönchengladbach,2026-05-27,Free,Free transfer,,Free base transfer; other costs not represented,Outside top five / unattached,Bundesliga,Midfielder,New to workbook,,,,Early announcement; source assigns to summer window,https://www.theguardian.com/football/ng-interactive/2026/sep/01/mens-transfer-window-summer-2026-all-deals-from-europes-top-five-leagues,https://interactive.guim.co.uk/2024/07/transfers/men-summer-2026.json,2026-10-03,0,0,2026-05
S26-1454,Jan Leszczynski,Legia Warsaw,Borussia Mönchengladbach,2026-07-03,Fee,Reported fee,2000000,Source quote; base/add-on treatment unspecified,Outside top five / unattached,Bundesliga,Defender,New to workbook,,,,,https://www.theguardian.com/football/ng-interactive/2026/sep/01/mens-transfer-window-summer-2026-all-deals-from-europes-top-five-leagues,https://interactive.guim.co.uk/2024/07/transfers/men-summer-2026.json,2026-10-03,1,1,2026-07
S26-1455,Niko Horvat,Borussia Mönchengladbach,Zulte Waregem,2026-08-27,Loan,Loan fee not stated,,No numeric source quote,Bundesliga,Outside top five / unattached,Midfielder,New to workbook,,,,Blank quote does not mean zero loan fee,https://www.theguardian.com/football/ng-interactive/2026/sep/01/mens-transfer-window-summer-2026-all-deals-from-europes-top-five-leagues,https://interactive.guim.co.uk/2024/07/transfers/men-summer-2026.json,2026-10-03,0,0,2026-08
S26-1456,Rocco Reitz,Borussia Mönchengladbach,RB Leipzig,2026-03-16,Fee,Reported fee,15000000,Source quote; base/add-on treatment unspecified,Bundesliga,Bundesliga,Midfielder,New to workbook,,,,Early announcement; source assigns to summer window,https://www.theguardian.com/football/ng-interactive/2026/sep/01/mens-transfer-window-summer-2026-all-deals-from-europes-top-five-leagues,https://interactive.guim.co.uk/2024/07/transfers/men-summer-2026.json,2026-10-03,1,1,2026-03
S26-1457,Niklas Swider,Borussia Mönchengladbach,Viktoria Köln,2026-07-01,Loan,Loan fee not stated,,No numeric source quote,Bundesliga,Outside top five / unattached,Defender,New to workbook,,,,Blank quote does not mean zero loan fee,https://www.theguardian.com/football/ng-interactive/2026/sep/01/mens-transfer-window-summer-2026-all-deals-from-europes-top-five-leagues,https://interactive.guim.co.uk/2024/07/transfers/men-summer-2026.json,2026-10-03,0,0,2026-07
S26-1458,Nathanaël Mbuku,Augsburg,Sint-Truiden,2026-09-03,Loan,Loan fee not stated,,No numeric source quote,Bundesliga,Outside top five / unattached,Winger,New to workbook,,,,Blank quote does not mean zero loan fee; After main leagues deadline; retained under source summer coverage,https://www.theguardian.com/football/ng-interactive/2026/sep/01/mens-transfer-window-summer-2026-all-deals-from-europes-top-five-leagues,https://interactive.guim.co.uk/2024/07/transfers/men-summer-2026.json,2026-10-03,0,0,2026-09
S26-1459,Lasso Coulibaly,Auxerre,Viborg,2026-09-02,Loan,Loan fee not stated,,No numeric source quote,Ligue 1,Outside top five / unattached,Winger,New to workbook,,,,Blank quote does not mean zero loan fee; After main leagues deadline; retained under source summer coverage,https://www.theguardian.com/football/ng-interactive/2026/sep/01/mens-transfer-window-summer-2026-all-deals-from-europes-top-five-leagues,https://interactive.guim.co.uk/2024/07/transfers/men-summer-2026.json,2026-10-03,0,0,2026-09
S26-1460,Carlos Martín,Atlético Madrid,Hajduk Split,2026-09-02,Loan,Loan fee not stated,,No numeric source quote,La Liga,Outside top five / unattached,Winger,New to workbook,,,,Blank quote does not mean zero loan fee; After main leagues deadline; retained under source summer coverage,https://www.theguardian.com/football/ng-interactive/2026/sep/01/mens-transfer-window-summer-2026-all-deals-from-europes-top-five-leagues,https://interactive.guim.co.uk/2024/07/transfers/men-summer-2026.json,2026-10-03,0,0,2026-09
S26-1461,Mounaïm El Idrissy,Troyes,Raja Casablanca,2026-09-02,Undisclosed fee,Undisclosed,,No numeric source quote,Ligue 1,Outside top five / unattached,Forward,New to workbook,,,,After main leagues deadline; retained under source summer coverage,https://www.theguardian.com/football/ng-interactive/2026/sep/01/mens-transfer-window-summer-2026-all-deals-from-europes-top-five-leagues,https://interactive.guim.co.uk/2024/07/transfers/men-summer-2026.json,2026-10-03,0,0,2026-09
S26-1462,Claudio Echeverri,Manchester City,Benfica,2026-09-02,Loan,Loan fee not stated,,No numeric source quote,Premier League,Outside top five / unattached,Midfielder,New to workbook,,,,Blank quote does not mean zero loan fee; After main leagues deadline; retained under source summer coverage,https://www.theguardian.com/football/ng-interactive/2026/sep/01/mens-transfer-window-summer-2026-all-deals-from-europes-top-five-leagues,https://interactive.guim.co.uk/2024/07/transfers/men-summer-2026.json,2026-10-03,0,0,2026-09
S26-1463,Chido Obi,Manchester United,Willem II,2026-09-02,Loan,Loan fee not stated,,No numeric source quote,Premier League,Outside top five / unattached,Forward,New to workbook,,,,Blank quote does not mean zero loan fee; After main leagues deadline; retained under source summer coverage,https://www.theguardian.com/football/ng-interactive/2026/sep/01/mens-transfer-window-summer-2026-all-deals-from-europes-top-five-leagues,https://interactive.guim.co.uk/2024/07/transfers/men-summer-2026.json,2026-10-03,0,0,2026-09
S26-1464,Leon Bailey,Aston Villa,Olympiakos,2026-09-02,Fee,Reported fee,4000000,Source quote; base/add-on treatment unspecified,Premier League,Outside top five / unattached,Winger,New to workbook,,,,After main leagues deadline; retained under source summer coverage,https://www.theguardian.com/football/ng-interactive/2026/sep/01/mens-transfer-window-summer-2026-all-deals-from-europes-top-five-leagues,https://interactive.guim.co.uk/2024/07/transfers/men-summer-2026.json,2026-10-03,1,1,2026-09
S26-1465,Tomas Cvancara,Borussia Mönchengladbach,Hradec Kralove,2026-09-03,Loan,Loan fee not stated,,No numeric source quote,Bundesliga,Outside top five / unattached,Forward,New to workbook,,,,Blank quote does not mean zero loan fee; After main leagues deadline; retained under source summer coverage,https://www.theguardian.com/football/ng-interactive/2026/sep/01/mens-transfer-window-summer-2026-all-deals-from-europes-top-five-leagues,https://interactive.guim.co.uk/2024/07/transfers/men-summer-2026.json,2026-10-03,0,0,2026-09
S26-1466,Martin James,Paris Saint-Germain,Cologne,2026-07-24,Free,Free transfer,,Free base transfer; other costs not represented,Ligue 1,Bundesliga,Goalkeeper,New to workbook,,,,,https://www.theguardian.com/football/ng-interactive/2026/sep/01/mens-transfer-window-summer-2026-all-deals-from-europes-top-five-leagues,https://interactive.guim.co.uk/2024/07/transfers/men-summer-2026.json,2026-10-03,0,0,2026-07
S26-1467,Gabriel Martinelli,Arsenal,Al-Hilal,2026-09-03,Fee,Reported fee,60000000,Source quote; base/add-on treatment unspecified,Premier League,Outside top five / unattached,Winger,New to workbook,,,,After main leagues deadline; retained under source summer coverage,https://www.theguardian.com/football/ng-interactive/2026/sep/01/mens-transfer-window-summer-2026-all-deals-from-europes-top-five-leagues,https://interactive.guim.co.uk/2024/07/transfers/men-summer-2026.json,2026-10-03,1,1,2026-09
S26-1468,Elias Bakatukanda,Cologne,Osnabrück,2026-09-01,Loan,Loan fee not stated,,No numeric source quote,Bundesliga,Outside top five / unattached,Defender,New to workbook,,,,Blank quote does not mean zero loan fee,https://www.theguardian.com/football/ng-interactive/2026/sep/01/mens-transfer-window-summer-2026-all-deals-from-europes-top-five-leagues,https://interactive.guim.co.uk/2024/07/transfers/men-summer-2026.json,2026-10-03,0,0,2026-09
S26-1470,Patrik Kristal,Cologne,Thun,2026-09-01,Loan,Loan fee not stated,,No numeric source quote,Bundesliga,Outside top five / unattached,Midfielder,New to workbook,,,,Future purchase conditions mentioned; Blank quote does not mean zero loan fee,https://www.theguardian.com/football/ng-interactive/2026/sep/01/mens-transfer-window-summer-2026-all-deals-from-europes-top-five-leagues,https://interactive.guim.co.uk/2024/07/transfers/men-summer-2026.json,2026-10-03,0,0,2026-09
S26-1472,Eric Martel,Cologne,Mainz 05,2026-07-01,Free,Free transfer,,Free base transfer; other costs not represented,Bundesliga,Bundesliga,Midfielder,New to workbook,,,,,https://www.theguardian.com/football/ng-interactive/2026/sep/01/mens-transfer-window-summer-2026-all-deals-from-europes-top-five-leagues,https://interactive.guim.co.uk/2024/07/transfers/men-summer-2026.json,2026-10-03,0,0,2026-07
S26-1473,Rayane Belaid,Atlético Madrid,Rayo Vallecano,2026-09-03,Fee,Reported fee,450000,Source quote; base/add-on treatment unspecified,La Liga,La Liga,Midfielder,New to workbook,,,,After main leagues deadline; retained under source summer coverage,https://www.theguardian.com/football/ng-interactive/2026/sep/01/mens-transfer-window-summer-2026-all-deals-from-europes-top-five-leagues,https://interactive.guim.co.uk/2024/07/transfers/men-summer-2026.json,2026-10-03,1,1,2026-09
S26-1474,Carlos Álvarez,Levante,Club América,2026-09-02,Fee,Reported fee,5200000,Source quote; base/add-on treatment unspecified,La Liga,Outside top five / unattached,Midfielder,New to workbook,,,,After main leagues deadline; retained under source summer coverage,https://www.theguardian.com/football/ng-interactive/2026/sep/01/mens-transfer-window-summer-2026-all-deals-from-europes-top-five-leagues,https://interactive.guim.co.uk/2024/07/transfers/men-summer-2026.json,2026-10-03,1,1,2026-09
S26-1475,Yann Gboho,Toulouse,Coventry City,2026-09-04,Fee,Reported fee,10300000,Source quote; base/add-on treatment unspecified,Ligue 1,Premier League,Winger,New to workbook,,,,After main leagues deadline; retained under source summer coverage,https://www.theguardian.com/football/ng-interactive/2026/sep/01/mens-transfer-window-summer-2026-all-deals-from-europes-top-five-leagues,https://interactive.guim.co.uk/2024/07/transfers/men-summer-2026.json,2026-10-03,1,1,2026-09
S26-1476,Elijah Odede,Troyes,Lommel SK,2026-09-03,Loan,Loan fee not stated,,No numeric source quote,Ligue 1,Outside top five / unattached,Winger,New to workbook,,,,Blank quote does not mean zero loan fee; After main leagues deadline; retained under source summer coverage,https://www.theguardian.com/football/ng-interactive/2026/sep/01/mens-transfer-window-summer-2026-all-deals-from-europes-top-five-leagues,https://interactive.guim.co.uk/2024/07/transfers/men-summer-2026.json,2026-10-03,0,0,2026-09
S26-1477,Brad Mantsounga,Nice,RE Virton,2026-09-03,Loan,Loan fee not stated,,No numeric source quote,Ligue 1,Outside top five / unattached,Defender,New to workbook,,,,Blank quote does not mean zero loan fee; After main leagues deadline; retained under source summer coverage,https://www.theguardian.com/football/ng-interactive/2026/sep/01/mens-transfer-window-summer-2026-all-deals-from-europes-top-five-leagues,https://interactive.guim.co.uk/2024/07/transfers/men-summer-2026.json,2026-10-03,0,0,2026-09
S26-1478,Axel Camblan,Brest,Estoril,2026-09-03,Undisclosed fee,Undisclosed,,No numeric source quote,Ligue 1,Outside top five / unattached,Winger,New to workbook,,,,After main leagues deadline; retained under source summer coverage,https://www.theguardian.com/football/ng-interactive/2026/sep/01/mens-transfer-window-summer-2026-all-deals-from-europes-top-five-leagues,https://interactive.guim.co.uk/2024/07/transfers/men-summer-2026.json,2026-10-03,0,0,2026-09
S26-1479,Xavi Grande,Levante,Académica de Coimbra,2026-09-04,Free,Free transfer,,Free base transfer; other costs not represented,La Liga,Outside top five / unattached,Defender,New to workbook,,,,After main leagues deadline; retained under source summer coverage,https://www.theguardian.com/football/ng-interactive/2026/sep/01/mens-transfer-window-summer-2026-all-deals-from-europes-top-five-leagues,https://interactive.guim.co.uk/2024/07/transfers/men-summer-2026.json,2026-10-03,0,0,2026-09
S26-1480,Matheus França,Crystal Palace,Alverca,2026-09-04,Loan,Loan fee not stated,,No numeric source quote,Premier League,Outside top five / unattached,Forward,New to workbook,,,,Blank quote does not mean zero loan fee; After main leagues deadline; retained under source summer coverage,https://www.theguardian.com/football/ng-interactive/2026/sep/01/mens-transfer-window-summer-2026-all-deals-from-europes-top-five-leagues,https://interactive.guim.co.uk/2024/07/transfers/men-summer-2026.json,2026-10-03,0,0,2026-09
S26-1481,Jesurun Rak-Sakyi,Crystal Palace,Kasimpasa,2026-09-04,Loan,Loan fee not stated,,No numeric source quote,Premier League,Outside top five / unattached,Winger,New to workbook,,,,Blank quote does not mean zero loan fee; After main leagues deadline; retained under source summer coverage,https://www.theguardian.com/football/ng-interactive/2026/sep/01/mens-transfer-window-summer-2026-all-deals-from-europes-top-five-leagues,https://interactive.guim.co.uk/2024/07/transfers/men-summer-2026.json,2026-10-03,0,0,2026-09
S26-1482,Issiaka Kamate,Inter,Atlético Madrid,2026-09-01,Fee,Reported fee,1700000,Source quote; base/add-on treatment unspecified,Serie A,La Liga,Winger,New to workbook,,,,,https://www.theguardian.com/football/ng-interactive/2026/sep/01/mens-transfer-window-summer-2026-all-deals-from-europes-top-five-leagues,https://interactive.guim.co.uk/2024/07/transfers/men-summer-2026.json,2026-10-03,1,1,2026-09
S26-1483,Gerónimo Spina,Atlético Madrid,Ajax,2026-09-02,Fee,Reported fee,340000,Source quote; base/add-on treatment unspecified,La Liga,Outside top five / unattached,Defender,New to workbook,,,,After main leagues deadline; retained under source summer coverage,https://www.theguardian.com/football/ng-interactive/2026/sep/01/mens-transfer-window-summer-2026-all-deals-from-europes-top-five-leagues,https://interactive.guim.co.uk/2024/07/transfers/men-summer-2026.json,2026-10-03,1,1,2026-09
S26-1484,Iker Luque,Atlético Madrid,Racing Santander,2026-09-01,Fee,Reported fee,850000,Source quote; base/add-on treatment unspecified,La Liga,La Liga,Winger,New to workbook,,,,,https://www.theguardian.com/football/ng-interactive/2026/sep/01/mens-transfer-window-summer-2026-all-deals-from-europes-top-five-leagues,https://interactive.guim.co.uk/2024/07/transfers/men-summer-2026.json,2026-10-03,1,1,2026-09
S26-1485,Charlie Patiño,Deportivo La Coruña,Bochum,2026-09-01,Loan,Loan fee not stated,,No numeric source quote,La Liga,Outside top five / unattached,Midfielder,New to workbook,,,,Blank quote does not mean zero loan fee,https://www.theguardian.com/football/ng-interactive/2026/sep/01/mens-transfer-window-summer-2026-all-deals-from-europes-top-five-leagues,https://interactive.guim.co.uk/2024/07/transfers/men-summer-2026.json,2026-10-03,0,0,2026-09
S26-1486,Héctor Fort,Barcelona,Real Sociedad,2026-08-30,Fee,Reported fee,7200000,Source quote; base/add-on treatment unspecified,La Liga,La Liga,Defender,New to workbook,,,,,https://www.theguardian.com/football/ng-interactive/2026/sep/01/mens-transfer-window-summer-2026-all-deals-from-europes-top-five-leagues,https://interactive.guim.co.uk/2024/07/transfers/men-summer-2026.json,2026-10-03,1,1,2026-08
S26-1487,Oscar Naasei,Granada,Real Madrid,2026-08-27,Fee,Reported fee,1700000,Source quote; base/add-on treatment unspecified,Outside top five / unattached,La Liga,Defender,New to workbook,,,,,https://www.theguardian.com/football/ng-interactive/2026/sep/01/mens-transfer-window-summer-2026-all-deals-from-europes-top-five-leagues,https://interactive.guim.co.uk/2024/07/transfers/men-summer-2026.json,2026-10-03,1,1,2026-08
S26-1488,Javier Boñar,Atlético Madrid,Girona,2026-08-27,Fee,Reported fee,1700000,Source quote; base/add-on treatment unspecified,La Liga,Outside top five / unattached,Defender,New to workbook,,,,,https://www.theguardian.com/football/ng-interactive/2026/sep/01/mens-transfer-window-summer-2026-all-deals-from-europes-top-five-leagues,https://interactive.guim.co.uk/2024/07/transfers/men-summer-2026.json,2026-10-03,1,1,2026-08
S26-1489,Giovani Versini,Pau,Brest,2026-09-03,Fee,Reported fee,1700000,Source quote; base/add-on treatment unspecified,Outside top five / unattached,Ligue 1,Forward,New to workbook,,,,After main leagues deadline; retained under source summer coverage,https://www.theguardian.com/football/ng-interactive/2026/sep/01/mens-transfer-window-summer-2026-all-deals-from-europes-top-five-leagues,https://interactive.guim.co.uk/2024/07/transfers/men-summer-2026.json,2026-10-03,1,1,2026-09
S26-1490,Keito Nakamura,Reims,Lyon,2026-09-02,Fee,Reported fee,850000,Source quote; base/add-on treatment unspecified,Outside top five / unattached,Ligue 1,Winger,New to workbook,,,,After main leagues deadline; retained under source summer coverage,https://www.theguardian.com/football/ng-interactive/2026/sep/01/mens-transfer-window-summer-2026-all-deals-from-europes-top-five-leagues,https://interactive.guim.co.uk/2024/07/transfers/men-summer-2026.json,2026-10-03,1,1,2026-09
S26-1491,Srdjan Kuzmic,Viborg,Lorient,2026-08-31,Fee,Reported fee,2600000,Source quote; base/add-on treatment unspecified,Outside top five / unattached,Ligue 1,Defender,New to workbook,,,,,https://www.theguardian.com/football/ng-interactive/2026/sep/01/mens-transfer-window-summer-2026-all-deals-from-europes-top-five-leagues,https://interactive.guim.co.uk/2024/07/transfers/men-summer-2026.json,2026-10-03,1,1,2026-08
S26-1492,Casper Tengstedt,Feyenoord,Toulouse,2026-09-01,Fee,Reported fee,3400000,Source quote; base/add-on treatment unspecified,Outside top five / unattached,Ligue 1,Forward,New to workbook,,,,,https://www.theguardian.com/football/ng-interactive/2026/sep/01/mens-transfer-window-summer-2026-all-deals-from-europes-top-five-leagues,https://interactive.guim.co.uk/2024/07/transfers/men-summer-2026.json,2026-10-03,1,1,2026-09
S26-1493,Pape Diong,Strasbourg,Westerlo,2026-07-27,Fee,Reported fee,1300000,Source quote; base/add-on treatment unspecified,Ligue 1,Outside top five / unattached,Midfielder,New to workbook,,,,,https://www.theguardian.com/football/ng-interactive/2026/sep/01/mens-transfer-window-summer-2026-all-deals-from-europes-top-five-leagues,https://interactive.guim.co.uk/2024/07/transfers/men-summer-2026.json,2026-10-03,1,1,2026-07
S26-1494,Jacques Ekomié,Angers,Wrexham,2026-07-27,Fee,Reported fee,6900000,Source quote; base/add-on treatment unspecified,Ligue 1,Outside top five / unattached,Defender,New to workbook,,,,,https://www.theguardian.com/football/ng-interactive/2026/sep/01/mens-transfer-window-summer-2026-all-deals-from-europes-top-five-leagues,https://interactive.guim.co.uk/2024/07/transfers/men-summer-2026.json,2026-10-03,1,1,2026-07
S26-1495,Amar Fatah,Troyes,Lecce,2026-08-25,Fee,Reported fee,1200000,Source quote; base/add-on treatment unspecified,Ligue 1,Serie A,Winger,New to workbook,,,,,https://www.theguardian.com/football/ng-interactive/2026/sep/01/mens-transfer-window-summer-2026-all-deals-from-europes-top-five-leagues,https://interactive.guim.co.uk/2024/07/transfers/men-summer-2026.json,2026-10-03,1,1,2026-08
S26-1496,Mory Diaw,Le Havre,Al-Shabab,2026-08-25,Undisclosed fee,Undisclosed,,No numeric source quote,Ligue 1,Outside top five / unattached,Goalkeeper,New to workbook,,,,,https://www.theguardian.com/football/ng-interactive/2026/sep/01/mens-transfer-window-summer-2026-all-deals-from-europes-top-five-leagues,https://interactive.guim.co.uk/2024/07/transfers/men-summer-2026.json,2026-10-03,0,0,2026-08
S26-1497,Joseph Kalulu,Pau,Angers,2026-08-20,Fee,Reported fee,1700000,Source quote; base/add-on treatment unspecified,Outside top five / unattached,Ligue 1,Defender,New to workbook,,,,,https://www.theguardian.com/football/ng-interactive/2026/sep/01/mens-transfer-window-summer-2026-all-deals-from-europes-top-five-leagues,https://interactive.guim.co.uk/2024/07/transfers/men-summer-2026.json,2026-10-03,1,1,2026-08
S26-1499,Kiano Dyer,Chelsea,Chesterfield,2026-09-02,Loan,Loan fee not stated,,No numeric source quote,Premier League,Outside top five / unattached,Midfielder,New to workbook,,,,Blank quote does not mean zero loan fee; After main leagues deadline; retained under source summer coverage,https://www.theguardian.com/football/ng-interactive/2026/sep/01/mens-transfer-window-summer-2026-all-deals-from-europes-top-five-leagues,https://interactive.guim.co.uk/2024/07/transfers/men-summer-2026.json,2026-10-03,0,0,2026-09
S26-1500,Mathys De Carvalho,Lyon,Al-Diriyah,2026-09-07,Fee,Reported fee,900000,Source quote; base/add-on treatment unspecified,Ligue 1,Outside top five / unattached,Midfielder,New to workbook,,,,After main leagues deadline; retained under source summer coverage,https://www.theguardian.com/football/ng-interactive/2026/sep/01/mens-transfer-window-summer-2026-all-deals-from-europes-top-five-leagues,https://interactive.guim.co.uk/2024/07/transfers/men-summer-2026.json,2026-10-03,1,1,2026-09
S26-1501,Matty Jacob,Hull City,Newport County,2026-09-02,Loan,Loan fee not stated,,No numeric source quote,Premier League,Outside top five / unattached,Defender,New to workbook,,,,Blank quote does not mean zero loan fee; After main leagues deadline; retained under source summer coverage,https://www.theguardian.com/football/ng-interactive/2026/sep/01/mens-transfer-window-summer-2026-all-deals-from-europes-top-five-leagues,https://interactive.guim.co.uk/2024/07/transfers/men-summer-2026.json,2026-10-03,0,0,2026-09
S26-1502,Luka Lynch,Aston Villa,Oxford United,2026-09-02,Loan,Loan fee not stated,,No numeric source quote,Premier League,Outside top five / unattached,Winger,New to workbook,,,,Blank quote does not mean zero loan fee; After main leagues deadline; retained under source summer coverage,https://www.theguardian.com/football/ng-interactive/2026/sep/01/mens-transfer-window-summer-2026-all-deals-from-europes-top-five-leagues,https://interactive.guim.co.uk/2024/07/transfers/men-summer-2026.json,2026-10-03,0,0,2026-09
S26-1503,Francisco Sierralta,Auxerre,Piast Gliwice,2026-09-09,Loan,Loan fee not stated,,No numeric source quote,Ligue 1,Outside top five / unattached,Defender,New to workbook,,,,Blank quote does not mean zero loan fee; After main leagues deadline; retained under source summer coverage,https://www.theguardian.com/football/ng-interactive/2026/sep/01/mens-transfer-window-summer-2026-all-deals-from-europes-top-five-leagues,https://interactive.guim.co.uk/2024/07/transfers/men-summer-2026.json,2026-10-03,0,0,2026-09
S26-1504,Kristijan Jakic,Augsburg,PAOK,2026-09-09,Loan,Loan fee not stated,,No numeric source quote,Bundesliga,Outside top five / unattached,Defender,New to workbook,,,,Blank quote does not mean zero loan fee; After main leagues deadline; retained under source summer coverage,https://www.theguardian.com/football/ng-interactive/2026/sep/01/mens-transfer-window-summer-2026-all-deals-from-europes-top-five-leagues,https://interactive.guim.co.uk/2024/07/transfers/men-summer-2026.json,2026-10-03,0,0,2026-09
S26-1505,Jesper Karlsson,Bologna,Servette,2026-09-08,Loan,Loan fee not stated,,No numeric source quote,Serie A,Outside top five / unattached,Winger,New to workbook,,,,Blank quote does not mean zero loan fee; After main leagues deadline; retained under source summer coverage,https://www.theguardian.com/football/ng-interactive/2026/sep/01/mens-transfer-window-summer-2026-all-deals-from-europes-top-five-leagues,https://interactive.guim.co.uk/2024/07/transfers/men-summer-2026.json,2026-10-03,0,0,2026-09
S26-1506,Edoardo Piana,Udinese,Koper,2026-09-08,Undisclosed fee,Undisclosed,,No numeric source quote,Serie A,Outside top five / unattached,Goalkeeper,New to workbook,,,,After main leagues deadline; retained under source summer coverage,https://www.theguardian.com/football/ng-interactive/2026/sep/01/mens-transfer-window-summer-2026-all-deals-from-europes-top-five-leagues,https://interactive.guim.co.uk/2024/07/transfers/men-summer-2026.json,2026-10-03,0,0,2026-09
S26-1507,Sean Neave,Newcastle United,Wolverhampton Wanderers,2026-09-02,Loan,Loan fee not stated,,No numeric source quote,Premier League,Outside top five / unattached,Forward,New to workbook,,,,Blank quote does not mean zero loan fee; After main leagues deadline; retained under source summer coverage,https://www.theguardian.com/football/ng-interactive/2026/sep/01/mens-transfer-window-summer-2026-all-deals-from-europes-top-five-leagues,https://interactive.guim.co.uk/2024/07/transfers/men-summer-2026.json,2026-10-03,0,0,2026-09
S26-1508,Josh Robertson,Brighton,Fleetwood Town,2026-09-02,Loan,Loan fee not stated,,No numeric source quote,Premier League,Outside top five / unattached,Midfielder,New to workbook,,,,Blank quote does not mean zero loan fee; After main leagues deadline; retained under source summer coverage,https://www.theguardian.com/football/ng-interactive/2026/sep/01/mens-transfer-window-summer-2026-all-deals-from-europes-top-five-leagues,https://interactive.guim.co.uk/2024/07/transfers/men-summer-2026.json,2026-10-03,0,0,2026-09
S26-1509,Cristian Perea,Real Madrid,CFR Cluj,2026-09-08,Free,Free transfer,,Free base transfer; other costs not represented,La Liga,Outside top five / unattached,Midfielder,New to workbook,,,,After main leagues deadline; retained under source summer coverage,https://www.theguardian.com/football/ng-interactive/2026/sep/01/mens-transfer-window-summer-2026-all-deals-from-europes-top-five-leagues,https://interactive.guim.co.uk/2024/07/transfers/men-summer-2026.json,2026-10-03,0,0,2026-09
S26-1510,Diogo Leite,Free agent,Lazio,2026-09-08,Free,Free transfer,,Free base transfer; other costs not represented,Outside top five / unattached,Serie A,Defender,New to workbook,,,,After main leagues deadline; retained under source summer coverage,https://www.theguardian.com/football/ng-interactive/2026/sep/01/mens-transfer-window-summer-2026-all-deals-from-europes-top-five-leagues,https://interactive.guim.co.uk/2024/07/transfers/men-summer-2026.json,2026-10-03,0,0,2026-09
S26-1511,Harry Vaughan,Hull City,Bohemians,2026-06-29,Free,Free transfer,,Free base transfer; other costs not represented,Premier League,Outside top five / unattached,Midfielder,New to workbook,,,,,https://www.theguardian.com/football/ng-interactive/2026/sep/01/mens-transfer-window-summer-2026-all-deals-from-europes-top-five-leagues,https://interactive.guim.co.uk/2024/07/transfers/men-summer-2026.json,2026-10-03,0,0,2026-06
S26-1512,Ryan Trevitt,Brentford,Wigan Athletic,2026-07-21,Free,Free transfer,,Free base transfer; other costs not represented,Premier League,Outside top five / unattached,Midfielder,New to workbook,,,,,https://www.theguardian.com/football/ng-interactive/2026/sep/01/mens-transfer-window-summer-2026-all-deals-from-europes-top-five-leagues,https://interactive.guim.co.uk/2024/07/transfers/men-summer-2026.json,2026-10-03,0,0,2026-07
S26-1513,Benjamin Arthur,Brentford,Portsmouth,2026-08-12,Loan,Loan fee not stated,,No numeric source quote,Premier League,Outside top five / unattached,Defender,New to workbook,,,,Blank quote does not mean zero loan fee,https://www.theguardian.com/football/ng-interactive/2026/sep/01/mens-transfer-window-summer-2026-all-deals-from-europes-top-five-leagues,https://interactive.guim.co.uk/2024/07/transfers/men-summer-2026.json,2026-10-03,0,0,2026-08
S26-1514,Julian Eyestone,Brentford,Rotherham,2026-08-11,Loan,Loan fee not stated,,No numeric source quote,Premier League,Outside top five / unattached,Goalkeeper,New to workbook,,,,Blank quote does not mean zero loan fee,https://www.theguardian.com/football/ng-interactive/2026/sep/01/mens-transfer-window-summer-2026-all-deals-from-europes-top-five-leagues,https://interactive.guim.co.uk/2024/07/transfers/men-summer-2026.json,2026-10-03,0,0,2026-08
S26-1515,Leo Shahar,Newcastle United,Arouca,2026-09-04,Loan,Loan fee not stated,,No numeric source quote,Premier League,Outside top five / unattached,Defender,New to workbook,,,,Blank quote does not mean zero loan fee; After main leagues deadline; retained under source summer coverage,https://www.theguardian.com/football/ng-interactive/2026/sep/01/mens-transfer-window-summer-2026-all-deals-from-europes-top-five-leagues,https://interactive.guim.co.uk/2024/07/transfers/men-summer-2026.json,2026-10-03,0,0,2026-09
S26-1516,Wilfried Gnonto,Leeds United,Fiorentina,2026-09-01,Loan,Loan fee not stated,,No numeric source quote,Premier League,Serie A,Winger,New to workbook,,,,Future purchase conditions mentioned; Blank quote does not mean zero loan fee,https://www.theguardian.com/football/ng-interactive/2026/sep/01/mens-transfer-window-summer-2026-all-deals-from-europes-top-five-leagues,https://interactive.guim.co.uk/2024/07/transfers/men-summer-2026.json,2026-10-03,0,0,2026-09
S26-1517,Josué Casimir,Auxerre,Dinamo Moscow,2026-09-10,Loan,Loan fee not stated,,No numeric source quote,Ligue 1,Outside top five / unattached,Defender,New to workbook,,,,Future purchase conditions mentioned; Blank quote does not mean zero loan fee; After main leagues deadline; retained under source summer coverage,https://www.theguardian.com/football/ng-interactive/2026/sep/01/mens-transfer-window-summer-2026-all-deals-from-europes-top-five-leagues,https://interactive.guim.co.uk/2024/07/transfers/men-summer-2026.json,2026-10-03,0,0,2026-09
S26-1518,Nikola Maras,Alavés,OFK Beograd,2026-09-11,Free,Free transfer,,Free base transfer; other costs not represented,La Liga,Outside top five / unattached,Defender,New to workbook,,,,After main leagues deadline; retained under source summer coverage,https://www.theguardian.com/football/ng-interactive/2026/sep/01/mens-transfer-window-summer-2026-all-deals-from-europes-top-five-leagues,https://interactive.guim.co.uk/2024/07/transfers/men-summer-2026.json,2026-10-03,0,0,2026-09
S26-1519,David Akintola,Hull City,Omonia Nicosia,2026-09-10,Free,Free transfer,,Free base transfer; other costs not represented,Premier League,Outside top five / unattached,Winger,New to workbook,,,,After main leagues deadline; retained under source summer coverage,https://www.theguardian.com/football/ng-interactive/2026/sep/01/mens-transfer-window-summer-2026-all-deals-from-europes-top-five-leagues,https://interactive.guim.co.uk/2024/07/transfers/men-summer-2026.json,2026-10-03,0,0,2026-09
S26-1520,Luc De Fougerolles,Fulham,Real Salt Lake,2026-09-02,Loan,Loan fee not stated,,No numeric source quote,Premier League,Outside top five / unattached,Defender,New to workbook,,,,Blank quote does not mean zero loan fee; After main leagues deadline; retained under source summer coverage,https://www.theguardian.com/football/ng-interactive/2026/sep/01/mens-transfer-window-summer-2026-all-deals-from-europes-top-five-leagues,https://interactive.guim.co.uk/2024/07/transfers/men-summer-2026.json,2026-10-03,0,0,2026-09
S26-1521,Will Dennis,Bournemouth,MK Dons,2026-08-26,Undisclosed fee,Undisclosed,,No numeric source quote,Premier League,Outside top five / unattached,Goalkeeper,New to workbook,,,,,https://www.theguardian.com/football/ng-interactive/2026/sep/01/mens-transfer-window-summer-2026-all-deals-from-europes-top-five-leagues,https://interactive.guim.co.uk/2024/07/transfers/men-summer-2026.json,2026-10-03,0,0,2026-08
S26-0007,Jérémy Jacquet,Rennes,Liverpool,2026-07-01,Fee,Reported fee,55000000,Source quote; base/add-on treatment unspecified,Ligue 1,Premier League,Defender,Already in workbook,102,2026-07-01,63600000,,https://www.theguardian.com/football/ng-interactive/2026/sep/01/mens-transfer-window-summer-2026-all-deals-from-europes-top-five-leagues,https://interactive.guim.co.uk/2024/07/transfers/men-summer-2026.json,2026-10-03,1,1,2026-07
S26-0010,Anthony Gordon,Newcastle United,Barcelona,2026-05-29,Fee,Reported fee,69300000,Source quote; base/add-on treatment unspecified,Premier League,La Liga,Winger,Already in workbook,50,2026-07-01,80000000,Early announcement; source assigns to summer window; Announcement date differs from workbook transfer date,https://www.theguardian.com/football/ng-interactive/2026/sep/01/mens-transfer-window-summer-2026-all-deals-from-europes-top-five-leagues,https://interactive.guim.co.uk/2024/07/transfers/men-summer-2026.json,2026-10-03,1,1,2026-05
S26-0020,Geovany Quenda,Sporting,Chelsea,2026-07-08,Fee,Reported fee,40000000,Source quote; base/add-on treatment unspecified,Outside top five / unattached,Premier League,Winger,Already in workbook,166,2026-07-01,50700000,Announcement date differs from workbook transfer date,https://www.theguardian.com/football/ng-interactive/2026/sep/01/mens-transfer-window-summer-2026-all-deals-from-europes-top-five-leagues,https://interactive.guim.co.uk/2024/07/transfers/men-summer-2026.json,2026-10-03,1,1,2026-07
S26-0095,Jan Paul van Hecke,Brighton,Tottenham Hotspur,2026-06-18,Fee,Reported fee,52000000,Source quote; base/add-on treatment unspecified,Premier League,Premier League,Defender,Already in workbook,117,2026-06-19,60000000,Announcement date differs from workbook transfer date,https://www.theguardian.com/football/ng-interactive/2026/sep/01/mens-transfer-window-summer-2026-all-deals-from-europes-top-five-leagues,https://interactive.guim.co.uk/2024/07/transfers/men-summer-2026.json,2026-10-03,1,1,2026-06
S26-0130,Piero Hincapié,Bayer Leverkusen,Arsenal,2026-06-25,Fee,Reported fee,45000000,Source quote; base/add-on treatment unspecified,Bundesliga,Premier League,Defender,Already in workbook,161,2026-07-01,52000000,Announcement date differs from workbook transfer date,https://www.theguardian.com/football/ng-interactive/2026/sep/01/mens-transfer-window-summer-2026-all-deals-from-europes-top-five-leagues,https://interactive.guim.co.uk/2024/07/transfers/men-summer-2026.json,2026-10-03,1,1,2026-06
S26-0196,Mateus Fernandes,West Ham United,Tottenham Hotspur,2026-07-02,Fee,Reported fee,85000000,Source quote; base/add-on treatment unspecified,Outside top five / unattached,Premier League,Midfielder,Already in workbook,26,2026-07-02,99000000,,https://www.theguardian.com/football/ng-interactive/2026/sep/01/mens-transfer-window-summer-2026-all-deals-from-europes-top-five-leagues,https://interactive.guim.co.uk/2024/07/transfers/men-summer-2026.json,2026-10-03,1,1,2026-07
S26-0200,Elliot Anderson,Nottingham Forest,Manchester City,2026-07-23,Fee,Reported fee,116000000,Source quote; base/add-on treatment unspecified,Premier League,Premier League,Midfielder,Already in workbook,9,2026-07-15,135000000,Announcement date differs from workbook transfer date,https://www.theguardian.com/football/ng-interactive/2026/sep/01/mens-transfer-window-summer-2026-all-deals-from-europes-top-five-leagues,https://interactive.guim.co.uk/2024/07/transfers/men-summer-2026.json,2026-10-03,1,1,2026-07
S26-0252,Sandro Tonali,Newcastle United,Tottenham Hotspur,2026-07-06,Fee,Reported fee,92500000,Source quote; base/add-on treatment unspecified,Premier League,Premier League,Midfielder,Already in workbook,22,2026-08-01,107000000,Announcement date differs from workbook transfer date,https://www.theguardian.com/football/ng-interactive/2026/sep/01/mens-transfer-window-summer-2026-all-deals-from-europes-top-five-leagues,https://interactive.guim.co.uk/2024/07/transfers/men-summer-2026.json,2026-10-03,1,1,2026-07
S26-0492,Morgan Rogers,Aston Villa,Chelsea,2026-07-21,Fee,Reported fee,117000000,Source quote; base/add-on treatment unspecified,Premier League,Premier League,Forward,Already in workbook,7,2026-08-20,136000000,Announcement date differs from workbook transfer date,https://www.theguardian.com/football/ng-interactive/2026/sep/01/mens-transfer-window-summer-2026-all-deals-from-europes-top-five-leagues,https://interactive.guim.co.uk/2024/07/transfers/men-summer-2026.json,2026-10-03,1,1,2026-07
S26-0779,Yan Diomande,RB Leipzig,Real Madrid,2026-08-06,Fee,Reported fee,115700000,Source quote; base/add-on treatment unspecified,Bundesliga,La Liga,Winger,Already in workbook,14,2026-08-10,124000000,Announcement date differs from workbook transfer date,https://www.theguardian.com/football/ng-interactive/2026/sep/01/mens-transfer-window-summer-2026-all-deals-from-europes-top-five-leagues,https://interactive.guim.co.uk/2024/07/transfers/men-summer-2026.json,2026-10-03,1,1,2026-08
S26-0843,Bruno Guimarães,Newcastle United,Arsenal,2026-08-08,Fee,Reported fee,75000000,Source quote; base/add-on treatment unspecified,Premier League,Premier League,Midfielder,Already in workbook,36,2026-07-10,87000000,Announcement date differs from workbook transfer date,https://www.theguardian.com/football/ng-interactive/2026/sep/01/mens-transfer-window-summer-2026-all-deals-from-europes-top-five-leagues,https://interactive.guim.co.uk/2024/07/transfers/men-summer-2026.json,2026-10-03,1,1,2026-08
S26-1012,Rodri,Manchester City,Barcelona,2026-08-18,Fee,Reported fee,51300000,Source quote; base/add-on treatment unspecified,Premier League,La Liga,Midfielder,Already in workbook,57,2026-08-18,76500000,Add-ons/bonuses mentioned; See Fee_Components,https://www.theguardian.com/football/ng-interactive/2026/sep/01/mens-transfer-window-summer-2026-all-deals-from-europes-top-five-leagues,https://interactive.guim.co.uk/2024/07/transfers/men-summer-2026.json,2026-10-03,1,1,2026-08
S26-1058,Ezri Konsa,Aston Villa,Arsenal,2026-08-21,Fee,Reported fee,51000000,Source quote; base/add-on treatment unspecified,Premier League,Premier League,Defender,Already in workbook,130,2026-07-01,59000000,Add-ons/bonuses mentioned; See Fee_Components; Announcement date differs from workbook transfer date,https://www.theguardian.com/football/ng-interactive/2026/sep/01/mens-transfer-window-summer-2026-all-deals-from-europes-top-five-leagues,https://interactive.guim.co.uk/2024/07/transfers/men-summer-2026.json,2026-10-03,1,1,2026-08
S26-1119,Ayyoub Bouaddi,Lille,Manchester City,2026-08-26,Fee,Reported fee,85700000,Source quote; base/add-on treatment unspecified,Ligue 1,Premier League,Midfielder,Already in workbook,25,2026-07-20,100000000,Announcement date differs from workbook transfer date,https://www.theguardian.com/football/ng-interactive/2026/sep/01/mens-transfer-window-summer-2026-all-deals-from-europes-top-five-leagues,https://interactive.guim.co.uk/2024/07/transfers/men-summer-2026.json,2026-10-03,1,1,2026-08
S26-1230,Bradley Barcola,Paris Saint-Germain,Liverpool,2026-08-31,Fee,Reported fee,123000000,Source quote; base/add-on treatment unspecified,Ligue 1,Premier League,Forward,Already in workbook,13,2026-08-31,125000000,,https://www.theguardian.com/football/ng-interactive/2026/sep/01/mens-transfer-window-summer-2026-all-deals-from-europes-top-five-leagues,https://interactive.guim.co.uk/2024/07/transfers/men-summer-2026.json,2026-10-03,1,1,2026-08
S26-1254,Ibrahim Mbaye,Paris Saint-Germain,Aston Villa,2026-09-01,Fee,Reported fee,47000000,Source quote; base/add-on treatment unspecified,Ligue 1,Premier League,Forward,Already in workbook,146,2026-09-01,55000000,,https://www.theguardian.com/football/ng-interactive/2026/sep/01/mens-transfer-window-summer-2026-all-deals-from-europes-top-five-leagues,https://interactive.guim.co.uk/2024/07/transfers/men-summer-2026.json,2026-10-03,1,1,2026-09
S26-1364,Iliman Ndiaye,Everton,Manchester City,2026-09-01,Fee,Reported fee,60000000,Includes add-ons or potential total; see components,Premier League,Premier League,Winger,Already in workbook,68,2026-09-01,75000000,Add-ons/bonuses mentioned; See Fee_Components,https://www.theguardian.com/football/ng-interactive/2026/sep/01/mens-transfer-window-summer-2026-all-deals-from-europes-top-five-leagues,https://interactive.guim.co.uk/2024/07/transfers/men-summer-2026.json,2026-10-03,1,1,2026-09
S26-1420,Enzo Fernández,Chelsea,Manchester City,2026-09-01,Fee,Reported fee,125000000,Source quote; base/add-on treatment unspecified,Premier League,Premier League,Midfielder,Already in workbook,6,2026-09-01,145000000,,https://www.theguardian.com/football/ng-interactive/2026/sep/01/mens-transfer-window-summer-2026-all-deals-from-europes-top-five-leagues,https://interactive.guim.co.uk/2024/07/transfers/men-summer-2026.json,2026-10-03,1,1,2026-09
