rating_id,dataset,source_index,record_id,player_name,from_club,to_club,transfer_date,fee_amount,currency,age_at_transfer,role,rating,rating_status,rationale,evidence_status,fee_status,confidence,source_url
historical-4,historical,4,,Enzo Fernández,Chelsea,Man City,2026-09-01,145000000,EUR,25,Deep / central,8,Assistant draft,Very high workbook fee reduces value despite an ambitious quality and potential assessment.,Workbook fee and age; detailed production not verified,Workbook quote,Low,https://github.com/CopiousHighlights/football-transfer-market-analysis
historical-7,historical,7,,Elliot Anderson,Nottm Forest,Man City,2026-07-15,135000000,EUR,24,User reference,9.2,Your rating,"Elite quality and high potential outweigh the very high fee, in the owner’s assessment.",Workbook fee and age; detailed production not verified,Workbook quote,Subjective reference,https://github.com/CopiousHighlights/football-transfer-market-analysis
historical-13,historical,13,,Enzo Fernández,Benfica,Chelsea,2023-01-31,121000000,EUR,22,Deep / central,8.2,Assistant draft,Young signing with upside; the large premium over the workbook listed value lowers this draft.,Workbook fee and age; detailed production not verified,Workbook quote,Low,https://github.com/CopiousHighlights/football-transfer-market-analysis
historical-17,historical,17,,Declan Rice,West Ham,Arsenal,2023-07-15,116600000,EUR,24,User reference,9.7,Your rating,"Owner judges quality on par with Anderson or better, with a lower fee.",Workbook fee and age; detailed production not verified,Workbook quote,Subjective reference,https://github.com/CopiousHighlights/football-transfer-market-analysis
historical-18,historical,18,,Moisés Caicedo,Brighton,Chelsea,2023-08-14,116000000,EUR,22,CDM,8.9,Your rating,"Owner cites good production and high potential, balanced against an injury concern; injury claim not independently checked.",Workbook fee and age; detailed production not verified,Workbook quote,Subjective reference,https://github.com/CopiousHighlights/football-transfer-market-analysis
historical-20,historical,20,,Sandro Tonali,Newcastle,Tottenham,2026-08-01,107000000,EUR,26,CDM / deep,8.6,Assistant draft,"Age 26 in the workbook leaves runway, but the premium fee limits the proposed value score.",Workbook fee and age; detailed production not verified,Workbook quote,Low,https://github.com/CopiousHighlights/football-transfer-market-analysis
historical-23,historical,23,,Ayyoub Bouaddi,Lille,Man City,2026-07-20,100000000,EUR,19,Deep / central,8.3,Assistant draft,"High youth upside assumed for this draft, offset by a very large fee and limited established evidence.",Workbook fee and age; detailed production not verified,Workbook quote,Low,https://github.com/CopiousHighlights/football-transfer-market-analysis
historical-34,historical,34,,Bruno Guimarães,Newcastle,Arsenal,2026-07-10,87000000,EUR,29,CDM / deep,8.7,Assistant draft,Proposed strong quality tier; age 29 and a substantial fee temper remaining upside.,Workbook fee and age; detailed production not verified,Workbook quote,Low,https://github.com/CopiousHighlights/football-transfer-market-analysis
historical-35,historical,35,,Frenkie de Jong,Ajax,Barcelona,2019-07-01,86000000,EUR,22,Deep / central,8.7,Assistant draft,Age 22 provides runway; fee near workbook listed value supports a favorable draft.,Workbook fee and age; detailed production not verified,Workbook quote,Low,https://github.com/CopiousHighlights/football-transfer-market-analysis
historical-43,historical,43,,Arthur Melo,Barcelona,Juventus,2020-09-01,80600000,EUR,24,Deep / central,6.4,Assistant draft,Fee well above workbook listed value reduces this draft; swap-deal accounting needs separate review.,Workbook fee and age; detailed production not verified,Workbook quote,Low,https://github.com/CopiousHighlights/football-transfer-market-analysis
historical-47,historical,47,,Aurélien Tchouaméni,Monaco,Real Madrid,2022-07-01,80000000,EUR,22,CDM,8.5,Your rating,"Owner judges a young, good player at a solid fee, with production somewhat below the strongest references.",Workbook fee and age; detailed production not verified,Workbook quote,Subjective reference,https://github.com/CopiousHighlights/football-transfer-market-analysis
historical-55,historical,55,,Rodri,Man City,Barcelona,2026-08-18,76500000,EUR,30,CDM,8.8,Your rating,"Owner judges exceptional CDM quality and reasonable price, reduced for age 30 and remaining prime years. Applies to the workbook Barcelona record.",Workbook fee and age; detailed production not verified,Workbook quote,Subjective reference,https://github.com/CopiousHighlights/football-transfer-market-analysis
historical-73,historical,73,,Casemiro,Real Madrid,Man Utd,2022-08-22,70650000,EUR,30,CDM,9.1,Your rating,"Owner’s positive retrospective production assessment. Workbook age at signing is 30; this is a subjective reference, not a calculated age score.",Workbook fee and age; detailed production not verified,Workbook quote,Subjective reference,https://github.com/CopiousHighlights/football-transfer-market-analysis
historical-74,historical,74,,Rodri,Atlético,Man City,2019-07-04,70000000,EUR,23,CDM,9.8,Assistant draft,Proposed standout value reference for the separate 2019 City move: age 23 and fee below workbook listed value.,Workbook fee and age; detailed production not verified,Workbook quote,Low,https://github.com/CopiousHighlights/football-transfer-market-analysis
historical-76,historical,76,,Martín Zubimendi,Real Sociedad,Arsenal,2025-07-06,70000000,EUR,26,CDM,8.8,Assistant draft,Prime-age holding-midfield profile; moderate premium over listed value gives a strong but non-maximum draft.,Workbook fee and age; detailed production not verified,Workbook quote,Low,https://github.com/CopiousHighlights/football-transfer-market-analysis
historical-86,historical,86,,João Neves,Benfica,PSG,2024-08-05,65920000,EUR,20,Deep / central,9.4,Assistant draft,Proposed high potential tier and age 20 support value at a much lower fee than the highest-priced references.,Workbook fee and age; detailed production not verified,Workbook quote,Low,https://github.com/CopiousHighlights/football-transfer-market-analysis
historical-105,historical,105,,Roméo Lavia,Southampton,Chelsea,2023-08-18,62100000,EUR,19,CDM,7.4,Assistant draft,"Age 19 supports potential, but the near-two-times listed-value fee and uncertain sustained availability lower this draft.",Workbook fee and age; detailed production not verified,Workbook quote,Low,https://github.com/CopiousHighlights/football-transfer-market-analysis
historical-112,historical,112,,Sandro Tonali,AC Milan,Newcastle,2023-07-03,60800000,EUR,23,CDM / deep,8.8,Assistant draft,Separate Newcastle signing: age 23 and a smaller fee give a stronger value draft than the later Tottenham record.,Workbook fee and age; detailed production not verified,Workbook quote,Low,https://github.com/CopiousHighlights/football-transfer-market-analysis
historical-113,historical,113,,Miralem Pjanić,Juventus,Barcelona,2020-09-01,60000000,EUR,30,Deep / central,6.5,Assistant draft,Age 30 and a substantial fee limit runway; swap-deal accounting makes the quoted price difficult to interpret.,Workbook fee and age; detailed production not verified,Workbook quote,Low,https://github.com/CopiousHighlights/football-transfer-market-analysis
historical-120,historical,120,,Nico González,Porto,Man City,2025-02-03,60000000,EUR,23,CDM / deep,8.2,Assistant draft,Age 23 and a mid-range fee support upside; proposed quality is below the elite reference tier.,Workbook fee and age; detailed production not verified,Workbook quote,Low,https://github.com/CopiousHighlights/football-transfer-market-analysis
historical-121,historical,121,,Manuel Ugarte,Sporting,PSG,2023-07-07,60000000,EUR,22,CDM,7.6,Assistant draft,"Age 22 supports development, while a large commitment for a narrower ball-winning profile tempers the draft.",Workbook fee and age; detailed production not verified,Workbook quote,Low,https://github.com/CopiousHighlights/football-transfer-market-analysis
historical-126,historical,126,,Amadou Onana,Everton,Aston Villa,2024-07-22,59350000,EUR,23,CDM,8.4,Assistant draft,Young signing and a moderate fee relative to the elite references support a favorable development-value draft.,Workbook fee and age; detailed production not verified,Workbook quote,Low,https://github.com/CopiousHighlights/football-transfer-market-analysis
historical-127,historical,127,,Fred,Shakhtar D.,Man Utd,2018-07-01,59000000,EUR,25,Deep / central,7,Assistant draft,Substantial price at age 25 limits the draft relative to more complete deep-midfield references.,Workbook fee and age; detailed production not verified,Workbook quote,Low,https://github.com/CopiousHighlights/football-transfer-market-analysis
historical-130,historical,130,,Teun Koopmeiners,Atalanta,Juventus,2024-08-28,58400000,EUR,26,Deep / central,7.3,Assistant draft,"Age 26 offers useful runway, but a large fee and a mixed advanced/deep role reduce comparability.",Workbook fee and age; detailed production not verified,Workbook quote,Low,https://github.com/CopiousHighlights/football-transfer-market-analysis
historical-136,historical,136,,Jorginho,Napoli,Chelsea,2018-07-14,57000000,EUR,27,CDM / deep,8.7,Assistant draft,Prime-age specialist passing profile proposed at a lower fee than the expensive reference deals.,Workbook fee and age; detailed production not verified,Workbook quote,Low,https://github.com/CopiousHighlights/football-transfer-market-analysis
historical-146,historical,146,,Rúben Neves,Wolves,Al-Hilal,2023-07-01,55000000,EUR,26,CDM / deep,7.8,Assistant draft,Age 26 supports longevity; competition-context comparability and a sizeable fee temper this draft.,Workbook fee and age; detailed production not verified,Workbook quote,Low,https://github.com/CopiousHighlights/football-transfer-market-analysis
historical-161,historical,161,,Douglas Luiz,Aston Villa,Juventus,2024-07-01,51500000,EUR,26,CDM / deep,7.2,Assistant draft,Prime-age signing with a material fee; swap-linked transaction structure requires review before treating price as standalone value.,Workbook fee and age; detailed production not verified,Workbook quote,Low,https://github.com/CopiousHighlights/football-transfer-market-analysis
historical-163,historical,163,,João Palhinha,Fulham,Bayern Munich,2024-07-11,51000000,EUR,29,CDM,7.6,Assistant draft,"Proposed strong defensive specialist tier, offset by age 29 and a significant price.",Workbook fee and age; detailed production not verified,Workbook quote,Low,https://github.com/CopiousHighlights/football-transfer-market-analysis
historical-179,historical,179,,Manuel Ugarte,PSG,Man Utd,2024-08-30,50000000,EUR,23,CDM,7.7,Assistant draft,"Separate United move: lower fee than the PSG record gives a slightly better draft, with role-fit evidence still needed.",Workbook fee and age; detailed production not verified,Workbook quote,Low,https://github.com/CopiousHighlights/football-transfer-market-analysis
historical-180,historical,180,,Thomas Partey,Atlético,Arsenal,2020-10-05,50000000,EUR,27,CDM,8,Assistant draft,Proposed good quality tier at a moderate fee; age 27 gives less runway than the young reference signings.,Workbook fee and age; detailed production not verified,Workbook quote,Low,https://github.com/CopiousHighlights/football-transfer-market-analysis
historical-186,historical,186,,Kalvin Phillips,Leeds,Man City,2022-07-04,49000000,EUR,27,CDM,5.9,Assistant draft,Large fee relative to the proposed retrospective contribution tier; workbook age also limits remaining upside.,Workbook fee and age; detailed production not verified,Workbook quote,Low,https://github.com/CopiousHighlights/football-transfer-market-analysis
historical-195,historical,195,,Fabinho,Liverpool,Al-Ittihad,2023-07-31,46700000,EUR,30,CDM,7.4,Assistant draft,Age 30 and competition-context uncertainty lower the draft despite a proposed experienced quality tier.,Workbook fee and age; detailed production not verified,Workbook quote,Low,https://github.com/CopiousHighlights/football-transfer-market-analysis
S26-0019,summer,13,S26-0019,Gonzalo Villar,Dinamo Zagreb,Elche,2026-05-29,870000,GBP,,CDM / deep (editorial),7.5,Assistant draft,"Editorial estimate relative to the Rice/Anderson and cheaper veteran references at the listed GBP fee. Role, production, age and potential require a full scouting review; this decimal is a discussion draft.",Workbook quote; age and detailed production not verified,Reported fee,Low,https://www.theguardian.com/football/ng-interactive/2026/sep/01/mens-transfer-window-summer-2026-all-deals-from-europes-top-five-leagues
S26-0026,summer,19,S26-0026,Aleksandar Stankovic,Club Brugge,Inter,2026-06-05,19900000,GBP,,CDM / deep (editorial),8.4,Assistant draft,"Editorial estimate relative to the Rice/Anderson and cheaper veteran references at the listed GBP fee. Role, production, age and potential require a full scouting review; this decimal is a discussion draft.",Workbook quote; age and detailed production not verified,Reported fee,Low,https://www.theguardian.com/football/ng-interactive/2026/sep/01/mens-transfer-window-summer-2026-all-deals-from-europes-top-five-leagues
S26-0050,summer,43,S26-0050,Satoshi Tanaka,Fortuna Düsseldorf,Schalke 04,2026-06-10,900000,GBP,,CDM / deep (editorial),7.8,Assistant draft,"Editorial estimate relative to the Rice/Anderson and cheaper veteran references at the listed GBP fee. Role, production, age and potential require a full scouting review; this decimal is a discussion draft.",Workbook quote; age and detailed production not verified,Reported fee,Low,https://www.theguardian.com/football/ng-interactive/2026/sep/01/mens-transfer-window-summer-2026-all-deals-from-europes-top-five-leagues
S26-0051,summer,44,S26-0051,Kennet Eichhorn,Hertha Berlin,Bayer Leverkusen,2026-06-10,7800000,GBP,,CDM / deep (editorial),8.4,Assistant draft,"Editorial estimate relative to the Rice/Anderson and cheaper veteran references at the listed GBP fee. Role, production, age and potential require a full scouting review; this decimal is a discussion draft.",Workbook quote; age and detailed production not verified,Reported fee,Low,https://www.theguardian.com/football/ng-interactive/2026/sep/01/mens-transfer-window-summer-2026-all-deals-from-europes-top-five-leagues
S26-0084,summer,77,S26-0084,Giacomo Calò,Cesena,Frosinone,2026-06-17,,GBP,,CDM / deep (editorial),,Fee needed,Fee or loan terms are missing; no fee-value rating assigned. Do not treat a blank quote as zero.,Workbook quote; age and detailed production not verified,Undisclosed,Low,https://www.theguardian.com/football/ng-interactive/2026/sep/01/mens-transfer-window-summer-2026-all-deals-from-europes-top-five-leagues
S26-0099,summer,91,S26-0099,Charles Vanhoutte,Nice,Feyenoord,2026-06-19,5200000,GBP,,CDM / deep (editorial),7.8,Assistant draft,"Editorial estimate relative to the Rice/Anderson and cheaper veteran references at the listed GBP fee. Role, production, age and potential require a full scouting review; this decimal is a discussion draft.",Workbook quote; age and detailed production not verified,Reported fee,Low,https://www.theguardian.com/football/ng-interactive/2026/sep/01/mens-transfer-window-summer-2026-all-deals-from-europes-top-five-leagues
S26-0158,summer,145,S26-0158,Frank Onyeka,Brentford,Coventry City,2026-06-29,,GBP,,CDM / deep (editorial),,Fee needed,Fee or loan terms are missing; no fee-value rating assigned. Do not treat a blank quote as zero.,Workbook quote; age and detailed production not verified,Undisclosed,Low,https://www.theguardian.com/football/ng-interactive/2026/sep/01/mens-transfer-window-summer-2026-all-deals-from-europes-top-five-leagues
S26-0169,summer,156,S26-0169,Mads Bidstrup,Red Bull Salzburg,Lyon,2026-07-01,9000000,GBP,,CDM / deep (editorial),8,Assistant draft,"Editorial estimate relative to the Rice/Anderson and cheaper veteran references at the listed GBP fee. Role, production, age and potential require a full scouting review; this decimal is a discussion draft.",Workbook quote; age and detailed production not verified,Reported fee,Low,https://www.theguardian.com/football/ng-interactive/2026/sep/01/mens-transfer-window-summer-2026-all-deals-from-europes-top-five-leagues
S26-0179,summer,166,S26-0179,Sergi Altimira,Real Betis,Sporting,2026-06-30,15400000,GBP,,CDM / deep (editorial),7.9,Assistant draft,"Editorial estimate relative to the Rice/Anderson and cheaper veteran references at the listed GBP fee. Role, production, age and potential require a full scouting review; this decimal is a discussion draft.",Workbook quote; age and detailed production not verified,Reported fee,Low,https://www.theguardian.com/football/ng-interactive/2026/sep/01/mens-transfer-window-summer-2026-all-deals-from-europes-top-five-leagues
S26-0182,summer,169,S26-0182,Dan Neil,Sunderland,Rangers,2026-07-01,0,GBP,,CDM / deep (editorial),7.9,Assistant draft,"Proposed value from a zero transfer-fee move. Experience/development judgment is provisional; wages, bonuses and signing costs are unknown.",Workbook quote; age and detailed production not verified,Free transfer,Low,https://www.theguardian.com/football/ng-interactive/2026/sep/01/mens-transfer-window-summer-2026-all-deals-from-europes-top-five-leagues
S26-0192,summer,179,S26-0192,Enzo Barrenechea,Aston Villa,Benfica,2026-07-01,12000000,GBP,,CDM / deep (editorial),8.2,Assistant draft,"Editorial estimate relative to the Rice/Anderson and cheaper veteran references at the listed GBP fee. Role, production, age and potential require a full scouting review; this decimal is a discussion draft.",Workbook quote; age and detailed production not verified,Reported fee,Low,https://www.theguardian.com/football/ng-interactive/2026/sep/01/mens-transfer-window-summer-2026-all-deals-from-europes-top-five-leagues
S26-0195,summer,182,S26-0195,Hayden Hackney,Middlesbrough,Everton,2026-07-02,16500000,GBP,,CDM / deep (editorial),8.3,Assistant draft,"Editorial estimate relative to the Rice/Anderson and cheaper veteran references at the listed GBP fee. Role, production, age and potential require a full scouting review; this decimal is a discussion draft.",Workbook quote; age and detailed production not verified,Reported fee,Low,https://www.theguardian.com/football/ng-interactive/2026/sep/01/mens-transfer-window-summer-2026-all-deals-from-europes-top-five-leagues
S26-0223,summer,208,S26-0223,Laurent Abergel,Lorient,Nice,2026-07-02,0,GBP,,CDM / deep (editorial),7.8,Assistant draft,"Proposed value from a zero transfer-fee move. Experience/development judgment is provisional; wages, bonuses and signing costs are unknown.",Workbook quote; age and detailed production not verified,Free transfer,Low,https://www.theguardian.com/football/ng-interactive/2026/sep/01/mens-transfer-window-summer-2026-all-deals-from-europes-top-five-leagues
S26-0276,summer,260,S26-0276,Gabriel Moscardo,Paris Saint-Germain,Espanyol,2026-07-08,,GBP,,CDM / deep (editorial),,Fee needed,Fee or loan terms are missing; no fee-value rating assigned. Do not treat a blank quote as zero.,Workbook quote; age and detailed production not verified,Loan fee not stated,Low,https://www.theguardian.com/football/ng-interactive/2026/sep/01/mens-transfer-window-summer-2026-all-deals-from-europes-top-five-leagues
S26-0295,summer,279,S26-0295,Salih Ozcan,Borussia Dortmund,Besiktas,2026-07-09,0,GBP,,CDM / deep (editorial),7.5,Assistant draft,"Proposed value from a zero transfer-fee move. Experience/development judgment is provisional; wages, bonuses and signing costs are unknown.",Workbook quote; age and detailed production not verified,Free transfer,Low,https://www.theguardian.com/football/ng-interactive/2026/sep/01/mens-transfer-window-summer-2026-all-deals-from-europes-top-five-leagues
S26-0328,summer,312,S26-0328,Giacomo Faticanti,Juventus,Avellino,2026-07-10,,GBP,,CDM / deep (editorial),,Fee needed,Fee or loan terms are missing; no fee-value rating assigned. Do not treat a blank quote as zero.,Workbook quote; age and detailed production not verified,Loan fee not stated,Low,https://www.theguardian.com/football/ng-interactive/2026/sep/01/mens-transfer-window-summer-2026-all-deals-from-europes-top-five-leagues
S26-0331,summer,315,S26-0331,Morten Hjulmand,Sporting,Atlético Madrid,2026-07-11,34000000,GBP,,CDM / deep (editorial),8.9,Assistant draft,"Editorial estimate relative to the Rice/Anderson and cheaper veteran references at the listed GBP fee. Role, production, age and potential require a full scouting review; this decimal is a discussion draft.",Workbook quote; age and detailed production not verified,Reported fee,Low,https://www.theguardian.com/football/ng-interactive/2026/sep/01/mens-transfer-window-summer-2026-all-deals-from-europes-top-five-leagues
S26-0349,summer,333,S26-0349,Andrey Santos,Chelsea,Manchester United,2026-07-13,50000000,GBP,,CDM / deep (editorial),8.7,Assistant draft,"Editorial estimate relative to the Rice/Anderson and cheaper veteran references at the listed GBP fee. Role, production, age and potential require a full scouting review; this decimal is a discussion draft.",Workbook quote; age and detailed production not verified,Reported fee,Low,https://www.theguardian.com/football/ng-interactive/2026/sep/01/mens-transfer-window-summer-2026-all-deals-from-europes-top-five-leagues
S26-0354,summer,338,S26-0354,Yannik Keitel,Stuttgart,Augsburg,2026-06-23,,GBP,,CDM / deep (editorial),,Fee needed,Fee or loan terms are missing; no fee-value rating assigned. Do not treat a blank quote as zero.,Workbook quote; age and detailed production not verified,Loan fee not stated,Low,https://www.theguardian.com/football/ng-interactive/2026/sep/01/mens-transfer-window-summer-2026-all-deals-from-europes-top-five-leagues
S26-0371,summer,355,S26-0371,Baptiste Santamaria,Valencia,PAOK,2026-07-13,0,GBP,,CDM / deep (editorial),7.4,Assistant draft,"Proposed value from a zero transfer-fee move. Experience/development judgment is provisional; wages, bonuses and signing costs are unknown.",Workbook quote; age and detailed production not verified,Free transfer,Low,https://www.theguardian.com/football/ng-interactive/2026/sep/01/mens-transfer-window-summer-2026-all-deals-from-europes-top-five-leagues
S26-0373,summer,357,S26-0373,Anouar El Azzouzi,Fortuna Düsseldorf,Frosinone,2026-07-13,0,GBP,,CDM / deep (editorial),7.4,Assistant draft,"Proposed value from a zero transfer-fee move. Experience/development judgment is provisional; wages, bonuses and signing costs are unknown.",Workbook quote; age and detailed production not verified,Free transfer,Low,https://www.theguardian.com/football/ng-interactive/2026/sep/01/mens-transfer-window-summer-2026-all-deals-from-europes-top-five-leagues
S26-0390,summer,374,S26-0390,Harry Winks,Leicester City,Cagliari,2026-07-15,,GBP,,CDM / deep (editorial),,Fee needed,Fee or loan terms are missing; no fee-value rating assigned. Do not treat a blank quote as zero.,Workbook quote; age and detailed production not verified,Undisclosed,Low,https://www.theguardian.com/football/ng-interactive/2026/sep/01/mens-transfer-window-summer-2026-all-deals-from-europes-top-five-leagues
S26-0411,summer,395,S26-0411,Alex Kral,Union Berlin,FC Copenhagen,2026-07-16,0,GBP,,CDM / deep (editorial),7.5,Assistant draft,"Proposed value from a zero transfer-fee move. Experience/development judgment is provisional; wages, bonuses and signing costs are unknown.",Workbook quote; age and detailed production not verified,Free transfer,Low,https://www.theguardian.com/football/ng-interactive/2026/sep/01/mens-transfer-window-summer-2026-all-deals-from-europes-top-five-leagues
S26-0443,summer,427,S26-0443,Yannik Engelhardt,Como 1907,Freiburg,2026-07-18,6000000,GBP,,CDM / deep (editorial),7.8,Assistant draft,"Editorial estimate relative to the Rice/Anderson and cheaper veteran references at the listed GBP fee. Role, production, age and potential require a full scouting review; this decimal is a discussion draft.",Workbook quote; age and detailed production not verified,Reported fee,Low,https://www.theguardian.com/football/ng-interactive/2026/sep/01/mens-transfer-window-summer-2026-all-deals-from-europes-top-five-leagues
S26-0466,summer,448,S26-0466,João Gomes,Wolverhampton Wanderers,Aston Villa,2026-07-20,34000000,GBP,,CDM / deep (editorial),8.6,Assistant draft,"Editorial estimate relative to the Rice/Anderson and cheaper veteran references at the listed GBP fee. Role, production, age and potential require a full scouting review; this decimal is a discussion draft.",Workbook quote; age and detailed production not verified,Reported fee,Low,https://www.theguardian.com/football/ng-interactive/2026/sep/01/mens-transfer-window-summer-2026-all-deals-from-europes-top-five-leagues
S26-0508,summer,489,S26-0508,Lorenzo Amatucci,Fiorentina,Deportivo La Coruña,2026-07-09,2100000,GBP,,CDM / deep (editorial),7.9,Assistant draft,"Editorial estimate relative to the Rice/Anderson and cheaper veteran references at the listed GBP fee. Role, production, age and potential require a full scouting review; this decimal is a discussion draft.",Workbook quote; age and detailed production not verified,Reported fee,Low,https://www.theguardian.com/football/ng-interactive/2026/sep/01/mens-transfer-window-summer-2026-all-deals-from-europes-top-five-leagues
S26-0518,summer,499,S26-0518,Casemiro,Manchester United,Inter Miami,2026-07-22,0,GBP,,CDM / deep (editorial),7.6,Assistant draft,"Proposed value from a zero transfer-fee move. Experience/development judgment is provisional; wages, bonuses and signing costs are unknown.",Workbook quote; age and detailed production not verified,Free transfer,Low,https://www.theguardian.com/football/ng-interactive/2026/sep/01/mens-transfer-window-summer-2026-all-deals-from-europes-top-five-leagues
S26-0538,summer,519,S26-0538,Paul Okon-Engstler,Sydney FC,Cologne,2026-07-23,900000,GBP,,CDM / deep (editorial),7.7,Assistant draft,"Editorial estimate relative to the Rice/Anderson and cheaper veteran references at the listed GBP fee. Role, production, age and potential require a full scouting review; this decimal is a discussion draft.",Workbook quote; age and detailed production not verified,Reported fee,Low,https://www.theguardian.com/football/ng-interactive/2026/sep/01/mens-transfer-window-summer-2026-all-deals-from-europes-top-five-leagues
S26-0560,summer,539,S26-0560,Idrissa Gueye,Everton,Al-Diriyah,2026-08-09,0,GBP,,CDM / deep (editorial),7.4,Assistant draft,"Proposed value from a zero transfer-fee move. Experience/development judgment is provisional; wages, bonuses and signing costs are unknown.",Workbook quote; age and detailed production not verified,Free transfer,Low,https://www.theguardian.com/football/ng-interactive/2026/sep/01/mens-transfer-window-summer-2026-all-deals-from-europes-top-five-leagues
S26-0566,summer,545,S26-0566,Hidemasa Morita,Sporting,Hull City,2026-07-24,0,GBP,,CDM / deep (editorial),7.9,Assistant draft,"Proposed value from a zero transfer-fee move. Experience/development judgment is provisional; wages, bonuses and signing costs are unknown.",Workbook quote; age and detailed production not verified,Free transfer,Low,https://www.theguardian.com/football/ng-interactive/2026/sep/01/mens-transfer-window-summer-2026-all-deals-from-europes-top-five-leagues
S26-0631,summer,609,S26-0631,Aliou Dieng,Al-Ahly,Valencia,2026-07-07,,GBP,,CDM / deep (editorial),,Fee needed,Fee or loan terms are missing; no fee-value rating assigned. Do not treat a blank quote as zero.,Workbook quote; age and detailed production not verified,Fee amount not stated,Low,https://www.theguardian.com/football/ng-interactive/2026/sep/01/mens-transfer-window-summer-2026-all-deals-from-europes-top-five-leagues
S26-0638,summer,616,S26-0638,Cheick Condé,Venezia,Beveren,2026-07-29,0,GBP,,CDM / deep (editorial),7.5,Assistant draft,"Proposed value from a zero transfer-fee move. Experience/development judgment is provisional; wages, bonuses and signing costs are unknown.",Workbook quote; age and detailed production not verified,Free transfer,Low,https://www.theguardian.com/football/ng-interactive/2026/sep/01/mens-transfer-window-summer-2026-all-deals-from-europes-top-five-leagues
S26-0714,summer,691,S26-0714,Mikel Vesga,Athletic Club,Almería,2026-08-02,0,GBP,,CDM / deep (editorial),7.2,Assistant draft,"Proposed value from a zero transfer-fee move. Experience/development judgment is provisional; wages, bonuses and signing costs are unknown.",Workbook quote; age and detailed production not verified,Free transfer,Low,https://www.theguardian.com/football/ng-interactive/2026/sep/01/mens-transfer-window-summer-2026-all-deals-from-europes-top-five-leagues
S26-0717,summer,694,S26-0717,Raphael Onyedika,Club Brugge,Eintracht Frankfurt,2026-08-02,7700000,GBP,,CDM / deep (editorial),8.4,Assistant draft,"Editorial estimate relative to the Rice/Anderson and cheaper veteran references at the listed GBP fee. Role, production, age and potential require a full scouting review; this decimal is a discussion draft.",Workbook quote; age and detailed production not verified,Reported fee,Low,https://www.theguardian.com/football/ng-interactive/2026/sep/01/mens-transfer-window-summer-2026-all-deals-from-europes-top-five-leagues
S26-0736,summer,713,S26-0736,Jordan Henderson,Brentford,Chelsea,2026-08-03,0,GBP,,CDM / deep (editorial),7.3,Assistant draft,"Proposed value from a zero transfer-fee move. Experience/development judgment is provisional; wages, bonuses and signing costs are unknown.",Workbook quote; age and detailed production not verified,Free transfer,Low,https://www.theguardian.com/football/ng-interactive/2026/sep/01/mens-transfer-window-summer-2026-all-deals-from-europes-top-five-leagues
S26-0751,summer,728,S26-0751,Florentino Luís,Burnley,Ipswich Town,2026-08-04,16000000,GBP,,CDM / deep (editorial),8.2,Assistant draft,"Editorial estimate relative to the Rice/Anderson and cheaper veteran references at the listed GBP fee. Role, production, age and potential require a full scouting review; this decimal is a discussion draft.",Workbook quote; age and detailed production not verified,Reported fee,Low,https://www.theguardian.com/football/ng-interactive/2026/sep/01/mens-transfer-window-summer-2026-all-deals-from-europes-top-five-leagues
S26-0785,summer,761,S26-0785,Christian Nørgaard,Arsenal,Everton,2026-08-05,7000000,GBP,,CDM / deep (editorial),8,Assistant draft,"Editorial estimate relative to the Rice/Anderson and cheaper veteran references at the listed GBP fee. Role, production, age and potential require a full scouting review; this decimal is a discussion draft.",Workbook quote; age and detailed production not verified,Reported fee,Low,https://www.theguardian.com/football/ng-interactive/2026/sep/01/mens-transfer-window-summer-2026-all-deals-from-europes-top-five-leagues
S26-0801,summer,777,S26-0801,Tyler Onyango,Everton,Sheffield Wednesday,2026-08-07,0,GBP,,CDM / deep (editorial),7.2,Assistant draft,"Proposed value from a zero transfer-fee move. Experience/development judgment is provisional; wages, bonuses and signing costs are unknown.",Workbook quote; age and detailed production not verified,Free transfer,Low,https://www.theguardian.com/football/ng-interactive/2026/sep/01/mens-transfer-window-summer-2026-all-deals-from-europes-top-five-leagues
S26-0809,summer,785,S26-0809,Orel Mangala,Lyon,Getafe,2026-08-07,,GBP,,CDM / deep (editorial),,Fee needed,Fee or loan terms are missing; no fee-value rating assigned. Do not treat a blank quote as zero.,Workbook quote; age and detailed production not verified,Loan fee not stated,Low,https://www.theguardian.com/football/ng-interactive/2026/sep/01/mens-transfer-window-summer-2026-all-deals-from-europes-top-five-leagues
S26-0842,summer,816,S26-0842,Sasa Lukic,Fulham,Ipswich Town,2026-08-08,9000000,GBP,,CDM / deep (editorial),7.7,Assistant draft,"Editorial estimate relative to the Rice/Anderson and cheaper veteran references at the listed GBP fee. Role, production, age and potential require a full scouting review; this decimal is a discussion draft.",Workbook quote; age and detailed production not verified,Reported fee,Low,https://www.theguardian.com/football/ng-interactive/2026/sep/01/mens-transfer-window-summer-2026-all-deals-from-europes-top-five-leagues
S26-0854,summer,826,S26-0854,Noah Mbamba,Bayer Leverkusen,Lorient,2026-08-08,,GBP,,CDM / deep (editorial),,Fee needed,Fee or loan terms are missing; no fee-value rating assigned. Do not treat a blank quote as zero.,Workbook quote; age and detailed production not verified,Loan fee not stated,Low,https://www.theguardian.com/football/ng-interactive/2026/sep/01/mens-transfer-window-summer-2026-all-deals-from-europes-top-five-leagues
S26-0884,summer,856,S26-0884,Shea Charles,Southampton,Fulham,2026-08-11,30000000,GBP,,CDM / deep (editorial),8.2,Assistant draft,"Editorial estimate relative to the Rice/Anderson and cheaper veteran references at the listed GBP fee. Role, production, age and potential require a full scouting review; this decimal is a discussion draft.",Workbook quote; age and detailed production not verified,Reported fee,Low,https://www.theguardian.com/football/ng-interactive/2026/sep/01/mens-transfer-window-summer-2026-all-deals-from-europes-top-five-leagues
S26-0924,summer,895,S26-0924,Florian Grillitsch,Braga,Frosinone,2026-08-12,0,GBP,,CDM / deep (editorial),7.6,Assistant draft,"Proposed value from a zero transfer-fee move. Experience/development judgment is provisional; wages, bonuses and signing costs are unknown.",Workbook quote; age and detailed production not verified,Free transfer,Low,https://www.theguardian.com/football/ng-interactive/2026/sep/01/mens-transfer-window-summer-2026-all-deals-from-europes-top-five-leagues
S26-0931,summer,902,S26-0931,Mamady Diambou,Red Bull Salzburg,Brest,2026-08-13,,GBP,,CDM / deep (editorial),,Fee needed,Fee or loan terms are missing; no fee-value rating assigned. Do not treat a blank quote as zero.,Workbook quote; age and detailed production not verified,Undisclosed,Low,https://www.theguardian.com/football/ng-interactive/2026/sep/01/mens-transfer-window-summer-2026-all-deals-from-europes-top-five-leagues
S26-0995,summer,964,S26-0995,Remo Freuler,Bologna,Olympiakos,2026-08-17,0,GBP,,CDM / deep (editorial),7.9,Assistant draft,"Proposed value from a zero transfer-fee move. Experience/development judgment is provisional; wages, bonuses and signing costs are unknown.",Workbook quote; age and detailed production not verified,Free transfer,Low,https://www.theguardian.com/football/ng-interactive/2026/sep/01/mens-transfer-window-summer-2026-all-deals-from-europes-top-five-leagues
S26-1002,summer,971,S26-1002,Kervin Arriaga,Levante,AEK Athens,2026-08-17,2600000,GBP,,CDM / deep (editorial),7.5,Assistant draft,"Editorial estimate relative to the Rice/Anderson and cheaper veteran references at the listed GBP fee. Role, production, age and potential require a full scouting review; this decimal is a discussion draft.",Workbook quote; age and detailed production not verified,Reported fee,Low,https://www.theguardian.com/football/ng-interactive/2026/sep/01/mens-transfer-window-summer-2026-all-deals-from-europes-top-five-leagues
S26-1037,summer,1005,S26-1037,Axel Witsel,Girona,Nice,2026-08-18,0,GBP,,CDM / deep (editorial),7.1,Assistant draft,"Proposed value from a zero transfer-fee move. Experience/development judgment is provisional; wages, bonuses and signing costs are unknown.",Workbook quote; age and detailed production not verified,Free transfer,Low,https://www.theguardian.com/football/ng-interactive/2026/sep/01/mens-transfer-window-summer-2026-all-deals-from-europes-top-five-leagues
S26-1052,summer,1020,S26-1052,Ellyes Skhiri,Eintracht Frankfurt,Cologne,2026-08-21,1300000,GBP,,CDM / deep (editorial),8,Assistant draft,"Editorial estimate relative to the Rice/Anderson and cheaper veteran references at the listed GBP fee. Role, production, age and potential require a full scouting review; this decimal is a discussion draft.",Workbook quote; age and detailed production not verified,Reported fee,Low,https://www.theguardian.com/football/ng-interactive/2026/sep/01/mens-transfer-window-summer-2026-all-deals-from-europes-top-five-leagues
S26-1117,summer,1083,S26-1117,Carlos Baleba,Brighton,Manchester United,2026-08-25,70000000,GBP,,CDM / deep (editorial),8.8,Assistant draft,"Editorial estimate relative to the Rice/Anderson and cheaper veteran references at the listed GBP fee. Role, production, age and potential require a full scouting review; this decimal is a discussion draft.",Workbook quote; age and detailed production not verified,Reported fee,Low,https://www.theguardian.com/football/ng-interactive/2026/sep/01/mens-transfer-window-summer-2026-all-deals-from-europes-top-five-leagues
S26-1128,summer,1093,S26-1128,João Palhinha,Bayern Munich,Benfica,2026-08-26,12000000,GBP,,CDM / deep (editorial),8.3,Assistant draft,"Editorial estimate relative to the Rice/Anderson and cheaper veteran references at the listed GBP fee. Role, production, age and potential require a full scouting review; this decimal is a discussion draft.",Workbook quote; age and detailed production not verified,Reported fee,Low,https://www.theguardian.com/football/ng-interactive/2026/sep/01/mens-transfer-window-summer-2026-all-deals-from-europes-top-five-leagues
S26-1131,summer,1096,S26-1131,Nico González,Manchester City,Newcastle United,2026-08-26,52000000,GBP,,CDM / deep (editorial),8.1,Assistant draft,"Editorial estimate relative to the Rice/Anderson and cheaper veteran references at the listed GBP fee. Role, production, age and potential require a full scouting review; this decimal is a discussion draft.",Workbook quote; age and detailed production not verified,Reported fee,Low,https://www.theguardian.com/football/ng-interactive/2026/sep/01/mens-transfer-window-summer-2026-all-deals-from-europes-top-five-leagues
S26-1159,summer,1124,S26-1159,Dennis Geiger,Hoffenheim,NEC Nijmegen,2026-08-28,0,GBP,,CDM / deep (editorial),7.3,Assistant draft,"Proposed value from a zero transfer-fee move. Experience/development judgment is provisional; wages, bonuses and signing costs are unknown.",Workbook quote; age and detailed production not verified,Free transfer,Low,https://www.theguardian.com/football/ng-interactive/2026/sep/01/mens-transfer-window-summer-2026-all-deals-from-europes-top-five-leagues
S26-1181,summer,1146,S26-1181,Matteo Prati,Cagliari,Racing Santander,2026-08-26,,GBP,,CDM / deep (editorial),,Fee needed,Fee or loan terms are missing; no fee-value rating assigned. Do not treat a blank quote as zero.,Workbook quote; age and detailed production not verified,Loan fee not stated,Low,https://www.theguardian.com/football/ng-interactive/2026/sep/01/mens-transfer-window-summer-2026-all-deals-from-europes-top-five-leagues
S26-1190,summer,1155,S26-1190,Samuele Ricci,Milan,Como 1907,2026-08-29,,GBP,,CDM / deep (editorial),,Fee needed,Fee or loan terms are missing; no fee-value rating assigned. Do not treat a blank quote as zero.,Workbook quote; age and detailed production not verified,Loan fee not stated,Low,https://www.theguardian.com/football/ng-interactive/2026/sep/01/mens-transfer-window-summer-2026-all-deals-from-europes-top-five-leagues
S26-1191,summer,1156,S26-1191,Kristjan Asllani,Inter,Al-Jazira,2026-08-29,,GBP,,CDM / deep (editorial),,Fee needed,Fee or loan terms are missing; no fee-value rating assigned. Do not treat a blank quote as zero.,Workbook quote; age and detailed production not verified,Loan fee not stated,Low,https://www.theguardian.com/football/ng-interactive/2026/sep/01/mens-transfer-window-summer-2026-all-deals-from-europes-top-five-leagues
S26-1207,summer,1172,S26-1207,Nemanja Gudelj,Sevilla,Getafe,2026-08-30,0,GBP,,CDM / deep (editorial),7.2,Assistant draft,"Proposed value from a zero transfer-fee move. Experience/development judgment is provisional; wages, bonuses and signing costs are unknown.",Workbook quote; age and detailed production not verified,Free transfer,Low,https://www.theguardian.com/football/ng-interactive/2026/sep/01/mens-transfer-window-summer-2026-all-deals-from-europes-top-five-leagues
S26-1212,summer,1177,S26-1212,Toby Collyer,Manchester United,West Bromwich Albion,2026-08-30,,GBP,,CDM / deep (editorial),,Fee needed,Fee or loan terms are missing; no fee-value rating assigned. Do not treat a blank quote as zero.,Workbook quote; age and detailed production not verified,Undisclosed,Low,https://www.theguardian.com/football/ng-interactive/2026/sep/01/mens-transfer-window-summer-2026-all-deals-from-europes-top-five-leagues
S26-1217,summer,1182,S26-1217,Marten de Roon,Atalanta,Roma,2026-08-30,850000,GBP,,CDM / deep (editorial),8,Assistant draft,"Editorial estimate relative to the Rice/Anderson and cheaper veteran references at the listed GBP fee. Role, production, age and potential require a full scouting review; this decimal is a discussion draft.",Workbook quote; age and detailed production not verified,Reported fee,Low,https://www.theguardian.com/football/ng-interactive/2026/sep/01/mens-transfer-window-summer-2026-all-deals-from-europes-top-five-leagues
S26-1222,summer,1187,S26-1222,Emil Bohinen,Venezia,Cesena,2026-08-30,,GBP,,CDM / deep (editorial),,Fee needed,Fee or loan terms are missing; no fee-value rating assigned. Do not treat a blank quote as zero.,Workbook quote; age and detailed production not verified,Loan fee not stated,Low,https://www.theguardian.com/football/ng-interactive/2026/sep/01/mens-transfer-window-summer-2026-all-deals-from-europes-top-five-leagues
S26-1236,summer,1200,S26-1236,Stefan Bajcetic,Liverpool,Celta Vigo,2026-08-31,,GBP,,CDM / deep (editorial),,Fee needed,Fee or loan terms are missing; no fee-value rating assigned. Do not treat a blank quote as zero.,Workbook quote; age and detailed production not verified,Undisclosed,Low,https://www.theguardian.com/football/ng-interactive/2026/sep/01/mens-transfer-window-summer-2026-all-deals-from-europes-top-five-leagues
S26-1298,summer,1260,S26-1298,Niko Sigur,Hajduk Split,Toulouse,2026-09-01,3400000,GBP,,CDM / deep (editorial),7.9,Assistant draft,"Editorial estimate relative to the Rice/Anderson and cheaper veteran references at the listed GBP fee. Role, production, age and potential require a full scouting review; this decimal is a discussion draft.",Workbook quote; age and detailed production not verified,Reported fee,Low,https://www.theguardian.com/football/ng-interactive/2026/sep/01/mens-transfer-window-summer-2026-all-deals-from-europes-top-five-leagues
S26-1316,summer,1277,S26-1316,Ibrahim Sulemana,Atalanta,Sassuolo,2026-09-01,,GBP,,CDM / deep (editorial),,Fee needed,Fee or loan terms are missing; no fee-value rating assigned. Do not treat a blank quote as zero.,Workbook quote; age and detailed production not verified,Loan fee not stated,Low,https://www.theguardian.com/football/ng-interactive/2026/sep/01/mens-transfer-window-summer-2026-all-deals-from-europes-top-five-leagues
S26-1343,summer,1304,S26-1343,Dário Essugo,Chelsea,Strasbourg,2026-09-01,,GBP,,CDM / deep (editorial),,Fee needed,Fee or loan terms are missing; no fee-value rating assigned. Do not treat a blank quote as zero.,Workbook quote; age and detailed production not verified,Loan fee not stated,Low,https://www.theguardian.com/football/ng-interactive/2026/sep/01/mens-transfer-window-summer-2026-all-deals-from-europes-top-five-leagues
S26-1347,summer,1308,S26-1347,Gustavo Puerta,Racing Santander,Olympiakos,2026-09-01,17100000,GBP,,CDM / deep (editorial),7.8,Assistant draft,"Editorial estimate relative to the Rice/Anderson and cheaper veteran references at the listed GBP fee. Role, production, age and potential require a full scouting review; this decimal is a discussion draft.",Workbook quote; age and detailed production not verified,Reported fee,Low,https://www.theguardian.com/football/ng-interactive/2026/sep/01/mens-transfer-window-summer-2026-all-deals-from-europes-top-five-leagues
S26-1376,summer,1336,S26-1376,Youri Regeer,Ajax,Werder Bremen,2026-09-01,,GBP,,CDM / deep (editorial),,Fee needed,Fee or loan terms are missing; no fee-value rating assigned. Do not treat a blank quote as zero.,Workbook quote; age and detailed production not verified,Loan fee not stated,Low,https://www.theguardian.com/football/ng-interactive/2026/sep/01/mens-transfer-window-summer-2026-all-deals-from-europes-top-five-leagues
S26-1382,summer,1342,S26-1382,Tim Iroegbunam,Everton,Hull City,2026-09-01,13000000,GBP,,CDM / deep (editorial),7.6,Assistant draft,"Editorial estimate relative to the Rice/Anderson and cheaper veteran references at the listed GBP fee. Role, production, age and potential require a full scouting review; this decimal is a discussion draft.",Workbook quote; age and detailed production not verified,Reported fee,Low,https://www.theguardian.com/football/ng-interactive/2026/sep/01/mens-transfer-window-summer-2026-all-deals-from-europes-top-five-leagues
S26-1389,summer,1349,S26-1389,Jens Cajuste,Napoli,Málaga,2026-09-01,,GBP,,CDM / deep (editorial),,Fee needed,Fee or loan terms are missing; no fee-value rating assigned. Do not treat a blank quote as zero.,Workbook quote; age and detailed production not verified,Loan fee not stated,Low,https://www.theguardian.com/football/ng-interactive/2026/sep/01/mens-transfer-window-summer-2026-all-deals-from-europes-top-five-leagues
S26-1412,summer,1371,S26-1412,Marc Casadó,Barcelona,Deportivo La Coruña,2026-09-01,,GBP,,CDM / deep (editorial),,Fee needed,Fee or loan terms are missing; no fee-value rating assigned. Do not treat a blank quote as zero.,Workbook quote; age and detailed production not verified,Loan fee not stated,Low,https://www.theguardian.com/football/ng-interactive/2026/sep/01/mens-transfer-window-summer-2026-all-deals-from-europes-top-five-leagues
S26-1418,summer,1377,S26-1418,Youssouf Fofana,Milan,Sevilla,2026-09-01,,GBP,,CDM / deep (editorial),,Fee needed,Fee or loan terms are missing; no fee-value rating assigned. Do not treat a blank quote as zero.,Workbook quote; age and detailed production not verified,Loan fee not stated,Low,https://www.theguardian.com/football/ng-interactive/2026/sep/01/mens-transfer-window-summer-2026-all-deals-from-europes-top-five-leagues
S26-1423,summer,1381,S26-1423,Chema Andrés,Stuttgart,Brighton,2026-09-01,18900000,GBP,,CDM / deep (editorial),8.1,Assistant draft,"Editorial estimate relative to the Rice/Anderson and cheaper veteran references at the listed GBP fee. Role, production, age and potential require a full scouting review; this decimal is a discussion draft.",Workbook quote; age and detailed production not verified,Reported fee,Low,https://www.theguardian.com/football/ng-interactive/2026/sep/01/mens-transfer-window-summer-2026-all-deals-from-europes-top-five-leagues
S26-1428,summer,1386,S26-1428,Unai Vencedor,Athletic Club,Burgos,2026-09-01,0,GBP,,CDM / deep (editorial),7.4,Assistant draft,"Proposed value from a zero transfer-fee move. Experience/development judgment is provisional; wages, bonuses and signing costs are unknown.",Workbook quote; age and detailed production not verified,Free transfer,Low,https://www.theguardian.com/football/ng-interactive/2026/sep/01/mens-transfer-window-summer-2026-all-deals-from-europes-top-five-leagues
S26-1432,summer,1390,S26-1432,David Ozoh,Crystal Palace,Derby County,2026-09-02,4000000,GBP,,CDM / deep (editorial),7.8,Assistant draft,"Editorial estimate relative to the Rice/Anderson and cheaper veteran references at the listed GBP fee. Role, production, age and potential require a full scouting review; this decimal is a discussion draft.",Workbook quote; age and detailed production not verified,Reported fee,Low,https://www.theguardian.com/football/ng-interactive/2026/sep/01/mens-transfer-window-summer-2026-all-deals-from-europes-top-five-leagues
S26-1472,summer,1426,S26-1472,Eric Martel,Cologne,Mainz 05,2026-07-01,0,GBP,,CDM / deep (editorial),8.3,Assistant draft,"Proposed value from a zero transfer-fee move. Experience/development judgment is provisional; wages, bonuses and signing costs are unknown.",Workbook quote; age and detailed production not verified,Free transfer,Low,https://www.theguardian.com/football/ng-interactive/2026/sep/01/mens-transfer-window-summer-2026-all-deals-from-europes-top-five-leagues
S26-0200,summer,1481,S26-0200,Elliot Anderson,Nottingham Forest,Manchester City,2026-07-23,116000000,GBP,,CDM / deep (editorial),9.2,Your rating,"Elite quality and high potential outweigh the very high fee, in the owner’s assessment.",Workbook quote; age and detailed production not verified,Reported fee,Subjective reference,https://www.theguardian.com/football/ng-interactive/2026/sep/01/mens-transfer-window-summer-2026-all-deals-from-europes-top-five-leagues
S26-0252,summer,1482,S26-0252,Sandro Tonali,Newcastle United,Tottenham Hotspur,2026-07-06,92500000,GBP,,CDM / deep (editorial),8.6,Assistant draft,"Editorial estimate relative to the Rice/Anderson and cheaper veteran references at the listed GBP fee. Role, production, age and potential require a full scouting review; this decimal is a discussion draft.",Workbook quote; age and detailed production not verified,Reported fee,Low,https://www.theguardian.com/football/ng-interactive/2026/sep/01/mens-transfer-window-summer-2026-all-deals-from-europes-top-five-leagues
S26-0843,summer,1485,S26-0843,Bruno Guimarães,Newcastle United,Arsenal,2026-08-08,75000000,GBP,,CDM / deep (editorial),8.7,Assistant draft,"Editorial estimate relative to the Rice/Anderson and cheaper veteran references at the listed GBP fee. Role, production, age and potential require a full scouting review; this decimal is a discussion draft.",Workbook quote; age and detailed production not verified,Reported fee,Low,https://www.theguardian.com/football/ng-interactive/2026/sep/01/mens-transfer-window-summer-2026-all-deals-from-europes-top-five-leagues
S26-1012,summer,1486,S26-1012,Rodri,Manchester City,Barcelona,2026-08-18,51300000,GBP,,CDM / deep (editorial),8.8,Your rating,"Owner judges exceptional CDM quality and reasonable price, reduced for age 30 and remaining prime years. Applies to the workbook Barcelona record.",Workbook quote; age and detailed production not verified,Reported fee,Subjective reference,https://www.theguardian.com/football/ng-interactive/2026/sep/01/mens-transfer-window-summer-2026-all-deals-from-europes-top-five-leagues
S26-1119,summer,1488,S26-1119,Ayyoub Bouaddi,Lille,Manchester City,2026-08-26,85700000,GBP,,CDM / deep (editorial),8.3,Assistant draft,"Editorial estimate relative to the Rice/Anderson and cheaper veteran references at the listed GBP fee. Role, production, age and potential require a full scouting review; this decimal is a discussion draft.",Workbook quote; age and detailed production not verified,Reported fee,Low,https://www.theguardian.com/football/ng-interactive/2026/sep/01/mens-transfer-window-summer-2026-all-deals-from-europes-top-five-leagues
S26-1420,summer,1492,S26-1420,Enzo Fernández,Chelsea,Manchester City,2026-09-01,125000000,GBP,,CDM / deep (editorial),8,Assistant draft,"Editorial estimate relative to the Rice/Anderson and cheaper veteran references at the listed GBP fee. Role, production, age and potential require a full scouting review; this decimal is a discussion draft.",Workbook quote; age and detailed production not verified,Reported fee,Low,https://www.theguardian.com/football/ng-interactive/2026/sep/01/mens-transfer-window-summer-2026-all-deals-from-europes-top-five-leagues
reference-gross-2026,reference,,,Pascal Groß,Borussia Dortmund,Brighton,2026-01-02,,EUR,,User reference / central,8.1,Your rating,"Owner: good production relative to price, reduced for older age and fewer remaining seasons. Fee not verified; record absent from supplied transfer tables.",Return confirmed by Brighton; no fee in supplied dataset,Fee not supplied,Subjective reference,https://www.brightonandhovealbion.com/media-article/mft-transfer-news-pascal-gross-borussia-dortmund-january-2026
historical-1,historical,1,,Kylian Mbappé,Monaco,PSG,2018-07-01,180000000,EUR,20,Striker,9.4,Assistant draft,Exceptional attacking quality and long developmental runway justify much of the unusually high investment.,Editorial assessment; transfer facts from workbook. Detailed comparable production and availability not fully verified. User concerns are attributed opinions.,Workbook quote,Low,https://github.com/CopiousHighlights/football-transfer-market-analysis
historical-3,historical,3,,Alexander Isak,Newcastle,Liverpool,2025-09-01,145000000,EUR,26,Striker,7.1,Your rating,"Very good player, but very expensive. Injury concerns and limited production reduce value.",Editorial assessment; transfer facts from workbook. Detailed comparable production and availability not fully verified. User concerns are attributed opinions.,Workbook quote,Low,https://github.com/CopiousHighlights/football-transfer-market-analysis
historical-8,historical,8,,João Félix,Benfica,Atlético,2019-07-03,127200000,EUR,20,Striker / mixed forward,5.9,Assistant draft,Very high investment depended heavily on potential. My retrospective judgment is that the return did not justify that price.,Editorial assessment; transfer facts from workbook. Detailed comparable production and availability not fully verified. User concerns are attributed opinions.,Workbook quote,Low,https://github.com/CopiousHighlights/football-transfer-market-analysis
historical-14,historical,14,,Antoine Griezmann,Atlético,Barcelona,2019-07-14,120000000,EUR,28,Striker / mixed forward,6.3,Assistant draft,"Established quality, but the expensive deal offered limited age-related upside and a less convincing fit.",Editorial assessment; transfer facts from workbook. Detailed comparable production and availability not fully verified. User concerns are attributed opinions.,Workbook quote,Low,https://github.com/CopiousHighlights/football-transfer-market-analysis
historical-16,historical,16,,Cristiano Ronaldo,Real Madrid,Juventus,2018-07-10,117000000,EUR,33,Striker,8.5,Assistant draft,"Strong scoring return in my assessment, offset by a large investment late in his career.",Editorial assessment; transfer facts from workbook. Detailed comparable production and availability not fully verified. User concerns are attributed opinions.,Workbook quote,Low,https://github.com/CopiousHighlights/football-transfer-market-analysis
historical-19,historical,19,,Romelu Lukaku,Inter,Chelsea,2021-08-12,113000000,EUR,28,Striker,4.9,Assistant draft,"In my assessment, the expensive return delivered too little sustained value for the buying club.",Editorial assessment; transfer facts from workbook. Detailed comparable production and availability not fully verified. User concerns are attributed opinions.,Workbook quote,Low,https://github.com/CopiousHighlights/football-transfer-market-analysis
historical-22,historical,22,,Kai Havertz,Leverkusen,Chelsea,2020-09-04,100000000,EUR,21,Striker / mixed forward,6.8,Assistant draft,"Youth and versatility support some value, but the substantial fee raises the required production.",Editorial assessment; transfer facts from workbook. Detailed comparable production and availability not fully verified. User concerns are attributed opinions.,Workbook quote,Low,https://github.com/CopiousHighlights/football-transfer-market-analysis
historical-25,historical,25,,Hugo Ekitiké,Frankfurt,Liverpool,2025-07-23,95000000,EUR,23,Striker,8.8,Your rating,"Young, good production, good price and great overall value.",Editorial assessment; transfer facts from workbook. Detailed comparable production and availability not fully verified. User concerns are attributed opinions.,Workbook quote,Low,https://github.com/CopiousHighlights/football-transfer-market-analysis
historical-26,historical,26,,Harry Kane,Tottenham,Bayern Munich,2023-08-12,95000000,EUR,30,Striker,9.5,Your rating,"Exceptional production and a comparatively lower price, with age limiting runway.",Editorial assessment; transfer facts from workbook. Detailed comparable production and availability not fully verified. User concerns are attributed opinions.,Workbook quote,Low,https://github.com/CopiousHighlights/football-transfer-market-analysis
historical-28,historical,28,,Randal Kolo Muani,Frankfurt,PSG,2023-09-01,95000000,EUR,25,Striker,5.8,Assistant draft,My assessment is that the substantial fee was not matched by a convincing sustained return.,Editorial assessment; transfer facts from workbook. Detailed comparable production and availability not fully verified. User concerns are attributed opinions.,Workbook quote,Low,https://github.com/CopiousHighlights/football-transfer-market-analysis
historical-29,historical,29,,Cristiano Ronaldo,Man Utd,Real Madrid,2009-07-06,94000000,EUR,24,Striker,9.9,Assistant draft,My exceptional-value benchmark: sustained elite production and useful seasons justify a major fee.,Editorial assessment; transfer facts from workbook. Detailed comparable production and availability not fully verified. User concerns are attributed opinions.,Workbook quote,Low,https://github.com/CopiousHighlights/football-transfer-market-analysis
historical-37,historical,37,,Dušan Vlahović,Fiorentina,Juventus,2022-01-28,85400000,EUR,22,Striker,7.2,Assistant draft,"Young at signing with scoring upside, but the large fee limits the value assessment.",Editorial assessment; transfer facts from workbook. Detailed comparable production and availability not fully verified. User concerns are attributed opinions.,Workbook quote,Low,https://github.com/CopiousHighlights/football-transfer-market-analysis
historical-39,historical,39,,Darwin Núñez,Benfica,Liverpool,2022-07-01,85000000,EUR,23,Striker,6.8,Assistant draft,"Meaningful contribution, but the expensive Liverpool deal delivered less consistent scoring value than stronger deals.",Editorial assessment; transfer facts from workbook. Detailed comparable production and availability not fully verified. User concerns are attributed opinions.,Workbook quote,Low,https://github.com/CopiousHighlights/football-transfer-market-analysis
historical-40,historical,40,,Romelu Lukaku,Everton,Man Utd,2017-07-10,84700000,EUR,24,Striker,7.2,Assistant draft,"Useful attacking contribution in my assessment, with a high fee and a relatively short stay reducing value.",Editorial assessment; transfer facts from workbook. Detailed comparable production and availability not fully verified. User concerns are attributed opinions.,Workbook quote,Low,https://github.com/CopiousHighlights/football-transfer-market-analysis
historical-42,historical,42,,Luis Suárez,Liverpool,Barcelona,2014-07-11,81720000,EUR,27,Striker,9.8,Assistant draft,My assessment is that exceptional scoring and attacking contribution delivered outstanding value despite a substantial fee.,Editorial assessment; transfer facts from workbook. Detailed comparable production and availability not fully verified. User concerns are attributed opinions.,Workbook quote,Low,https://github.com/CopiousHighlights/football-transfer-market-analysis
historical-51,historical,51,,Rasmus Højlund,Atalanta,Man Utd,2023-08-05,79800000,EUR,20,Striker,6.2,Assistant draft,"Young with development potential, but the large initial investment demanded more immediate production.",Editorial assessment; transfer facts from workbook. Detailed comparable production and availability not fully verified. User concerns are attributed opinions.,Workbook quote,Low,https://github.com/CopiousHighlights/football-transfer-market-analysis
historical-52,historical,52,,Victor Osimhen,Lille,Napoli,2020-09-01,78900000,EUR,22,Striker,9.3,Assistant draft,My assessment is that high-level scoring and a strong age profile delivered substantial value for this deal.,Editorial assessment; transfer facts from workbook. Detailed comparable production and availability not fully verified. User concerns are attributed opinions.,Workbook quote,Low,https://github.com/CopiousHighlights/football-transfer-market-analysis
historical-53,historical,53,,Alexander Isak,Real Sociedad,Newcastle,2022-08-26,77500000,EUR,23,Striker,9,Assistant draft,My assessment is that the Newcastle deal provided a stronger production-to-price return than the separate Liverpool move.,Editorial assessment; transfer facts from workbook. Detailed comparable production and availability not fully verified. User concerns are attributed opinions.,Workbook quote,Low,https://github.com/CopiousHighlights/football-transfer-market-analysis
historical-54,historical,54,,Jhon Durán,Aston Villa,Al-Nassr,2025-01-31,77000000,EUR,22,Striker,7,Assistant draft,"Youth and upside help, but the fee is high and the competition context calls for a cautious value assessment.",Editorial assessment; transfer facts from workbook. Detailed comparable production and availability not fully verified. User concerns are attributed opinions.,Workbook quote,Low,https://github.com/CopiousHighlights/football-transfer-market-analysis
historical-56,historical,56,,Benjamin Sesko,Leipzig,Man Utd,2025-08-09,76500000,EUR,22,Striker,8,Assistant draft,"Age and potential help, but a substantial fee buys upside as well as established production.",Editorial assessment; transfer facts from workbook. Detailed comparable production and availability not fully verified. User concerns are attributed opinions.,Workbook quote,Low,https://github.com/CopiousHighlights/football-transfer-market-analysis
historical-58,historical,58,,Nick Woltemade,Stuttgart,Newcastle,2025-08-30,75000000,EUR,23,Striker,6.9,Assistant draft,The workbook price requires a strong immediate return. Potential helps but does not remove the cost risk.,Editorial assessment; transfer facts from workbook. Detailed comparable production and availability not fully verified. User concerns are attributed opinions.,Workbook quote,Low,https://github.com/CopiousHighlights/football-transfer-market-analysis
historical-59,historical,59,,Omar Marmoush,Frankfurt,Man City,2025-01-23,75000000,EUR,26,Striker / mixed forward,7.7,Assistant draft,"Attacking versatility and quality support the deal, but the fee leaves less room for an outstanding-value judgment.",Editorial assessment; transfer facts from workbook. Detailed comparable production and availability not fully verified. User concerns are attributed opinions.,Workbook quote,Low,https://github.com/CopiousHighlights/football-transfer-market-analysis
historical-60,historical,60,,Victor Osimhen,Napoli,Galatasaray,2025-07-31,75000000,EUR,27,Striker,8.7,Assistant draft,"My assessment is that established scoring quality supports the fee, with competition strength limiting the comparison to elite-league deals.",Editorial assessment; transfer facts from workbook. Detailed comparable production and availability not fully verified. User concerns are attributed opinions.,Workbook quote,Low,https://github.com/CopiousHighlights/football-transfer-market-analysis
historical-62,historical,62,,Julián Alvarez,Man City,Atlético,2024-08-12,75000000,EUR,24,Striker,9,Assistant draft,"Scoring, versatility, age and potential support the investment.",Editorial assessment; transfer facts from workbook. Detailed comparable production and availability not fully verified. User concerns are attributed opinions.,Workbook quote,Low,https://github.com/CopiousHighlights/football-transfer-market-analysis
historical-65,historical,65,,Kai Havertz,Chelsea,Arsenal,2023-07-01,75000000,EUR,24,Striker / mixed forward,7.9,Assistant draft,"Versatility and attacking contribution support value, but the fee and striker-role uncertainty limit the score.",Editorial assessment; transfer facts from workbook. Detailed comparable production and availability not fully verified. User concerns are attributed opinions.,Workbook quote,Low,https://github.com/CopiousHighlights/football-transfer-market-analysis
historical-67,historical,67,,Matheus Cunha,Wolves,Man Utd,2025-07-01,74200000,EUR,26,Striker / mixed forward,8,Assistant draft,"Useful creation and scoring profile in my assessment, but a substantial fee and mixed forward role require review.",Editorial assessment; transfer facts from workbook. Detailed comparable production and availability not fully verified. User concerns are attributed opinions.,Workbook quote,Low,https://github.com/CopiousHighlights/football-transfer-market-analysis
historical-68,historical,68,,Romelu Lukaku,Man Utd,Inter,2019-08-08,74000000,EUR,26,Striker,9.2,Assistant draft,My assessment is that strong production and an appropriate role delivered an excellent return on the fee.,Editorial assessment; transfer facts from workbook. Detailed comparable production and availability not fully verified. User concerns are attributed opinions.,Workbook quote,Low,https://github.com/CopiousHighlights/football-transfer-market-analysis
historical-84,historical,84,,Viktor Gyökeres,Sporting,Arsenal,2025-07-26,66900000,EUR,27,Striker,8.6,Assistant draft,"Strong scoring profile supports the fee, tempered by competition adjustment and remaining developmental runway.",Editorial assessment; transfer facts from workbook. Detailed comparable production and availability not fully verified. User concerns are attributed opinions.,Workbook quote,Low,https://github.com/CopiousHighlights/football-transfer-market-analysis
historical-85,historical,85,,Álvaro Morata,Real Madrid,Chelsea,2017-07-21,66000000,EUR,25,Striker,5.9,Assistant draft,The high price required a more convincing sustained attacking return in my assessment.,Editorial assessment; transfer facts from workbook. Detailed comparable production and availability not fully verified. User concerns are attributed opinions.,Workbook quote,Low,https://github.com/CopiousHighlights/football-transfer-market-analysis
historical-88,historical,88,,Gonçalo Ramos,Benfica,PSG,2024-01-01,65000000,EUR,23,Striker,7.1,Assistant draft,"Age and scoring potential support value, but the substantial investment requires more convincing consistent output.",Editorial assessment; transfer facts from workbook. Detailed comparable production and availability not fully verified. User concerns are attributed opinions.,Workbook quote,Low,https://github.com/CopiousHighlights/football-transfer-market-analysis
historical-93,historical,93,,Edinson Cavani,Napoli,PSG,2013-07-16,64500000,EUR,26,Striker,9.6,Assistant draft,My assessment is that sustained scoring and useful seasons delivered outstanding value for the investment.,Editorial assessment; transfer facts from workbook. Detailed comparable production and availability not fully verified. User concerns are attributed opinions.,Workbook quote,Low,https://github.com/CopiousHighlights/football-transfer-market-analysis
historical-94,historical,94,,Dominic Solanke,Bournemouth,Tottenham,2024-08-10,64300000,EUR,27,Striker,6.7,Your rating,Poor production relative to a fairly expensive fee.,Editorial assessment; transfer facts from workbook. Detailed comparable production and availability not fully verified. User concerns are attributed opinions.,Workbook quote,Low,https://github.com/CopiousHighlights/football-transfer-market-analysis
historical-97,historical,97,,Pierre-Emerick Aubameyang,Dortmund,Arsenal,2018-01-31,63750000,EUR,29,Striker,9.1,Assistant draft,My assessment is that strong immediate scoring outweighed a shorter developmental runway at signing.,Editorial assessment; transfer facts from workbook. Detailed comparable production and availability not fully verified. User concerns are attributed opinions.,Workbook quote,Low,https://github.com/CopiousHighlights/football-transfer-market-analysis
historical-98,historical,98,,João Pedro,Brighton,Chelsea,2025-07-02,63700000,EUR,24,Striker / mixed forward,8.6,Assistant draft,"Youth, scoring and link-up potential support value, with the substantial fee preventing a higher draft rating.",Editorial assessment; transfer facts from workbook. Detailed comparable production and availability not fully verified. User concerns are attributed opinions.,Workbook quote,Low,https://github.com/CopiousHighlights/football-transfer-market-analysis
historical-102,historical,102,,Luka Jović,Frankfurt,Real Madrid,2019-07-02,63000000,EUR,22,Striker,4.3,Assistant draft,"My retrospective assessment is that the fee was poorly matched by the attacking return, despite youth at signing.",Editorial assessment; transfer facts from workbook. Detailed comparable production and availability not fully verified. User concerns are attributed opinions.,Workbook quote,Low,https://github.com/CopiousHighlights/football-transfer-market-analysis
historical-109,historical,109,,Mateo Retegui,Atalanta,Al-Qadsiah,2025-07-21,61750000,EUR,26,Striker,7.5,Assistant draft,"Scoring ability supports some value, but the fee and competition context temper the assessment.",Editorial assessment; transfer facts from workbook. Detailed comparable production and availability not fully verified. User concerns are attributed opinions.,Workbook quote,Low,https://github.com/CopiousHighlights/football-transfer-market-analysis
historical-117,historical,117,,Erling Haaland,Dortmund,Man City,2022-07-01,60000000,EUR,22,Striker,9.8,Your rating,"Great value, exceptional production and a strong age profile.",Editorial assessment; transfer facts from workbook. Detailed comparable production and availability not fully verified. User concerns are attributed opinions.,Workbook quote,Low,https://github.com/CopiousHighlights/football-transfer-market-analysis
historical-119,historical,119,,Anthony Martial,Monaco,Man Utd,2015-09-01,60000000,EUR,20,Striker,7,Assistant draft,"Youth and promising attacking quality support the deal, but inconsistent availability and return reduce my retrospective assessment.",Editorial assessment; transfer facts from workbook. Detailed comparable production and availability not fully verified. User concerns are attributed opinions.,Workbook quote,Low,https://github.com/CopiousHighlights/football-transfer-market-analysis
historical-122,historical,122,,Christopher Nkunku,Leipzig,Chelsea,2023-07-01,60000000,EUR,26,Striker / mixed forward,5.8,Assistant draft,"Quality and versatility help, but availability and a limited sustained return weaken my assessment of the fee.",Editorial assessment; transfer facts from workbook. Detailed comparable production and availability not fully verified. User concerns are attributed opinions.,Workbook quote,Low,https://github.com/CopiousHighlights/football-transfer-market-analysis
historical-131,historical,131,,Richarlison,Everton,Tottenham,2022-07-01,58000000,EUR,25,Striker,5.7,Assistant draft,"A substantial fee, availability concerns and limited consistent output reduce my retrospective value assessment.",Editorial assessment; transfer facts from workbook. Detailed comparable production and availability not fully verified. User concerns are attributed opinions.,Workbook quote,Low,https://github.com/CopiousHighlights/football-transfer-market-analysis
historical-133,historical,133,,Yoane Wissa,Brentford,Newcastle,2025-09-01,57700000,EUR,29,Striker,7.2,Assistant draft,"Established scoring profile supports value, but a substantial fee offers less developmental upside.",Editorial assessment; transfer facts from workbook. Detailed comparable production and availability not fully verified. User concerns are attributed opinions.,Workbook quote,Low,https://github.com/CopiousHighlights/football-transfer-market-analysis
historical-147,historical,147,,Ferran Torres,Man City,Barcelona,2022-01-01,55000000,EUR,22,Striker / mixed forward,7.4,Assistant draft,"Age and forward versatility support the deal, but the fee and mixed role limit my value assessment.",Editorial assessment; transfer facts from workbook. Detailed comparable production and availability not fully verified. User concerns are attributed opinions.,Workbook quote,Low,https://github.com/CopiousHighlights/football-transfer-market-analysis
historical-149,historical,149,,Antoine Griezmann,Real Sociedad,Atlético,2014-07-28,54000000,EUR,23,Striker / mixed forward,9.2,Assistant draft,My assessment is that attacking quality and sustained contribution make this a strong value deal.,Editorial assessment; transfer facts from workbook. Detailed comparable production and availability not fully verified. User concerns are attributed opinions.,Workbook quote,Low,https://github.com/CopiousHighlights/football-transfer-market-analysis
historical-151,historical,151,,Alexandre Lacazette,Lyon,Arsenal,2017-07-05,53000000,EUR,26,Striker,7.6,Assistant draft,"Useful scoring and link-up contribution support value, though the fee prevents an exceptional rating.",Editorial assessment; transfer facts from workbook. Detailed comparable production and availability not fully verified. User concerns are attributed opinions.,Workbook quote,Low,https://github.com/CopiousHighlights/football-transfer-market-analysis
historical-153,historical,153,,Darwin Núñez,Liverpool,Al-Hilal,2025-08-09,53000000,EUR,26,Striker,7.3,Assistant draft,A lower fee than the Liverpool purchase changes the value case. This remains a cautious draft with limited buyer-specific production evidence.,Editorial assessment; transfer facts from workbook. Detailed comparable production and availability not fully verified. User concerns are attributed opinions.,Workbook quote,Low,https://github.com/CopiousHighlights/football-transfer-market-analysis
historical-154,historical,154,,Timo Werner,Leipzig,Chelsea,2020-07-01,53000000,EUR,24,Striker,6.2,Assistant draft,"Useful movement and work rate in my assessment, but a weaker scoring return reduces value at the price.",Editorial assessment; transfer facts from workbook. Detailed comparable production and availability not fully verified. User concerns are attributed opinions.,Workbook quote,Low,https://github.com/CopiousHighlights/football-transfer-market-analysis
historical-156,historical,156,,Aleksandar Mitrović,Fulham,Al-Hilal,2023-08-19,52600000,EUR,29,Striker,8.4,Assistant draft,"My assessment is that a strong scoring profile supports the price, tempered by age and competition context.",Editorial assessment; transfer facts from workbook. Detailed comparable production and availability not fully verified. User concerns are attributed opinions.,Workbook quote,Low,https://github.com/CopiousHighlights/football-transfer-market-analysis
historical-157,historical,157,,Gabriel Jesus,Man City,Arsenal,2022-07-04,52200000,EUR,25,Striker,7.1,Assistant draft,"Link-up quality supports value, but availability and scoring consistency reduce my assessment.",Editorial assessment; transfer facts from workbook. Detailed comparable production and availability not fully verified. User concerns are attributed opinions.,Workbook quote,Low,https://github.com/CopiousHighlights/football-transfer-market-analysis
historical-158,historical,158,,João Félix,Atlético,Chelsea,2024-08-21,52000000,EUR,25,Striker / mixed forward,5.8,Assistant draft,"The fee still requires a stronger sustained return in my assessment, even though it was lower than the Atlético investment.",Editorial assessment; transfer facts from workbook. Detailed comparable production and availability not fully verified. User concerns are attributed opinions.,Workbook quote,Low,https://github.com/CopiousHighlights/football-transfer-market-analysis
historical-173,historical,173,,Mauro Icardi,Inter,PSG,2020-07-01,50000000,EUR,27,Striker,6.1,Assistant draft,"Scoring quality provides some value, but my assessment of the sustained return is weak relative to the price.",Editorial assessment; transfer facts from workbook. Detailed comparable production and availability not fully verified. User concerns are attributed opinions.,Workbook quote,Low,https://github.com/CopiousHighlights/football-transfer-market-analysis
historical-175,historical,175,,Sébastien Haller,Frankfurt,West Ham,2019-07-17,50000000,EUR,25,Striker,5.6,Assistant draft,My assessment is that the expensive deal did not deliver a strong sustained return in that role.,Editorial assessment; transfer facts from workbook. Detailed comparable production and availability not fully verified. User concerns are attributed opinions.,Workbook quote,Low,https://github.com/CopiousHighlights/football-transfer-market-analysis
historical-177,historical,177,,Matheus Cunha,Atlético,Wolves,2023-07-01,50000000,EUR,24,Striker / mixed forward,8.8,Assistant draft,"My assessment is that scoring, creation and room to develop made the lower-priced Wolves deal stronger value.",Editorial assessment; transfer facts from workbook. Detailed comparable production and availability not fully verified. User concerns are attributed opinions.,Workbook quote,Low,https://github.com/CopiousHighlights/football-transfer-market-analysis
historical-183,historical,183,,Jørgen Strand Larsen,Wolves,Crystal Palace,2026-02-02,49700000,EUR,26,Striker,7.3,Assistant draft,"A useful centre-forward profile supports the deal, but the workbook price requires stronger production evidence.",Editorial assessment; transfer facts from workbook. Detailed comparable production and availability not fully verified. User concerns are attributed opinions.,Workbook quote,Low,https://github.com/CopiousHighlights/football-transfer-market-analysis
historical-190,historical,190,,Endrick,Palmeiras,Real Madrid,2024-07-21,47500000,EUR,18,Striker,7,Assistant draft,"Long developmental runway and potential help, but this fee buys uncertain future production. Evidence remains limited.",Editorial assessment; transfer facts from workbook. Detailed comparable production and availability not fully verified. User concerns are attributed opinions.,Workbook quote,Low,https://github.com/CopiousHighlights/football-transfer-market-analysis
historical-196,historical,196,,Georginio Rutter,Leeds,Brighton,2024-08-19,46700000,EUR,22,Striker / mixed forward,7.6,Assistant draft,"Creation and versatility support value, with the substantial price and mixed role keeping the assessment cautious.",Editorial assessment; transfer facts from workbook. Detailed comparable production and availability not fully verified. User concerns are attributed opinions.,Workbook quote,Low,https://github.com/CopiousHighlights/football-transfer-market-analysis
summer-S26-0021,summer,14,S26-0021,Emmanuel Emegha,Strasbourg,Chelsea,2026-06-01,21600000,GBP,,Forward — striker role unverified,,Evidence needed,"Reported fee available; verify striker role, production, age, availability and transfer before assigning a score.",Broad Forward label only; not a certified striker cohort. No comparable production supplied for this deal.,Reported fee,Not assessed,https://www.theguardian.com/football/ng-interactive/2026/sep/01/mens-transfer-window-summer-2026-all-deals-from-europes-top-five-leagues
summer-S26-0028,summer,21,S26-0028,Kingstone Mutandwa,SV Ried,Cagliari,2026-06-05,,GBP,,Forward — striker role unverified,,Evidence needed,Undisclosed fee: cannot assess fee versus worth.,Broad Forward label only; not a certified striker cohort. No comparable production supplied for this deal.,Undisclosed,Not assessed,https://www.theguardian.com/football/ng-interactive/2026/sep/01/mens-transfer-window-summer-2026-all-deals-from-europes-top-five-leagues
summer-S26-0031,summer,24,S26-0031,Raúl Jiménez,Fulham,Wolverhampton Wanderers,2026-06-09,,GBP,,Forward — striker role unverified,,Evidence needed,Free base fee excludes wages and other costs; role and production evidence needed.,Broad Forward label only; not a certified striker cohort. No comparable production supplied for this deal.,Free transfer,Not assessed,https://www.theguardian.com/football/ng-interactive/2026/sep/01/mens-transfer-window-summer-2026-all-deals-from-europes-top-five-leagues
summer-S26-0032,summer,25,S26-0032,Rasmus Højlund,Manchester United,Napoli,2026-06-03,43200000,GBP,,Forward — striker role unverified,,Evidence needed,"Reported fee available; verify striker role, production, age, availability and transfer before assigning a score.",Broad Forward label only; not a certified striker cohort. No comparable production supplied for this deal.,Reported fee,Not assessed,https://www.theguardian.com/football/ng-interactive/2026/sep/01/mens-transfer-window-summer-2026-all-deals-from-europes-top-five-leagues
summer-S26-0033,summer,26,S26-0033,Donyell Malen,Aston Villa,Roma,2026-05-26,21600000,GBP,,Forward — striker role unverified,,Evidence needed,"Reported fee available; verify striker role, production, age, availability and transfer before assigning a score.",Broad Forward label only; not a certified striker cohort. No comparable production supplied for this deal.,Reported fee,Not assessed,https://www.theguardian.com/football/ng-interactive/2026/sep/01/mens-transfer-window-summer-2026-all-deals-from-europes-top-five-leagues
summer-S26-0042,summer,35,S26-0042,Isac Lidberg,Darmstadt,Borussia Mönchengladbach,2026-06-09,3000000,GBP,,Forward — striker role unverified,,Evidence needed,"Reported fee available; verify striker role, production, age, availability and transfer before assigning a score.",Broad Forward label only; not a certified striker cohort. No comparable production supplied for this deal.,Reported fee,Not assessed,https://www.theguardian.com/football/ng-interactive/2026/sep/01/mens-transfer-window-summer-2026-all-deals-from-europes-top-five-leagues
summer-S26-0052,summer,45,S26-0052,Hamza Abdelkarim,Al Ahly,Barcelona,2026-06-10,1300000,GBP,,Forward — striker role unverified,,Evidence needed,"Reported fee available; verify striker role, production, age, availability and transfer before assigning a score.",Broad Forward label only; not a certified striker cohort. No comparable production supplied for this deal.,Reported fee,Not assessed,https://www.theguardian.com/football/ng-interactive/2026/sep/01/mens-transfer-window-summer-2026-all-deals-from-europes-top-five-leagues
summer-S26-0053,summer,46,S26-0053,Keisuke Goto,Anderlecht,Freiburg,2026-06-11,11200000,GBP,,Forward — striker role unverified,,Evidence needed,"Reported fee available; verify striker role, production, age, availability and transfer before assigning a score.",Broad Forward label only; not a certified striker cohort. No comparable production supplied for this deal.,Reported fee,Not assessed,https://www.theguardian.com/football/ng-interactive/2026/sep/01/mens-transfer-window-summer-2026-all-deals-from-europes-top-five-leagues
summer-S26-0056,summer,49,S26-0056,Shio Fukuda,Borussia Mönchengladbach,Karlsruhe,2026-06-11,600000,GBP,,Forward — striker role unverified,,Evidence needed,"Reported fee available; verify striker role, production, age, availability and transfer before assigning a score.",Broad Forward label only; not a certified striker cohort. No comparable production supplied for this deal.,Reported fee,Not assessed,https://www.theguardian.com/football/ng-interactive/2026/sep/01/mens-transfer-window-summer-2026-all-deals-from-europes-top-five-leagues
summer-S26-0058,summer,51,S26-0058,Junior Adamu,Freiburg,Schalke 04,2026-06-11,700000,GBP,,Forward — striker role unverified,,Evidence needed,"Reported fee available; verify striker role, production, age, availability and transfer before assigning a score.",Broad Forward label only; not a certified striker cohort. No comparable production supplied for this deal.,Reported fee,Not assessed,https://www.theguardian.com/football/ng-interactive/2026/sep/01/mens-transfer-window-summer-2026-all-deals-from-europes-top-five-leagues
summer-S26-0059,summer,52,S26-0059,Michael Gregoritsch,Brøndby,Augsburg,2026-06-12,,GBP,,Forward — striker role unverified,,Evidence needed,Undisclosed fee: cannot assess fee versus worth.,Broad Forward label only; not a certified striker cohort. No comparable production supplied for this deal.,Undisclosed,Not assessed,https://www.theguardian.com/football/ng-interactive/2026/sep/01/mens-transfer-window-summer-2026-all-deals-from-europes-top-five-leagues
summer-S26-0063,summer,56,S26-0063,André Silva,Elche,Porto,2026-06-12,,GBP,,Forward — striker role unverified,,Evidence needed,Free base fee excludes wages and other costs; role and production evidence needed.,Broad Forward label only; not a certified striker cohort. No comparable production supplied for this deal.,Free transfer,Not assessed,https://www.theguardian.com/football/ng-interactive/2026/sep/01/mens-transfer-window-summer-2026-all-deals-from-europes-top-five-leagues
summer-S26-0064,summer,57,S26-0064,Olly Sanderson,Fulham,Stevenage,2026-06-13,,GBP,,Forward — striker role unverified,,Evidence needed,Undisclosed fee: cannot assess fee versus worth.,Broad Forward label only; not a certified striker cohort. No comparable production supplied for this deal.,Undisclosed,Not assessed,https://www.theguardian.com/football/ng-interactive/2026/sep/01/mens-transfer-window-summer-2026-all-deals-from-europes-top-five-leagues
summer-S26-0077,summer,70,S26-0077,Francesco Camarda,Milan,Lecce,2026-06-16,2600000,GBP,,Forward — striker role unverified,,Evidence needed,"Reported fee available; verify striker role, production, age, availability and transfer before assigning a score.",Broad Forward label only; not a certified striker cohort. No comparable production supplied for this deal.,Reported fee,Not assessed,https://www.theguardian.com/football/ng-interactive/2026/sep/01/mens-transfer-window-summer-2026-all-deals-from-europes-top-five-leagues
summer-S26-0092,summer,85,S26-0092,Chaka Traorè,Milan,Partizan Belgrade,2026-06-18,,GBP,,Forward — striker role unverified,,Evidence needed,Undisclosed fee: cannot assess fee versus worth.,Broad Forward label only; not a certified striker cohort. No comparable production supplied for this deal.,Undisclosed,Not assessed,https://www.theguardian.com/football/ng-interactive/2026/sep/01/mens-transfer-window-summer-2026-all-deals-from-europes-top-five-leagues
summer-S26-0094,summer,87,S26-0094,Víctor Muñoz,Osasuna,Liverpool,2026-06-18,34500000,GBP,,Forward — striker role unverified,,Evidence needed,"Reported fee available; verify striker role, production, age, availability and transfer before assigning a score.",Broad Forward label only; not a certified striker cohort. No comparable production supplied for this deal.,Reported fee,Not assessed,https://www.theguardian.com/football/ng-interactive/2026/sep/01/mens-transfer-window-summer-2026-all-deals-from-europes-top-five-leagues
summer-S26-0109,summer,101,S26-0109,Jimmy-Jay Morgan,Chelsea,West Bromwich Albion,2026-06-18,4000000,GBP,,Forward — striker role unverified,,Evidence needed,"Reported fee available; verify striker role, production, age, availability and transfer before assigning a score.",Broad Forward label only; not a certified striker cohort. No comparable production supplied for this deal.,Reported fee,Not assessed,https://www.theguardian.com/football/ng-interactive/2026/sep/01/mens-transfer-window-summer-2026-all-deals-from-europes-top-five-leagues
summer-S26-0110,summer,102,S26-0110,Cedric Itten,Fortuna Düsseldorf,Werder Bremen,2026-06-21,,GBP,,Forward — striker role unverified,,Evidence needed,Free base fee excludes wages and other costs; role and production evidence needed.,Broad Forward label only; not a certified striker cohort. No comparable production supplied for this deal.,Free transfer,Not assessed,https://www.theguardian.com/football/ng-interactive/2026/sep/01/mens-transfer-window-summer-2026-all-deals-from-europes-top-five-leagues
summer-S26-0118,summer,109,S26-0118,Chuba Akpom,Ajax,Ipswich Town,2026-05-05,7000000,GBP,,Forward — striker role unverified,,Evidence needed,"Reported fee available; verify striker role, production, age, availability and transfer before assigning a score.",Broad Forward label only; not a certified striker cohort. No comparable production supplied for this deal.,Reported fee,Not assessed,https://www.theguardian.com/football/ng-interactive/2026/sep/01/mens-transfer-window-summer-2026-all-deals-from-europes-top-five-leagues
summer-S26-0124,summer,114,S26-0124,Robert Glatzel,Hamburg,Wolfsburg,2026-06-23,1300000,GBP,,Forward — striker role unverified,,Evidence needed,"Reported fee available; verify striker role, production, age, availability and transfer before assigning a score.",Broad Forward label only; not a certified striker cohort. No comparable production supplied for this deal.,Reported fee,Not assessed,https://www.theguardian.com/football/ng-interactive/2026/sep/01/mens-transfer-window-summer-2026-all-deals-from-europes-top-five-leagues
summer-S26-0127,summer,117,S26-0127,Pierre Mounguengue,Paris Saint-Germain,Dynamo Kyiv,2026-06-24,,GBP,,Forward — striker role unverified,,Evidence needed,Free base fee excludes wages and other costs; role and production evidence needed.,Broad Forward label only; not a certified striker cohort. No comparable production supplied for this deal.,Free transfer,Not assessed,https://www.theguardian.com/football/ng-interactive/2026/sep/01/mens-transfer-window-summer-2026-all-deals-from-europes-top-five-leagues
summer-S26-0129,summer,119,S26-0129,Ilyes Housni,Paris Saint-Germain,Nancy,2026-06-24,,GBP,,Forward — striker role unverified,,Evidence needed,Free base fee excludes wages and other costs; role and production evidence needed.,Broad Forward label only; not a certified striker cohort. No comparable production supplied for this deal.,Free transfer,Not assessed,https://www.theguardian.com/football/ng-interactive/2026/sep/01/mens-transfer-window-summer-2026-all-deals-from-europes-top-five-leagues
summer-S26-0138,summer,127,S26-0138,Frankie Okoronkwo,Everton,Doncaster,2026-06-26,,GBP,,Forward — striker role unverified,,Evidence needed,Free base fee excludes wages and other costs; role and production evidence needed.,Broad Forward label only; not a certified striker cohort. No comparable production supplied for this deal.,Free transfer,Not assessed,https://www.theguardian.com/football/ng-interactive/2026/sep/01/mens-transfer-window-summer-2026-all-deals-from-europes-top-five-leagues
summer-S26-0145,summer,133,S26-0145,Alejo Véliz,Tottenham Hotspur,Bahia,2026-06-26,7800000,GBP,,Forward — striker role unverified,,Evidence needed,"Reported fee available; verify striker role, production, age, availability and transfer before assigning a score.",Broad Forward label only; not a certified striker cohort. No comparable production supplied for this deal.,Reported fee,Not assessed,https://www.theguardian.com/football/ng-interactive/2026/sep/01/mens-transfer-window-summer-2026-all-deals-from-europes-top-five-leagues
summer-S26-0146,summer,134,S26-0146,Jonah Kusi-Asare,Bayern Munich,Fulham,2026-06-27,5200000,GBP,,Forward — striker role unverified,,Evidence needed,"Reported fee available; verify striker role, production, age, availability and transfer before assigning a score.",Broad Forward label only; not a certified striker cohort. No comparable production supplied for this deal.,Reported fee,Not assessed,https://www.theguardian.com/football/ng-interactive/2026/sep/01/mens-transfer-window-summer-2026-all-deals-from-europes-top-five-leagues
summer-S26-0147,summer,135,S26-0147,Alexander Staff,Eintracht Frankfurt,Saarbrücken,2026-06-27,,GBP,,Forward — striker role unverified,,Evidence needed,Loan/swap terms and buyer-specific production evidence needed.,Broad Forward label only; not a certified striker cohort. No comparable production supplied for this deal.,Loan fee not stated,Not assessed,https://www.theguardian.com/football/ng-interactive/2026/sep/01/mens-transfer-window-summer-2026-all-deals-from-europes-top-five-leagues
summer-S26-0159,summer,146,S26-0159,Gonçalo Ramos,Paris Saint-Germain,Milan,2026-06-30,60200000,GBP,,Forward — striker role unverified,,Evidence needed,"Reported fee available; verify striker role, production, age, availability and transfer before assigning a score.",Broad Forward label only; not a certified striker cohort. No comparable production supplied for this deal.,Reported fee,Not assessed,https://www.theguardian.com/football/ng-interactive/2026/sep/01/mens-transfer-window-summer-2026-all-deals-from-europes-top-five-leagues
summer-S26-0162,summer,149,S26-0162,Peter Remmert,Schalke 04,Duisburg,2026-06-30,,GBP,,Forward — striker role unverified,,Evidence needed,Loan/swap terms and buyer-specific production evidence needed.,Broad Forward label only; not a certified striker cohort. No comparable production supplied for this deal.,Loan fee not stated,Not assessed,https://www.theguardian.com/football/ng-interactive/2026/sep/01/mens-transfer-window-summer-2026-all-deals-from-europes-top-five-leagues
summer-S26-0168,summer,155,S26-0168,Ismael Saibari,PSV Eindhoven,Bayern Munich,2026-07-01,43000000,GBP,,Forward — striker role unverified,,Evidence needed,"Reported fee available; verify striker role, production, age, availability and transfer before assigning a score.",Broad Forward label only; not a certified striker cohort. No comparable production supplied for this deal.,Reported fee,Not assessed,https://www.theguardian.com/football/ng-interactive/2026/sep/01/mens-transfer-window-summer-2026-all-deals-from-europes-top-five-leagues
summer-S26-0171,summer,158,S26-0171,Jeff Ekhator,Genoa,Juventus,2026-07-01,14100000,GBP,,Forward — striker role unverified,,Evidence needed,"Reported fee available; verify striker role, production, age, availability and transfer before assigning a score.",Broad Forward label only; not a certified striker cohort. No comparable production supplied for this deal.,Reported fee,Not assessed,https://www.theguardian.com/football/ng-interactive/2026/sep/01/mens-transfer-window-summer-2026-all-deals-from-europes-top-five-leagues
summer-S26-0173,summer,160,S26-0173,Nazariy Rusyn,Sunderland,Karpaty Lviv,2026-07-01,,GBP,,Forward — striker role unverified,,Evidence needed,Free base fee excludes wages and other costs; role and production evidence needed.,Broad Forward label only; not a certified striker cohort. No comparable production supplied for this deal.,Free transfer,Not assessed,https://www.theguardian.com/football/ng-interactive/2026/sep/01/mens-transfer-window-summer-2026-all-deals-from-europes-top-five-leagues
summer-S26-0183,summer,170,S26-0183,Robert Lewandowski,Barcelona,Chicago Fire,2026-06-29,,GBP,,Forward — striker role unverified,,Evidence needed,Free base fee excludes wages and other costs; role and production evidence needed.,Broad Forward label only; not a certified striker cohort. No comparable production supplied for this deal.,Free transfer,Not assessed,https://www.theguardian.com/football/ng-interactive/2026/sep/01/mens-transfer-window-summer-2026-all-deals-from-europes-top-five-leagues
summer-S26-0199,summer,185,S26-0199,Jan Urbich,Borussia Mönchengladbach,Eintracht Braunschweig,2026-06-11,,GBP,,Forward — striker role unverified,,Evidence needed,Loan/swap terms and buyer-specific production evidence needed.,Broad Forward label only; not a certified striker cohort. No comparable production supplied for this deal.,Loan fee not stated,Not assessed,https://www.theguardian.com/football/ng-interactive/2026/sep/01/mens-transfer-window-summer-2026-all-deals-from-europes-top-five-leagues
summer-S26-0206,summer,191,S26-0206,Lucas Copado,Paderborn,Energie Cottbus,2026-07-02,,GBP,,Forward — striker role unverified,,Evidence needed,Undisclosed fee: cannot assess fee versus worth.,Broad Forward label only; not a certified striker cohort. No comparable production supplied for this deal.,Undisclosed,Not assessed,https://www.theguardian.com/football/ng-interactive/2026/sep/01/mens-transfer-window-summer-2026-all-deals-from-europes-top-five-leagues
summer-S26-0207,summer,192,S26-0207,Lucas Beltrán,Fiorentina,River Plate,2026-07-02,,GBP,,Forward — striker role unverified,,Evidence needed,Loan/swap terms and buyer-specific production evidence needed.,Broad Forward label only; not a certified striker cohort. No comparable production supplied for this deal.,Loan fee not stated,Not assessed,https://www.theguardian.com/football/ng-interactive/2026/sep/01/mens-transfer-window-summer-2026-all-deals-from-europes-top-five-leagues
summer-S26-0208,summer,193,S26-0208,Julien Duranville,Borussia Dortmund,Lyon,2026-07-02,4300000,GBP,,Forward — striker role unverified,,Evidence needed,"Reported fee available; verify striker role, production, age, availability and transfer before assigning a score.",Broad Forward label only; not a certified striker cohort. No comparable production supplied for this deal.,Reported fee,Not assessed,https://www.theguardian.com/football/ng-interactive/2026/sep/01/mens-transfer-window-summer-2026-all-deals-from-europes-top-five-leagues
summer-S26-0228,summer,213,S26-0228,Danny Namaso,Porto,Auxerre,2026-07-02,4300000,GBP,,Forward — striker role unverified,,Evidence needed,"Reported fee available; verify striker role, production, age, availability and transfer before assigning a score.",Broad Forward label only; not a certified striker cohort. No comparable production supplied for this deal.,Reported fee,Not assessed,https://www.theguardian.com/football/ng-interactive/2026/sep/01/mens-transfer-window-summer-2026-all-deals-from-europes-top-five-leagues
summer-S26-0229,summer,214,S26-0229,Víctor Barberá,Barcelona,Real Valladolid,2026-07-01,,GBP,,Forward — striker role unverified,,Evidence needed,Free base fee excludes wages and other costs; role and production evidence needed.,Broad Forward label only; not a certified striker cohort. No comparable production supplied for this deal.,Free transfer,Not assessed,https://www.theguardian.com/football/ng-interactive/2026/sep/01/mens-transfer-window-summer-2026-all-deals-from-europes-top-five-leagues
summer-S26-0237,summer,222,S26-0237,Usman Simbakoli,RWDM Brussels,Angers,2026-07-03,200000,GBP,,Forward — striker role unverified,,Evidence needed,"Reported fee available; verify striker role, production, age, availability and transfer before assigning a score.",Broad Forward label only; not a certified striker cohort. No comparable production supplied for this deal.,Reported fee,Not assessed,https://www.theguardian.com/football/ng-interactive/2026/sep/01/mens-transfer-window-summer-2026-all-deals-from-europes-top-five-leagues
summer-S26-0246,summer,231,S26-0246,Hindolo Mustapha,Crystal Palace,Wigan Athletic,2026-07-04,,GBP,,Forward — striker role unverified,,Evidence needed,Loan/swap terms and buyer-specific production evidence needed.,Broad Forward label only; not a certified striker cohort. No comparable production supplied for this deal.,Loan fee not stated,Not assessed,https://www.theguardian.com/football/ng-interactive/2026/sep/01/mens-transfer-window-summer-2026-all-deals-from-europes-top-five-leagues
summer-S26-0253,summer,237,S26-0253,Eliezer Mayenda,Sunderland,Rennes,2026-07-06,17100000,GBP,,Forward — striker role unverified,,Evidence needed,"Reported fee available; verify striker role, production, age, availability and transfer before assigning a score.",Broad Forward label only; not a certified striker cohort. No comparable production supplied for this deal.,Reported fee,Not assessed,https://www.theguardian.com/football/ng-interactive/2026/sep/01/mens-transfer-window-summer-2026-all-deals-from-europes-top-five-leagues
summer-S26-0268,summer,252,S26-0268,Sambou Soumano,Lorient,Reims,2026-07-07,,GBP,,Forward — striker role unverified,,Evidence needed,Free base fee excludes wages and other costs; role and production evidence needed.,Broad Forward label only; not a certified striker cohort. No comparable production supplied for this deal.,Free transfer,Not assessed,https://www.theguardian.com/football/ng-interactive/2026/sep/01/mens-transfer-window-summer-2026-all-deals-from-europes-top-five-leagues
summer-S26-0269,summer,253,S26-0269,Harry Gray,Leeds United,Sheffield Wednesday,2026-07-07,,GBP,,Forward — striker role unverified,,Evidence needed,Loan/swap terms and buyer-specific production evidence needed.,Broad Forward label only; not a certified striker cohort. No comparable production supplied for this deal.,Loan fee not stated,Not assessed,https://www.theguardian.com/football/ng-interactive/2026/sep/01/mens-transfer-window-summer-2026-all-deals-from-europes-top-five-leagues
summer-S26-0275,summer,259,S26-0275,Emersonn,Toulouse,Ipswich Town,2026-07-08,24000000,GBP,,Forward — striker role unverified,,Evidence needed,"Reported fee available; verify striker role, production, age, availability and transfer before assigning a score.",Broad Forward label only; not a certified striker cohort. No comparable production supplied for this deal.,Reported fee,Not assessed,https://www.theguardian.com/football/ng-interactive/2026/sep/01/mens-transfer-window-summer-2026-all-deals-from-europes-top-five-leagues
summer-S26-0278,summer,262,S26-0278,Romelle Donovan,Brentford,Sheffield United,2026-07-08,,GBP,,Forward — striker role unverified,,Evidence needed,Loan/swap terms and buyer-specific production evidence needed.,Broad Forward label only; not a certified striker cohort. No comparable production supplied for this deal.,Loan fee not stated,Not assessed,https://www.theguardian.com/football/ng-interactive/2026/sep/01/mens-transfer-window-summer-2026-all-deals-from-europes-top-five-leagues
summer-S26-0287,summer,271,S26-0287,Omar Sadik,Espanyol,Ceuta,2026-07-08,,GBP,,Forward — striker role unverified,,Evidence needed,Loan/swap terms and buyer-specific production evidence needed.,Broad Forward label only; not a certified striker cohort. No comparable production supplied for this deal.,Loan fee not stated,Not assessed,https://www.theguardian.com/football/ng-interactive/2026/sep/01/mens-transfer-window-summer-2026-all-deals-from-europes-top-five-leagues
summer-S26-0294,summer,278,S26-0294,Callum Wilson,West Ham United,Brentford,2026-07-09,,GBP,,Forward — striker role unverified,,Evidence needed,Free base fee excludes wages and other costs; role and production evidence needed.,Broad Forward label only; not a certified striker cohort. No comparable production supplied for this deal.,Free transfer,Not assessed,https://www.theguardian.com/football/ng-interactive/2026/sep/01/mens-transfer-window-summer-2026-all-deals-from-europes-top-five-leagues
summer-S26-0303,summer,287,S26-0303,Jota Silva,Nottingham Forest,Olympiakos,2026-07-09,,GBP,,Forward — striker role unverified,,Evidence needed,Loan/swap terms and buyer-specific production evidence needed.,Broad Forward label only; not a certified striker cohort. No comparable production supplied for this deal.,Loan fee not stated,Not assessed,https://www.theguardian.com/football/ng-interactive/2026/sep/01/mens-transfer-window-summer-2026-all-deals-from-europes-top-five-leagues
summer-S26-0306,summer,290,S26-0306,Albion Rrahmani,Sparta Prague,Venezia,2026-07-09,6400000,GBP,,Forward — striker role unverified,,Evidence needed,"Reported fee available; verify striker role, production, age, availability and transfer before assigning a score.",Broad Forward label only; not a certified striker cohort. No comparable production supplied for this deal.,Reported fee,Not assessed,https://www.theguardian.com/football/ng-interactive/2026/sep/01/mens-transfer-window-summer-2026-all-deals-from-europes-top-five-leagues
summer-S26-0307,summer,291,S26-0307,Kyle Joseph,Hull City,Middlesbrough,2026-07-10,,GBP,,Forward — striker role unverified,,Evidence needed,Undisclosed fee: cannot assess fee versus worth.,Broad Forward label only; not a certified striker cohort. No comparable production supplied for this deal.,Undisclosed,Not assessed,https://www.theguardian.com/football/ng-interactive/2026/sep/01/mens-transfer-window-summer-2026-all-deals-from-europes-top-five-leagues
summer-S26-0317,summer,301,S26-0317,Elias Havel,TSV Hartberg,Genoa,2026-07-10,1700000,GBP,,Forward — striker role unverified,,Evidence needed,"Reported fee available; verify striker role, production, age, availability and transfer before assigning a score.",Broad Forward label only; not a certified striker cohort. No comparable production supplied for this deal.,Reported fee,Not assessed,https://www.theguardian.com/football/ng-interactive/2026/sep/01/mens-transfer-window-summer-2026-all-deals-from-europes-top-five-leagues
summer-S26-0322,summer,306,S26-0322,Tommaso Rubino,Fiorentina,Carrarese,2026-07-10,,GBP,,Forward — striker role unverified,,Evidence needed,Loan/swap terms and buyer-specific production evidence needed.,Broad Forward label only; not a certified striker cohort. No comparable production supplied for this deal.,Loan fee not stated,Not assessed,https://www.theguardian.com/football/ng-interactive/2026/sep/01/mens-transfer-window-summer-2026-all-deals-from-europes-top-five-leagues
summer-S26-0325,summer,309,S26-0325,Giacomo Marconi,Parma,Carrarese,2026-07-10,,GBP,,Forward — striker role unverified,,Evidence needed,Loan/swap terms and buyer-specific production evidence needed.,Broad Forward label only; not a certified striker cohort. No comparable production supplied for this deal.,Loan fee not stated,Not assessed,https://www.theguardian.com/football/ng-interactive/2026/sep/01/mens-transfer-window-summer-2026-all-deals-from-europes-top-five-leagues
summer-S26-0334,summer,318,S26-0334,Haris Tabakovic,Hoffenheim,Red Bull Salzburg,2026-07-11,4300000,GBP,,Forward — striker role unverified,,Evidence needed,"Reported fee available; verify striker role, production, age, availability and transfer before assigning a score.",Broad Forward label only; not a certified striker cohort. No comparable production supplied for this deal.,Reported fee,Not assessed,https://www.theguardian.com/football/ng-interactive/2026/sep/01/mens-transfer-window-summer-2026-all-deals-from-europes-top-five-leagues
summer-S26-0341,summer,325,S26-0341,Urko Izeta,Athletic Club,Cádiz,2026-07-11,,GBP,,Forward — striker role unverified,,Evidence needed,Undisclosed fee: cannot assess fee versus worth.,Broad Forward label only; not a certified striker cohort. No comparable production supplied for this deal.,Undisclosed,Not assessed,https://www.theguardian.com/football/ng-interactive/2026/sep/01/mens-transfer-window-summer-2026-all-deals-from-europes-top-five-leagues
summer-S26-0345,summer,329,S26-0345,Louis Mafouta,Guingamp,Le Mans,2026-07-11,,GBP,,Forward — striker role unverified,,Evidence needed,Undisclosed fee: cannot assess fee versus worth.,Broad Forward label only; not a certified striker cohort. No comparable production supplied for this deal.,Undisclosed,Not assessed,https://www.theguardian.com/football/ng-interactive/2026/sep/01/mens-transfer-window-summer-2026-all-deals-from-europes-top-five-leagues
summer-S26-0356,summer,340,S26-0356,Rodrigo Ribeiro,Sporting,Augsburg,2026-05-27,4300000,GBP,,Forward — striker role unverified,,Evidence needed,"Reported fee available; verify striker role, production, age, availability and transfer before assigning a score.",Broad Forward label only; not a certified striker cohort. No comparable production supplied for this deal.,Reported fee,Not assessed,https://www.theguardian.com/football/ng-interactive/2026/sep/01/mens-transfer-window-summer-2026-all-deals-from-europes-top-five-leagues
summer-S26-0364,summer,348,S26-0364,Antoine Griezmann,Atlético Madrid,Orlando City,2026-07-08,,GBP,,Forward — striker role unverified,,Evidence needed,Free base fee excludes wages and other costs; role and production evidence needed.,Broad Forward label only; not a certified striker cohort. No comparable production supplied for this deal.,Free transfer,Not assessed,https://www.theguardian.com/football/ng-interactive/2026/sep/01/mens-transfer-window-summer-2026-all-deals-from-europes-top-five-leagues
summer-S26-0366,summer,350,S26-0366,Matteo Spinaccè,Inter,Mantova,2026-07-13,,GBP,,Forward — striker role unverified,,Evidence needed,Loan/swap terms and buyer-specific production evidence needed.,Broad Forward label only; not a certified striker cohort. No comparable production supplied for this deal.,Loan fee not stated,Not assessed,https://www.theguardian.com/football/ng-interactive/2026/sep/01/mens-transfer-window-summer-2026-all-deals-from-europes-top-five-leagues
summer-S26-0372,summer,356,S26-0372,Moustapha Cissé,Atalanta,Carrarese,2026-07-13,,GBP,,Forward — striker role unverified,,Evidence needed,Loan/swap terms and buyer-specific production evidence needed.,Broad Forward label only; not a certified striker cohort. No comparable production supplied for this deal.,Loan fee not stated,Not assessed,https://www.theguardian.com/football/ng-interactive/2026/sep/01/mens-transfer-window-summer-2026-all-deals-from-europes-top-five-leagues
summer-S26-0381,summer,365,S26-0381,Álvaro Rodríguez,Elche,Bournemouth,2026-07-14,21300000,GBP,,Forward — striker role unverified,,Evidence needed,"Reported fee available; verify striker role, production, age, availability and transfer before assigning a score.",Broad Forward label only; not a certified striker cohort. No comparable production supplied for this deal.,Reported fee,Not assessed,https://www.theguardian.com/football/ng-interactive/2026/sep/01/mens-transfer-window-summer-2026-all-deals-from-europes-top-five-leagues
summer-S26-0388,summer,372,S26-0388,Ismaël Konaté,Empoli,Juventus,2026-07-15,,GBP,,Forward — striker role unverified,,Evidence needed,Undisclosed fee: cannot assess fee versus worth.,Broad Forward label only; not a certified striker cohort. No comparable production supplied for this deal.,Undisclosed,Not assessed,https://www.theguardian.com/football/ng-interactive/2026/sep/01/mens-transfer-window-summer-2026-all-deals-from-europes-top-five-leagues
summer-S26-0389,summer,373,S26-0389,Lewis Dobbin,Aston Villa,Southampton,2026-07-15,9000000,GBP,,Forward — striker role unverified,,Evidence needed,"Reported fee available; verify striker role, production, age, availability and transfer before assigning a score.",Broad Forward label only; not a certified striker cohort. No comparable production supplied for this deal.,Reported fee,Not assessed,https://www.theguardian.com/football/ng-interactive/2026/sep/01/mens-transfer-window-summer-2026-all-deals-from-europes-top-five-leagues
summer-S26-0391,summer,375,S26-0391,Mason Greenwood,Marseille,Fenerbahce,2026-07-15,33000000,GBP,,Forward — striker role unverified,,Evidence needed,"Reported fee available; verify striker role, production, age, availability and transfer before assigning a score.",Broad Forward label only; not a certified striker cohort. No comparable production supplied for this deal.,Reported fee,Not assessed,https://www.theguardian.com/football/ng-interactive/2026/sep/01/mens-transfer-window-summer-2026-all-deals-from-europes-top-five-leagues
summer-S26-0396,summer,380,S26-0396,Maat Daniel Caprini,Fiorentina,Cesena,2026-07-14,,GBP,,Forward — striker role unverified,,Evidence needed,Loan/swap terms and buyer-specific production evidence needed.,Broad Forward label only; not a certified striker cohort. No comparable production supplied for this deal.,Loan fee not stated,Not assessed,https://www.theguardian.com/football/ng-interactive/2026/sep/01/mens-transfer-window-summer-2026-all-deals-from-europes-top-five-leagues
summer-S26-0398,summer,382,S26-0398,Leandro Trossard,Arsenal,Besiktas,2026-07-15,15300000,GBP,,Forward — striker role unverified,,Evidence needed,"Reported fee available; verify striker role, production, age, availability and transfer before assigning a score.",Broad Forward label only; not a certified striker cohort. No comparable production supplied for this deal.,Reported fee,Not assessed,https://www.theguardian.com/football/ng-interactive/2026/sep/01/mens-transfer-window-summer-2026-all-deals-from-europes-top-five-leagues
summer-S26-0408,summer,392,S26-0408,Goduine Koyalipou,Lens,KV Kortrijk,2026-07-16,,GBP,,Forward — striker role unverified,,Evidence needed,Loan/swap terms and buyer-specific production evidence needed.,Broad Forward label only; not a certified striker cohort. No comparable production supplied for this deal.,Loan fee not stated,Not assessed,https://www.theguardian.com/football/ng-interactive/2026/sep/01/mens-transfer-window-summer-2026-all-deals-from-europes-top-five-leagues
summer-S26-0417,summer,401,S26-0417,Conor Chaplin,Ipswich Town,Leicester City,2026-07-16,,GBP,,Forward — striker role unverified,,Evidence needed,Free base fee excludes wages and other costs; role and production evidence needed.,Broad Forward label only; not a certified striker cohort. No comparable production supplied for this deal.,Free transfer,Not assessed,https://www.theguardian.com/football/ng-interactive/2026/sep/01/mens-transfer-window-summer-2026-all-deals-from-europes-top-five-leagues
summer-S26-0433,summer,417,S26-0433,Nelson Weiper,Mainz 05,Sturm Graz,2026-07-17,,GBP,,Forward — striker role unverified,,Evidence needed,Loan/swap terms and buyer-specific production evidence needed.,Broad Forward label only; not a certified striker cohort. No comparable production supplied for this deal.,Loan fee not stated,Not assessed,https://www.theguardian.com/football/ng-interactive/2026/sep/01/mens-transfer-window-summer-2026-all-deals-from-europes-top-five-leagues
summer-S26-0435,summer,419,S26-0435,Reigan Heskey,Manchester City,Cologne,2026-07-17,2000000,GBP,,Forward — striker role unverified,,Evidence needed,"Reported fee available; verify striker role, production, age, availability and transfer before assigning a score.",Broad Forward label only; not a certified striker cohort. No comparable production supplied for this deal.,Reported fee,Not assessed,https://www.theguardian.com/football/ng-interactive/2026/sep/01/mens-transfer-window-summer-2026-all-deals-from-europes-top-five-leagues
summer-S26-0437,summer,421,S26-0437,Grant-Leon Ranos,Borussia Mönchengladbach,CD Tenerife,2026-07-17,,GBP,,Forward — striker role unverified,,Evidence needed,Undisclosed fee: cannot assess fee versus worth.,Broad Forward label only; not a certified striker cohort. No comparable production supplied for this deal.,Undisclosed,Not assessed,https://www.theguardian.com/football/ng-interactive/2026/sep/01/mens-transfer-window-summer-2026-all-deals-from-europes-top-five-leagues
summer-S26-0440,summer,424,S26-0440,Pierre-Emerick Aubameyang,Marseille,Deportivo La Coruña,2026-07-16,1300000,GBP,,Forward — striker role unverified,,Evidence needed,"Reported fee available; verify striker role, production, age, availability and transfer before assigning a score.",Broad Forward label only; not a certified striker cohort. No comparable production supplied for this deal.,Reported fee,Not assessed,https://www.theguardian.com/football/ng-interactive/2026/sep/01/mens-transfer-window-summer-2026-all-deals-from-europes-top-five-leagues
summer-S26-0444,summer,428,S26-0444,Erencan Yardimci,Hoffenheim,Kaiserslautern,2026-07-18,,GBP,,Forward — striker role unverified,,Evidence needed,Loan/swap terms and buyer-specific production evidence needed.,Broad Forward label only; not a certified striker cohort. No comparable production supplied for this deal.,Loan fee not stated,Not assessed,https://www.theguardian.com/football/ng-interactive/2026/sep/01/mens-transfer-window-summer-2026-all-deals-from-europes-top-five-leagues
summer-S26-0450,summer,433,S26-0450,Aleksa Damjanovic,Red Star Belgrade,Bayer Leverkusen,2026-02-13,,GBP,,Forward — striker role unverified,,Evidence needed,Undisclosed fee: cannot assess fee versus worth.,Broad Forward label only; not a certified striker cohort. No comparable production supplied for this deal.,Undisclosed,Not assessed,https://www.theguardian.com/football/ng-interactive/2026/sep/01/mens-transfer-window-summer-2026-all-deals-from-europes-top-five-leagues
summer-S26-0455,summer,438,S26-0455,Filip Marchwinski,Lecce,Cracovia,2026-07-18,,GBP,,Forward — striker role unverified,,Evidence needed,Loan/swap terms and buyer-specific production evidence needed.,Broad Forward label only; not a certified striker cohort. No comparable production supplied for this deal.,Loan fee not stated,Not assessed,https://www.theguardian.com/football/ng-interactive/2026/sep/01/mens-transfer-window-summer-2026-all-deals-from-europes-top-five-leagues
summer-S26-0468,summer,450,S26-0468,Matty Warhurst,Manchester City,Northampton,2026-07-21,,GBP,,Forward — striker role unverified,,Evidence needed,Undisclosed fee: cannot assess fee versus worth.,Broad Forward label only; not a certified striker cohort. No comparable production supplied for this deal.,Undisclosed,Not assessed,https://www.theguardian.com/football/ng-interactive/2026/sep/01/mens-transfer-window-summer-2026-all-deals-from-europes-top-five-leagues
summer-S26-0469,summer,451,S26-0469,Lassine Sinayoko,Auxerre,Paris FC,2026-07-21,6820000,GBP,,Forward — striker role unverified,,Evidence needed,"Reported fee available; verify striker role, production, age, availability and transfer before assigning a score.",Broad Forward label only; not a certified striker cohort. No comparable production supplied for this deal.,Reported fee,Not assessed,https://www.theguardian.com/football/ng-interactive/2026/sep/01/mens-transfer-window-summer-2026-all-deals-from-europes-top-five-leagues
summer-S26-0470,summer,452,S26-0470,Alejo Sarco,Bayer Leverkusen,Sporting Gijón,2026-07-21,,GBP,,Forward — striker role unverified,,Evidence needed,Undisclosed fee: cannot assess fee versus worth.,Broad Forward label only; not a certified striker cohort. No comparable production supplied for this deal.,Undisclosed,Not assessed,https://www.theguardian.com/football/ng-interactive/2026/sep/01/mens-transfer-window-summer-2026-all-deals-from-europes-top-five-leagues
summer-S26-0471,summer,453,S26-0471,Yannick Eduardo,Hoffenheim,ADO Den Haag,2026-07-21,,GBP,,Forward — striker role unverified,,Evidence needed,Loan/swap terms and buyer-specific production evidence needed.,Broad Forward label only; not a certified striker cohort. No comparable production supplied for this deal.,Loan fee not stated,Not assessed,https://www.theguardian.com/football/ng-interactive/2026/sep/01/mens-transfer-window-summer-2026-all-deals-from-europes-top-five-leagues
summer-S26-0474,summer,456,S26-0474,Amine El Ouazzani,Braga,Angers,2026-07-20,,GBP,,Forward — striker role unverified,,Evidence needed,Loan/swap terms and buyer-specific production evidence needed.,Broad Forward label only; not a certified striker cohort. No comparable production supplied for this deal.,Loan fee not stated,Not assessed,https://www.theguardian.com/football/ng-interactive/2026/sep/01/mens-transfer-window-summer-2026-all-deals-from-europes-top-five-leagues
summer-S26-0488,summer,470,S26-0488,Daniel Fila,Venezia,Avellino,2026-07-21,,GBP,,Forward — striker role unverified,,Evidence needed,Loan/swap terms and buyer-specific production evidence needed.,Broad Forward label only; not a certified striker cohort. No comparable production supplied for this deal.,Loan fee not stated,Not assessed,https://www.theguardian.com/football/ng-interactive/2026/sep/01/mens-transfer-window-summer-2026-all-deals-from-europes-top-five-leagues
summer-S26-0489,summer,471,S26-0489,Filippo Distefano,Fiorentina,Empoli,2026-07-21,,GBP,,Forward — striker role unverified,,Evidence needed,Undisclosed fee: cannot assess fee versus worth.,Broad Forward label only; not a certified striker cohort. No comparable production supplied for this deal.,Undisclosed,Not assessed,https://www.theguardian.com/football/ng-interactive/2026/sep/01/mens-transfer-window-summer-2026-all-deals-from-europes-top-five-leagues
summer-S26-0494,summer,475,S26-0494,Patson Daka,Leicester City,Hamburg,2026-07-22,,GBP,,Forward — striker role unverified,,Evidence needed,Free base fee excludes wages and other costs; role and production evidence needed.,Broad Forward label only; not a certified striker cohort. No comparable production supplied for this deal.,Free transfer,Not assessed,https://www.theguardian.com/football/ng-interactive/2026/sep/01/mens-transfer-window-summer-2026-all-deals-from-europes-top-five-leagues
summer-S26-0499,summer,480,S26-0499,Will Lankshear,Tottenham Hotspur,Middlesbrough,2026-07-22,20000000,GBP,,Forward — striker role unverified,,Evidence needed,"Reported fee available; verify striker role, production, age, availability and transfer before assigning a score.",Broad Forward label only; not a certified striker cohort. No comparable production supplied for this deal.,Reported fee,Not assessed,https://www.theguardian.com/football/ng-interactive/2026/sep/01/mens-transfer-window-summer-2026-all-deals-from-europes-top-five-leagues
summer-S26-0503,summer,484,S26-0503,Luigi Caccavo,Lumezzane,Bologna,2026-07-01,300000,GBP,,Forward — striker role unverified,,Evidence needed,"Reported fee available; verify striker role, production, age, availability and transfer before assigning a score.",Broad Forward label only; not a certified striker cohort. No comparable production supplied for this deal.,Reported fee,Not assessed,https://www.theguardian.com/football/ng-interactive/2026/sep/01/mens-transfer-window-summer-2026-all-deals-from-europes-top-five-leagues
summer-S26-0504,summer,485,S26-0504,Luigi Caccavo,Bologna,Juve Stabia,2026-07-18,,GBP,,Forward — striker role unverified,,Evidence needed,Loan/swap terms and buyer-specific production evidence needed.,Broad Forward label only; not a certified striker cohort. No comparable production supplied for this deal.,Loan fee not stated,Not assessed,https://www.theguardian.com/football/ng-interactive/2026/sep/01/mens-transfer-window-summer-2026-all-deals-from-europes-top-five-leagues
summer-S26-0512,summer,493,S26-0512,Kevin Cannavò,Venezia,Spezia,2026-07-13,,GBP,,Forward — striker role unverified,,Evidence needed,Loan/swap terms and buyer-specific production evidence needed.,Broad Forward label only; not a certified striker cohort. No comparable production supplied for this deal.,Loan fee not stated,Not assessed,https://www.theguardian.com/football/ng-interactive/2026/sep/01/mens-transfer-window-summer-2026-all-deals-from-europes-top-five-leagues
summer-S26-0516,summer,497,S26-0516,Alessandro Selvini,Frosinone,Pineto,2026-07-05,,GBP,,Forward — striker role unverified,,Evidence needed,Undisclosed fee: cannot assess fee versus worth.,Broad Forward label only; not a certified striker cohort. No comparable production supplied for this deal.,Undisclosed,Not assessed,https://www.theguardian.com/football/ng-interactive/2026/sep/01/mens-transfer-window-summer-2026-all-deals-from-europes-top-five-leagues
summer-S26-0517,summer,498,S26-0517,Lorenzo Gori,Frosinone,Grosseto,2026-07-14,,GBP,,Forward — striker role unverified,,Evidence needed,Loan/swap terms and buyer-specific production evidence needed.,Broad Forward label only; not a certified striker cohort. No comparable production supplied for this deal.,Loan fee not stated,Not assessed,https://www.theguardian.com/football/ng-interactive/2026/sep/01/mens-transfer-window-summer-2026-all-deals-from-europes-top-five-leagues
summer-S26-0520,summer,501,S26-0520,Ibrahim Cissoko,Toulouse,PEC Zwolle,2026-07-22,,GBP,,Forward — striker role unverified,,Evidence needed,Undisclosed fee: cannot assess fee versus worth.,Broad Forward label only; not a certified striker cohort. No comparable production supplied for this deal.,Undisclosed,Not assessed,https://www.theguardian.com/football/ng-interactive/2026/sep/01/mens-transfer-window-summer-2026-all-deals-from-europes-top-five-leagues
summer-S26-0523,summer,504,S26-0523,Akor Adams,Sevilla,Venezia,2026-07-22,14500000,GBP,,Forward — striker role unverified,,Evidence needed,"Reported fee available; verify striker role, production, age, availability and transfer before assigning a score.",Broad Forward label only; not a certified striker cohort. No comparable production supplied for this deal.,Reported fee,Not assessed,https://www.theguardian.com/football/ng-interactive/2026/sep/01/mens-transfer-window-summer-2026-all-deals-from-europes-top-five-leagues
summer-S26-0528,summer,509,S26-0528,Norman Bassette,Coventry City,Westerlo,2026-07-22,,GBP,,Forward — striker role unverified,,Evidence needed,Loan/swap terms and buyer-specific production evidence needed.,Broad Forward label only; not a certified striker cohort. No comparable production supplied for this deal.,Loan fee not stated,Not assessed,https://www.theguardian.com/football/ng-interactive/2026/sep/01/mens-transfer-window-summer-2026-all-deals-from-europes-top-five-leagues
summer-S26-0542,summer,523,S26-0542,Zépiqueno Redmond,Aston Villa,Annecy,2026-07-07,,GBP,,Forward — striker role unverified,,Evidence needed,Loan/swap terms and buyer-specific production evidence needed.,Broad Forward label only; not a certified striker cohort. No comparable production supplied for this deal.,Loan fee not stated,Not assessed,https://www.theguardian.com/football/ng-interactive/2026/sep/01/mens-transfer-window-summer-2026-all-deals-from-europes-top-five-leagues
summer-S26-0555,summer,534,S26-0555,Sota Nakamura,Sanfrecce Hiroshima,Le Havre,2026-07-18,,GBP,,Forward — striker role unverified,,Evidence needed,Loan/swap terms and buyer-specific production evidence needed.,Broad Forward label only; not a certified striker cohort. No comparable production supplied for this deal.,Loan fee not stated,Not assessed,https://www.theguardian.com/football/ng-interactive/2026/sep/01/mens-transfer-window-summer-2026-all-deals-from-europes-top-five-leagues
summer-S26-0559,summer,538,S26-0559,Iker Bravo,Udinese,Watford,2026-07-24,,GBP,,Forward — striker role unverified,,Evidence needed,Undisclosed fee: cannot assess fee versus worth.,Broad Forward label only; not a certified striker cohort. No comparable production supplied for this deal.,Undisclosed,Not assessed,https://www.theguardian.com/football/ng-interactive/2026/sep/01/mens-transfer-window-summer-2026-all-deals-from-europes-top-five-leagues
summer-S26-0561,summer,540,S26-0561,Francesco Camarda,Lecce,Milan,2026-07-01,3400000,GBP,,Forward — striker role unverified,,Evidence needed,"Reported fee available; verify striker role, production, age, availability and transfer before assigning a score.",Broad Forward label only; not a certified striker cohort. No comparable production supplied for this deal.,Reported fee,Not assessed,https://www.theguardian.com/football/ng-interactive/2026/sep/01/mens-transfer-window-summer-2026-all-deals-from-europes-top-five-leagues
summer-S26-0567,summer,546,S26-0567,Luca Kjerrumgaard,Udinese,Watford,2026-07-24,,GBP,,Forward — striker role unverified,,Evidence needed,Undisclosed fee: cannot assess fee versus worth.,Broad Forward label only; not a certified striker cohort. No comparable production supplied for this deal.,Undisclosed,Not assessed,https://www.theguardian.com/football/ng-interactive/2026/sep/01/mens-transfer-window-summer-2026-all-deals-from-europes-top-five-leagues
summer-S26-0569,summer,548,S26-0569,Alessio Vacca,Juventus,Caratese,2026-07-24,,GBP,,Forward — striker role unverified,,Evidence needed,Loan/swap terms and buyer-specific production evidence needed.,Broad Forward label only; not a certified striker cohort. No comparable production supplied for this deal.,Loan fee not stated,Not assessed,https://www.theguardian.com/football/ng-interactive/2026/sep/01/mens-transfer-window-summer-2026-all-deals-from-europes-top-five-leagues
summer-S26-0575,summer,554,S26-0575,Daizen Maeda,Celtic,Ipswich Town,2026-07-25,10000000,GBP,,Forward — striker role unverified,,Evidence needed,"Reported fee available; verify striker role, production, age, availability and transfer before assigning a score.",Broad Forward label only; not a certified striker cohort. No comparable production supplied for this deal.,Reported fee,Not assessed,https://www.theguardian.com/football/ng-interactive/2026/sep/01/mens-transfer-window-summer-2026-all-deals-from-europes-top-five-leagues
summer-S26-0578,summer,557,S26-0578,Carlos Fernández,Real Sociedad,Real Oviedo,2026-07-25,,GBP,,Forward — striker role unverified,,Evidence needed,Undisclosed fee: cannot assess fee versus worth.,Broad Forward label only; not a certified striker cohort. No comparable production supplied for this deal.,Undisclosed,Not assessed,https://www.theguardian.com/football/ng-interactive/2026/sep/01/mens-transfer-window-summer-2026-all-deals-from-europes-top-five-leagues
summer-S26-0595,summer,574,S26-0595,Wesley Saïd,Lens,Al-Shamal,2026-07-19,,GBP,,Forward — striker role unverified,,Evidence needed,Free base fee excludes wages and other costs; role and production evidence needed.,Broad Forward label only; not a certified striker cohort. No comparable production supplied for this deal.,Free transfer,Not assessed,https://www.theguardian.com/football/ng-interactive/2026/sep/01/mens-transfer-window-summer-2026-all-deals-from-europes-top-five-leagues
summer-S26-0603,summer,581,S26-0603,Gift Orban,Hoffenheim,Amedspor,2026-07-27,,GBP,,Forward — striker role unverified,,Evidence needed,Loan/swap terms and buyer-specific production evidence needed.,Broad Forward label only; not a certified striker cohort. No comparable production supplied for this deal.,Loan fee not stated,Not assessed,https://www.theguardian.com/football/ng-interactive/2026/sep/01/mens-transfer-window-summer-2026-all-deals-from-europes-top-five-leagues
summer-S26-0604,summer,582,S26-0604,Gustavo Varela,Benfica,Monza,2026-07-27,1700000,GBP,,Forward — striker role unverified,,Evidence needed,"Reported fee available; verify striker role, production, age, availability and transfer before assigning a score.",Broad Forward label only; not a certified striker cohort. No comparable production supplied for this deal.,Reported fee,Not assessed,https://www.theguardian.com/football/ng-interactive/2026/sep/01/mens-transfer-window-summer-2026-all-deals-from-europes-top-five-leagues
summer-S26-0605,summer,583,S26-0605,Lanroy Machine,Angers,Heerenveen,2026-07-27,,GBP,,Forward — striker role unverified,,Evidence needed,Loan/swap terms and buyer-specific production evidence needed.,Broad Forward label only; not a certified striker cohort. No comparable production supplied for this deal.,Loan fee not stated,Not assessed,https://www.theguardian.com/football/ng-interactive/2026/sep/01/mens-transfer-window-summer-2026-all-deals-from-europes-top-five-leagues
summer-S26-0613,summer,591,S26-0613,Fynn Schenten,Cologne,Roda JC,2026-07-28,,GBP,,Forward — striker role unverified,,Evidence needed,Loan/swap terms and buyer-specific production evidence needed.,Broad Forward label only; not a certified striker cohort. No comparable production supplied for this deal.,Loan fee not stated,Not assessed,https://www.theguardian.com/football/ng-interactive/2026/sep/01/mens-transfer-window-summer-2026-all-deals-from-europes-top-five-leagues
summer-S26-0616,summer,594,S26-0616,Loïs Openda,Juventus,Lyon,2026-07-28,,GBP,,Forward — striker role unverified,,Evidence needed,Loan/swap terms and buyer-specific production evidence needed.,Broad Forward label only; not a certified striker cohort. No comparable production supplied for this deal.,Loan fee not stated,Not assessed,https://www.theguardian.com/football/ng-interactive/2026/sep/01/mens-transfer-window-summer-2026-all-deals-from-europes-top-five-leagues
summer-S26-0617,summer,595,S26-0617,Adrian Benedyczak,Parma,Kasimpasa,2026-07-28,3400000,GBP,,Forward — striker role unverified,,Evidence needed,"Reported fee available; verify striker role, production, age, availability and transfer before assigning a score.",Broad Forward label only; not a certified striker cohort. No comparable production supplied for this deal.,Reported fee,Not assessed,https://www.theguardian.com/football/ng-interactive/2026/sep/01/mens-transfer-window-summer-2026-all-deals-from-europes-top-five-leagues
summer-S26-0622,summer,600,S26-0622,Rémy Labeau-Lascary,Lens,Auxerre,2026-07-27,,GBP,,Forward — striker role unverified,,Evidence needed,Loan/swap terms and buyer-specific production evidence needed.,Broad Forward label only; not a certified striker cohort. No comparable production supplied for this deal.,Loan fee not stated,Not assessed,https://www.theguardian.com/football/ng-interactive/2026/sep/01/mens-transfer-window-summer-2026-all-deals-from-europes-top-five-leagues
summer-S26-0635,summer,613,S26-0635,Unai Ropero,Alavés,Racing Ferrol,2026-07-08,,GBP,,Forward — striker role unverified,,Evidence needed,Loan/swap terms and buyer-specific production evidence needed.,Broad Forward label only; not a certified striker cohort. No comparable production supplied for this deal.,Loan fee not stated,Not assessed,https://www.theguardian.com/football/ng-interactive/2026/sep/01/mens-transfer-window-summer-2026-all-deals-from-europes-top-five-leagues
summer-S26-0636,summer,614,S26-0636,Hamza Bellari,Valencia,Castellón,2026-07-08,,GBP,,Forward — striker role unverified,,Evidence needed,Free base fee excludes wages and other costs; role and production evidence needed.,Broad Forward label only; not a certified striker cohort. No comparable production supplied for this deal.,Free transfer,Not assessed,https://www.theguardian.com/football/ng-interactive/2026/sep/01/mens-transfer-window-summer-2026-all-deals-from-europes-top-five-leagues
summer-S26-0653,summer,630,S26-0653,Carlos Lumbreras,Osasuna,Eibar,2026-07-01,,GBP,,Forward — striker role unverified,,Evidence needed,Free base fee excludes wages and other costs; role and production evidence needed.,Broad Forward label only; not a certified striker cohort. No comparable production supplied for this deal.,Free transfer,Not assessed,https://www.theguardian.com/football/ng-interactive/2026/sep/01/mens-transfer-window-summer-2026-all-deals-from-europes-top-five-leagues
summer-S26-0657,summer,634,S26-0657,Diego Morcillo,Alavés,Real Jaén,2026-06-29,,GBP,,Forward — striker role unverified,,Evidence needed,Free base fee excludes wages and other costs; role and production evidence needed.,Broad Forward label only; not a certified striker cohort. No comparable production supplied for this deal.,Free transfer,Not assessed,https://www.theguardian.com/football/ng-interactive/2026/sep/01/mens-transfer-window-summer-2026-all-deals-from-europes-top-five-leagues
summer-S26-0665,summer,642,S26-0665,Damián Pizarro,Udinese,Audax Italiano,2026-07-29,,GBP,,Forward — striker role unverified,,Evidence needed,Loan/swap terms and buyer-specific production evidence needed.,Broad Forward label only; not a certified striker cohort. No comparable production supplied for this deal.,Loan fee not stated,Not assessed,https://www.theguardian.com/football/ng-interactive/2026/sep/01/mens-transfer-window-summer-2026-all-deals-from-europes-top-five-leagues
summer-S26-0670,summer,647,S26-0670,Gennaro Anatriello,Bologna,Lumezzane,2026-07-27,,GBP,,Forward — striker role unverified,,Evidence needed,Loan/swap terms and buyer-specific production evidence needed.,Broad Forward label only; not a certified striker cohort. No comparable production supplied for this deal.,Loan fee not stated,Not assessed,https://www.theguardian.com/football/ng-interactive/2026/sep/01/mens-transfer-window-summer-2026-all-deals-from-europes-top-five-leagues
summer-S26-0673,summer,650,S26-0673,Santiago Castro,Bologna,Roma,2026-07-30,29980000,GBP,,Forward — striker role unverified,,Evidence needed,"Reported fee available; verify striker role, production, age, availability and transfer before assigning a score.",Broad Forward label only; not a certified striker cohort. No comparable production supplied for this deal.,Reported fee,Not assessed,https://www.theguardian.com/football/ng-interactive/2026/sep/01/mens-transfer-window-summer-2026-all-deals-from-europes-top-five-leagues
summer-S26-0678,summer,655,S26-0678,Matthis Abline,Nantes,Monaco,2026-07-30,21400000,GBP,,Forward — striker role unverified,,Evidence needed,"Reported fee available; verify striker role, production, age, availability and transfer before assigning a score.",Broad Forward label only; not a certified striker cohort. No comparable production supplied for this deal.,Reported fee,Not assessed,https://www.theguardian.com/football/ng-interactive/2026/sep/01/mens-transfer-window-summer-2026-all-deals-from-europes-top-five-leagues
summer-S26-0680,summer,657,S26-0680,Joan Tincres,Monaco,Le Havre,2026-07-30,,GBP,,Forward — striker role unverified,,Evidence needed,Undisclosed fee: cannot assess fee versus worth.,Broad Forward label only; not a certified striker cohort. No comparable production supplied for this deal.,Undisclosed,Not assessed,https://www.theguardian.com/football/ng-interactive/2026/sep/01/mens-transfer-window-summer-2026-all-deals-from-europes-top-five-leagues
summer-S26-0682,summer,659,S26-0682,Rares Burnete,Lecce,Südtirol,2026-07-30,,GBP,,Forward — striker role unverified,,Evidence needed,Loan/swap terms and buyer-specific production evidence needed.,Broad Forward label only; not a certified striker cohort. No comparable production supplied for this deal.,Loan fee not stated,Not assessed,https://www.theguardian.com/football/ng-interactive/2026/sep/01/mens-transfer-window-summer-2026-all-deals-from-europes-top-five-leagues
summer-S26-0683,summer,660,S26-0683,Artem Dovbyk,Roma,Bologna,2026-07-30,,GBP,,Forward — striker role unverified,,Evidence needed,Loan/swap terms and buyer-specific production evidence needed.,Broad Forward label only; not a certified striker cohort. No comparable production supplied for this deal.,Loan fee not stated,Not assessed,https://www.theguardian.com/football/ng-interactive/2026/sep/01/mens-transfer-window-summer-2026-all-deals-from-europes-top-five-leagues
summer-S26-0684,summer,661,S26-0684,Carlos Espí,Levante,Real Madrid,2026-07-31,21400000,GBP,,Forward — striker role unverified,,Evidence needed,"Reported fee available; verify striker role, production, age, availability and transfer before assigning a score.",Broad Forward label only; not a certified striker cohort. No comparable production supplied for this deal.,Reported fee,Not assessed,https://www.theguardian.com/football/ng-interactive/2026/sep/01/mens-transfer-window-summer-2026-all-deals-from-europes-top-five-leagues
summer-S26-0686,summer,663,S26-0686,Lucas Michal,Monaco,Cercle Brugge,2026-07-30,,GBP,,Forward — striker role unverified,,Evidence needed,Loan/swap terms and buyer-specific production evidence needed.,Broad Forward label only; not a certified striker cohort. No comparable production supplied for this deal.,Loan fee not stated,Not assessed,https://www.theguardian.com/football/ng-interactive/2026/sep/01/mens-transfer-window-summer-2026-all-deals-from-europes-top-five-leagues
summer-S26-0689,summer,666,S26-0689,Kieron Bowie,Verona,Sassuolo,2026-07-31,,GBP,,Forward — striker role unverified,,Evidence needed,Loan/swap terms and buyer-specific production evidence needed.,Broad Forward label only; not a certified striker cohort. No comparable production supplied for this deal.,Loan fee not stated,Not assessed,https://www.theguardian.com/football/ng-interactive/2026/sep/01/mens-transfer-window-summer-2026-all-deals-from-europes-top-five-leagues
summer-S26-0691,summer,668,S26-0691,Josh Maja,West Bromwich Albion,Le Havre,2026-07-31,,GBP,,Forward — striker role unverified,,Evidence needed,Free base fee excludes wages and other costs; role and production evidence needed.,Broad Forward label only; not a certified striker cohort. No comparable production supplied for this deal.,Free transfer,Not assessed,https://www.theguardian.com/football/ng-interactive/2026/sep/01/mens-transfer-window-summer-2026-all-deals-from-europes-top-five-leagues
summer-S26-0693,summer,670,S26-0693,Mason Burstow,Hull City,Sheffield Wednesday,2026-07-31,,GBP,,Forward — striker role unverified,,Evidence needed,Loan/swap terms and buyer-specific production evidence needed.,Broad Forward label only; not a certified striker cohort. No comparable production supplied for this deal.,Loan fee not stated,Not assessed,https://www.theguardian.com/football/ng-interactive/2026/sep/01/mens-transfer-window-summer-2026-all-deals-from-europes-top-five-leagues
summer-S26-0700,summer,677,S26-0700,Samuele Mulattieri,Sassuolo,Verona,2026-07-31,,GBP,,Forward — striker role unverified,,Evidence needed,Loan/swap terms and buyer-specific production evidence needed.,Broad Forward label only; not a certified striker cohort. No comparable production supplied for this deal.,Loan fee not stated,Not assessed,https://www.theguardian.com/football/ng-interactive/2026/sep/01/mens-transfer-window-summer-2026-all-deals-from-europes-top-five-leagues
summer-S26-0704,summer,681,S26-0704,Sam Szmodics,Ipswich Town,Derby County,2026-08-01,,GBP,,Forward — striker role unverified,,Evidence needed,Loan/swap terms and buyer-specific production evidence needed.,Broad Forward label only; not a certified striker cohort. No comparable production supplied for this deal.,Loan fee not stated,Not assessed,https://www.theguardian.com/football/ng-interactive/2026/sep/01/mens-transfer-window-summer-2026-all-deals-from-europes-top-five-leagues
summer-S26-0709,summer,686,S26-0709,Danny Welbeck,Brighton,Chelsea,2026-08-01,5000000,GBP,,Forward — striker role unverified,,Evidence needed,"Reported fee available; verify striker role, production, age, availability and transfer before assigning a score.",Broad Forward label only; not a certified striker cohort. No comparable production supplied for this deal.,Reported fee,Not assessed,https://www.theguardian.com/football/ng-interactive/2026/sep/01/mens-transfer-window-summer-2026-all-deals-from-europes-top-five-leagues
summer-S26-0720,summer,697,S26-0720,Willem Geubbels,Paris FC,Lecce,2026-08-02,4300000,GBP,,Forward — striker role unverified,,Evidence needed,"Reported fee available; verify striker role, production, age, availability and transfer before assigning a score.",Broad Forward label only; not a certified striker cohort. No comparable production supplied for this deal.,Reported fee,Not assessed,https://www.theguardian.com/football/ng-interactive/2026/sep/01/mens-transfer-window-summer-2026-all-deals-from-europes-top-five-leagues
summer-S26-0722,summer,699,S26-0722,Emmanuel Latte Lath,Atlanta United,Union Berlin,2026-08-02,,GBP,,Forward — striker role unverified,,Evidence needed,Loan/swap terms and buyer-specific production evidence needed.,Broad Forward label only; not a certified striker cohort. No comparable production supplied for this deal.,Loan fee not stated,Not assessed,https://www.theguardian.com/football/ng-interactive/2026/sep/01/mens-transfer-window-summer-2026-all-deals-from-europes-top-five-leagues
summer-S26-0724,summer,701,S26-0724,Randal Kolo Muani,Paris Saint-Germain,Juventus,2026-08-02,32500000,GBP,,Forward — striker role unverified,,Evidence needed,"Reported fee available; verify striker role, production, age, availability and transfer before assigning a score.",Broad Forward label only; not a certified striker cohort. No comparable production supplied for this deal.,Reported fee,Not assessed,https://www.theguardian.com/football/ng-interactive/2026/sep/01/mens-transfer-window-summer-2026-all-deals-from-europes-top-five-leagues
summer-S26-0729,summer,706,S26-0729,Konstantinos Karetsas,Genk,Borussia Dortmund,2026-08-03,25700000,GBP,,Forward — striker role unverified,,Evidence needed,"Reported fee available; verify striker role, production, age, availability and transfer before assigning a score.",Broad Forward label only; not a certified striker cohort. No comparable production supplied for this deal.,Reported fee,Not assessed,https://www.theguardian.com/football/ng-interactive/2026/sep/01/mens-transfer-window-summer-2026-all-deals-from-europes-top-five-leagues
summer-S26-0733,summer,710,S26-0733,Dominic Vavassori,Atalanta,Palermo,2026-08-01,,GBP,,Forward — striker role unverified,,Evidence needed,Loan/swap terms and buyer-specific production evidence needed.,Broad Forward label only; not a certified striker cohort. No comparable production supplied for this deal.,Loan fee not stated,Not assessed,https://www.theguardian.com/football/ng-interactive/2026/sep/01/mens-transfer-window-summer-2026-all-deals-from-europes-top-five-leagues
summer-S26-0741,summer,718,S26-0741,Gonzalo García,Real Madrid,Fulham,2026-08-03,34280000,GBP,,Forward — striker role unverified,,Evidence needed,"Reported fee available; verify striker role, production, age, availability and transfer before assigning a score.",Broad Forward label only; not a certified striker cohort. No comparable production supplied for this deal.,Reported fee,Not assessed,https://www.theguardian.com/football/ng-interactive/2026/sep/01/mens-transfer-window-summer-2026-all-deals-from-europes-top-five-leagues
summer-S26-0748,summer,725,S26-0748,Ahmed Abdullahi,Sunderland,Eyupspor,2026-08-04,,GBP,,Forward — striker role unverified,,Evidence needed,Undisclosed fee: cannot assess fee versus worth.,Broad Forward label only; not a certified striker cohort. No comparable production supplied for this deal.,Undisclosed,Not assessed,https://www.theguardian.com/football/ng-interactive/2026/sep/01/mens-transfer-window-summer-2026-all-deals-from-europes-top-five-leagues
summer-S26-0749,summer,726,S26-0749,Leonardo Cerri,Juventus,Grenoble,2026-08-03,,GBP,,Forward — striker role unverified,,Evidence needed,Loan/swap terms and buyer-specific production evidence needed.,Broad Forward label only; not a certified striker cohort. No comparable production supplied for this deal.,Loan fee not stated,Not assessed,https://www.theguardian.com/football/ng-interactive/2026/sep/01/mens-transfer-window-summer-2026-all-deals-from-europes-top-five-leagues
summer-S26-0752,summer,729,S26-0752,Rafa Mir,Sevilla,Aris Saloniki,2026-08-04,,GBP,,Forward — striker role unverified,,Evidence needed,Loan/swap terms and buyer-specific production evidence needed.,Broad Forward label only; not a certified striker cohort. No comparable production supplied for this deal.,Loan fee not stated,Not assessed,https://www.theguardian.com/football/ng-interactive/2026/sep/01/mens-transfer-window-summer-2026-all-deals-from-europes-top-five-leagues
summer-S26-0758,summer,735,S26-0758,Alessandro Debenedetti,Genoa,Cesena,2026-08-04,,GBP,,Forward — striker role unverified,,Evidence needed,Loan/swap terms and buyer-specific production evidence needed.,Broad Forward label only; not a certified striker cohort. No comparable production supplied for this deal.,Loan fee not stated,Not assessed,https://www.theguardian.com/football/ng-interactive/2026/sep/01/mens-transfer-window-summer-2026-all-deals-from-europes-top-five-leagues
summer-S26-0761,summer,738,S26-0761,Mohamed Salah,Liverpool,Trabzonspor,2026-08-05,,GBP,,Forward — striker role unverified,,Evidence needed,Free base fee excludes wages and other costs; role and production evidence needed.,Broad Forward label only; not a certified striker cohort. No comparable production supplied for this deal.,Free transfer,Not assessed,https://www.theguardian.com/football/ng-interactive/2026/sep/01/mens-transfer-window-summer-2026-all-deals-from-europes-top-five-leagues
summer-S26-0762,summer,739,S26-0762,Yassir Zabiri,Rennes,Racing Santander,2026-07-29,,GBP,,Forward — striker role unverified,,Evidence needed,Loan/swap terms and buyer-specific production evidence needed.,Broad Forward label only; not a certified striker cohort. No comparable production supplied for this deal.,Loan fee not stated,Not assessed,https://www.theguardian.com/football/ng-interactive/2026/sep/01/mens-transfer-window-summer-2026-all-deals-from-europes-top-five-leagues
summer-S26-0770,summer,747,S26-0770,David Ankeye,Genoa,Zeleznicar Pancevo,2026-07-04,400000,GBP,,Forward — striker role unverified,,Evidence needed,"Reported fee available; verify striker role, production, age, availability and transfer before assigning a score.",Broad Forward label only; not a certified striker cohort. No comparable production supplied for this deal.,Reported fee,Not assessed,https://www.theguardian.com/football/ng-interactive/2026/sep/01/mens-transfer-window-summer-2026-all-deals-from-europes-top-five-leagues
summer-S26-0774,summer,751,S26-0774,Gabriele Pessolani,Genoa,Crema,2026-07-27,,GBP,,Forward — striker role unverified,,Evidence needed,Loan/swap terms and buyer-specific production evidence needed.,Broad Forward label only; not a certified striker cohort. No comparable production supplied for this deal.,Loan fee not stated,Not assessed,https://www.theguardian.com/football/ng-interactive/2026/sep/01/mens-transfer-window-summer-2026-all-deals-from-europes-top-five-leagues
summer-S26-0790,summer,766,S26-0790,Kevin Fustini,Bologna,Como 1907,2026-08-04,,GBP,,Forward — striker role unverified,,Evidence needed,Undisclosed fee: cannot assess fee versus worth.,Broad Forward label only; not a certified striker cohort. No comparable production supplied for this deal.,Undisclosed,Not assessed,https://www.theguardian.com/football/ng-interactive/2026/sep/01/mens-transfer-window-summer-2026-all-deals-from-europes-top-five-leagues
summer-S26-0803,summer,779,S26-0803,El Bilal Touré,Atalanta,Parma,2026-08-07,,GBP,,Forward — striker role unverified,,Evidence needed,Loan/swap terms and buyer-specific production evidence needed.,Broad Forward label only; not a certified striker cohort. No comparable production supplied for this deal.,Loan fee not stated,Not assessed,https://www.theguardian.com/football/ng-interactive/2026/sep/01/mens-transfer-window-summer-2026-all-deals-from-europes-top-five-leagues
summer-S26-0830,summer,804,S26-0830,Yanis Musuayi,Club Brugge,Levante,2026-08-02,2100000,GBP,,Forward — striker role unverified,,Evidence needed,"Reported fee available; verify striker role, production, age, availability and transfer before assigning a score.",Broad Forward label only; not a certified striker cohort. No comparable production supplied for this deal.,Reported fee,Not assessed,https://www.theguardian.com/football/ng-interactive/2026/sep/01/mens-transfer-window-summer-2026-all-deals-from-europes-top-five-leagues
summer-S26-0834,summer,808,S26-0834,Álex Forés,Villarreal,Burgos,2026-08-07,300000,GBP,,Forward — striker role unverified,,Evidence needed,"Reported fee available; verify striker role, production, age, availability and transfer before assigning a score.",Broad Forward label only; not a certified striker cohort. No comparable production supplied for this deal.,Reported fee,Not assessed,https://www.theguardian.com/football/ng-interactive/2026/sep/01/mens-transfer-window-summer-2026-all-deals-from-europes-top-five-leagues
summer-S26-0835,summer,809,S26-0835,Pau Cabanes,Villarreal,Eldense,2026-08-05,,GBP,,Forward — striker role unverified,,Evidence needed,Free base fee excludes wages and other costs; role and production evidence needed.,Broad Forward label only; not a certified striker cohort. No comparable production supplied for this deal.,Free transfer,Not assessed,https://www.theguardian.com/football/ng-interactive/2026/sep/01/mens-transfer-window-summer-2026-all-deals-from-europes-top-five-leagues
summer-S26-0836,summer,810,S26-0836,Iwan Morgan,Brentford,Grimsby Town,2026-08-07,,GBP,,Forward — striker role unverified,,Evidence needed,Undisclosed fee: cannot assess fee versus worth.,Broad Forward label only; not a certified striker cohort. No comparable production supplied for this deal.,Undisclosed,Not assessed,https://www.theguardian.com/football/ng-interactive/2026/sep/01/mens-transfer-window-summer-2026-all-deals-from-europes-top-five-leagues
summer-S26-0841,summer,815,S26-0841,Sion Oppong,Brommapojkarna,Toulouse,2026-08-07,3400000,GBP,,Forward — striker role unverified,,Evidence needed,"Reported fee available; verify striker role, production, age, availability and transfer before assigning a score.",Broad Forward label only; not a certified striker cohort. No comparable production supplied for this deal.,Reported fee,Not assessed,https://www.theguardian.com/football/ng-interactive/2026/sep/01/mens-transfer-window-summer-2026-all-deals-from-europes-top-five-leagues
summer-S26-0848,summer,821,S26-0848,Daniel Mikolajewski,Parma,FC Luzern,2026-08-06,,GBP,,Forward — striker role unverified,,Evidence needed,Loan/swap terms and buyer-specific production evidence needed.,Broad Forward label only; not a certified striker cohort. No comparable production supplied for this deal.,Loan fee not stated,Not assessed,https://www.theguardian.com/football/ng-interactive/2026/sep/01/mens-transfer-window-summer-2026-all-deals-from-europes-top-five-leagues
summer-S26-0859,summer,831,S26-0859,Mario Domínguez,Valencia,Excelsior,2026-08-08,,GBP,,Forward — striker role unverified,,Evidence needed,Loan/swap terms and buyer-specific production evidence needed.,Broad Forward label only; not a certified striker cohort. No comparable production supplied for this deal.,Loan fee not stated,Not assessed,https://www.theguardian.com/football/ng-interactive/2026/sep/01/mens-transfer-window-summer-2026-all-deals-from-europes-top-five-leagues
summer-S26-0866,summer,838,S26-0866,Deniz Zeitler,Hoffenheim,Paderborn,2026-08-10,,GBP,,Forward — striker role unverified,,Evidence needed,Loan/swap terms and buyer-specific production evidence needed.,Broad Forward label only; not a certified striker cohort. No comparable production supplied for this deal.,Loan fee not stated,Not assessed,https://www.theguardian.com/football/ng-interactive/2026/sep/01/mens-transfer-window-summer-2026-all-deals-from-europes-top-five-leagues
summer-S26-0868,summer,840,S26-0868,Dzenan Pejcinovic,Wolfsburg,Stuttgart,2026-08-10,21400000,GBP,,Forward — striker role unverified,,Evidence needed,"Reported fee available; verify striker role, production, age, availability and transfer before assigning a score.",Broad Forward label only; not a certified striker cohort. No comparable production supplied for this deal.,Reported fee,Not assessed,https://www.theguardian.com/football/ng-interactive/2026/sep/01/mens-transfer-window-summer-2026-all-deals-from-europes-top-five-leagues
summer-S26-0869,summer,841,S26-0869,Kevin Carlos,Nice,Cagliari,2026-08-10,,GBP,,Forward — striker role unverified,,Evidence needed,Loan/swap terms and buyer-specific production evidence needed.,Broad Forward label only; not a certified striker cohort. No comparable production supplied for this deal.,Loan fee not stated,Not assessed,https://www.theguardian.com/football/ng-interactive/2026/sep/01/mens-transfer-window-summer-2026-all-deals-from-europes-top-five-leagues
summer-S26-0871,summer,843,S26-0871,Mansour Ouro-Tagba,Cologne,Bochum,2026-08-10,,GBP,,Forward — striker role unverified,,Evidence needed,Undisclosed fee: cannot assess fee versus worth.,Broad Forward label only; not a certified striker cohort. No comparable production supplied for this deal.,Undisclosed,Not assessed,https://www.theguardian.com/football/ng-interactive/2026/sep/01/mens-transfer-window-summer-2026-all-deals-from-europes-top-five-leagues
summer-S26-0873,summer,845,S26-0873,Valdrin Mustafa,Kickers Offenbach,Elversberg,2026-08-10,,GBP,,Forward — striker role unverified,,Evidence needed,Free base fee excludes wages and other costs; role and production evidence needed.,Broad Forward label only; not a certified striker cohort. No comparable production supplied for this deal.,Free transfer,Not assessed,https://www.theguardian.com/football/ng-interactive/2026/sep/01/mens-transfer-window-summer-2026-all-deals-from-europes-top-five-leagues
summer-S26-0877,summer,849,S26-0877,Aymen Zouin,Inter,Parma,2026-08-10,,GBP,,Forward — striker role unverified,,Evidence needed,Undisclosed fee: cannot assess fee versus worth.,Broad Forward label only; not a certified striker cohort. No comparable production supplied for this deal.,Undisclosed,Not assessed,https://www.theguardian.com/football/ng-interactive/2026/sep/01/mens-transfer-window-summer-2026-all-deals-from-europes-top-five-leagues
summer-S26-0886,summer,858,S26-0886,Brennan Johnson,Crystal Palace,Everton,2026-08-11,,GBP,,Forward — striker role unverified,,Evidence needed,Loan/swap terms and buyer-specific production evidence needed.,Broad Forward label only; not a certified striker cohort. No comparable production supplied for this deal.,Swap,Not assessed,https://www.theguardian.com/football/ng-interactive/2026/sep/01/mens-transfer-window-summer-2026-all-deals-from-europes-top-five-leagues
summer-S26-0889,summer,861,S26-0889,Divin Mubama,Manchester City,Southampton,2026-08-11,,GBP,,Forward — striker role unverified,,Evidence needed,Loan/swap terms and buyer-specific production evidence needed.,Broad Forward label only; not a certified striker cohort. No comparable production supplied for this deal.,Loan fee not stated,Not assessed,https://www.theguardian.com/football/ng-interactive/2026/sep/01/mens-transfer-window-summer-2026-all-deals-from-europes-top-five-leagues
summer-S26-0891,summer,863,S26-0891,Robbie Ure,Sirius,Sevilla,2026-08-11,5600000,GBP,,Forward — striker role unverified,,Evidence needed,"Reported fee available; verify striker role, production, age, availability and transfer before assigning a score.",Broad Forward label only; not a certified striker cohort. No comparable production supplied for this deal.,Reported fee,Not assessed,https://www.theguardian.com/football/ng-interactive/2026/sep/01/mens-transfer-window-summer-2026-all-deals-from-europes-top-five-leagues
summer-S26-0897,summer,868,S26-0897,Christian Corradi,Verona,Juventus,2026-08-11,,GBP,,Forward — striker role unverified,,Evidence needed,Loan/swap terms and buyer-specific production evidence needed.,Broad Forward label only; not a certified striker cohort. No comparable production supplied for this deal.,Loan fee not stated,Not assessed,https://www.theguardian.com/football/ng-interactive/2026/sep/01/mens-transfer-window-summer-2026-all-deals-from-europes-top-five-leagues
summer-S26-0898,summer,869,S26-0898,Hugo López,Villarreal,FC Andorra,2026-08-11,,GBP,,Forward — striker role unverified,,Evidence needed,Loan/swap terms and buyer-specific production evidence needed.,Broad Forward label only; not a certified striker cohort. No comparable production supplied for this deal.,Loan fee not stated,Not assessed,https://www.theguardian.com/football/ng-interactive/2026/sep/01/mens-transfer-window-summer-2026-all-deals-from-europes-top-five-leagues
summer-S26-0902,summer,873,S26-0902,Evann Guessand,Aston Villa,Crystal Palace,2026-08-12,,GBP,,Forward — striker role unverified,,Evidence needed,Loan/swap terms and buyer-specific production evidence needed.,Broad Forward label only; not a certified striker cohort. No comparable production supplied for this deal.,Loan fee not stated,Not assessed,https://www.theguardian.com/football/ng-interactive/2026/sep/01/mens-transfer-window-summer-2026-all-deals-from-europes-top-five-leagues
summer-S26-0908,summer,879,S26-0908,Romelu Lukaku,Napoli,Fenerbahce,2026-08-12,5100000,GBP,,Forward — striker role unverified,,Evidence needed,"Reported fee available; verify striker role, production, age, availability and transfer before assigning a score.",Broad Forward label only; not a certified striker cohort. No comparable production supplied for this deal.,Reported fee,Not assessed,https://www.theguardian.com/football/ng-interactive/2026/sep/01/mens-transfer-window-summer-2026-all-deals-from-europes-top-five-leagues
summer-S26-0913,summer,884,S26-0913,Alexis Sánchez,Sevilla,CF Montréal,2026-08-11,,GBP,,Forward — striker role unverified,,Evidence needed,Free base fee excludes wages and other costs; role and production evidence needed.,Broad Forward label only; not a certified striker cohort. No comparable production supplied for this deal.,Free transfer,Not assessed,https://www.theguardian.com/football/ng-interactive/2026/sep/01/mens-transfer-window-summer-2026-all-deals-from-europes-top-five-leagues
summer-S26-0917,summer,888,S26-0917,Riccardo Braschi,Fiorentina,Thun,2026-08-11,900000,GBP,,Forward — striker role unverified,,Evidence needed,"Reported fee available; verify striker role, production, age, availability and transfer before assigning a score.",Broad Forward label only; not a certified striker cohort. No comparable production supplied for this deal.,Reported fee,Not assessed,https://www.theguardian.com/football/ng-interactive/2026/sep/01/mens-transfer-window-summer-2026-all-deals-from-europes-top-five-leagues
summer-S26-0919,summer,890,S26-0919,Enzo Molebe,Lyon,Lausanne,2026-08-11,,GBP,,Forward — striker role unverified,,Evidence needed,Loan/swap terms and buyer-specific production evidence needed.,Broad Forward label only; not a certified striker cohort. No comparable production supplied for this deal.,Loan fee not stated,Not assessed,https://www.theguardian.com/football/ng-interactive/2026/sep/01/mens-transfer-window-summer-2026-all-deals-from-europes-top-five-leagues
summer-S26-0920,summer,891,S26-0920,Dusan Vlahovic,Juventus,Besiktas,2026-08-12,,GBP,,Forward — striker role unverified,,Evidence needed,Free base fee excludes wages and other costs; role and production evidence needed.,Broad Forward label only; not a certified striker cohort. No comparable production supplied for this deal.,Free transfer,Not assessed,https://www.theguardian.com/football/ng-interactive/2026/sep/01/mens-transfer-window-summer-2026-all-deals-from-europes-top-five-leagues
summer-S26-0925,summer,896,S26-0925,Franjo Ivanovic,Benfica,Lens,2026-08-12,,GBP,,Forward — striker role unverified,,Evidence needed,Loan/swap terms and buyer-specific production evidence needed.,Broad Forward label only; not a certified striker cohort. No comparable production supplied for this deal.,Loan fee not stated,Not assessed,https://www.theguardian.com/football/ng-interactive/2026/sep/01/mens-transfer-window-summer-2026-all-deals-from-europes-top-five-leagues
summer-S26-0927,summer,898,S26-0927,Federico Gattoni,Sevilla,Ascoli,2026-08-12,,GBP,,Forward — striker role unverified,,Evidence needed,Undisclosed fee: cannot assess fee versus worth.,Broad Forward label only; not a certified striker cohort. No comparable production supplied for this deal.,Undisclosed,Not assessed,https://www.theguardian.com/football/ng-interactive/2026/sep/01/mens-transfer-window-summer-2026-all-deals-from-europes-top-five-leagues
summer-S26-0928,summer,899,S26-0928,Noam Obougou,Le Havre,Nancy,2026-08-12,,GBP,,Forward — striker role unverified,,Evidence needed,Loan/swap terms and buyer-specific production evidence needed.,Broad Forward label only; not a certified striker cohort. No comparable production supplied for this deal.,Loan fee not stated,Not assessed,https://www.theguardian.com/football/ng-interactive/2026/sep/01/mens-transfer-window-summer-2026-all-deals-from-europes-top-five-leagues
summer-S26-0933,summer,904,S26-0933,Enes Unal,Bournemouth,Getafe,2026-08-13,,GBP,,Forward — striker role unverified,,Evidence needed,Free base fee excludes wages and other costs; role and production evidence needed.,Broad Forward label only; not a certified striker cohort. No comparable production supplied for this deal.,Free transfer,Not assessed,https://www.theguardian.com/football/ng-interactive/2026/sep/01/mens-transfer-window-summer-2026-all-deals-from-europes-top-five-leagues
summer-S26-0934,summer,905,S26-0934,Roberto Piccoli,Fiorentina,Bologna,2026-08-13,,GBP,,Forward — striker role unverified,,Evidence needed,Loan/swap terms and buyer-specific production evidence needed.,Broad Forward label only; not a certified striker cohort. No comparable production supplied for this deal.,Loan fee not stated,Not assessed,https://www.theguardian.com/football/ng-interactive/2026/sep/01/mens-transfer-window-summer-2026-all-deals-from-europes-top-five-leagues
summer-S26-0935,summer,906,S26-0935,Mateo Pellegrino,Parma,Fiorentina,2026-08-13,19200000,GBP,,Forward — striker role unverified,,Evidence needed,"Reported fee available; verify striker role, production, age, availability and transfer before assigning a score.",Broad Forward label only; not a certified striker cohort. No comparable production supplied for this deal.,Reported fee,Not assessed,https://www.theguardian.com/football/ng-interactive/2026/sep/01/mens-transfer-window-summer-2026-all-deals-from-europes-top-five-leagues
summer-S26-0942,summer,913,S26-0942,Tiziano Perrotta,Banfield,Elche,2026-08-13,,GBP,,Forward — striker role unverified,,Evidence needed,Undisclosed fee: cannot assess fee versus worth.,Broad Forward label only; not a certified striker cohort. No comparable production supplied for this deal.,Undisclosed,Not assessed,https://www.theguardian.com/football/ng-interactive/2026/sep/01/mens-transfer-window-summer-2026-all-deals-from-europes-top-five-leagues
summer-S26-0943,summer,914,S26-0943,Tiziano Perrotta,Elche,Defensa y Justicia,2026-08-13,,GBP,,Forward — striker role unverified,,Evidence needed,Loan/swap terms and buyer-specific production evidence needed.,Broad Forward label only; not a certified striker cohort. No comparable production supplied for this deal.,Loan fee not stated,Not assessed,https://www.theguardian.com/football/ng-interactive/2026/sep/01/mens-transfer-window-summer-2026-all-deals-from-europes-top-five-leagues
summer-S26-0945,summer,916,S26-0945,Armindo Sieb,Bayern Munich,Los Angeles FC,2026-08-13,430000,GBP,,Forward — striker role unverified,,Evidence needed,"Reported fee available; verify striker role, production, age, availability and transfer before assigning a score.",Broad Forward label only; not a certified striker cohort. No comparable production supplied for this deal.,Reported fee,Not assessed,https://www.theguardian.com/football/ng-interactive/2026/sep/01/mens-transfer-window-summer-2026-all-deals-from-europes-top-five-leagues
summer-S26-0950,summer,921,S26-0950,Enis Destan,Hull City,Konyaspor,2026-08-14,,GBP,,Forward — striker role unverified,,Evidence needed,Undisclosed fee: cannot assess fee versus worth.,Broad Forward label only; not a certified striker cohort. No comparable production supplied for this deal.,Undisclosed,Not assessed,https://www.theguardian.com/football/ng-interactive/2026/sep/01/mens-transfer-window-summer-2026-all-deals-from-europes-top-five-leagues
summer-S26-0952,summer,923,S26-0952,Flavio Russo,Sassuolo,Catania,2026-08-14,,GBP,,Forward — striker role unverified,,Evidence needed,Loan/swap terms and buyer-specific production evidence needed.,Broad Forward label only; not a certified striker cohort. No comparable production supplied for this deal.,Loan fee not stated,Not assessed,https://www.theguardian.com/football/ng-interactive/2026/sep/01/mens-transfer-window-summer-2026-all-deals-from-europes-top-five-leagues
summer-S26-0955,summer,926,S26-0955,David Romero,Club Atlético Tigre,Parma,2026-08-14,6000000,GBP,,Forward — striker role unverified,,Evidence needed,"Reported fee available; verify striker role, production, age, availability and transfer before assigning a score.",Broad Forward label only; not a certified striker cohort. No comparable production supplied for this deal.,Reported fee,Not assessed,https://www.theguardian.com/football/ng-interactive/2026/sep/01/mens-transfer-window-summer-2026-all-deals-from-europes-top-five-leagues
summer-S26-0961,summer,932,S26-0961,Dastan Satpayev,Chelsea,Burnley,2026-08-14,,GBP,,Forward — striker role unverified,,Evidence needed,Loan/swap terms and buyer-specific production evidence needed.,Broad Forward label only; not a certified striker cohort. No comparable production supplied for this deal.,Loan fee not stated,Not assessed,https://www.theguardian.com/football/ng-interactive/2026/sep/01/mens-transfer-window-summer-2026-all-deals-from-europes-top-five-leagues
summer-S26-0971,summer,940,S26-0971,Ferran Torres,Barcelona,Paris Saint-Germain,2026-08-15,42800000,GBP,,Forward — striker role unverified,,Evidence needed,"Reported fee available; verify striker role, production, age, availability and transfer before assigning a score.",Broad Forward label only; not a certified striker cohort. No comparable production supplied for this deal.,Reported fee,Not assessed,https://www.theguardian.com/football/ng-interactive/2026/sep/01/mens-transfer-window-summer-2026-all-deals-from-europes-top-five-leagues
summer-S26-0974,summer,943,S26-0974,Joe Gelhardt,Leeds United,Hull City,2026-08-15,6500000,GBP,,Forward — striker role unverified,,Evidence needed,"Reported fee available; verify striker role, production, age, availability and transfer before assigning a score.",Broad Forward label only; not a certified striker cohort. No comparable production supplied for this deal.,Reported fee,Not assessed,https://www.theguardian.com/football/ng-interactive/2026/sep/01/mens-transfer-window-summer-2026-all-deals-from-europes-top-five-leagues
summer-S26-0975,summer,944,S26-0975,Janis Antiste,Sassuolo,Gornik Zabrze,2026-08-15,,GBP,,Forward — striker role unverified,,Evidence needed,Loan/swap terms and buyer-specific production evidence needed.,Broad Forward label only; not a certified striker cohort. No comparable production supplied for this deal.,Loan fee not stated,Not assessed,https://www.theguardian.com/football/ng-interactive/2026/sep/01/mens-transfer-window-summer-2026-all-deals-from-europes-top-five-leagues
summer-S26-0978,summer,947,S26-0978,Agustín Álvarez,Sassuolo,Talleres,2026-08-14,,GBP,,Forward — striker role unverified,,Evidence needed,Loan/swap terms and buyer-specific production evidence needed.,Broad Forward label only; not a certified striker cohort. No comparable production supplied for this deal.,Loan fee not stated,Not assessed,https://www.theguardian.com/football/ng-interactive/2026/sep/01/mens-transfer-window-summer-2026-all-deals-from-europes-top-five-leagues
summer-S26-0982,summer,951,S26-0982,Noel Futkeu,Eintracht Frankfurt,Elversberg,2026-08-15,,GBP,,Forward — striker role unverified,,Evidence needed,Loan/swap terms and buyer-specific production evidence needed.,Broad Forward label only; not a certified striker cohort. No comparable production supplied for this deal.,Loan fee not stated,Not assessed,https://www.theguardian.com/football/ng-interactive/2026/sep/01/mens-transfer-window-summer-2026-all-deals-from-europes-top-five-leagues
summer-S26-0989,summer,958,S26-0989,Julio Enciso,Strasbourg,Ipswich Town,2026-08-17,26000000,GBP,,Forward — striker role unverified,,Evidence needed,"Reported fee available; verify striker role, production, age, availability and transfer before assigning a score.",Broad Forward label only; not a certified striker cohort. No comparable production supplied for this deal.,Reported fee,Not assessed,https://www.theguardian.com/football/ng-interactive/2026/sep/01/mens-transfer-window-summer-2026-all-deals-from-europes-top-five-leagues
summer-S26-0990,summer,959,S26-0990,Taiwo Awoniyi,Nottingham Forest,Coventry City,2026-08-17,9000000,GBP,,Forward — striker role unverified,,Evidence needed,"Reported fee available; verify striker role, production, age, availability and transfer before assigning a score.",Broad Forward label only; not a certified striker cohort. No comparable production supplied for this deal.,Reported fee,Not assessed,https://www.theguardian.com/football/ng-interactive/2026/sep/01/mens-transfer-window-summer-2026-all-deals-from-europes-top-five-leagues
summer-S26-0991,summer,960,S26-0991,Michy Batshuayi,Eintracht Frankfurt,Abha Club,2026-08-17,,GBP,,Forward — striker role unverified,,Evidence needed,Undisclosed fee: cannot assess fee versus worth.,Broad Forward label only; not a certified striker cohort. No comparable production supplied for this deal.,Undisclosed,Not assessed,https://www.theguardian.com/football/ng-interactive/2026/sep/01/mens-transfer-window-summer-2026-all-deals-from-europes-top-five-leagues
summer-S26-0994,summer,963,S26-0994,Jacobo Ortega,Real Madrid,Strasbourg,2026-08-17,8600000,GBP,,Forward — striker role unverified,,Evidence needed,"Reported fee available; verify striker role, production, age, availability and transfer before assigning a score.",Broad Forward label only; not a certified striker cohort. No comparable production supplied for this deal.,Reported fee,Not assessed,https://www.theguardian.com/football/ng-interactive/2026/sep/01/mens-transfer-window-summer-2026-all-deals-from-europes-top-five-leagues
summer-S26-1000,summer,969,S26-1000,Thijs Dallinga,Bologna,Cologne,2026-08-17,,GBP,,Forward — striker role unverified,,Evidence needed,Loan/swap terms and buyer-specific production evidence needed.,Broad Forward label only; not a certified striker cohort. No comparable production supplied for this deal.,Loan fee not stated,Not assessed,https://www.theguardian.com/football/ng-interactive/2026/sep/01/mens-transfer-window-summer-2026-all-deals-from-europes-top-five-leagues
summer-S26-1010,summer,979,S26-1010,Niclas Füllkrug,West Ham United,Werder Bremen,2026-08-18,,GBP,,Forward — striker role unverified,,Evidence needed,Loan/swap terms and buyer-specific production evidence needed.,Broad Forward label only; not a certified striker cohort. No comparable production supplied for this deal.,Loan fee not stated,Not assessed,https://www.theguardian.com/football/ng-interactive/2026/sep/01/mens-transfer-window-summer-2026-all-deals-from-europes-top-five-leagues
summer-S26-1024,summer,992,S26-1024,Promise David,Union St-Gilloise,Brighton,2026-08-18,,GBP,,Forward — striker role unverified,,Evidence needed,Loan/swap terms and buyer-specific production evidence needed.,Broad Forward label only; not a certified striker cohort. No comparable production supplied for this deal.,Loan fee not stated,Not assessed,https://www.theguardian.com/football/ng-interactive/2026/sep/01/mens-transfer-window-summer-2026-all-deals-from-europes-top-five-leagues
summer-S26-1026,summer,994,S26-1026,Thomás De Martis,Lanús,Parma,2026-08-18,,GBP,,Forward — striker role unverified,,Evidence needed,Loan/swap terms and buyer-specific production evidence needed.,Broad Forward label only; not a certified striker cohort. No comparable production supplied for this deal.,Loan fee not stated,Not assessed,https://www.theguardian.com/football/ng-interactive/2026/sep/01/mens-transfer-window-summer-2026-all-deals-from-europes-top-five-leagues
summer-S26-1027,summer,995,S26-1027,Joël Piroe,Leeds United,West Ham United,2026-08-19,,GBP,,Forward — striker role unverified,,Evidence needed,Loan/swap terms and buyer-specific production evidence needed.,Broad Forward label only; not a certified striker cohort. No comparable production supplied for this deal.,Loan fee not stated,Not assessed,https://www.theguardian.com/football/ng-interactive/2026/sep/01/mens-transfer-window-summer-2026-all-deals-from-europes-top-five-leagues
summer-S26-1040,summer,1008,S26-1040,Sidiki Cherif,Fenerbahce,Coventry City,2026-08-19,20500000,GBP,,Forward — striker role unverified,,Evidence needed,"Reported fee available; verify striker role, production, age, availability and transfer before assigning a score.",Broad Forward label only; not a certified striker cohort. No comparable production supplied for this deal.,Reported fee,Not assessed,https://www.theguardian.com/football/ng-interactive/2026/sep/01/mens-transfer-window-summer-2026-all-deals-from-europes-top-five-leagues
summer-S26-1050,summer,1018,S26-1050,Troy Parrott,AZ Alkmaar,Real Betis,2026-08-20,17100000,GBP,,Forward — striker role unverified,,Evidence needed,"Reported fee available; verify striker role, production, age, availability and transfer before assigning a score.",Broad Forward label only; not a certified striker cohort. No comparable production supplied for this deal.,Reported fee,Not assessed,https://www.theguardian.com/football/ng-interactive/2026/sep/01/mens-transfer-window-summer-2026-all-deals-from-europes-top-five-leagues
summer-S26-1055,summer,1023,S26-1055,George Hirst,Ipswich Town,Stoke City,2026-08-20,6000000,GBP,,Forward — striker role unverified,,Evidence needed,"Reported fee available; verify striker role, production, age, availability and transfer before assigning a score.",Broad Forward label only; not a certified striker cohort. No comparable production supplied for this deal.,Reported fee,Not assessed,https://www.theguardian.com/football/ng-interactive/2026/sep/01/mens-transfer-window-summer-2026-all-deals-from-europes-top-five-leagues
summer-S26-1056,summer,1024,S26-1056,Divine Mukasa,Manchester City,West Ham United,2026-08-21,,GBP,,Forward — striker role unverified,,Evidence needed,Loan/swap terms and buyer-specific production evidence needed.,Broad Forward label only; not a certified striker cohort. No comparable production supplied for this deal.,Loan fee not stated,Not assessed,https://www.theguardian.com/football/ng-interactive/2026/sep/01/mens-transfer-window-summer-2026-all-deals-from-europes-top-five-leagues
summer-S26-1080,summer,1047,S26-1080,Adam Buksa,Udinese,Mallorca,2026-08-23,,GBP,,Forward — striker role unverified,,Evidence needed,Loan/swap terms and buyer-specific production evidence needed.,Broad Forward label only; not a certified striker cohort. No comparable production supplied for this deal.,Loan fee not stated,Not assessed,https://www.theguardian.com/football/ng-interactive/2026/sep/01/mens-transfer-window-summer-2026-all-deals-from-europes-top-five-leagues
summer-S26-1081,summer,1048,S26-1081,Antonio Casas,Venezia,Sporting Gijón,2026-08-23,,GBP,,Forward — striker role unverified,,Evidence needed,Loan/swap terms and buyer-specific production evidence needed.,Broad Forward label only; not a certified striker cohort. No comparable production supplied for this deal.,Loan fee not stated,Not assessed,https://www.theguardian.com/football/ng-interactive/2026/sep/01/mens-transfer-window-summer-2026-all-deals-from-europes-top-five-leagues
summer-S26-1086,summer,1053,S26-1086,Vanja Vlahovic,Atalanta,Mantova,2026-08-21,,GBP,,Forward — striker role unverified,,Evidence needed,Loan/swap terms and buyer-specific production evidence needed.,Broad Forward label only; not a certified striker cohort. No comparable production supplied for this deal.,Loan fee not stated,Not assessed,https://www.theguardian.com/football/ng-interactive/2026/sep/01/mens-transfer-window-summer-2026-all-deals-from-europes-top-five-leagues
summer-S26-1089,summer,1056,S26-1089,Breel Embolo,Rennes,Atlanta United,2026-08-23,14600000,GBP,,Forward — striker role unverified,,Evidence needed,"Reported fee available; verify striker role, production, age, availability and transfer before assigning a score.",Broad Forward label only; not a certified striker cohort. No comparable production supplied for this deal.,Reported fee,Not assessed,https://www.theguardian.com/football/ng-interactive/2026/sep/01/mens-transfer-window-summer-2026-all-deals-from-europes-top-five-leagues
summer-S26-1090,summer,1057,S26-1090,Terem Moffi,Nice,Hamburg,2026-08-24,1700000,GBP,,Forward — striker role unverified,,Evidence needed,"Reported fee available; verify striker role, production, age, availability and transfer before assigning a score.",Broad Forward label only; not a certified striker cohort. No comparable production supplied for this deal.,Reported fee,Not assessed,https://www.theguardian.com/football/ng-interactive/2026/sep/01/mens-transfer-window-summer-2026-all-deals-from-europes-top-five-leagues
summer-S26-1096,summer,1062,S26-1096,Ezequiel Ponce,Houston Dynamo,Elche,2026-08-14,1700000,GBP,,Forward — striker role unverified,,Evidence needed,"Reported fee available; verify striker role, production, age, availability and transfer before assigning a score.",Broad Forward label only; not a certified striker cohort. No comparable production supplied for this deal.,Reported fee,Not assessed,https://www.theguardian.com/football/ng-interactive/2026/sep/01/mens-transfer-window-summer-2026-all-deals-from-europes-top-five-leagues
summer-S26-1104,summer,1070,S26-1104,Jovan Milosevic,Stuttgart,Braga,2026-08-20,6900000,GBP,,Forward — striker role unverified,,Evidence needed,"Reported fee available; verify striker role, production, age, availability and transfer before assigning a score.",Broad Forward label only; not a certified striker cohort. No comparable production supplied for this deal.,Reported fee,Not assessed,https://www.theguardian.com/football/ng-interactive/2026/sep/01/mens-transfer-window-summer-2026-all-deals-from-europes-top-five-leagues
summer-S26-1109,summer,1075,S26-1109,Elye Wahi,Eintracht Frankfurt,Nice,2026-08-24,,GBP,,Forward — striker role unverified,,Evidence needed,Loan/swap terms and buyer-specific production evidence needed.,Broad Forward label only; not a certified striker cohort. No comparable production supplied for this deal.,Loan fee not stated,Not assessed,https://www.theguardian.com/football/ng-interactive/2026/sep/01/mens-transfer-window-summer-2026-all-deals-from-europes-top-five-leagues
summer-S26-1112,summer,1078,S26-1112,Agustín Albarracín,Cagliari,Albacete,2026-08-25,,GBP,,Forward — striker role unverified,,Evidence needed,Loan/swap terms and buyer-specific production evidence needed.,Broad Forward label only; not a certified striker cohort. No comparable production supplied for this deal.,Loan fee not stated,Not assessed,https://www.theguardian.com/football/ng-interactive/2026/sep/01/mens-transfer-window-summer-2026-all-deals-from-europes-top-five-leagues
summer-S26-1113,summer,1079,S26-1113,Milutin Osmajic,Preston,Genoa,2026-08-24,2100000,GBP,,Forward — striker role unverified,,Evidence needed,"Reported fee available; verify striker role, production, age, availability and transfer before assigning a score.",Broad Forward label only; not a certified striker cohort. No comparable production supplied for this deal.,Reported fee,Not assessed,https://www.theguardian.com/football/ng-interactive/2026/sep/01/mens-transfer-window-summer-2026-all-deals-from-europes-top-five-leagues
summer-S26-1118,summer,1084,S26-1118,Christopher Nkunku,Milan,RB Leipzig,2026-08-25,,GBP,,Forward — striker role unverified,,Evidence needed,Loan/swap terms and buyer-specific production evidence needed.,Broad Forward label only; not a certified striker cohort. No comparable production supplied for this deal.,Loan fee not stated,Not assessed,https://www.theguardian.com/football/ng-interactive/2026/sep/01/mens-transfer-window-summer-2026-all-deals-from-europes-top-five-leagues
summer-S26-1124,summer,1089,S26-1124,Ali al-Hamadi,Ipswich Town,Sheffield Wednesday,2026-08-26,,GBP,,Forward — striker role unverified,,Evidence needed,Loan/swap terms and buyer-specific production evidence needed.,Broad Forward label only; not a certified striker cohort. No comparable production supplied for this deal.,Loan fee not stated,Not assessed,https://www.theguardian.com/football/ng-interactive/2026/sep/01/mens-transfer-window-summer-2026-all-deals-from-europes-top-five-leagues
summer-S26-1133,summer,1098,S26-1133,Marvin Pieringer,Heidenheim,Paderborn,2026-08-26,2570000,GBP,,Forward — striker role unverified,,Evidence needed,"Reported fee available; verify striker role, production, age, availability and transfer before assigning a score.",Broad Forward label only; not a certified striker cohort. No comparable production supplied for this deal.,Reported fee,Not assessed,https://www.theguardian.com/football/ng-interactive/2026/sep/01/mens-transfer-window-summer-2026-all-deals-from-europes-top-five-leagues
summer-S26-1140,summer,1105,S26-1140,Liam Delap,Chelsea,Nottingham Forest,2026-08-27,45000000,GBP,,Forward — striker role unverified,,Evidence needed,"Reported fee available; verify striker role, production, age, availability and transfer before assigning a score.",Broad Forward label only; not a certified striker cohort. No comparable production supplied for this deal.,Reported fee,Not assessed,https://www.theguardian.com/football/ng-interactive/2026/sep/01/mens-transfer-window-summer-2026-all-deals-from-europes-top-five-leagues
summer-S26-1144,summer,1109,S26-1144,Lamin Sillah,Nottingham Forest,Gillingham,2026-08-27,,GBP,,Forward — striker role unverified,,Evidence needed,Loan/swap terms and buyer-specific production evidence needed.,Broad Forward label only; not a certified striker cohort. No comparable production supplied for this deal.,Loan fee not stated,Not assessed,https://www.theguardian.com/football/ng-interactive/2026/sep/01/mens-transfer-window-summer-2026-all-deals-from-europes-top-five-leagues
summer-S26-1146,summer,1111,S26-1146,Omar Marmoush,Manchester City,Tottenham Hotspur,2026-08-27,,GBP,,Forward — striker role unverified,,Evidence needed,Loan/swap terms and buyer-specific production evidence needed.,Broad Forward label only; not a certified striker cohort. No comparable production supplied for this deal.,Loan fee not stated,Not assessed,https://www.theguardian.com/football/ng-interactive/2026/sep/01/mens-transfer-window-summer-2026-all-deals-from-europes-top-five-leagues
summer-S26-1157,summer,1122,S26-1157,Nicolas Jackson,Chelsea,Aston Villa,2026-08-28,47500000,GBP,,Forward — striker role unverified,,Evidence needed,"Reported fee available; verify striker role, production, age, availability and transfer before assigning a score.",Broad Forward label only; not a certified striker cohort. No comparable production supplied for this deal.,Reported fee,Not assessed,https://www.theguardian.com/football/ng-interactive/2026/sep/01/mens-transfer-window-summer-2026-all-deals-from-europes-top-five-leagues
summer-S26-1160,summer,1125,S26-1160,Tomas Bobcek,Lechia Gdansk,Frosinone,2026-08-28,9160000,GBP,,Forward — striker role unverified,,Evidence needed,"Reported fee available; verify striker role, production, age, availability and transfer before assigning a score.",Broad Forward label only; not a certified striker cohort. No comparable production supplied for this deal.,Reported fee,Not assessed,https://www.theguardian.com/football/ng-interactive/2026/sep/01/mens-transfer-window-summer-2026-all-deals-from-europes-top-five-leagues
summer-S26-1161,summer,1126,S26-1161,Álvaro Morata,Como 1907,Leganés,2026-08-28,,GBP,,Forward — striker role unverified,,Evidence needed,Loan/swap terms and buyer-specific production evidence needed.,Broad Forward label only; not a certified striker cohort. No comparable production supplied for this deal.,Loan fee not stated,Not assessed,https://www.theguardian.com/football/ng-interactive/2026/sep/01/mens-transfer-window-summer-2026-all-deals-from-europes-top-five-leagues
summer-S26-1166,summer,1131,S26-1166,Walid Cheddira,Napoli,Avellino,2026-08-28,3000000,GBP,,Forward — striker role unverified,,Evidence needed,"Reported fee available; verify striker role, production, age, availability and transfer before assigning a score.",Broad Forward label only; not a certified striker cohort. No comparable production supplied for this deal.,Reported fee,Not assessed,https://www.theguardian.com/football/ng-interactive/2026/sep/01/mens-transfer-window-summer-2026-all-deals-from-europes-top-five-leagues
summer-S26-1167,summer,1132,S26-1167,William Bøving,Mainz 05,Nuremberg,2026-08-28,,GBP,,Forward — striker role unverified,,Evidence needed,Loan/swap terms and buyer-specific production evidence needed.,Broad Forward label only; not a certified striker cohort. No comparable production supplied for this deal.,Loan fee not stated,Not assessed,https://www.theguardian.com/football/ng-interactive/2026/sep/01/mens-transfer-window-summer-2026-all-deals-from-europes-top-five-leagues
summer-S26-1169,summer,1134,S26-1169,Jon Karrikaburu,Real Sociedad,Burgos,2026-08-28,,GBP,,Forward — striker role unverified,,Evidence needed,Free base fee excludes wages and other costs; role and production evidence needed.,Broad Forward label only; not a certified striker cohort. No comparable production supplied for this deal.,Free transfer,Not assessed,https://www.theguardian.com/football/ng-interactive/2026/sep/01/mens-transfer-window-summer-2026-all-deals-from-europes-top-five-leagues
summer-S26-1192,summer,1157,S26-1192,Alvin Okoro,Venezia,Südtirol,2026-08-29,,GBP,,Forward — striker role unverified,,Evidence needed,Loan/swap terms and buyer-specific production evidence needed.,Broad Forward label only; not a certified striker cohort. No comparable production supplied for this deal.,Loan fee not stated,Not assessed,https://www.theguardian.com/football/ng-interactive/2026/sep/01/mens-transfer-window-summer-2026-all-deals-from-europes-top-five-leagues
summer-S26-1193,summer,1158,S26-1193,Sebastiano Esposito,Cagliari,Sassuolo,2026-08-29,,GBP,,Forward — striker role unverified,,Evidence needed,Loan/swap terms and buyer-specific production evidence needed.,Broad Forward label only; not a certified striker cohort. No comparable production supplied for this deal.,Loan fee not stated,Not assessed,https://www.theguardian.com/football/ng-interactive/2026/sep/01/mens-transfer-window-summer-2026-all-deals-from-europes-top-five-leagues
summer-S26-1195,summer,1160,S26-1195,Gabriele Artistico,Lazio,Padova,2026-08-27,2600000,GBP,,Forward — striker role unverified,,Evidence needed,"Reported fee available; verify striker role, production, age, availability and transfer before assigning a score.",Broad Forward label only; not a certified striker cohort. No comparable production supplied for this deal.,Reported fee,Not assessed,https://www.theguardian.com/football/ng-interactive/2026/sep/01/mens-transfer-window-summer-2026-all-deals-from-europes-top-five-leagues
summer-S26-1196,summer,1161,S26-1196,Daniel Birligea,FCSB,Frosinone,2026-08-27,,GBP,,Forward — striker role unverified,,Evidence needed,Loan/swap terms and buyer-specific production evidence needed.,Broad Forward label only; not a certified striker cohort. No comparable production supplied for this deal.,Loan fee not stated,Not assessed,https://www.theguardian.com/football/ng-interactive/2026/sep/01/mens-transfer-window-summer-2026-all-deals-from-europes-top-five-leagues
summer-S26-1197,summer,1162,S26-1197,Andrea Pinamonti,Sassuolo,Lazio,2026-08-27,2600000,GBP,,Forward — striker role unverified,,Evidence needed,"Reported fee available; verify striker role, production, age, availability and transfer before assigning a score.",Broad Forward label only; not a certified striker cohort. No comparable production supplied for this deal.,Reported fee,Not assessed,https://www.theguardian.com/football/ng-interactive/2026/sep/01/mens-transfer-window-summer-2026-all-deals-from-europes-top-five-leagues
summer-S26-1216,summer,1181,S26-1216,Ollie Watkins,Aston Villa,Al-Hilal,2026-08-30,51000000,GBP,,Forward — striker role unverified,,Evidence needed,"Reported fee available; verify striker role, production, age, availability and transfer before assigning a score.",Broad Forward label only; not a certified striker cohort. No comparable production supplied for this deal.,Reported fee,Not assessed,https://www.theguardian.com/football/ng-interactive/2026/sep/01/mens-transfer-window-summer-2026-all-deals-from-europes-top-five-leagues
summer-S26-1220,summer,1185,S26-1220,Alieu Njie,Torino,Fiorentina,2026-08-30,,GBP,,Forward — striker role unverified,,Evidence needed,Loan/swap terms and buyer-specific production evidence needed.,Broad Forward label only; not a certified striker cohort. No comparable production supplied for this deal.,Loan fee not stated,Not assessed,https://www.theguardian.com/football/ng-interactive/2026/sep/01/mens-transfer-window-summer-2026-all-deals-from-europes-top-five-leagues
summer-S26-1224,summer,1189,S26-1224,Eman Kospo,Fiorentina,Mantova,2026-08-30,,GBP,,Forward — striker role unverified,,Evidence needed,Loan/swap terms and buyer-specific production evidence needed.,Broad Forward label only; not a certified striker cohort. No comparable production supplied for this deal.,Loan fee not stated,Not assessed,https://www.theguardian.com/football/ng-interactive/2026/sep/01/mens-transfer-window-summer-2026-all-deals-from-europes-top-five-leagues
summer-S26-1232,summer,1196,S26-1232,Alessandro Vogt,Hoffenheim,Heidenheim,2026-08-31,,GBP,,Forward — striker role unverified,,Evidence needed,Loan/swap terms and buyer-specific production evidence needed.,Broad Forward label only; not a certified striker cohort. No comparable production supplied for this deal.,Loan fee not stated,Not assessed,https://www.theguardian.com/football/ng-interactive/2026/sep/01/mens-transfer-window-summer-2026-all-deals-from-europes-top-five-leagues
summer-S26-1239,summer,1203,S26-1239,David Datro Fofana,Chelsea,Servette,2026-08-31,,GBP,,Forward — striker role unverified,,Evidence needed,Undisclosed fee: cannot assess fee versus worth.,Broad Forward label only; not a certified striker cohort. No comparable production supplied for this deal.,Undisclosed,Not assessed,https://www.theguardian.com/football/ng-interactive/2026/sep/01/mens-transfer-window-summer-2026-all-deals-from-europes-top-five-leagues
summer-S26-1240,summer,1204,S26-1240,Conrad Harder,RB Leipzig,Strasbourg,2026-09-01,,GBP,,Forward — striker role unverified,,Evidence needed,Loan/swap terms and buyer-specific production evidence needed.,Broad Forward label only; not a certified striker cohort. No comparable production supplied for this deal.,Loan fee not stated,Not assessed,https://www.theguardian.com/football/ng-interactive/2026/sep/01/mens-transfer-window-summer-2026-all-deals-from-europes-top-five-leagues
summer-S26-1241,summer,1205,S26-1241,Luís Semedo,Sunderland,Clermont Foot,2026-09-01,,GBP,,Forward — striker role unverified,,Evidence needed,Undisclosed fee: cannot assess fee versus worth.,Broad Forward label only; not a certified striker cohort. No comparable production supplied for this deal.,Undisclosed,Not assessed,https://www.theguardian.com/football/ng-interactive/2026/sep/01/mens-transfer-window-summer-2026-all-deals-from-europes-top-five-leagues
summer-S26-1242,summer,1206,S26-1242,Marc Guiu,Chelsea,RB Leipzig,2026-09-01,14500000,GBP,,Forward — striker role unverified,,Evidence needed,"Reported fee available; verify striker role, production, age, availability and transfer before assigning a score.",Broad Forward label only; not a certified striker cohort. No comparable production supplied for this deal.,Reported fee,Not assessed,https://www.theguardian.com/football/ng-interactive/2026/sep/01/mens-transfer-window-summer-2026-all-deals-from-europes-top-five-leagues
summer-S26-1248,summer,1212,S26-1248,Ilyas Ansah,Union Berlin,Hull City,2026-09-01,14500000,GBP,,Forward — striker role unverified,,Evidence needed,"Reported fee available; verify striker role, production, age, availability and transfer before assigning a score.",Broad Forward label only; not a certified striker cohort. No comparable production supplied for this deal.,Reported fee,Not assessed,https://www.theguardian.com/football/ng-interactive/2026/sep/01/mens-transfer-window-summer-2026-all-deals-from-europes-top-five-leagues
summer-S26-1252,summer,1216,S26-1252,Gonzalo Petit,Real Betis,Cádiz,2026-09-01,,GBP,,Forward — striker role unverified,,Evidence needed,Loan/swap terms and buyer-specific production evidence needed.,Broad Forward label only; not a certified striker cohort. No comparable production supplied for this deal.,Loan fee not stated,Not assessed,https://www.theguardian.com/football/ng-interactive/2026/sep/01/mens-transfer-window-summer-2026-all-deals-from-europes-top-five-leagues
summer-S26-1259,summer,1222,S26-1259,Lazar Jovanovic,Stuttgart,Udinese,2026-09-01,5500000,GBP,,Forward — striker role unverified,,Evidence needed,"Reported fee available; verify striker role, production, age, availability and transfer before assigning a score.",Broad Forward label only; not a certified striker cohort. No comparable production supplied for this deal.,Reported fee,Not assessed,https://www.theguardian.com/football/ng-interactive/2026/sep/01/mens-transfer-window-summer-2026-all-deals-from-europes-top-five-leagues
summer-S26-1262,summer,1225,S26-1262,Christian Gomis,Schalke 04,CD Tenerife,2026-09-01,,GBP,,Forward — striker role unverified,,Evidence needed,Loan/swap terms and buyer-specific production evidence needed.,Broad Forward label only; not a certified striker cohort. No comparable production supplied for this deal.,Loan fee not stated,Not assessed,https://www.theguardian.com/football/ng-interactive/2026/sep/01/mens-transfer-window-summer-2026-all-deals-from-europes-top-five-leagues
summer-S26-1267,summer,1229,S26-1267,Gabriel Jesus,Arsenal,Barcelona,2026-09-01,8600000,GBP,,Forward — striker role unverified,,Evidence needed,"Reported fee available; verify striker role, production, age, availability and transfer before assigning a score.",Broad Forward label only; not a certified striker cohort. No comparable production supplied for this deal.,Reported fee,Not assessed,https://www.theguardian.com/football/ng-interactive/2026/sep/01/mens-transfer-window-summer-2026-all-deals-from-europes-top-five-leagues
summer-S26-1270,summer,1232,S26-1270,Rayan Philippe,Hamburg,Paderborn,2026-09-01,,GBP,,Forward — striker role unverified,,Evidence needed,Loan/swap terms and buyer-specific production evidence needed.,Broad Forward label only; not a certified striker cohort. No comparable production supplied for this deal.,Loan fee not stated,Not assessed,https://www.theguardian.com/football/ng-interactive/2026/sep/01/mens-transfer-window-summer-2026-all-deals-from-europes-top-five-leagues
summer-S26-1280,summer,1242,S26-1280,Matias Fernandez-Pardo,Lille,Newcastle United,2026-09-01,51000000,GBP,,Forward — striker role unverified,,Evidence needed,"Reported fee available; verify striker role, production, age, availability and transfer before assigning a score.",Broad Forward label only; not a certified striker cohort. No comparable production supplied for this deal.,Reported fee,Not assessed,https://www.theguardian.com/football/ng-interactive/2026/sep/01/mens-transfer-window-summer-2026-all-deals-from-europes-top-five-leagues
summer-S26-1282,summer,1244,S26-1282,Arijon Ibrahimović,Bayern Munich,Augsburg,2026-09-01,,GBP,,Forward — striker role unverified,,Evidence needed,Loan/swap terms and buyer-specific production evidence needed.,Broad Forward label only; not a certified striker cohort. No comparable production supplied for this deal.,Loan fee not stated,Not assessed,https://www.theguardian.com/football/ng-interactive/2026/sep/01/mens-transfer-window-summer-2026-all-deals-from-europes-top-five-leagues
summer-S26-1283,summer,1245,S26-1283,Timothé Nkada,Standard Liège,Troyes,2026-09-01,,GBP,,Forward — striker role unverified,,Evidence needed,Loan/swap terms and buyer-specific production evidence needed.,Broad Forward label only; not a certified striker cohort. No comparable production supplied for this deal.,Loan fee not stated,Not assessed,https://www.theguardian.com/football/ng-interactive/2026/sep/01/mens-transfer-window-summer-2026-all-deals-from-europes-top-five-leagues
summer-S26-1288,summer,1250,S26-1288,Louey Ben Farhat,Karlsruhe,Freiburg,2026-09-01,6400000,GBP,,Forward — striker role unverified,,Evidence needed,"Reported fee available; verify striker role, production, age, availability and transfer before assigning a score.",Broad Forward label only; not a certified striker cohort. No comparable production supplied for this deal.,Reported fee,Not assessed,https://www.theguardian.com/football/ng-interactive/2026/sep/01/mens-transfer-window-summer-2026-all-deals-from-europes-top-five-leagues
summer-S26-1289,summer,1251,S26-1289,Habib Diallo,Metz,Le Mans,2026-09-01,,GBP,,Forward — striker role unverified,,Evidence needed,Undisclosed fee: cannot assess fee versus worth.,Broad Forward label only; not a certified striker cohort. No comparable production supplied for this deal.,Undisclosed,Not assessed,https://www.theguardian.com/football/ng-interactive/2026/sep/01/mens-transfer-window-summer-2026-all-deals-from-europes-top-five-leagues
summer-S26-1295,summer,1257,S26-1295,Caleb Ekuban,Genoa,Verona,2026-09-01,,GBP,,Forward — striker role unverified,,Evidence needed,Free base fee excludes wages and other costs; role and production evidence needed.,Broad Forward label only; not a certified striker cohort. No comparable production supplied for this deal.,Free transfer,Not assessed,https://www.theguardian.com/football/ng-interactive/2026/sep/01/mens-transfer-window-summer-2026-all-deals-from-europes-top-five-leagues
summer-S26-1300,summer,1262,S26-1300,Cameron Archer,Southampton,Auxerre,2026-09-01,,GBP,,Forward — striker role unverified,,Evidence needed,Loan/swap terms and buyer-specific production evidence needed.,Broad Forward label only; not a certified striker cohort. No comparable production supplied for this deal.,Loan fee not stated,Not assessed,https://www.theguardian.com/football/ng-interactive/2026/sep/01/mens-transfer-window-summer-2026-all-deals-from-europes-top-five-leagues
summer-S26-1310,summer,1271,S26-1310,David Obou,Crystal Palace,Örgryte,2026-08-31,,GBP,,Forward — striker role unverified,,Evidence needed,Free base fee excludes wages and other costs; role and production evidence needed.,Broad Forward label only; not a certified striker cohort. No comparable production supplied for this deal.,Free transfer,Not assessed,https://www.theguardian.com/football/ng-interactive/2026/sep/01/mens-transfer-window-summer-2026-all-deals-from-europes-top-five-leagues
summer-S26-1311,summer,1272,S26-1311,Kennedy Okpala,Paderborn,Dynamo Dresden,2026-09-01,,GBP,,Forward — striker role unverified,,Evidence needed,Loan/swap terms and buyer-specific production evidence needed.,Broad Forward label only; not a certified striker cohort. No comparable production supplied for this deal.,Loan fee not stated,Not assessed,https://www.theguardian.com/football/ng-interactive/2026/sep/01/mens-transfer-window-summer-2026-all-deals-from-europes-top-five-leagues
summer-S26-1314,summer,1275,S26-1314,Jonathan Rowe,Bologna,Atalanta,2026-09-01,,GBP,,Forward — striker role unverified,,Evidence needed,Loan/swap terms and buyer-specific production evidence needed.,Broad Forward label only; not a certified striker cohort. No comparable production supplied for this deal.,Loan fee not stated,Not assessed,https://www.theguardian.com/football/ng-interactive/2026/sep/01/mens-transfer-window-summer-2026-all-deals-from-europes-top-five-leagues
summer-S26-1317,summer,1278,S26-1317,Theo Bair,Auxerre,Bolton,2026-09-01,,GBP,,Forward — striker role unverified,,Evidence needed,Loan/swap terms and buyer-specific production evidence needed.,Broad Forward label only; not a certified striker cohort. No comparable production supplied for this deal.,Loan fee not stated,Not assessed,https://www.theguardian.com/football/ng-interactive/2026/sep/01/mens-transfer-window-summer-2026-all-deals-from-europes-top-five-leagues
summer-S26-1320,summer,1281,S26-1320,Santiago Gimenez,Milan,Porto,2026-08-31,,GBP,,Forward — striker role unverified,,Evidence needed,Loan/swap terms and buyer-specific production evidence needed.,Broad Forward label only; not a certified striker cohort. No comparable production supplied for this deal.,Loan fee not stated,Not assessed,https://www.theguardian.com/football/ng-interactive/2026/sep/01/mens-transfer-window-summer-2026-all-deals-from-europes-top-five-leagues
summer-S26-1321,summer,1282,S26-1321,Jay Enem,Red Star Belgrade,Bologna,2026-09-01,5150000,GBP,,Forward — striker role unverified,,Evidence needed,"Reported fee available; verify striker role, production, age, availability and transfer before assigning a score.",Broad Forward label only; not a certified striker cohort. No comparable production supplied for this deal.,Reported fee,Not assessed,https://www.theguardian.com/football/ng-interactive/2026/sep/01/mens-transfer-window-summer-2026-all-deals-from-europes-top-five-leagues
summer-S26-1323,summer,1284,S26-1323,Beto,Everton,Fiorentina,2026-09-01,15440000,GBP,,Forward — striker role unverified,,Evidence needed,"Reported fee available; verify striker role, production, age, availability and transfer before assigning a score.",Broad Forward label only; not a certified striker cohort. No comparable production supplied for this deal.,Reported fee,Not assessed,https://www.theguardian.com/football/ng-interactive/2026/sep/01/mens-transfer-window-summer-2026-all-deals-from-europes-top-five-leagues
summer-S26-1328,summer,1289,S26-1328,Nick Woltemade,Newcastle United,Juventus,2026-09-01,,GBP,,Forward — striker role unverified,,Evidence needed,Loan/swap terms and buyer-specific production evidence needed.,Broad Forward label only; not a certified striker cohort. No comparable production supplied for this deal.,Loan fee not stated,Not assessed,https://www.theguardian.com/football/ng-interactive/2026/sep/01/mens-transfer-window-summer-2026-all-deals-from-europes-top-five-leagues
summer-S26-1329,summer,1290,S26-1329,Deivid Washington,Chelsea,Strasbourg,2026-09-01,6900000,GBP,,Forward — striker role unverified,,Evidence needed,"Reported fee available; verify striker role, production, age, availability and transfer before assigning a score.",Broad Forward label only; not a certified striker cohort. No comparable production supplied for this deal.,Reported fee,Not assessed,https://www.theguardian.com/football/ng-interactive/2026/sep/01/mens-transfer-window-summer-2026-all-deals-from-europes-top-five-leagues
summer-S26-1332,summer,1293,S26-1332,Moise Kean,Fiorentina,Como 1907,2026-09-01,,GBP,,Forward — striker role unverified,,Evidence needed,Loan/swap terms and buyer-specific production evidence needed.,Broad Forward label only; not a certified striker cohort. No comparable production supplied for this deal.,Loan fee not stated,Not assessed,https://www.theguardian.com/football/ng-interactive/2026/sep/01/mens-transfer-window-summer-2026-all-deals-from-europes-top-five-leagues
summer-S26-1333,summer,1294,S26-1333,Albert Gudmundsson,Fiorentina,Lazio,2026-09-01,,GBP,,Forward — striker role unverified,,Evidence needed,Loan/swap terms and buyer-specific production evidence needed.,Broad Forward label only; not a certified striker cohort. No comparable production supplied for this deal.,Loan fee not stated,Not assessed,https://www.theguardian.com/football/ng-interactive/2026/sep/01/mens-transfer-window-summer-2026-all-deals-from-europes-top-five-leagues
summer-S26-1335,summer,1296,S26-1335,Iván Azón,Como 1907,Getafe,2026-09-01,,GBP,,Forward — striker role unverified,,Evidence needed,Loan/swap terms and buyer-specific production evidence needed.,Broad Forward label only; not a certified striker cohort. No comparable production supplied for this deal.,Loan fee not stated,Not assessed,https://www.theguardian.com/football/ng-interactive/2026/sep/01/mens-transfer-window-summer-2026-all-deals-from-europes-top-five-leagues
summer-S26-1344,summer,1305,S26-1344,Jonathan David,Juventus,Atlético Madrid,2026-09-01,,GBP,,Forward — striker role unverified,,Evidence needed,Loan/swap terms and buyer-specific production evidence needed.,Broad Forward label only; not a certified striker cohort. No comparable production supplied for this deal.,Loan fee not stated,Not assessed,https://www.theguardian.com/football/ng-interactive/2026/sep/01/mens-transfer-window-summer-2026-all-deals-from-europes-top-five-leagues
summer-S26-1351,summer,1312,S26-1351,Lucas Stassin,Saint-Etienne,Sevilla,2026-09-01,,GBP,,Forward — striker role unverified,,Evidence needed,Loan/swap terms and buyer-specific production evidence needed.,Broad Forward label only; not a certified striker cohort. No comparable production supplied for this deal.,Loan fee not stated,Not assessed,https://www.theguardian.com/football/ng-interactive/2026/sep/01/mens-transfer-window-summer-2026-all-deals-from-europes-top-five-leagues
summer-S26-1354,summer,1315,S26-1354,Boulaye Dia,Lazio,Rennes,2026-09-01,,GBP,,Forward — striker role unverified,,Evidence needed,Loan/swap terms and buyer-specific production evidence needed.,Broad Forward label only; not a certified striker cohort. No comparable production supplied for this deal.,Loan fee not stated,Not assessed,https://www.theguardian.com/football/ng-interactive/2026/sep/01/mens-transfer-window-summer-2026-all-deals-from-europes-top-five-leagues
summer-S26-1361,summer,1322,S26-1361,Dujuan Richards,Chelsea,Wimbledon,2026-09-01,,GBP,,Forward — striker role unverified,,Evidence needed,Loan/swap terms and buyer-specific production evidence needed.,Broad Forward label only; not a certified striker cohort. No comparable production supplied for this deal.,Loan fee not stated,Not assessed,https://www.theguardian.com/football/ng-interactive/2026/sep/01/mens-transfer-window-summer-2026-all-deals-from-europes-top-five-leagues
summer-S26-1365,summer,1325,S26-1365,Hwang Hee-chan,Wolverhampton Wanderers,Schalke 04,2026-09-01,,GBP,,Forward — striker role unverified,,Evidence needed,Loan/swap terms and buyer-specific production evidence needed.,Broad Forward label only; not a certified striker cohort. No comparable production supplied for this deal.,Loan fee not stated,Not assessed,https://www.theguardian.com/football/ng-interactive/2026/sep/01/mens-transfer-window-summer-2026-all-deals-from-europes-top-five-leagues
summer-S26-1372,summer,1332,S26-1372,Ibrahima Baldé,Rodez,Lorient,2026-09-01,,GBP,,Forward — striker role unverified,,Evidence needed,Loan/swap terms and buyer-specific production evidence needed.,Broad Forward label only; not a certified striker cohort. No comparable production supplied for this deal.,Loan fee not stated,Not assessed,https://www.theguardian.com/football/ng-interactive/2026/sep/01/mens-transfer-window-summer-2026-all-deals-from-europes-top-five-leagues
summer-S26-1378,summer,1338,S26-1378,Mark O'Mahony,Brighton,Burton Albion,2026-09-01,,GBP,,Forward — striker role unverified,,Evidence needed,Loan/swap terms and buyer-specific production evidence needed.,Broad Forward label only; not a certified striker cohort. No comparable production supplied for this deal.,Loan fee not stated,Not assessed,https://www.theguardian.com/football/ng-interactive/2026/sep/01/mens-transfer-window-summer-2026-all-deals-from-europes-top-five-leagues
summer-S26-1380,summer,1340,S26-1380,Ndjicoura Bomba,CS Bamako,Bayer Leverkusen,2026-04-17,,GBP,,Forward — striker role unverified,,Evidence needed,Undisclosed fee: cannot assess fee versus worth.,Broad Forward label only; not a certified striker cohort. No comparable production supplied for this deal.,Undisclosed,Not assessed,https://www.theguardian.com/football/ng-interactive/2026/sep/01/mens-transfer-window-summer-2026-all-deals-from-europes-top-five-leagues
summer-S26-1386,summer,1346,S26-1386,Toni Fernández,Barcelona,Venezia,2026-09-01,,GBP,,Forward — striker role unverified,,Evidence needed,Loan/swap terms and buyer-specific production evidence needed.,Broad Forward label only; not a certified striker cohort. No comparable production supplied for this deal.,Loan fee not stated,Not assessed,https://www.theguardian.com/football/ng-interactive/2026/sep/01/mens-transfer-window-summer-2026-all-deals-from-europes-top-five-leagues
summer-S26-1399,summer,1359,S26-1399,Petar Ratkov,Lazio,Levante,2026-09-01,,GBP,,Forward — striker role unverified,,Evidence needed,Loan/swap terms and buyer-specific production evidence needed.,Broad Forward label only; not a certified striker cohort. No comparable production supplied for this deal.,Loan fee not stated,Not assessed,https://www.theguardian.com/football/ng-interactive/2026/sep/01/mens-transfer-window-summer-2026-all-deals-from-europes-top-five-leagues
summer-S26-1413,summer,1372,S26-1413,Zian Flemming,Burnley,Ipswich Town,2026-09-01,20000000,GBP,,Forward — striker role unverified,,Evidence needed,"Reported fee available; verify striker role, production, age, availability and transfer before assigning a score.",Broad Forward label only; not a certified striker cohort. No comparable production supplied for this deal.,Reported fee,Not assessed,https://www.theguardian.com/football/ng-interactive/2026/sep/01/mens-transfer-window-summer-2026-all-deals-from-europes-top-five-leagues
summer-S26-1416,summer,1375,S26-1416,Robinio Vaz,Roma,Hull City,2026-09-01,,GBP,,Forward — striker role unverified,,Evidence needed,Loan/swap terms and buyer-specific production evidence needed.,Broad Forward label only; not a certified striker cohort. No comparable production supplied for this deal.,Loan fee not stated,Not assessed,https://www.theguardian.com/football/ng-interactive/2026/sep/01/mens-transfer-window-summer-2026-all-deals-from-europes-top-five-leagues
summer-S26-1434,summer,1392,S26-1434,Jean-Mattéo Bahoya,Eintracht Frankfurt,Leeds United,2026-09-02,,GBP,,Forward — striker role unverified,,Evidence needed,Loan/swap terms and buyer-specific production evidence needed.,Broad Forward label only; not a certified striker cohort. No comparable production supplied for this deal.,Loan fee not stated,Not assessed,https://www.theguardian.com/football/ng-interactive/2026/sep/01/mens-transfer-window-summer-2026-all-deals-from-europes-top-five-leagues
summer-S26-1442,summer,1400,S26-1442,Kingstone Mutandwa,Cagliari,Servette,2026-09-02,,GBP,,Forward — striker role unverified,,Evidence needed,Loan/swap terms and buyer-specific production evidence needed.,Broad Forward label only; not a certified striker cohort. No comparable production supplied for this deal.,Loan fee not stated,Not assessed,https://www.theguardian.com/football/ng-interactive/2026/sep/01/mens-transfer-window-summer-2026-all-deals-from-europes-top-five-leagues
summer-S26-1461,summer,1417,S26-1461,Mounaïm El Idrissy,Troyes,Raja Casablanca,2026-09-02,,GBP,,Forward — striker role unverified,,Evidence needed,Undisclosed fee: cannot assess fee versus worth.,Broad Forward label only; not a certified striker cohort. No comparable production supplied for this deal.,Undisclosed,Not assessed,https://www.theguardian.com/football/ng-interactive/2026/sep/01/mens-transfer-window-summer-2026-all-deals-from-europes-top-five-leagues
summer-S26-1463,summer,1419,S26-1463,Chido Obi,Manchester United,Willem II,2026-09-02,,GBP,,Forward — striker role unverified,,Evidence needed,Loan/swap terms and buyer-specific production evidence needed.,Broad Forward label only; not a certified striker cohort. No comparable production supplied for this deal.,Loan fee not stated,Not assessed,https://www.theguardian.com/football/ng-interactive/2026/sep/01/mens-transfer-window-summer-2026-all-deals-from-europes-top-five-leagues
summer-S26-1465,summer,1421,S26-1465,Tomas Cvancara,Borussia Mönchengladbach,Hradec Kralove,2026-09-03,,GBP,,Forward — striker role unverified,,Evidence needed,Loan/swap terms and buyer-specific production evidence needed.,Broad Forward label only; not a certified striker cohort. No comparable production supplied for this deal.,Loan fee not stated,Not assessed,https://www.theguardian.com/football/ng-interactive/2026/sep/01/mens-transfer-window-summer-2026-all-deals-from-europes-top-five-leagues
summer-S26-1480,summer,1434,S26-1480,Matheus França,Crystal Palace,Alverca,2026-09-04,,GBP,,Forward — striker role unverified,,Evidence needed,Loan/swap terms and buyer-specific production evidence needed.,Broad Forward label only; not a certified striker cohort. No comparable production supplied for this deal.,Loan fee not stated,Not assessed,https://www.theguardian.com/football/ng-interactive/2026/sep/01/mens-transfer-window-summer-2026-all-deals-from-europes-top-five-leagues
summer-S26-1489,summer,1443,S26-1489,Giovani Versini,Pau,Brest,2026-09-03,1700000,GBP,,Forward — striker role unverified,,Evidence needed,"Reported fee available; verify striker role, production, age, availability and transfer before assigning a score.",Broad Forward label only; not a certified striker cohort. No comparable production supplied for this deal.,Reported fee,Not assessed,https://www.theguardian.com/football/ng-interactive/2026/sep/01/mens-transfer-window-summer-2026-all-deals-from-europes-top-five-leagues
summer-S26-1492,summer,1446,S26-1492,Casper Tengstedt,Feyenoord,Toulouse,2026-09-01,3400000,GBP,,Forward — striker role unverified,,Evidence needed,"Reported fee available; verify striker role, production, age, availability and transfer before assigning a score.",Broad Forward label only; not a certified striker cohort. No comparable production supplied for this deal.,Reported fee,Not assessed,https://www.theguardian.com/football/ng-interactive/2026/sep/01/mens-transfer-window-summer-2026-all-deals-from-europes-top-five-leagues
summer-S26-1507,summer,1460,S26-1507,Sean Neave,Newcastle United,Wolverhampton Wanderers,2026-09-02,,GBP,,Forward — striker role unverified,,Evidence needed,Loan/swap terms and buyer-specific production evidence needed.,Broad Forward label only; not a certified striker cohort. No comparable production supplied for this deal.,Loan fee not stated,Not assessed,https://www.theguardian.com/football/ng-interactive/2026/sep/01/mens-transfer-window-summer-2026-all-deals-from-europes-top-five-leagues
summer-S26-0492,summer,1483,S26-0492,Morgan Rogers,Aston Villa,Chelsea,2026-07-21,117000000,GBP,,Forward — striker role unverified,,Evidence needed,"Reported fee available; verify striker role, production, age, availability and transfer before assigning a score.",Broad Forward label only; not a certified striker cohort. No comparable production supplied for this deal.,Reported fee,Not assessed,https://www.theguardian.com/football/ng-interactive/2026/sep/01/mens-transfer-window-summer-2026-all-deals-from-europes-top-five-leagues
summer-S26-1230,summer,1489,S26-1230,Bradley Barcola,Paris Saint-Germain,Liverpool,2026-08-31,123000000,GBP,,Forward — striker role unverified,,Evidence needed,"Reported fee available; verify striker role, production, age, availability and transfer before assigning a score.",Broad Forward label only; not a certified striker cohort. No comparable production supplied for this deal.,Reported fee,Not assessed,https://www.theguardian.com/football/ng-interactive/2026/sep/01/mens-transfer-window-summer-2026-all-deals-from-europes-top-five-leagues
summer-S26-1254,summer,1490,S26-1254,Ibrahim Mbaye,Paris Saint-Germain,Aston Villa,2026-09-01,47000000,GBP,,Forward — striker role unverified,,Evidence needed,"Reported fee available; verify striker role, production, age, availability and transfer before assigning a score.",Broad Forward label only; not a certified striker cohort. No comparable production supplied for this deal.,Reported fee,Not assessed,https://www.theguardian.com/football/ng-interactive/2026/sep/01/mens-transfer-window-summer-2026-all-deals-from-europes-top-five-leagues
historical-2,historical,2,,Ousmane Dembélé,Dortmund,Barcelona,2017-08-25,148000000,EUR,20,Winger,6.4,Assistant draft,"My retrospective assessment: exceptional talent and youth, but a huge fee and availability concerns weaken the value of this separate Barcelona deal.","Editorial draft; comparable production, availability and source ages not fully verified. No weighted components fabricated.",Workbook quote,Low,https://github.com/CopiousHighlights/football-transfer-market-analysis
historical-11,historical,11,,Bradley Barcola,PSG,Liverpool,2026-08-31,125000000,EUR,24,Winger,,Evidence needed,"Recent workbook transfer: buyer-specific production and independent transfer verification are needed before scoring. The original fee is retained, not certified.",Transfer and buyer-specific production verification needed.,Workbook quote,Not assessed,https://github.com/CopiousHighlights/football-transfer-market-analysis
historical-12,historical,12,,Yan Diomande,RB Leipzig,Real Madrid,2026-08-10,124000000,EUR,20,Winger,,Evidence needed,"Recent workbook transfer: buyer-specific production and independent transfer verification are needed before scoring. The original fee is retained, not certified.",Transfer and buyer-specific production verification needed.,Workbook quote,Not assessed,https://github.com/CopiousHighlights/football-transfer-market-analysis
historical-15,historical,15,,Jack Grealish,Aston Villa,Man City,2021-08-05,117500000,EUR,26,Winger,6.5,Assistant draft,"My assessment: useful possession play and team fit, but the exceptionally high fee required a stronger individual attacking return.","Editorial draft; comparable production, availability and source ages not fully verified. No weighted components fabricated.",Workbook quote,Low,https://github.com/CopiousHighlights/football-transfer-market-analysis
historical-27,historical,27,,Antony,Ajax,Man Utd,2022-08-30,95000000,EUR,22,Winger,2.2,Assistant draft,Accepted assistant draft: the high fee demanded much more production and consistent impact. Youth did not compensate for the weak return.,"Editorial draft; comparable production, availability and source ages not fully verified. No weighted components fabricated.",Workbook quote,Low,https://github.com/CopiousHighlights/football-transfer-market-analysis
historical-38,historical,38,,Jadon Sancho,Dortmund,Man Utd,2021-07-23,85000000,EUR,21,Winger,2.4,Your rating,Owner assessment: very poor return relative to a high fee.,Owner editorial assessment; production claims and injury concerns are attributed opinions.,Workbook quote,Low,https://github.com/CopiousHighlights/football-transfer-market-analysis
historical-46,historical,46,,Nicolas Pépé,Lille,Arsenal,2019-08-01,80000000,EUR,24,Winger,3.5,Assistant draft,My retrospective assessment: the large fee was not matched by a convincing sustained return. Some attacking contribution prevents an even lower score.,"Editorial draft; comparable production, availability and source ages not fully verified. No weighted components fabricated.",Workbook quote,Low,https://github.com/CopiousHighlights/football-transfer-market-analysis
historical-48,historical,48,,Anthony Gordon,Newcastle,Barcelona,2026-07-01,80000000,EUR,25,Winger,,Evidence needed,"Recent workbook transfer: buyer-specific production and independent transfer verification are needed before scoring. The original fee is retained, not certified.",Transfer and buyer-specific production verification needed.,Workbook quote,Not assessed,https://github.com/CopiousHighlights/football-transfer-market-analysis
historical-50,historical,50,,Khvicha Kvaratskhelia,Napoli,PSG,2025-01-17,80000000,EUR,24,Winger,8.6,Your rating,"Owner assessment: quality, age and potential support value; high price and league-production concerns reduce it. Owner prefers his Champions League performances.",Owner editorial assessment; production claims and injury concerns are attributed opinions.,Workbook quote,Low,https://github.com/CopiousHighlights/football-transfer-market-analysis
historical-61,historical,61,,Bryan Mbeumo,Brentford,Man Utd,2025-07-21,75000000,EUR,26,Winger,8.5,Assistant draft,"My draft assessment: scoring, creation and a useful age profile support the investment, with the substantial price preventing an elite value score.","Editorial draft; comparable production, availability and source ages not fully verified. No weighted components fabricated.",Workbook quote,Low,https://github.com/CopiousHighlights/football-transfer-market-analysis
historical-63,historical,63,,Ángel Di María,Real Madrid,Man Utd,2014-08-26,75000000,EUR,26,Winger,4.7,Assistant draft,"My retrospective assessment: established quality, but a high fee and short, unsuccessful fit weakened the return for United.","Editorial draft; comparable production, availability and source ages not fully verified. No weighted components fabricated.",Workbook quote,Low,https://github.com/CopiousHighlights/football-transfer-market-analysis
historical-66,historical,66,,Iliman Ndiaye,Everton,Man City,2026-09-01,75000000,EUR,26,Winger,,Evidence needed,"Recent workbook transfer: buyer-specific production and independent transfer verification are needed before scoring. The original fee is retained, not certified.",Transfer and buyer-specific production verification needed.,Workbook quote,Not assessed,https://github.com/CopiousHighlights/football-transfer-market-analysis
historical-70,historical,70,,Antoine Semenyo,Bournemouth,Man City,2026-01-09,72000000,EUR,26,Winger,8.5,Assistant draft,"My draft assessment: a strong attacking profile and fit support value, but the sizeable fee and shorter observation period keep the score cautious.","Editorial draft; comparable production, availability and source ages not fully verified. No weighted components fabricated.",Workbook quote,Low,https://www.mancity.com/news/mens/antoine-semenyo-first-day-gallery-63903647
historical-75,historical,75,,Luis Díaz,Liverpool,Bayern Munich,2025-07-30,70000000,EUR,28,Winger,8.8,Your rating,"Owner assessment: good production and solid price, but older at signing and below the Olise/Raphinha production benchmark.",Owner editorial assessment; production claims and injury concerns are attributed opinions.,Workbook quote,Low,https://github.com/CopiousHighlights/football-transfer-market-analysis
historical-77,historical,77,,Mykhaylo Mudryk,Shakhtar D.,Chelsea,2023-01-15,70000000,EUR,22,Winger,2.8,Assistant draft,"My retrospective assessment: youth and potential offered upside, but the high investment has not been supported by a convincing sustained attacking return.","Editorial draft; comparable production, availability and source ages not fully verified. No weighted components fabricated.",Workbook quote,Low,https://github.com/CopiousHighlights/football-transfer-market-analysis
historical-81,historical,81,,Riyad Mahrez,Leicester,Man City,2018-07-10,67800000,EUR,27,Winger,9.3,Assistant draft,Strong sustained scoring and creation support my outstanding-value assessment. City reports 78 goals and 59 assists in 236 appearances.,"Editorial draft; comparable production, availability and source ages not fully verified. No weighted components fabricated.",Workbook quote,Low,https://www.mancity.com/news/mens/riyad-mahrez-joins-al-ahli-manchester-city-63826097
historical-95,historical,95,,Christian Pulisic,Dortmund,Chelsea,2019-01-02,64000000,EUR,21,Winger,7,Assistant draft,"My retrospective assessment: quality and useful attacking spells support some value, but the sizeable fee and inconsistent availability limit the score.","Editorial draft; comparable production, availability and source ages not fully verified. No weighted components fabricated.",Workbook quote,Low,https://github.com/CopiousHighlights/football-transfer-market-analysis
historical-96,historical,96,,Mohammed Kudus,West Ham,Tottenham,2025-07-10,63800000,EUR,25,Winger,7.7,Assistant draft,"My draft assessment: attacking versatility and development potential help, but the fee requires a more convincing sustained buyer-specific return.","Editorial draft; comparable production, availability and source ages not fully verified. No weighted components fabricated.",Workbook quote,Low,https://github.com/CopiousHighlights/football-transfer-market-analysis
historical-99,historical,99,,Raheem Sterling,Liverpool,Man City,2015-07-14,63700000,EUR,21,Winger,9.2,Assistant draft,"Strong sustained production supports my assessment. City reports 131 goals in 339 appearances, with a long useful spell following a young-age signing.","Editorial draft; comparable production, availability and source ages not fully verified. No weighted components fabricated.",Workbook quote,Low,https://www.mancity.com/news/mens/raheem-sterling-leaves-manchester-city-63793235
historical-103,historical,103,,Ángel Di María,Man Utd,PSG,2015-08-06,63000000,EUR,27,Winger,9.3,Assistant draft,Strong creation and sustained output support my assessment. PSG reports 92 goals and 111 assists in 295 appearances across seven seasons.,"Editorial draft; comparable production, availability and source ages not fully verified. No weighted components fabricated.",Workbook quote,Low,https://en.psg.fr/teams/first-team/content/di-marias-seven-historic-seasons-2021-2022-di-maria-tribute
historical-110,historical,110,,Anthony Elanga,Nott'm Forest,Newcastle,2025-07-11,61400000,EUR,23,Winger,7.4,Assistant draft,"My draft assessment: age, pace and upside support value, but the significant fee requires stronger evidence of a sustained attacking return.","Editorial draft; comparable production, availability and source ages not fully verified. No weighted components fabricated.",Workbook quote,Low,https://github.com/CopiousHighlights/football-transfer-market-analysis
historical-114,historical,114,,Moussa Diaby,Aston Villa,Al-Ittihad,2024-07-24,60000000,EUR,25,Winger,7.4,Assistant draft,"My cautious draft: quality and a useful age profile help, but the fee and competition context limit the value case. Buyer-specific output needs review.","Editorial draft; comparable production, availability and source ages not fully verified. No weighted components fabricated.",Workbook quote,Low,https://github.com/CopiousHighlights/football-transfer-market-analysis
historical-118,historical,118,,Malcom,Zenit S-Pb,Al-Hilal,2023-07-26,60000000,EUR,26,Winger,7.6,Assistant draft,"My cautious draft: established attacking ability offers value, but a substantial fee and competition adjustment prevent a higher score.","Editorial draft; comparable production, availability and source ages not fully verified. No weighted components fabricated.",Workbook quote,Low,https://github.com/CopiousHighlights/football-transfer-market-analysis
historical-124,historical,124,,Jérémy Doku,Stade Rennais,Man City,2023-08-24,60000000,EUR,21,Winger,9.1,Your rating,"Owner assessment: potential, age, price, solid production and scheme fit.",Owner editorial assessment; production claims and injury concerns are attributed opinions.,Workbook quote,Low,https://github.com/CopiousHighlights/football-transfer-market-analysis
historical-125,historical,125,,Pedro Neto,Wolves,Chelsea,2024-08-11,60000000,EUR,24,Winger,8.3,Assistant draft,"My assessment: creation, ball progression and age support the deal. Availability concerns and the substantial fee reduce the value score.","Editorial draft; comparable production, availability and source ages not fully verified. No weighted components fabricated.",Workbook quote,Low,https://github.com/CopiousHighlights/football-transfer-market-analysis
historical-132,historical,132,,Raphinha,Leeds,Barcelona,2022-07-13,58000000,EUR,26,Winger,9.7,Your rating,"Owner assessment: high production, low cost and good age.",Owner editorial assessment; production claims and injury concerns are attributed opinions.,Workbook quote,Low,https://github.com/CopiousHighlights/football-transfer-market-analysis
historical-137,historical,137,,Raheem Sterling,Man City,Chelsea,2022-07-13,56200000,EUR,28,Winger,5.6,Assistant draft,"My retrospective assessment: the Chelsea deal offered less useful runway and a weaker return than the separate City purchase, despite a significant fee.","Editorial draft; comparable production, availability and source ages not fully verified. No weighted components fabricated.",Workbook quote,Low,https://github.com/CopiousHighlights/football-transfer-market-analysis
historical-138,historical,138,,Noni Madueke,Chelsea,Arsenal,2025-07-18,56000000,EUR,23,Winger,7.5,Assistant draft,"My draft assessment: age and potential help, but the fee buys upside as well as demonstrated output. Buyer-specific production requires further review.","Editorial draft; comparable production, availability and source ages not fully verified. No weighted components fabricated.",Workbook quote,Low,https://github.com/CopiousHighlights/football-transfer-market-analysis
historical-139,historical,139,,Jamie Gittens,Dortmund,Chelsea,2025-07-05,56000000,EUR,21,Winger,7,Assistant draft,"My cautious draft: youth and development potential support some value, but a substantial price raises the required future return.","Editorial draft; comparable production, availability and source ages not fully verified. No weighted components fabricated.",Workbook quote,Low,https://github.com/CopiousHighlights/football-transfer-market-analysis
historical-140,historical,140,,Hulk,Zenit S-Pb,SH SIPG,2016-07-01,56000000,EUR,30,Winger,8.6,Assistant draft,"My retrospective assessment: strong attacking ability supports a good return, tempered by age at signing and competition context.","Editorial draft; comparable production, availability and source ages not fully verified. No weighted components fabricated.",Workbook quote,Low,https://github.com/CopiousHighlights/football-transfer-market-analysis
historical-142,historical,142,,Moussa Diaby,Leverkusen,Aston Villa,2023-07-22,55000000,EUR,24,Winger,7.3,Assistant draft,"My retrospective assessment: useful attacking contribution, but a sizeable fee and short stay limit the playing-value case. Verified resale figures would refine it.","Editorial draft; comparable production, availability and source ages not fully verified. No weighted components fabricated.",Workbook quote,Low,https://github.com/CopiousHighlights/football-transfer-market-analysis
historical-143,historical,143,,Brennan Johnson,Nott'm Forest,Tottenham,2023-09-01,55000000,EUR,22,Winger,8.3,Assistant draft,"My assessment: scoring contribution and useful age support value, though the relatively high fee keeps him below the outstanding-value benchmarks.","Editorial draft; comparable production, availability and source ages not fully verified. No weighted components fabricated.",Workbook quote,Low,https://github.com/CopiousHighlights/football-transfer-market-analysis
historical-144,historical,144,,Ibrahim Mbaye,PSG,Aston Villa,2026-09-01,55000000,EUR,18,Winger,,Evidence needed,"Recent workbook transfer: buyer-specific production and independent transfer verification are needed before scoring. The original fee is retained, not certified.",Transfer and buyer-specific production verification needed.,Workbook quote,Not assessed,https://github.com/CopiousHighlights/football-transfer-market-analysis
historical-152,historical,152,,Michael Olise,Crystal Palace,Bayern Munich,2024-07-07,53000000,EUR,23,Winger,9.8,Your rating,"Owner assessment: high production, low cost and good age.",Owner editorial assessment; production claims and injury concerns are attributed opinions.,Workbook quote,Low,https://github.com/CopiousHighlights/football-transfer-market-analysis
historical-160,historical,160,,Leroy Sané,FC Schalke 04,Man City,2016-08-02,52000000,EUR,20,Winger,9.1,Assistant draft,"My retrospective assessment: young at signing with strong attacking contribution and development upside, making the price attractive relative to our benchmarks.","Editorial draft; comparable production, availability and source ages not fully verified. No weighted components fabricated.",Workbook quote,Low,https://github.com/CopiousHighlights/football-transfer-market-analysis
historical-164,historical,164,,Geovany Quenda,Sporting,Chelsea,2026-07-01,50700000,EUR,19,Winger,7.8,Assistant draft,My early draft: youth and potential support the investment. A short observation period and limited buyer-specific evidence prevent a higher score.,"Editorial draft; comparable production, availability and source ages not fully verified. No weighted components fabricated.",Workbook quote,Low,https://www.chelseafc.com/en/news/article/geovany-quenda-joins-chelsea
historical-168,historical,168,,Désiré Doué,Stade Rennais,PSG,2024-08-17,50000000,EUR,19,Winger,9.5,Assistant draft,"My assessment: youth, development upside and major attacking impact support outstanding value. PSG confirms two goals and an assist in the 2025 Champions League final.","Editorial draft; comparable production, availability and source ages not fully verified. No weighted components fabricated.",Workbook quote,Low,https://www.psg.fr/en/players/desire-doue
historical-170,historical,170,,Galeno,Porto,Al-Ahli,2025-01-31,50000000,EUR,28,Winger,7.5,Assistant draft,"My cautious draft: attacking ability supports some value, but the price and competition context limit the comparison with elite-league deals.","Editorial draft; comparable production, availability and source ages not fully verified. No weighted components fabricated.",Workbook quote,Low,https://github.com/CopiousHighlights/football-transfer-market-analysis
historical-178,historical,178,,Ousmane Dembélé,Barcelona,PSG,2023-08-12,50000000,EUR,26,Winger,9.3,Your rating,"Owner assessment: great production and price, offset by age and injury concerns. Ballon d’Or cited by owner as supporting context, not a separate scoring factor.",Owner editorial assessment; production claims and injury concerns are attributed opinions.,Workbook quote,Low,https://github.com/CopiousHighlights/football-transfer-market-analysis
historical-182,historical,182,,Hirving Lozano,PSV,Napoli,2019-08-23,50000000,EUR,24,Winger,7.3,Assistant draft,"My retrospective assessment: useful contribution and age at signing help, but the price required a stronger sustained individual attacking return.","Editorial draft; comparable production, availability and source ages not fully verified. No weighted components fabricated.",Workbook quote,Low,https://github.com/CopiousHighlights/football-transfer-market-analysis
historical-184,historical,184,,Rafael Leão,Lille,AC Milan,2019-08-01,49500000,EUR,20,Winger,9.1,Assistant draft,"My assessment: youth at signing, attacking quality and useful seasons support a strong production-to-price return.","Editorial draft; comparable production, availability and source ages not fully verified. No weighted components fabricated.",Workbook quote,Low,https://github.com/CopiousHighlights/football-transfer-market-analysis
historical-187,historical,187,,Luis Díaz,Porto,Liverpool,2022-01-30,49000000,EUR,25,Winger,9.4,Your rating,Owner assessment: great contribution for Liverpool and resale profit. Profit belongs to fee-versus-worth context.,Owner editorial assessment; production claims and injury concerns are attributed opinions.,Workbook quote,Low,https://github.com/CopiousHighlights/football-transfer-market-analysis
historical-188,historical,188,,Leroy Sané,Man City,Bayern Munich,2020-07-15,49000000,EUR,24,Winger,8.4,Assistant draft,"My assessment: useful attacking contribution at a reasonable price, with availability and consistency limiting the value score.","Editorial draft; comparable production, availability and source ages not fully verified. No weighted components fabricated.",Workbook quote,Low,https://github.com/CopiousHighlights/football-transfer-market-analysis
historical-198,historical,198,,Alejandro Garnacho,Man Utd,Chelsea,2025-08-30,46200000,EUR,21,Winger,7.1,Assistant draft,"My cautious draft: age and upside help, but the substantial fee still needs a more convincing sustained attacking return.","Editorial draft; comparable production, availability and source ages not fully verified. No weighted components fabricated.",Workbook quote,Low,https://github.com/CopiousHighlights/football-transfer-market-analysis
historical-199,historical,199,,Anthony Gordon,Everton,Newcastle,2023-01-29,45600000,EUR,22,Winger,8.5,Assistant draft,"My assessment: young-age investment, development and attacking contribution support strong value at this separate Newcastle price.","Editorial draft; comparable production, availability and source ages not fully verified. No weighted components fabricated.",Workbook quote,Low,https://github.com/CopiousHighlights/football-transfer-market-analysis
summer-S26-0002,summer,1,S26-0002,Anass Zaroury,Lens,Panathinaikos,2026-05-22,2600000,GBP,,Winger — source label,,Evidence needed,"Comparable buyer-specific scoring, creation, progression and availability evidence needed.",Source position and transfer quote only; production and age not validated for this specific deal.,Reported fee,Not assessed,https://www.theguardian.com/football/ng-interactive/2026/sep/01/mens-transfer-window-summer-2026-all-deals-from-europes-top-five-leagues
summer-S26-0006,summer,3,S26-0006,Leon Ayinde,Ipswich Town,Doncaster,2026-05-20,,GBP,,Winger — source label,,Evidence needed,"Comparable buyer-specific scoring, creation, progression and availability evidence needed. Transfer fee is undisclosed.",Source position and transfer quote only; production and age not validated for this specific deal.,Undisclosed,Not assessed,https://www.theguardian.com/football/ng-interactive/2026/sep/01/mens-transfer-window-summer-2026-all-deals-from-europes-top-five-leagues
summer-S26-0013,summer,7,S26-0013,Luis Sinisterra,Bournemouth,Cruzeiro,2026-04-30,5200000,GBP,,Winger — source label,,Evidence needed,"Comparable buyer-specific scoring, creation, progression and availability evidence needed.",Source position and transfer quote only; production and age not validated for this specific deal.,Reported fee,Not assessed,https://www.theguardian.com/football/ng-interactive/2026/sep/01/mens-transfer-window-summer-2026-all-deals-from-europes-top-five-leagues
summer-S26-0017,summer,11,S26-0017,Jakub Kaminski,Wolfsburg,Cologne,2026-06-03,4800000,GBP,,Winger — source label,,Evidence needed,"Comparable buyer-specific scoring, creation, progression and availability evidence needed.",Source position and transfer quote only; production and age not validated for this specific deal.,Reported fee,Not assessed,https://www.theguardian.com/football/ng-interactive/2026/sep/01/mens-transfer-window-summer-2026-all-deals-from-europes-top-five-leagues
summer-S26-0018,summer,12,S26-0018,Patrick Wimmer,Wolfsburg,Hoffenheim,2026-06-03,8700000,GBP,,Winger — source label,,Evidence needed,"Comparable buyer-specific scoring, creation, progression and availability evidence needed.",Source position and transfer quote only; production and age not validated for this specific deal.,Reported fee,Not assessed,https://www.theguardian.com/football/ng-interactive/2026/sep/01/mens-transfer-window-summer-2026-all-deals-from-europes-top-five-leagues
summer-S26-0024,summer,17,S26-0024,Alisson Santos,Sporting,Napoli,2026-06-05,13000000,GBP,,Winger — source label,,Evidence needed,"Comparable buyer-specific scoring, creation, progression and availability evidence needed.",Source position and transfer quote only; production and age not validated for this specific deal.,Reported fee,Not assessed,https://www.theguardian.com/football/ng-interactive/2026/sep/01/mens-transfer-window-summer-2026-all-deals-from-europes-top-five-leagues
summer-S26-0030,summer,23,S26-0030,Zadok Yohanna,AIK,Brighton,2026-06-06,21500000,GBP,,Winger — source label,,Evidence needed,"Comparable buyer-specific scoring, creation, progression and availability evidence needed.",Source position and transfer quote only; production and age not validated for this specific deal.,Reported fee,Not assessed,https://www.theguardian.com/football/ng-interactive/2026/sep/01/mens-transfer-window-summer-2026-all-deals-from-europes-top-five-leagues
summer-S26-0037,summer,30,S26-0037,Kerim Alajbegovic,Red Bull Salzburg,Bayer Leverkusen,2026-06-01,6900000,GBP,,Winger — source label,,Evidence needed,"Comparable buyer-specific scoring, creation, progression and availability evidence needed.",Source position and transfer quote only; production and age not validated for this specific deal.,Reported fee,Not assessed,https://www.theguardian.com/football/ng-interactive/2026/sep/01/mens-transfer-window-summer-2026-all-deals-from-europes-top-five-leagues
summer-S26-0069,summer,62,S26-0069,Noah Weisshaupt,Freiburg,Darmstadt,2026-06-15,,GBP,,Winger — source label,,Evidence needed,"Comparable buyer-specific scoring, creation, progression and availability evidence needed. Transfer fee is undisclosed.",Source position and transfer quote only; production and age not validated for this specific deal.,Undisclosed,Not assessed,https://www.theguardian.com/football/ng-interactive/2026/sep/01/mens-transfer-window-summer-2026-all-deals-from-europes-top-five-leagues
summer-S26-0072,summer,65,S26-0072,Kaïl Boudache,Nice,Lyon,2026-06-15,,GBP,,Winger — source label,,Evidence needed,"Comparable buyer-specific scoring, creation, progression and availability evidence needed. Free base fee does not represent wages or other costs.",Source position and transfer quote only; production and age not validated for this specific deal.,Free transfer,Not assessed,https://www.theguardian.com/football/ng-interactive/2026/sep/01/mens-transfer-window-summer-2026-all-deals-from-europes-top-five-leagues
summer-S26-0073,summer,66,S26-0073,Nicolò Zaniolo,Galatasaray,Udinese,2026-06-15,4300000,GBP,,Winger — source label,,Evidence needed,"Comparable buyer-specific scoring, creation, progression and availability evidence needed.",Source position and transfer quote only; production and age not validated for this specific deal.,Reported fee,Not assessed,https://www.theguardian.com/football/ng-interactive/2026/sep/01/mens-transfer-window-summer-2026-all-deals-from-europes-top-five-leagues
summer-S26-0076,summer,69,S26-0076,Tjas Begic,Parma,Sampdoria,2026-06-16,,GBP,,Winger — source label,,Evidence needed,"Comparable buyer-specific scoring, creation, progression and availability evidence needed. Transfer fee is undisclosed.",Source position and transfer quote only; production and age not validated for this specific deal.,Undisclosed,Not assessed,https://www.theguardian.com/football/ng-interactive/2026/sep/01/mens-transfer-window-summer-2026-all-deals-from-europes-top-five-leagues
summer-S26-0078,summer,71,S26-0078,Issa Soumaré,Le Havre,Rennes,2026-06-16,,GBP,,Winger — source label,,Evidence needed,"Comparable buyer-specific scoring, creation, progression and availability evidence needed. Free base fee does not represent wages or other costs.",Source position and transfer quote only; production and age not validated for this specific deal.,Free transfer,Not assessed,https://www.theguardian.com/football/ng-interactive/2026/sep/01/mens-transfer-window-summer-2026-all-deals-from-europes-top-five-leagues
summer-S26-0079,summer,72,S26-0079,Isaac Heath,Everton,Cambridge United,2026-06-15,,GBP,,Winger — source label,,Evidence needed,"Comparable buyer-specific scoring, creation, progression and availability evidence needed. Transfer fee is undisclosed.",Source position and transfer quote only; production and age not validated for this specific deal.,Undisclosed,Not assessed,https://www.theguardian.com/football/ng-interactive/2026/sep/01/mens-transfer-window-summer-2026-all-deals-from-europes-top-five-leagues
summer-S26-0081,summer,74,S26-0081,Anthony Bermont,Lens,Angers,2026-06-17,,GBP,,Winger — source label,,Evidence needed,"Comparable buyer-specific scoring, creation, progression and availability evidence needed. Loan/swap costs need separate treatment.",Source position and transfer quote only; production and age not validated for this specific deal.,Loan fee not stated,Not assessed,https://www.theguardian.com/football/ng-interactive/2026/sep/01/mens-transfer-window-summer-2026-all-deals-from-europes-top-five-leagues
summer-S26-0093,summer,86,S26-0093,Afonso Moreira,Lyon,Bayer Leverkusen,2026-06-18,25000000,GBP,,Winger — source label,,Evidence needed,"Comparable buyer-specific scoring, creation, progression and availability evidence needed.",Source position and transfer quote only; production and age not validated for this specific deal.,Reported fee,Not assessed,https://www.theguardian.com/football/ng-interactive/2026/sep/01/mens-transfer-window-summer-2026-all-deals-from-europes-top-five-leagues
summer-S26-0098,summer,90,S26-0098,Tommaso Corazza,Bologna,Vicenza,2026-06-18,,GBP,,Winger — source label,,Evidence needed,"Comparable buyer-specific scoring, creation, progression and availability evidence needed. Loan/swap costs need separate treatment.",Source position and transfer quote only; production and age not validated for this specific deal.,Loan fee not stated,Not assessed,https://www.theguardian.com/football/ng-interactive/2026/sep/01/mens-transfer-window-summer-2026-all-deals-from-europes-top-five-leagues
summer-S26-0114,summer,106,S26-0114,Michael Dacosta,Bournemouth,Moreirense,2026-06-15,,GBP,,Winger — source label,,Evidence needed,"Comparable buyer-specific scoring, creation, progression and availability evidence needed. Transfer fee is undisclosed.",Source position and transfer quote only; production and age not validated for this specific deal.,Undisclosed,Not assessed,https://www.theguardian.com/football/ng-interactive/2026/sep/01/mens-transfer-window-summer-2026-all-deals-from-europes-top-five-leagues
summer-S26-0135,summer,124,S26-0135,Ilyes Hamache,Schalke 04,Cambuur,2026-06-25,,GBP,,Winger — source label,,Evidence needed,"Comparable buyer-specific scoring, creation, progression and availability evidence needed. Transfer fee is undisclosed.",Source position and transfer quote only; production and age not validated for this specific deal.,Undisclosed,Not assessed,https://www.theguardian.com/football/ng-interactive/2026/sep/01/mens-transfer-window-summer-2026-all-deals-from-europes-top-five-leagues
summer-S26-0143,summer,131,S26-0143,Demba Seck,Torino,Partizan Belgrade,2026-06-26,,GBP,,Winger — source label,,Evidence needed,"Comparable buyer-specific scoring, creation, progression and availability evidence needed. Transfer fee is undisclosed.",Source position and transfer quote only; production and age not validated for this specific deal.,Undisclosed,Not assessed,https://www.theguardian.com/football/ng-interactive/2026/sep/01/mens-transfer-window-summer-2026-all-deals-from-europes-top-five-leagues
summer-S26-0148,summer,136,S26-0148,Aiman Dardari,Augsburg,RW Essen,2026-06-27,,GBP,,Winger — source label,,Evidence needed,"Comparable buyer-specific scoring, creation, progression and availability evidence needed. Loan/swap costs need separate treatment.",Source position and transfer quote only; production and age not validated for this specific deal.,Loan fee not stated,Not assessed,https://www.theguardian.com/football/ng-interactive/2026/sep/01/mens-transfer-window-summer-2026-all-deals-from-europes-top-five-leagues
summer-S26-0152,summer,140,S26-0152,Mathys Detourbet,Troyes,Manchester City,2026-06-27,21600000,GBP,,Winger — source label,,Evidence needed,"Comparable buyer-specific scoring, creation, progression and availability evidence needed.",Source position and transfer quote only; production and age not validated for this specific deal.,Reported fee,Not assessed,https://www.theguardian.com/football/ng-interactive/2026/sep/01/mens-transfer-window-summer-2026-all-deals-from-europes-top-five-leagues
summer-S26-0153,summer,141,S26-0153,Kornel Lisman,Lech Poznan,Venezia,2026-06-27,2200000,GBP,,Winger — source label,,Evidence needed,"Comparable buyer-specific scoring, creation, progression and availability evidence needed.",Source position and transfer quote only; production and age not validated for this specific deal.,Reported fee,Not assessed,https://www.theguardian.com/football/ng-interactive/2026/sep/01/mens-transfer-window-summer-2026-all-deals-from-europes-top-five-leagues
summer-S26-0164,summer,151,S26-0164,Ansu Fati,Barcelona,Monaco,2026-06-30,9500000,GBP,,Winger — source label,,Evidence needed,"Comparable buyer-specific scoring, creation, progression and availability evidence needed.",Source position and transfer quote only; production and age not validated for this specific deal.,Reported fee,Not assessed,https://www.theguardian.com/football/ng-interactive/2026/sep/01/mens-transfer-window-summer-2026-all-deals-from-europes-top-five-leagues
summer-S26-0167,summer,154,S26-0167,Rodrigo Rêgo,Benfica,Brighton,2026-07-01,,GBP,,Winger — source label,,Evidence needed,"Comparable buyer-specific scoring, creation, progression and availability evidence needed. Transfer fee is undisclosed.",Source position and transfer quote only; production and age not validated for this specific deal.,Undisclosed,Not assessed,https://www.theguardian.com/football/ng-interactive/2026/sep/01/mens-transfer-window-summer-2026-all-deals-from-europes-top-five-leagues
summer-S26-0209,summer,194,S26-0209,Diego Bri,Atlético Madrid,Córdoba,2026-07-02,,GBP,,Winger — source label,,Evidence needed,"Comparable buyer-specific scoring, creation, progression and availability evidence needed. Transfer fee is undisclosed.",Source position and transfer quote only; production and age not validated for this specific deal.,Undisclosed,Not assessed,https://www.theguardian.com/football/ng-interactive/2026/sep/01/mens-transfer-window-summer-2026-all-deals-from-europes-top-five-leagues
summer-S26-0210,summer,195,S26-0210,Mathys Detourbet,Manchester City,Monaco,2026-07-02,,GBP,,Winger — source label,,Evidence needed,"Comparable buyer-specific scoring, creation, progression and availability evidence needed. Loan/swap costs need separate treatment.",Source position and transfer quote only; production and age not validated for this specific deal.,Loan fee not stated,Not assessed,https://www.theguardian.com/football/ng-interactive/2026/sep/01/mens-transfer-window-summer-2026-all-deals-from-europes-top-five-leagues
summer-S26-0211,summer,196,S26-0211,Álex Calatrava,Castellón,Espanyol,2026-07-02,4300000,GBP,,Winger — source label,,Evidence needed,"Comparable buyer-specific scoring, creation, progression and availability evidence needed.",Source position and transfer quote only; production and age not validated for this specific deal.,Reported fee,Not assessed,https://www.theguardian.com/football/ng-interactive/2026/sep/01/mens-transfer-window-summer-2026-all-deals-from-europes-top-five-leagues
summer-S26-0218,summer,203,S26-0218,Dani Rodríguez,Barcelona,Dinamo Zagreb,2026-07-02,,GBP,,Winger — source label,,Evidence needed,"Comparable buyer-specific scoring, creation, progression and availability evidence needed. Free base fee does not represent wages or other costs.",Source position and transfer quote only; production and age not validated for this specific deal.,Free transfer,Not assessed,https://www.theguardian.com/football/ng-interactive/2026/sep/01/mens-transfer-window-summer-2026-all-deals-from-europes-top-five-leagues
summer-S26-0235,summer,220,S26-0235,Noah Pesch,Borussia Mönchengladbach,RW Essen,2026-07-03,,GBP,,Winger — source label,,Evidence needed,"Comparable buyer-specific scoring, creation, progression and availability evidence needed. Transfer fee is undisclosed.",Source position and transfer quote only; production and age not validated for this specific deal.,Undisclosed,Not assessed,https://www.theguardian.com/football/ng-interactive/2026/sep/01/mens-transfer-window-summer-2026-all-deals-from-europes-top-five-leagues
summer-S26-0248,summer,233,S26-0248,Federico Chinetti,Como 1907,Mantova,2026-07-04,,GBP,,Winger — source label,,Evidence needed,"Comparable buyer-specific scoring, creation, progression and availability evidence needed. Loan/swap costs need separate treatment.",Source position and transfer quote only; production and age not validated for this specific deal.,Loan fee not stated,Not assessed,https://www.theguardian.com/football/ng-interactive/2026/sep/01/mens-transfer-window-summer-2026-all-deals-from-europes-top-five-leagues
summer-S26-0251,summer,236,S26-0251,Bazoumana Touré,Hoffenheim,Newcastle United,2026-07-05,43000000,GBP,,Winger — source label,,Evidence needed,"Comparable buyer-specific scoring, creation, progression and availability evidence needed.",Source position and transfer quote only; production and age not validated for this specific deal.,Reported fee,Not assessed,https://www.theguardian.com/football/ng-interactive/2026/sep/01/mens-transfer-window-summer-2026-all-deals-from-europes-top-five-leagues
summer-S26-0256,summer,240,S26-0256,Tyrique George,Chelsea,Everton,2026-07-06,18000000,GBP,,Winger — source label,,Evidence needed,"Comparable buyer-specific scoring, creation, progression and availability evidence needed.",Source position and transfer quote only; production and age not validated for this specific deal.,Reported fee,Not assessed,https://www.theguardian.com/football/ng-interactive/2026/sep/01/mens-transfer-window-summer-2026-all-deals-from-europes-top-five-leagues
summer-S26-0261,summer,245,S26-0261,Yoon Do-young,Brighton,Magdeburg,2026-07-05,,GBP,,Winger — source label,,Evidence needed,"Comparable buyer-specific scoring, creation, progression and availability evidence needed. Loan/swap costs need separate treatment.",Source position and transfer quote only; production and age not validated for this specific deal.,Loan fee not stated,Not assessed,https://www.theguardian.com/football/ng-interactive/2026/sep/01/mens-transfer-window-summer-2026-all-deals-from-europes-top-five-leagues
summer-S26-0264,summer,248,S26-0264,Jaidon Anthony,Burnley,Brentford,2026-07-07,15000000,GBP,,Winger — source label,,Evidence needed,"Comparable buyer-specific scoring, creation, progression and availability evidence needed.",Source position and transfer quote only; production and age not validated for this specific deal.,Reported fee,Not assessed,https://www.theguardian.com/football/ng-interactive/2026/sep/01/mens-transfer-window-summer-2026-all-deals-from-europes-top-five-leagues
summer-S26-0266,summer,250,S26-0266,Billal Brahimi,Santos FC,Le Mans,2026-07-06,,GBP,,Winger — source label,,Evidence needed,"Comparable buyer-specific scoring, creation, progression and availability evidence needed. Free base fee does not represent wages or other costs.",Source position and transfer quote only; production and age not validated for this specific deal.,Free transfer,Not assessed,https://www.theguardian.com/football/ng-interactive/2026/sep/01/mens-transfer-window-summer-2026-all-deals-from-europes-top-five-leagues
summer-S26-0270,summer,254,S26-0270,Luis Chacón,Deportivo La Coruña,Real Valladolid,2026-07-07,400000,GBP,,Winger — source label,,Evidence needed,"Comparable buyer-specific scoring, creation, progression and availability evidence needed.",Source position and transfer quote only; production and age not validated for this specific deal.,Reported fee,Not assessed,https://www.theguardian.com/football/ng-interactive/2026/sep/01/mens-transfer-window-summer-2026-all-deals-from-europes-top-five-leagues
summer-S26-0279,summer,263,S26-0279,Harry Wilson,Fulham,Leeds United,2026-07-08,,GBP,,Winger — source label,,Evidence needed,"Comparable buyer-specific scoring, creation, progression and availability evidence needed. Free base fee does not represent wages or other costs.",Source position and transfer quote only; production and age not validated for this specific deal.,Free transfer,Not assessed,https://www.theguardian.com/football/ng-interactive/2026/sep/01/mens-transfer-window-summer-2026-all-deals-from-europes-top-five-leagues
summer-S26-0285,summer,269,S26-0285,Marco Ladisa,Venezia,Trento,2026-07-08,,GBP,,Winger — source label,,Evidence needed,"Comparable buyer-specific scoring, creation, progression and availability evidence needed. Loan/swap costs need separate treatment.",Source position and transfer quote only; production and age not validated for this specific deal.,Loan fee not stated,Not assessed,https://www.theguardian.com/football/ng-interactive/2026/sep/01/mens-transfer-window-summer-2026-all-deals-from-europes-top-five-leagues
summer-S26-0286,summer,270,S26-0286,Basar Onal,NEC Nijmegen,Lille,2026-07-08,8100000,GBP,,Winger — source label,,Evidence needed,"Comparable buyer-specific scoring, creation, progression and availability evidence needed.",Source position and transfer quote only; production and age not validated for this specific deal.,Reported fee,Not assessed,https://www.theguardian.com/football/ng-interactive/2026/sep/01/mens-transfer-window-summer-2026-all-deals-from-europes-top-five-leagues
summer-S26-0290,summer,274,S26-0290,Jakub Kaminski,Cologne,Benfica,2026-07-07,17000000,GBP,,Winger — source label,,Evidence needed,"Comparable buyer-specific scoring, creation, progression and availability evidence needed.",Source position and transfer quote only; production and age not validated for this specific deal.,Reported fee,Not assessed,https://www.theguardian.com/football/ng-interactive/2026/sep/01/mens-transfer-window-summer-2026-all-deals-from-europes-top-five-leagues
summer-S26-0292,summer,276,S26-0292,Louie Barry,Aston Villa,Sheffield Wednesday,2026-07-09,,GBP,,Winger — source label,,Evidence needed,"Comparable buyer-specific scoring, creation, progression and availability evidence needed. Transfer fee is undisclosed.",Source position and transfer quote only; production and age not validated for this specific deal.,Undisclosed,Not assessed,https://www.theguardian.com/football/ng-interactive/2026/sep/01/mens-transfer-window-summer-2026-all-deals-from-europes-top-five-leagues
summer-S26-0308,summer,292,S26-0308,Cole Campbell,Borussia Dortmund,Elversberg,2026-07-09,5100000,GBP,,Winger — source label,,Evidence needed,"Comparable buyer-specific scoring, creation, progression and availability evidence needed.",Source position and transfer quote only; production and age not validated for this specific deal.,Reported fee,Not assessed,https://www.theguardian.com/football/ng-interactive/2026/sep/01/mens-transfer-window-summer-2026-all-deals-from-europes-top-five-leagues
summer-S26-0330,summer,314,S26-0330,Jeremy Monga,Leicester City,Manchester City,2026-07-11,12500000,GBP,,Winger — source label,,Evidence needed,"Comparable buyer-specific scoring, creation, progression and availability evidence needed.",Source position and transfer quote only; production and age not validated for this specific deal.,Reported fee,Not assessed,https://www.theguardian.com/football/ng-interactive/2026/sep/01/mens-transfer-window-summer-2026-all-deals-from-europes-top-five-leagues
summer-S26-0335,summer,319,S26-0335,Loum Tchaouna,Burnley,Coventry City,2026-07-11,20000000,GBP,,Winger — source label,,Evidence needed,"Comparable buyer-specific scoring, creation, progression and availability evidence needed.",Source position and transfer quote only; production and age not validated for this specific deal.,Reported fee,Not assessed,https://www.theguardian.com/football/ng-interactive/2026/sep/01/mens-transfer-window-summer-2026-all-deals-from-europes-top-five-leagues
summer-S26-0337,summer,321,S26-0337,Peter Federico,Getafe,Gornik Zabrze,2026-07-11,,GBP,,Winger — source label,,Evidence needed,"Comparable buyer-specific scoring, creation, progression and availability evidence needed. Transfer fee is undisclosed.",Source position and transfer quote only; production and age not validated for this specific deal.,Undisclosed,Not assessed,https://www.theguardian.com/football/ng-interactive/2026/sep/01/mens-transfer-window-summer-2026-all-deals-from-europes-top-five-leagues
summer-S26-0339,summer,323,S26-0339,Yusuf Akhamrich,Tottenham Hotspur,Leyton Orient,2026-07-11,,GBP,,Winger — source label,,Evidence needed,"Comparable buyer-specific scoring, creation, progression and availability evidence needed. Loan/swap costs need separate treatment.",Source position and transfer quote only; production and age not validated for this specific deal.,Loan fee not stated,Not assessed,https://www.theguardian.com/football/ng-interactive/2026/sep/01/mens-transfer-window-summer-2026-all-deals-from-europes-top-five-leagues
summer-S26-0342,summer,326,S26-0342,Jesse Derry,Chelsea,Sporting,2026-07-11,,GBP,,Winger — source label,,Evidence needed,"Comparable buyer-specific scoring, creation, progression and availability evidence needed. Loan/swap costs need separate treatment.",Source position and transfer quote only; production and age not validated for this specific deal.,Loan fee not stated,Not assessed,https://www.theguardian.com/football/ng-interactive/2026/sep/01/mens-transfer-window-summer-2026-all-deals-from-europes-top-five-leagues
summer-S26-0344,summer,328,S26-0344,Paulo Azzi,Monza,Modena,2026-07-11,,GBP,,Winger — source label,,Evidence needed,"Comparable buyer-specific scoring, creation, progression and availability evidence needed. Transfer fee is undisclosed.",Source position and transfer quote only; production and age not validated for this specific deal.,Undisclosed,Not assessed,https://www.theguardian.com/football/ng-interactive/2026/sep/01/mens-transfer-window-summer-2026-all-deals-from-europes-top-five-leagues
summer-S26-0352,summer,336,S26-0352,Lluc Castell,Espanyol,Burnley,2026-07-12,,GBP,,Winger — source label,,Evidence needed,"Comparable buyer-specific scoring, creation, progression and availability evidence needed. Transfer fee is undisclosed.",Source position and transfer quote only; production and age not validated for this specific deal.,Undisclosed,Not assessed,https://www.theguardian.com/football/ng-interactive/2026/sep/01/mens-transfer-window-summer-2026-all-deals-from-europes-top-five-leagues
summer-S26-0361,summer,345,S26-0361,Allan Saint-Maximin,Lens,Charlotte FC,2026-07-13,,GBP,,Winger — source label,,Evidence needed,"Comparable buyer-specific scoring, creation, progression and availability evidence needed. Free base fee does not represent wages or other costs.",Source position and transfer quote only; production and age not validated for this specific deal.,Free transfer,Not assessed,https://www.theguardian.com/football/ng-interactive/2026/sep/01/mens-transfer-window-summer-2026-all-deals-from-europes-top-five-leagues
summer-S26-0365,summer,349,S26-0365,Thorgan Hazard,Anderlecht,Lens,2026-07-13,,GBP,,Winger — source label,,Evidence needed,"Comparable buyer-specific scoring, creation, progression and availability evidence needed. Free base fee does not represent wages or other costs.",Source position and transfer quote only; production and age not validated for this specific deal.,Free transfer,Not assessed,https://www.theguardian.com/football/ng-interactive/2026/sep/01/mens-transfer-window-summer-2026-all-deals-from-europes-top-five-leagues
summer-S26-0367,summer,351,S26-0367,Alessandro Cardinali,Parma,Spezia,2026-07-13,,GBP,,Winger — source label,,Evidence needed,"Comparable buyer-specific scoring, creation, progression and availability evidence needed. Loan/swap costs need separate treatment.",Source position and transfer quote only; production and age not validated for this specific deal.,Loan fee not stated,Not assessed,https://www.theguardian.com/football/ng-interactive/2026/sep/01/mens-transfer-window-summer-2026-all-deals-from-europes-top-five-leagues
summer-S26-0375,summer,359,S26-0375,Antonio Cordero,Newcastle United,Cádiz,2026-07-12,,GBP,,Winger — source label,,Evidence needed,"Comparable buyer-specific scoring, creation, progression and availability evidence needed. Loan/swap costs need separate treatment.",Source position and transfer quote only; production and age not validated for this specific deal.,Loan fee not stated,Not assessed,https://www.theguardian.com/football/ng-interactive/2026/sep/01/mens-transfer-window-summer-2026-all-deals-from-europes-top-five-leagues
summer-S26-0394,summer,378,S26-0394,Michal Skoras,KAA Gent,Lens,2026-07-14,5100000,GBP,,Winger — source label,,Evidence needed,"Comparable buyer-specific scoring, creation, progression and availability evidence needed.",Source position and transfer quote only; production and age not validated for this specific deal.,Reported fee,Not assessed,https://www.theguardian.com/football/ng-interactive/2026/sep/01/mens-transfer-window-summer-2026-all-deals-from-europes-top-five-leagues
summer-S26-0410,summer,394,S26-0410,Ben Bobzien,Mainz 05,Dynamo Dresden,2026-07-16,900000,GBP,,Winger — source label,,Evidence needed,"Comparable buyer-specific scoring, creation, progression and availability evidence needed.",Source position and transfer quote only; production and age not validated for this specific deal.,Reported fee,Not assessed,https://www.theguardian.com/football/ng-interactive/2026/sep/01/mens-transfer-window-summer-2026-all-deals-from-europes-top-five-leagues
summer-S26-0414,summer,398,S26-0414,Elias Saad,Augsburg,Nashville SC,2026-07-16,,GBP,,Winger — source label,,Evidence needed,"Comparable buyer-specific scoring, creation, progression and availability evidence needed. Loan/swap costs need separate treatment.",Source position and transfer quote only; production and age not validated for this specific deal.,Loan fee not stated,Not assessed,https://www.theguardian.com/football/ng-interactive/2026/sep/01/mens-transfer-window-summer-2026-all-deals-from-europes-top-five-leagues
summer-S26-0429,summer,413,S26-0429,Hamed Traoré,Marseille,Genoa,2026-07-17,,GBP,,Winger — source label,,Evidence needed,"Comparable buyer-specific scoring, creation, progression and availability evidence needed. Loan/swap costs need separate treatment.",Source position and transfer quote only; production and age not validated for this specific deal.,Loan fee not stated,Not assessed,https://www.theguardian.com/football/ng-interactive/2026/sep/01/mens-transfer-window-summer-2026-all-deals-from-europes-top-five-leagues
summer-S26-0432,summer,416,S26-0432,Pablo Pagis,Lorient,Paris FC,2026-07-17,12800000,GBP,,Winger — source label,,Evidence needed,"Comparable buyer-specific scoring, creation, progression and availability evidence needed.",Source position and transfer quote only; production and age not validated for this specific deal.,Reported fee,Not assessed,https://www.theguardian.com/football/ng-interactive/2026/sep/01/mens-transfer-window-summer-2026-all-deals-from-europes-top-five-leagues
summer-S26-0434,summer,418,S26-0434,Danny Anisjko,Nottingham Forest,Chesterfield,2026-07-17,,GBP,,Winger — source label,,Evidence needed,"Comparable buyer-specific scoring, creation, progression and availability evidence needed. Free base fee does not represent wages or other costs.",Source position and transfer quote only; production and age not validated for this specific deal.,Free transfer,Not assessed,https://www.theguardian.com/football/ng-interactive/2026/sep/01/mens-transfer-window-summer-2026-all-deals-from-europes-top-five-leagues
summer-S26-0447,summer,431,S26-0447,Kyliane Dong,Augsburg,Bolton,2026-07-07,,GBP,,Winger — source label,,Evidence needed,"Comparable buyer-specific scoring, creation, progression and availability evidence needed. Loan/swap costs need separate treatment.",Source position and transfer quote only; production and age not validated for this specific deal.,Loan fee not stated,Not assessed,https://www.theguardian.com/football/ng-interactive/2026/sep/01/mens-transfer-window-summer-2026-all-deals-from-europes-top-five-leagues
summer-S26-0461,summer,444,S26-0461,Mathieu Cafaro,Paris FC,Nantes,2026-07-18,,GBP,,Winger — source label,,Evidence needed,"Comparable buyer-specific scoring, creation, progression and availability evidence needed. Transfer fee is undisclosed.",Source position and transfer quote only; production and age not validated for this specific deal.,Undisclosed,Not assessed,https://www.theguardian.com/football/ng-interactive/2026/sep/01/mens-transfer-window-summer-2026-all-deals-from-europes-top-five-leagues
summer-S26-0462,summer,445,S26-0462,Juan Cruz,Leganés,Málaga,2026-07-19,,GBP,,Winger — source label,,Evidence needed,"Comparable buyer-specific scoring, creation, progression and availability evidence needed. Loan/swap costs need separate treatment.",Source position and transfer quote only; production and age not validated for this specific deal.,Loan fee not stated,Not assessed,https://www.theguardian.com/football/ng-interactive/2026/sep/01/mens-transfer-window-summer-2026-all-deals-from-europes-top-five-leagues
summer-S26-0481,summer,463,S26-0481,Jeremy Agbonifo,Lens,Jagiellonia,2026-07-21,,GBP,,Winger — source label,,Evidence needed,"Comparable buyer-specific scoring, creation, progression and availability evidence needed. Loan/swap costs need separate treatment.",Source position and transfer quote only; production and age not validated for this specific deal.,Loan fee not stated,Not assessed,https://www.theguardian.com/football/ng-interactive/2026/sep/01/mens-transfer-window-summer-2026-all-deals-from-europes-top-five-leagues
summer-S26-0482,summer,464,S26-0482,Abdul Fatawu,Leicester City,Ipswich Town,2026-07-21,20000000,GBP,,Winger — source label,,Evidence needed,"Comparable buyer-specific scoring, creation, progression and availability evidence needed.",Source position and transfer quote only; production and age not validated for this specific deal.,Reported fee,Not assessed,https://www.theguardian.com/football/ng-interactive/2026/sep/01/mens-transfer-window-summer-2026-all-deals-from-europes-top-five-leagues
summer-S26-0486,summer,468,S26-0486,Diego Gómez,Deportivo La Coruña,Huesca,2026-07-20,,GBP,,Winger — source label,,Evidence needed,"Comparable buyer-specific scoring, creation, progression and availability evidence needed. Loan/swap costs need separate treatment.",Source position and transfer quote only; production and age not validated for this specific deal.,Loan fee not stated,Not assessed,https://www.theguardian.com/football/ng-interactive/2026/sep/01/mens-transfer-window-summer-2026-all-deals-from-europes-top-five-leagues
summer-S26-0496,summer,477,S26-0496,Coba da Costa,Getafe,Al-Kholood,2026-07-09,1700000,GBP,,Winger — source label,,Evidence needed,"Comparable buyer-specific scoring, creation, progression and availability evidence needed.",Source position and transfer quote only; production and age not validated for this specific deal.,Reported fee,Not assessed,https://www.theguardian.com/football/ng-interactive/2026/sep/01/mens-transfer-window-summer-2026-all-deals-from-europes-top-five-leagues
summer-S26-0515,summer,496,S26-0515,Marco Delle Monache,Lecce,Pineto,2026-07-21,,GBP,,Winger — source label,,Evidence needed,"Comparable buyer-specific scoring, creation, progression and availability evidence needed. Loan/swap costs need separate treatment.",Source position and transfer quote only; production and age not validated for this specific deal.,Loan fee not stated,Not assessed,https://www.theguardian.com/football/ng-interactive/2026/sep/01/mens-transfer-window-summer-2026-all-deals-from-europes-top-five-leagues
summer-S26-0529,summer,510,S26-0529,Karim Adeyemi,Borussia Dortmund,Barcelona,2026-07-23,18800000,GBP,,Winger — source label,,Evidence needed,"Comparable buyer-specific scoring, creation, progression and availability evidence needed.",Source position and transfer quote only; production and age not validated for this specific deal.,Reported fee,Not assessed,https://www.theguardian.com/football/ng-interactive/2026/sep/01/mens-transfer-window-summer-2026-all-deals-from-europes-top-five-leagues
summer-S26-0533,summer,514,S26-0533,Christos Tzolis,Club Brugge,Arsenal,2026-07-23,34000000,GBP,,Winger — source label,,Evidence needed,"Comparable buyer-specific scoring, creation, progression and availability evidence needed.",Source position and transfer quote only; production and age not validated for this specific deal.,Reported fee,Not assessed,https://www.theguardian.com/football/ng-interactive/2026/sep/01/mens-transfer-window-summer-2026-all-deals-from-europes-top-five-leagues
summer-S26-0535,summer,516,S26-0535,Alejandro Garnacho,Chelsea,Aston Villa,2026-07-23,,GBP,,Winger — source label,,Evidence needed,"Comparable buyer-specific scoring, creation, progression and availability evidence needed. Loan/swap costs need separate treatment.",Source position and transfer quote only; production and age not validated for this specific deal.,Loan fee not stated,Not assessed,https://www.theguardian.com/football/ng-interactive/2026/sep/01/mens-transfer-window-summer-2026-all-deals-from-europes-top-five-leagues
summer-S26-0541,summer,522,S26-0541,Kadan Young,Aston Villa,Annecy,2026-07-08,,GBP,,Winger — source label,,Evidence needed,"Comparable buyer-specific scoring, creation, progression and availability evidence needed. Loan/swap costs need separate treatment.",Source position and transfer quote only; production and age not validated for this specific deal.,Loan fee not stated,Not assessed,https://www.theguardian.com/football/ng-interactive/2026/sep/01/mens-transfer-window-summer-2026-all-deals-from-europes-top-five-leagues
summer-S26-0545,summer,525,S26-0545,Michael Olakigbe,Brentford,WSG Tirol,2026-06-30,,GBP,,Winger — source label,,Evidence needed,"Comparable buyer-specific scoring, creation, progression and availability evidence needed. Loan/swap costs need separate treatment.",Source position and transfer quote only; production and age not validated for this specific deal.,Loan fee not stated,Not assessed,https://www.theguardian.com/football/ng-interactive/2026/sep/01/mens-transfer-window-summer-2026-all-deals-from-europes-top-five-leagues
summer-S26-0548,summer,528,S26-0548,Jeremy Sarmiento,Brighton,Middlesbrough,2026-06-25,3400000,GBP,,Winger — source label,,Evidence needed,"Comparable buyer-specific scoring, creation, progression and availability evidence needed.",Source position and transfer quote only; production and age not validated for this specific deal.,Reported fee,Not assessed,https://www.theguardian.com/football/ng-interactive/2026/sep/01/mens-transfer-window-summer-2026-all-deals-from-europes-top-five-leagues
summer-S26-0551,summer,530,S26-0551,Chris Atherton,Chelsea,Ipswich Town,2026-07-17,,GBP,,Winger — source label,,Evidence needed,"Comparable buyer-specific scoring, creation, progression and availability evidence needed. Transfer fee is undisclosed.",Source position and transfer quote only; production and age not validated for this specific deal.,Undisclosed,Not assessed,https://www.theguardian.com/football/ng-interactive/2026/sep/01/mens-transfer-window-summer-2026-all-deals-from-europes-top-five-leagues
summer-S26-0557,summer,536,S26-0557,Antoniu Roca,Espanyol,Mallorca,2026-07-24,,GBP,,Winger — source label,,Evidence needed,"Comparable buyer-specific scoring, creation, progression and availability evidence needed. Loan/swap costs need separate treatment.",Source position and transfer quote only; production and age not validated for this specific deal.,Loan fee not stated,Not assessed,https://www.theguardian.com/football/ng-interactive/2026/sep/01/mens-transfer-window-summer-2026-all-deals-from-europes-top-five-leagues
summer-S26-0563,summer,542,S26-0563,Alessio Zerbin,Napoli,Frosinone,2026-07-24,4200000,GBP,,Winger — source label,,Evidence needed,"Comparable buyer-specific scoring, creation, progression and availability evidence needed.",Source position and transfer quote only; production and age not validated for this specific deal.,Reported fee,Not assessed,https://www.theguardian.com/football/ng-interactive/2026/sep/01/mens-transfer-window-summer-2026-all-deals-from-europes-top-five-leagues
summer-S26-0571,summer,550,S26-0571,Yeray Cabanzón,Racing Santander,Real Valladolid,2026-07-24,,GBP,,Winger — source label,,Evidence needed,"Comparable buyer-specific scoring, creation, progression and availability evidence needed. Transfer fee is undisclosed.",Source position and transfer quote only; production and age not validated for this specific deal.,Undisclosed,Not assessed,https://www.theguardian.com/football/ng-interactive/2026/sep/01/mens-transfer-window-summer-2026-all-deals-from-europes-top-five-leagues
summer-S26-0590,summer,569,S26-0590,Franco Cervi,Celta Vigo,Rosario Central,2026-06-17,,GBP,,Winger — source label,,Evidence needed,"Comparable buyer-specific scoring, creation, progression and availability evidence needed. Free base fee does not represent wages or other costs.",Source position and transfer quote only; production and age not validated for this specific deal.,Free transfer,Not assessed,https://www.theguardian.com/football/ng-interactive/2026/sep/01/mens-transfer-window-summer-2026-all-deals-from-europes-top-five-leagues
summer-S26-0600,summer,578,S26-0600,Jack Harrison,Leeds United,New England Revolution,2026-07-26,,GBP,,Winger — source label,,Evidence needed,"Comparable buyer-specific scoring, creation, progression and availability evidence needed. Transfer fee is undisclosed.",Source position and transfer quote only; production and age not validated for this specific deal.,Undisclosed,Not assessed,https://www.theguardian.com/football/ng-interactive/2026/sep/01/mens-transfer-window-summer-2026-all-deals-from-europes-top-five-leagues
summer-S26-0607,summer,585,S26-0607,Jonathan Dubasin,Sporting Gijón,Osasuna,2026-07-27,3400000,GBP,,Winger — source label,,Evidence needed,"Comparable buyer-specific scoring, creation, progression and availability evidence needed.",Source position and transfer quote only; production and age not validated for this specific deal.,Reported fee,Not assessed,https://www.theguardian.com/football/ng-interactive/2026/sep/01/mens-transfer-window-summer-2026-all-deals-from-europes-top-five-leagues
summer-S26-0609,summer,587,S26-0609,Miguel Rodríguez,FC Utrecht,Alavés,2026-07-27,2100000,GBP,,Winger — source label,,Evidence needed,"Comparable buyer-specific scoring, creation, progression and availability evidence needed.",Source position and transfer quote only; production and age not validated for this specific deal.,Reported fee,Not assessed,https://www.theguardian.com/football/ng-interactive/2026/sep/01/mens-transfer-window-summer-2026-all-deals-from-europes-top-five-leagues
summer-S26-0615,summer,593,S26-0615,Óscar Perea,Strasbourg,Club América,2026-07-28,,GBP,,Winger — source label,,Evidence needed,"Comparable buyer-specific scoring, creation, progression and availability evidence needed. Transfer fee is undisclosed.",Source position and transfer quote only; production and age not validated for this specific deal.,Undisclosed,Not assessed,https://www.theguardian.com/football/ng-interactive/2026/sep/01/mens-transfer-window-summer-2026-all-deals-from-europes-top-five-leagues
summer-S26-0625,summer,603,S26-0625,Ander Yoldi,Osasuna,Ibiza,2026-07-02,,GBP,,Winger — source label,,Evidence needed,"Comparable buyer-specific scoring, creation, progression and availability evidence needed. Free base fee does not represent wages or other costs.",Source position and transfer quote only; production and age not validated for this specific deal.,Free transfer,Not assessed,https://www.theguardian.com/football/ng-interactive/2026/sep/01/mens-transfer-window-summer-2026-all-deals-from-europes-top-five-leagues
summer-S26-0641,summer,619,S26-0641,Luca Koleosho,Burnley,Paris FC,2026-07-29,,GBP,,Winger — source label,,Evidence needed,"Comparable buyer-specific scoring, creation, progression and availability evidence needed. Transfer fee is undisclosed.",Source position and transfer quote only; production and age not validated for this specific deal.,Undisclosed,Not assessed,https://www.theguardian.com/football/ng-interactive/2026/sep/01/mens-transfer-window-summer-2026-all-deals-from-europes-top-five-leagues
summer-S26-0651,summer,628,S26-0651,Endika Buján,Athletic Club,Racing Ferrol,2026-07-20,,GBP,,Winger — source label,,Evidence needed,"Comparable buyer-specific scoring, creation, progression and availability evidence needed. Free base fee does not represent wages or other costs.",Source position and transfer quote only; production and age not validated for this specific deal.,Free transfer,Not assessed,https://www.theguardian.com/football/ng-interactive/2026/sep/01/mens-transfer-window-summer-2026-all-deals-from-europes-top-five-leagues
summer-S26-0658,summer,635,S26-0658,Joel Ndala,Manchester City,Cercle Brugge,2026-07-29,,GBP,,Winger — source label,,Evidence needed,"Comparable buyer-specific scoring, creation, progression and availability evidence needed. Transfer fee is undisclosed.",Source position and transfer quote only; production and age not validated for this specific deal.,Undisclosed,Not assessed,https://www.theguardian.com/football/ng-interactive/2026/sep/01/mens-transfer-window-summer-2026-all-deals-from-europes-top-five-leagues
summer-S26-0660,summer,637,S26-0660,Martín Pedroarena,Osasuna,Arenas Getxo,2026-06-26,,GBP,,Winger — source label,,Evidence needed,"Comparable buyer-specific scoring, creation, progression and availability evidence needed. Free base fee does not represent wages or other costs.",Source position and transfer quote only; production and age not validated for this specific deal.,Free transfer,Not assessed,https://www.theguardian.com/football/ng-interactive/2026/sep/01/mens-transfer-window-summer-2026-all-deals-from-europes-top-five-leagues
summer-S26-0664,summer,641,S26-0664,Leo Sauer,Feyenoord,Stuttgart,2026-07-29,12800000,GBP,,Winger — source label,,Evidence needed,"Comparable buyer-specific scoring, creation, progression and availability evidence needed.",Source position and transfer quote only; production and age not validated for this specific deal.,Reported fee,Not assessed,https://www.theguardian.com/football/ng-interactive/2026/sep/01/mens-transfer-window-summer-2026-all-deals-from-europes-top-five-leagues
summer-S26-0697,summer,674,S26-0697,Ousmane Diallo,Borussia Dortmund,Parma,2026-07-31,1280000,GBP,,Winger — source label,,Evidence needed,"Comparable buyer-specific scoring, creation, progression and availability evidence needed.",Source position and transfer quote only; production and age not validated for this specific deal.,Reported fee,Not assessed,https://www.theguardian.com/football/ng-interactive/2026/sep/01/mens-transfer-window-summer-2026-all-deals-from-europes-top-five-leagues
summer-S26-0702,summer,679,S26-0702,Emanuele Rao,Napoli,Pisa,2026-07-31,,GBP,,Winger — source label,,Evidence needed,"Comparable buyer-specific scoring, creation, progression and availability evidence needed. Loan/swap costs need separate treatment.",Source position and transfer quote only; production and age not validated for this specific deal.,Loan fee not stated,Not assessed,https://www.theguardian.com/football/ng-interactive/2026/sep/01/mens-transfer-window-summer-2026-all-deals-from-europes-top-five-leagues
summer-S26-0712,summer,689,S26-0712,Tommy Watson,Brighton,Leicester City,2026-08-01,,GBP,,Winger — source label,,Evidence needed,"Comparable buyer-specific scoring, creation, progression and availability evidence needed. Loan/swap costs need separate treatment.",Source position and transfer quote only; production and age not validated for this specific deal.,Loan fee not stated,Not assessed,https://www.theguardian.com/football/ng-interactive/2026/sep/01/mens-transfer-window-summer-2026-all-deals-from-europes-top-five-leagues
summer-S26-0715,summer,692,S26-0715,Nordan Mukiele,Rennes,Montpellier,2026-08-01,,GBP,,Winger — source label,,Evidence needed,"Comparable buyer-specific scoring, creation, progression and availability evidence needed. Loan/swap costs need separate treatment.",Source position and transfer quote only; production and age not validated for this specific deal.,Loan fee not stated,Not assessed,https://www.theguardian.com/football/ng-interactive/2026/sep/01/mens-transfer-window-summer-2026-all-deals-from-europes-top-five-leagues
summer-S26-0721,summer,698,S26-0721,Kerim Alajbegovic,Bayer Leverkusen,Juventus,2026-08-02,25650000,GBP,,Winger — source label,,Evidence needed,"Comparable buyer-specific scoring, creation, progression and availability evidence needed.",Source position and transfer quote only; production and age not validated for this specific deal.,Reported fee,Not assessed,https://www.theguardian.com/football/ng-interactive/2026/sep/01/mens-transfer-window-summer-2026-all-deals-from-europes-top-five-leagues
summer-S26-0725,summer,702,S26-0725,Adam Daghim,Red Bull Salzburg,Hoffenheim,2026-08-02,11130000,GBP,,Winger — source label,,Evidence needed,"Comparable buyer-specific scoring, creation, progression and availability evidence needed.",Source position and transfer quote only; production and age not validated for this specific deal.,Reported fee,Not assessed,https://www.theguardian.com/football/ng-interactive/2026/sep/01/mens-transfer-window-summer-2026-all-deals-from-europes-top-five-leagues
summer-S26-0726,summer,703,S26-0726,Souleymane Faye,Sporting,Lorient,2026-08-02,,GBP,,Winger — source label,,Evidence needed,"Comparable buyer-specific scoring, creation, progression and availability evidence needed. Loan/swap costs need separate treatment.",Source position and transfer quote only; production and age not validated for this specific deal.,Loan fee not stated,Not assessed,https://www.theguardian.com/football/ng-interactive/2026/sep/01/mens-transfer-window-summer-2026-all-deals-from-europes-top-five-leagues
summer-S26-0750,summer,727,S26-0750,Tom Louchet,Nice,PAOK,2026-08-03,1700000,GBP,,Winger — source label,,Evidence needed,"Comparable buyer-specific scoring, creation, progression and availability evidence needed.",Source position and transfer quote only; production and age not validated for this specific deal.,Reported fee,Not assessed,https://www.theguardian.com/football/ng-interactive/2026/sep/01/mens-transfer-window-summer-2026-all-deals-from-europes-top-five-leagues
summer-S26-0754,summer,731,S26-0754,Khalil Ayari,Paris Saint-Germain,Dunkerque,2026-08-04,,GBP,,Winger — source label,,Evidence needed,"Comparable buyer-specific scoring, creation, progression and availability evidence needed. Loan/swap costs need separate treatment.",Source position and transfer quote only; production and age not validated for this specific deal.,Loan fee not stated,Not assessed,https://www.theguardian.com/football/ng-interactive/2026/sep/01/mens-transfer-window-summer-2026-all-deals-from-europes-top-five-leagues
summer-S26-0757,summer,734,S26-0757,Alimami Gory,Paris FC,Abha Club,2026-08-04,,GBP,,Winger — source label,,Evidence needed,"Comparable buyer-specific scoring, creation, progression and availability evidence needed. Transfer fee is undisclosed.",Source position and transfer quote only; production and age not validated for this specific deal.,Undisclosed,Not assessed,https://www.theguardian.com/football/ng-interactive/2026/sep/01/mens-transfer-window-summer-2026-all-deals-from-europes-top-five-leagues
summer-S26-0759,summer,736,S26-0759,Gauthier Hein,Metz,Nice,2026-08-04,1500000,GBP,,Winger — source label,,Evidence needed,"Comparable buyer-specific scoring, creation, progression and availability evidence needed.",Source position and transfer quote only; production and age not validated for this specific deal.,Reported fee,Not assessed,https://www.theguardian.com/football/ng-interactive/2026/sep/01/mens-transfer-window-summer-2026-all-deals-from-europes-top-five-leagues
summer-S26-0760,summer,737,S26-0760,Vlad Silva,Paços de Ferreira,Celta Vigo,2026-08-04,,GBP,,Winger — source label,,Evidence needed,"Comparable buyer-specific scoring, creation, progression and availability evidence needed. Loan/swap costs need separate treatment.",Source position and transfer quote only; production and age not validated for this specific deal.,Loan fee not stated,Not assessed,https://www.theguardian.com/football/ng-interactive/2026/sep/01/mens-transfer-window-summer-2026-all-deals-from-europes-top-five-leagues
summer-S26-0783,summer,759,S26-0783,Wes Burns,Ipswich Town,Leicester City,2026-08-06,100000,GBP,,Winger — source label,,Evidence needed,"Comparable buyer-specific scoring, creation, progression and availability evidence needed.",Source position and transfer quote only; production and age not validated for this specific deal.,Reported fee,Not assessed,https://www.theguardian.com/football/ng-interactive/2026/sep/01/mens-transfer-window-summer-2026-all-deals-from-europes-top-five-leagues
summer-S26-0795,summer,771,S26-0795,Georg Ermolaev,Paderborn,Alemannia Aachen,2026-08-04,,GBP,,Winger — source label,,Evidence needed,"Comparable buyer-specific scoring, creation, progression and availability evidence needed. Loan/swap costs need separate treatment.",Source position and transfer quote only; production and age not validated for this specific deal.,Loan fee not stated,Not assessed,https://www.theguardian.com/football/ng-interactive/2026/sep/01/mens-transfer-window-summer-2026-all-deals-from-europes-top-five-leagues
summer-S26-0796,summer,772,S26-0796,Jesse Bisiwu,Club Brugge,Barcelona,2026-08-04,7300000,GBP,,Winger — source label,,Evidence needed,"Comparable buyer-specific scoring, creation, progression and availability evidence needed.",Source position and transfer quote only; production and age not validated for this specific deal.,Reported fee,Not assessed,https://www.theguardian.com/football/ng-interactive/2026/sep/01/mens-transfer-window-summer-2026-all-deals-from-europes-top-five-leagues
summer-S26-0819,summer,794,S26-0819,Tynan Thompson,Tottenham Hotspur,Manchester United,2026-07-20,4000000,GBP,,Winger — source label,,Evidence needed,"Comparable buyer-specific scoring, creation, progression and availability evidence needed.",Source position and transfer quote only; production and age not validated for this specific deal.,Reported fee,Not assessed,https://www.theguardian.com/football/ng-interactive/2026/sep/01/mens-transfer-window-summer-2026-all-deals-from-europes-top-five-leagues
summer-S26-0839,summer,813,S26-0839,Ichem Ferrah,Lille,Pisa,2026-08-07,,GBP,,Winger — source label,,Evidence needed,"Comparable buyer-specific scoring, creation, progression and availability evidence needed. Transfer fee is undisclosed.",Source position and transfer quote only; production and age not validated for this specific deal.,Undisclosed,Not assessed,https://www.theguardian.com/football/ng-interactive/2026/sep/01/mens-transfer-window-summer-2026-all-deals-from-europes-top-five-leagues
summer-S26-0850,summer,823,S26-0850,Jay Robinson,Southampton,Monza,2026-08-07,,GBP,,Winger — source label,,Evidence needed,"Comparable buyer-specific scoring, creation, progression and availability evidence needed. Loan/swap costs need separate treatment.",Source position and transfer quote only; production and age not validated for this specific deal.,Loan fee not stated,Not assessed,https://www.theguardian.com/football/ng-interactive/2026/sep/01/mens-transfer-window-summer-2026-all-deals-from-europes-top-five-leagues
summer-S26-0852,summer,824,S26-0852,Noah Nsoki,Paris Saint-Germain,Dinamo Zagreb,2026-08-08,,GBP,,Winger — source label,,Evidence needed,"Comparable buyer-specific scoring, creation, progression and availability evidence needed. Transfer fee is undisclosed.",Source position and transfer quote only; production and age not validated for this specific deal.,Undisclosed,Not assessed,https://www.theguardian.com/football/ng-interactive/2026/sep/01/mens-transfer-window-summer-2026-all-deals-from-europes-top-five-leagues
summer-S26-0853,summer,825,S26-0853,Jahnoah Markelo,Coventry City,Shabab Al-Ahli,2026-08-08,,GBP,,Winger — source label,,Evidence needed,"Comparable buyer-specific scoring, creation, progression and availability evidence needed. Transfer fee is undisclosed.",Source position and transfer quote only; production and age not validated for this specific deal.,Undisclosed,Not assessed,https://www.theguardian.com/football/ng-interactive/2026/sep/01/mens-transfer-window-summer-2026-all-deals-from-europes-top-five-leagues
summer-S26-0856,summer,828,S26-0856,Yusuf Kabadayi,Augsburg,Rijeka,2026-08-09,,GBP,,Winger — source label,,Evidence needed,"Comparable buyer-specific scoring, creation, progression and availability evidence needed. Loan/swap costs need separate treatment.",Source position and transfer quote only; production and age not validated for this specific deal.,Loan fee not stated,Not assessed,https://www.theguardian.com/football/ng-interactive/2026/sep/01/mens-transfer-window-summer-2026-all-deals-from-europes-top-five-leagues
summer-S26-0862,summer,834,S26-0862,Simone Ascione,Venezia,Vis Pesaro,2026-08-07,,GBP,,Winger — source label,,Evidence needed,"Comparable buyer-specific scoring, creation, progression and availability evidence needed. Transfer fee is undisclosed.",Source position and transfer quote only; production and age not validated for this specific deal.,Undisclosed,Not assessed,https://www.theguardian.com/football/ng-interactive/2026/sep/01/mens-transfer-window-summer-2026-all-deals-from-europes-top-five-leagues
summer-S26-0867,summer,839,S26-0867,Abu Kamara,Hull City,Portsmouth,2026-08-10,2500000,GBP,,Winger — source label,,Evidence needed,"Comparable buyer-specific scoring, creation, progression and availability evidence needed.",Source position and transfer quote only; production and age not validated for this specific deal.,Reported fee,Not assessed,https://www.theguardian.com/football/ng-interactive/2026/sep/01/mens-transfer-window-summer-2026-all-deals-from-europes-top-five-leagues
summer-S26-0875,summer,847,S26-0875,Manor Solomon,Tottenham Hotspur,West Ham United,2026-08-10,5000000,GBP,,Winger — source label,,Evidence needed,"Comparable buyer-specific scoring, creation, progression and availability evidence needed.",Source position and transfer quote only; production and age not validated for this specific deal.,Reported fee,Not assessed,https://www.theguardian.com/football/ng-interactive/2026/sep/01/mens-transfer-window-summer-2026-all-deals-from-europes-top-five-leagues
summer-S26-0887,summer,859,S26-0887,Dwight McNeil,Everton,Crystal Palace,2026-08-11,,GBP,,Winger — source label,,Evidence needed,"Comparable buyer-specific scoring, creation, progression and availability evidence needed. Loan/swap costs need separate treatment.",Source position and transfer quote only; production and age not validated for this specific deal.,Swap,Not assessed,https://www.theguardian.com/football/ng-interactive/2026/sep/01/mens-transfer-window-summer-2026-all-deals-from-europes-top-five-leagues
summer-S26-0910,summer,881,S26-0910,Yang Min-hyeok,Tottenham Hotspur,Westerlo,2026-08-12,,GBP,,Winger — source label,,Evidence needed,"Comparable buyer-specific scoring, creation, progression and availability evidence needed. Loan/swap costs need separate treatment.",Source position and transfer quote only; production and age not validated for this specific deal.,Loan fee not stated,Not assessed,https://www.theguardian.com/football/ng-interactive/2026/sep/01/mens-transfer-window-summer-2026-all-deals-from-europes-top-five-leagues
summer-S26-0915,summer,886,S26-0915,Benjamín Domínguez,Bologna,Sassuolo,2026-08-11,,GBP,,Winger — source label,,Evidence needed,"Comparable buyer-specific scoring, creation, progression and availability evidence needed. Loan/swap costs need separate treatment.",Source position and transfer quote only; production and age not validated for this specific deal.,Loan fee not stated,Not assessed,https://www.theguardian.com/football/ng-interactive/2026/sep/01/mens-transfer-window-summer-2026-all-deals-from-europes-top-five-leagues
summer-S26-0916,summer,887,S26-0916,Thiago Fernández,Villarreal,Levante,2026-08-11,,GBP,,Winger — source label,,Evidence needed,"Comparable buyer-specific scoring, creation, progression and availability evidence needed. Loan/swap costs need separate treatment.",Source position and transfer quote only; production and age not validated for this specific deal.,Loan fee not stated,Not assessed,https://www.theguardian.com/football/ng-interactive/2026/sep/01/mens-transfer-window-summer-2026-all-deals-from-europes-top-five-leagues
summer-S26-0922,summer,893,S26-0922,Giorgi Tsitaishvili,Dynamo Kyiv,Rayo Vallecano,2026-08-13,,GBP,,Winger — source label,,Evidence needed,"Comparable buyer-specific scoring, creation, progression and availability evidence needed. Free base fee does not represent wages or other costs.",Source position and transfer quote only; production and age not validated for this specific deal.,Free transfer,Not assessed,https://www.theguardian.com/football/ng-interactive/2026/sep/01/mens-transfer-window-summer-2026-all-deals-from-europes-top-five-leagues
summer-S26-0929,summer,900,S26-0929,Ethan Williams,Manchester United,Peterborough,2026-08-13,,GBP,,Winger — source label,,Evidence needed,"Comparable buyer-specific scoring, creation, progression and availability evidence needed. Transfer fee is undisclosed.",Source position and transfer quote only; production and age not validated for this specific deal.,Undisclosed,Not assessed,https://www.theguardian.com/football/ng-interactive/2026/sep/01/mens-transfer-window-summer-2026-all-deals-from-europes-top-five-leagues
summer-S26-0937,summer,908,S26-0937,Gabriele Bertolini,Fiorentina,Atalanta,2026-08-12,,GBP,,Winger — source label,,Evidence needed,"Comparable buyer-specific scoring, creation, progression and availability evidence needed. Transfer fee is undisclosed.",Source position and transfer quote only; production and age not validated for this specific deal.,Undisclosed,Not assessed,https://www.theguardian.com/football/ng-interactive/2026/sep/01/mens-transfer-window-summer-2026-all-deals-from-europes-top-five-leagues
summer-S26-0939,summer,910,S26-0939,Saná Fernandes,Lazio,Juve Stabia,2026-08-13,,GBP,,Winger — source label,,Evidence needed,"Comparable buyer-specific scoring, creation, progression and availability evidence needed. Loan/swap costs need separate treatment.",Source position and transfer quote only; production and age not validated for this specific deal.,Loan fee not stated,Not assessed,https://www.theguardian.com/football/ng-interactive/2026/sep/01/mens-transfer-window-summer-2026-all-deals-from-europes-top-five-leagues
summer-S26-0946,summer,917,S26-0946,Jacob Ondrejka,Parma,Groningen,2026-08-14,,GBP,,Winger — source label,,Evidence needed,"Comparable buyer-specific scoring, creation, progression and availability evidence needed. Loan/swap costs need separate treatment.",Source position and transfer quote only; production and age not validated for this specific deal.,Loan fee not stated,Not assessed,https://www.theguardian.com/football/ng-interactive/2026/sep/01/mens-transfer-window-summer-2026-all-deals-from-europes-top-five-leagues
summer-S26-0951,summer,922,S26-0951,Rayane Messi,Strasbourg,Ettifaq,2026-08-14,,GBP,,Winger — source label,,Evidence needed,"Comparable buyer-specific scoring, creation, progression and availability evidence needed. Loan/swap costs need separate treatment.",Source position and transfer quote only; production and age not validated for this specific deal.,Loan fee not stated,Not assessed,https://www.theguardian.com/football/ng-interactive/2026/sep/01/mens-transfer-window-summer-2026-all-deals-from-europes-top-five-leagues
summer-S26-0953,summer,924,S26-0953,Fabio Baldé,Hamburg,Strasbourg,2026-08-14,6000000,GBP,,Winger — source label,,Evidence needed,"Comparable buyer-specific scoring, creation, progression and availability evidence needed.",Source position and transfer quote only; production and age not validated for this specific deal.,Reported fee,Not assessed,https://www.theguardian.com/football/ng-interactive/2026/sep/01/mens-transfer-window-summer-2026-all-deals-from-europes-top-five-leagues
summer-S26-0956,summer,927,S26-0956,Emilio Lawrence,Manchester City,Luton Town,2026-08-14,,GBP,,Winger — source label,,Evidence needed,"Comparable buyer-specific scoring, creation, progression and availability evidence needed. Loan/swap costs need separate treatment.",Source position and transfer quote only; production and age not validated for this specific deal.,Loan fee not stated,Not assessed,https://www.theguardian.com/football/ng-interactive/2026/sep/01/mens-transfer-window-summer-2026-all-deals-from-europes-top-five-leagues
summer-S26-0957,summer,928,S26-0957,Ryan Kavuma-McQueen,Chelsea,Portsmouth,2026-08-14,,GBP,,Winger — source label,,Evidence needed,"Comparable buyer-specific scoring, creation, progression and availability evidence needed. Loan/swap costs need separate treatment.",Source position and transfer quote only; production and age not validated for this specific deal.,Loan fee not stated,Not assessed,https://www.theguardian.com/football/ng-interactive/2026/sep/01/mens-transfer-window-summer-2026-all-deals-from-europes-top-five-leagues
summer-S26-0962,summer,933,S26-0962,Samuel Iling-Junior,Aston Villa,Bolton,2026-08-14,,GBP,,Winger — source label,,Evidence needed,"Comparable buyer-specific scoring, creation, progression and availability evidence needed. Loan/swap costs need separate treatment.",Source position and transfer quote only; production and age not validated for this specific deal.,Loan fee not stated,Not assessed,https://www.theguardian.com/football/ng-interactive/2026/sep/01/mens-transfer-window-summer-2026-all-deals-from-europes-top-five-leagues
summer-S26-0977,summer,946,S26-0977,Anan Khalaili,Union St-Gilloise,Crystal Palace,2026-08-15,21000000,GBP,,Winger — source label,,Evidence needed,"Comparable buyer-specific scoring, creation, progression and availability evidence needed.",Source position and transfer quote only; production and age not validated for this specific deal.,Reported fee,Not assessed,https://www.theguardian.com/football/ng-interactive/2026/sep/01/mens-transfer-window-summer-2026-all-deals-from-europes-top-five-leagues
summer-S26-0980,summer,949,S26-0980,Iker Benito,Osasuna,Querétaro,2026-08-14,510000,GBP,,Winger — source label,,Evidence needed,"Comparable buyer-specific scoring, creation, progression and availability evidence needed.",Source position and transfer quote only; production and age not validated for this specific deal.,Reported fee,Not assessed,https://www.theguardian.com/football/ng-interactive/2026/sep/01/mens-transfer-window-summer-2026-all-deals-from-europes-top-five-leagues
summer-S26-0984,summer,953,S26-0984,Mika Godts,Ajax,Paris Saint-Germain,2026-08-15,47000000,GBP,,Winger — source label,,Evidence needed,"Comparable buyer-specific scoring, creation, progression and availability evidence needed.",Source position and transfer quote only; production and age not validated for this specific deal.,Reported fee,Not assessed,https://www.theguardian.com/football/ng-interactive/2026/sep/01/mens-transfer-window-summer-2026-all-deals-from-europes-top-five-leagues
summer-S26-0997,summer,966,S26-0997,Eren Dinkci,Freiburg,Werder Bremen,2026-08-17,,GBP,,Winger — source label,,Evidence needed,"Comparable buyer-specific scoring, creation, progression and availability evidence needed. Loan/swap costs need separate treatment.",Source position and transfer quote only; production and age not validated for this specific deal.,Loan fee not stated,Not assessed,https://www.theguardian.com/football/ng-interactive/2026/sep/01/mens-transfer-window-summer-2026-all-deals-from-europes-top-five-leagues
summer-S26-0998,summer,967,S26-0998,Hugo Picard,Columbus Crew,Troyes,2026-08-17,,GBP,,Winger — source label,,Evidence needed,"Comparable buyer-specific scoring, creation, progression and availability evidence needed. Loan/swap costs need separate treatment.",Source position and transfer quote only; production and age not validated for this specific deal.,Loan fee not stated,Not assessed,https://www.theguardian.com/football/ng-interactive/2026/sep/01/mens-transfer-window-summer-2026-all-deals-from-europes-top-five-leagues
summer-S26-1001,summer,970,S26-1001,Nathan Ngoumou,Borussia Mönchengladbach,Nice,2026-08-17,,GBP,,Winger — source label,,Evidence needed,"Comparable buyer-specific scoring, creation, progression and availability evidence needed. Free base fee does not represent wages or other costs.",Source position and transfer quote only; production and age not validated for this specific deal.,Free transfer,Not assessed,https://www.theguardian.com/football/ng-interactive/2026/sep/01/mens-transfer-window-summer-2026-all-deals-from-europes-top-five-leagues
summer-S26-1009,summer,978,S26-1009,Luigi Cherubini,Roma,Benevento,2026-08-18,,GBP,,Winger — source label,,Evidence needed,"Comparable buyer-specific scoring, creation, progression and availability evidence needed. Loan/swap costs need separate treatment.",Source position and transfer quote only; production and age not validated for this specific deal.,Loan fee not stated,Not assessed,https://www.theguardian.com/football/ng-interactive/2026/sep/01/mens-transfer-window-summer-2026-all-deals-from-europes-top-five-leagues
summer-S26-1011,summer,980,S26-1011,Joel Mvuka,Lorient,Bodø/Glimt,2026-08-18,,GBP,,Winger — source label,,Evidence needed,"Comparable buyer-specific scoring, creation, progression and availability evidence needed. Transfer fee is undisclosed.",Source position and transfer quote only; production and age not validated for this specific deal.,Undisclosed,Not assessed,https://www.theguardian.com/football/ng-interactive/2026/sep/01/mens-transfer-window-summer-2026-all-deals-from-europes-top-five-leagues
summer-S26-1014,summer,982,S26-1014,Gabriel Vidovic,Dinamo Zagreb,Paderborn,2026-08-18,2600000,GBP,,Winger — source label,,Evidence needed,"Comparable buyer-specific scoring, creation, progression and availability evidence needed.",Source position and transfer quote only; production and age not validated for this specific deal.,Reported fee,Not assessed,https://www.theguardian.com/football/ng-interactive/2026/sep/01/mens-transfer-window-summer-2026-all-deals-from-europes-top-five-leagues
summer-S26-1019,summer,987,S26-1019,Zavier Gozo,Real Salt Lake,Crystal Palace,2026-08-18,11000000,GBP,,Winger — source label,,Evidence needed,"Comparable buyer-specific scoring, creation, progression and availability evidence needed.",Source position and transfer quote only; production and age not validated for this specific deal.,Reported fee,Not assessed,https://www.theguardian.com/football/ng-interactive/2026/sep/01/mens-transfer-window-summer-2026-all-deals-from-europes-top-five-leagues
summer-S26-1023,summer,991,S26-1023,Ethan Ennis,Manchester United,Stockport County,2026-08-18,,GBP,,Winger — source label,,Evidence needed,"Comparable buyer-specific scoring, creation, progression and availability evidence needed. Transfer fee is undisclosed.",Source position and transfer quote only; production and age not validated for this specific deal.,Undisclosed,Not assessed,https://www.theguardian.com/football/ng-interactive/2026/sep/01/mens-transfer-window-summer-2026-all-deals-from-europes-top-five-leagues
summer-S26-1044,summer,1012,S26-1044,Farid Alfa-Ruprecht,Bayer Leverkusen,Hertha Berlin,2026-08-20,,GBP,,Winger — source label,,Evidence needed,"Comparable buyer-specific scoring, creation, progression and availability evidence needed. Loan/swap costs need separate treatment.",Source position and transfer quote only; production and age not validated for this specific deal.,Loan fee not stated,Not assessed,https://www.theguardian.com/football/ng-interactive/2026/sep/01/mens-transfer-window-summer-2026-all-deals-from-europes-top-five-leagues
summer-S26-1048,summer,1016,S26-1048,Kieran Morrison,Liverpool,Sheffield Wednesday,2026-08-20,,GBP,,Winger — source label,,Evidence needed,"Comparable buyer-specific scoring, creation, progression and availability evidence needed. Loan/swap costs need separate treatment.",Source position and transfer quote only; production and age not validated for this specific deal.,Loan fee not stated,Not assessed,https://www.theguardian.com/football/ng-interactive/2026/sep/01/mens-transfer-window-summer-2026-all-deals-from-europes-top-five-leagues
summer-S26-1062,summer,1029,S26-1062,Alieu Fadera,Como 1907,Cagliari,2026-08-21,,GBP,,Winger — source label,,Evidence needed,"Comparable buyer-specific scoring, creation, progression and availability evidence needed. Loan/swap costs need separate treatment.",Source position and transfer quote only; production and age not validated for this specific deal.,Loan fee not stated,Not assessed,https://www.theguardian.com/football/ng-interactive/2026/sep/01/mens-transfer-window-summer-2026-all-deals-from-europes-top-five-leagues
summer-S26-1084,summer,1051,S26-1084,Antoine Joujou,Parma,Nantes,2026-08-21,,GBP,,Winger — source label,,Evidence needed,"Comparable buyer-specific scoring, creation, progression and availability evidence needed. Transfer fee is undisclosed.",Source position and transfer quote only; production and age not validated for this specific deal.,Undisclosed,Not assessed,https://www.theguardian.com/football/ng-interactive/2026/sep/01/mens-transfer-window-summer-2026-all-deals-from-europes-top-five-leagues
summer-S26-1103,summer,1069,S26-1103,Ismeal Kabia,Arsenal,St Mirren,2026-08-15,,GBP,,Winger — source label,,Evidence needed,"Comparable buyer-specific scoring, creation, progression and availability evidence needed. Loan/swap costs need separate treatment.",Source position and transfer quote only; production and age not validated for this specific deal.,Loan fee not stated,Not assessed,https://www.theguardian.com/football/ng-interactive/2026/sep/01/mens-transfer-window-summer-2026-all-deals-from-europes-top-five-leagues
summer-S26-1110,summer,1076,S26-1110,Sávio,Manchester City,Tottenham Hotspur,2026-08-25,75000000,GBP,,Winger — source label,,Evidence needed,"Comparable buyer-specific scoring, creation, progression and availability evidence needed.",Source position and transfer quote only; production and age not validated for this specific deal.,Reported fee,Not assessed,https://www.theguardian.com/football/ng-interactive/2026/sep/01/mens-transfer-window-summer-2026-all-deals-from-europes-top-five-leagues
summer-S26-1114,summer,1080,S26-1114,Isak Jensen,AZ Alkmaar,Lorient,2026-08-24,,GBP,,Winger — source label,,Evidence needed,"Comparable buyer-specific scoring, creation, progression and availability evidence needed. Loan/swap costs need separate treatment.",Source position and transfer quote only; production and age not validated for this specific deal.,Loan fee not stated,Not assessed,https://www.theguardian.com/football/ng-interactive/2026/sep/01/mens-transfer-window-summer-2026-all-deals-from-europes-top-five-leagues
summer-S26-1125,summer,1090,S26-1125,Dilane Bakwa,Nottingham Forest,Lille,2026-08-26,,GBP,,Winger — source label,,Evidence needed,"Comparable buyer-specific scoring, creation, progression and availability evidence needed. Loan/swap costs need separate treatment.",Source position and transfer quote only; production and age not validated for this specific deal.,Loan fee not stated,Not assessed,https://www.theguardian.com/football/ng-interactive/2026/sep/01/mens-transfer-window-summer-2026-all-deals-from-europes-top-five-leagues
summer-S26-1138,summer,1103,S26-1138,Adama Traoré,West Ham United,Deportivo La Coruña,2026-08-26,,GBP,,Winger — source label,,Evidence needed,"Comparable buyer-specific scoring, creation, progression and availability evidence needed. Free base fee does not represent wages or other costs.",Source position and transfer quote only; production and age not validated for this specific deal.,Free transfer,Not assessed,https://www.theguardian.com/football/ng-interactive/2026/sep/01/mens-transfer-window-summer-2026-all-deals-from-europes-top-five-leagues
summer-S26-1141,summer,1106,S26-1141,Mohamed-Ali Cho,Nice,Hull City,2026-08-27,13000000,GBP,,Winger — source label,,Evidence needed,"Comparable buyer-specific scoring, creation, progression and availability evidence needed.",Source position and transfer quote only; production and age not validated for this specific deal.,Reported fee,Not assessed,https://www.theguardian.com/football/ng-interactive/2026/sep/01/mens-transfer-window-summer-2026-all-deals-from-europes-top-five-leagues
summer-S26-1145,summer,1110,S26-1145,Bryan Zaragoza,Bayern Munich,Espanyol,2026-08-27,,GBP,,Winger — source label,,Evidence needed,"Comparable buyer-specific scoring, creation, progression and availability evidence needed. Loan/swap costs need separate treatment.",Source position and transfer quote only; production and age not validated for this specific deal.,Loan fee not stated,Not assessed,https://www.theguardian.com/football/ng-interactive/2026/sep/01/mens-transfer-window-summer-2026-all-deals-from-europes-top-five-leagues
summer-S26-1148,summer,1113,S26-1148,Kareem Tunde,Levante,West Bromwich Albion,2026-08-27,3000000,GBP,,Winger — source label,,Evidence needed,"Comparable buyer-specific scoring, creation, progression and availability evidence needed.",Source position and transfer quote only; production and age not validated for this specific deal.,Reported fee,Not assessed,https://www.theguardian.com/football/ng-interactive/2026/sep/01/mens-transfer-window-summer-2026-all-deals-from-europes-top-five-leagues
summer-S26-1154,summer,1119,S26-1154,Jean-Luc Dompé,Hamburg,Konyaspor,2026-08-28,,GBP,,Winger — source label,,Evidence needed,"Comparable buyer-specific scoring, creation, progression and availability evidence needed. Free base fee does not represent wages or other costs.",Source position and transfer quote only; production and age not validated for this specific deal.,Free transfer,Not assessed,https://www.theguardian.com/football/ng-interactive/2026/sep/01/mens-transfer-window-summer-2026-all-deals-from-europes-top-five-leagues
summer-S26-1175,summer,1140,S26-1175,Cyril Ngonge,Napoli,Monza,2026-08-28,,GBP,,Winger — source label,,Evidence needed,"Comparable buyer-specific scoring, creation, progression and availability evidence needed. Loan/swap costs need separate treatment.",Source position and transfer quote only; production and age not validated for this specific deal.,Loan fee not stated,Not assessed,https://www.theguardian.com/football/ng-interactive/2026/sep/01/mens-transfer-window-summer-2026-all-deals-from-europes-top-five-leagues
summer-S26-1176,summer,1141,S26-1176,Reiss Nelson,Arsenal,Feyenoord,2026-09-02,,GBP,,Winger — source label,,Evidence needed,"Comparable buyer-specific scoring, creation, progression and availability evidence needed. Free base fee does not represent wages or other costs.",Source position and transfer quote only; production and age not validated for this specific deal.,Free transfer,Not assessed,https://www.theguardian.com/football/ng-interactive/2026/sep/01/mens-transfer-window-summer-2026-all-deals-from-europes-top-five-leagues
summer-S26-1182,summer,1147,S26-1182,Couhaib Driouech,PSV Eindhoven,Celta Vigo,2026-08-25,6000000,GBP,,Winger — source label,,Evidence needed,"Comparable buyer-specific scoring, creation, progression and availability evidence needed.",Source position and transfer quote only; production and age not validated for this specific deal.,Reported fee,Not assessed,https://www.theguardian.com/football/ng-interactive/2026/sep/01/mens-transfer-window-summer-2026-all-deals-from-europes-top-five-leagues
summer-S26-1183,summer,1148,S26-1183,Álex Sancris,Getafe,Leganés,2026-08-25,,GBP,,Winger — source label,,Evidence needed,"Comparable buyer-specific scoring, creation, progression and availability evidence needed. Loan/swap costs need separate treatment.",Source position and transfer quote only; production and age not validated for this specific deal.,Loan fee not stated,Not assessed,https://www.theguardian.com/football/ng-interactive/2026/sep/01/mens-transfer-window-summer-2026-all-deals-from-europes-top-five-leagues
summer-S26-1184,summer,1149,S26-1184,Ernest Poku,Bayer Leverkusen,Besiktas,2026-08-27,,GBP,,Winger — source label,,Evidence needed,"Comparable buyer-specific scoring, creation, progression and availability evidence needed. Loan/swap costs need separate treatment.",Source position and transfer quote only; production and age not validated for this specific deal.,Loan fee not stated,Not assessed,https://www.theguardian.com/football/ng-interactive/2026/sep/01/mens-transfer-window-summer-2026-all-deals-from-europes-top-five-leagues
summer-S26-1187,summer,1152,S26-1187,Youssoupha Niang,Cologne,St Pauli,2026-08-27,,GBP,,Winger — source label,,Evidence needed,"Comparable buyer-specific scoring, creation, progression and availability evidence needed. Loan/swap costs need separate treatment.",Source position and transfer quote only; production and age not validated for this specific deal.,Loan fee not stated,Not assessed,https://www.theguardian.com/football/ng-interactive/2026/sep/01/mens-transfer-window-summer-2026-all-deals-from-europes-top-five-leagues
summer-S26-1189,summer,1154,S26-1189,Rafael Leão,Milan,Galatasaray,2026-08-29,36800000,GBP,,Winger — source label,,Evidence needed,"Comparable buyer-specific scoring, creation, progression and availability evidence needed.",Source position and transfer quote only; production and age not validated for this specific deal.,Reported fee,Not assessed,https://www.theguardian.com/football/ng-interactive/2026/sep/01/mens-transfer-window-summer-2026-all-deals-from-europes-top-five-leagues
summer-S26-1202,summer,1167,S26-1202,Riccardo Ciervo,Sassuolo,Cagliari,2026-08-29,,GBP,,Winger — source label,,Evidence needed,"Comparable buyer-specific scoring, creation, progression and availability evidence needed. Loan/swap costs need separate treatment.",Source position and transfer quote only; production and age not validated for this specific deal.,Loan fee not stated,Not assessed,https://www.theguardian.com/football/ng-interactive/2026/sep/01/mens-transfer-window-summer-2026-all-deals-from-europes-top-five-leagues
summer-S26-1214,summer,1179,S26-1214,Oso,Sevilla,Strasbourg,2026-08-30,8500000,GBP,,Winger — source label,,Evidence needed,"Comparable buyer-specific scoring, creation, progression and availability evidence needed.",Source position and transfer quote only; production and age not validated for this specific deal.,Reported fee,Not assessed,https://www.theguardian.com/football/ng-interactive/2026/sep/01/mens-transfer-window-summer-2026-all-deals-from-europes-top-five-leagues
summer-S26-1229,summer,1194,S26-1229,Allan,Palmeiras,Manchester City,2026-08-31,32000000,GBP,,Winger — source label,,Evidence needed,"Comparable buyer-specific scoring, creation, progression and availability evidence needed.",Source position and transfer quote only; production and age not validated for this specific deal.,Reported fee,Not assessed,https://www.theguardian.com/football/ng-interactive/2026/sep/01/mens-transfer-window-summer-2026-all-deals-from-europes-top-five-leagues
summer-S26-1235,summer,1199,S26-1235,Joel Catesby,Everton,Accrington,2026-08-31,,GBP,,Winger — source label,,Evidence needed,"Comparable buyer-specific scoring, creation, progression and availability evidence needed. Loan/swap costs need separate treatment.",Source position and transfer quote only; production and age not validated for this specific deal.,Loan fee not stated,Not assessed,https://www.theguardian.com/football/ng-interactive/2026/sep/01/mens-transfer-window-summer-2026-all-deals-from-europes-top-five-leagues
summer-S26-1237,summer,1201,S26-1237,Omari Hutchinson,Nottingham Forest,Milan,2026-08-31,,GBP,,Winger — source label,,Evidence needed,"Comparable buyer-specific scoring, creation, progression and availability evidence needed. Loan/swap costs need separate treatment.",Source position and transfer quote only; production and age not validated for this specific deal.,Loan fee not stated,Not assessed,https://www.theguardian.com/football/ng-interactive/2026/sep/01/mens-transfer-window-summer-2026-all-deals-from-europes-top-five-leagues
summer-S26-1244,summer,1208,S26-1244,Romain Del Castillo,Brest,Osasuna,2026-09-01,850000,GBP,,Winger — source label,,Evidence needed,"Comparable buyer-specific scoring, creation, progression and availability evidence needed.",Source position and transfer quote only; production and age not validated for this specific deal.,Reported fee,Not assessed,https://www.theguardian.com/football/ng-interactive/2026/sep/01/mens-transfer-window-summer-2026-all-deals-from-europes-top-five-leagues
summer-S26-1261,summer,1224,S26-1261,Mikey Moore,Tottenham Hotspur,Cologne,2026-08-31,,GBP,,Winger — source label,,Evidence needed,"Comparable buyer-specific scoring, creation, progression and availability evidence needed. Loan/swap costs need separate treatment.",Source position and transfer quote only; production and age not validated for this specific deal.,Loan fee not stated,Not assessed,https://www.theguardian.com/football/ng-interactive/2026/sep/01/mens-transfer-window-summer-2026-all-deals-from-europes-top-five-leagues
summer-S26-1271,summer,1233,S26-1271,Marko Farji,Venezia,Heerenveen,2026-09-01,,GBP,,Winger — source label,,Evidence needed,"Comparable buyer-specific scoring, creation, progression and availability evidence needed. Transfer fee is undisclosed.",Source position and transfer quote only; production and age not validated for this specific deal.,Undisclosed,Not assessed,https://www.theguardian.com/football/ng-interactive/2026/sep/01/mens-transfer-window-summer-2026-all-deals-from-europes-top-five-leagues
summer-S26-1274,summer,1236,S26-1274,Moussa Diaby,Al-Ittihad,Bayer Leverkusen,2026-09-01,25600000,GBP,,Winger — source label,,Evidence needed,"Comparable buyer-specific scoring, creation, progression and availability evidence needed.",Source position and transfer quote only; production and age not validated for this specific deal.,Reported fee,Not assessed,https://www.theguardian.com/football/ng-interactive/2026/sep/01/mens-transfer-window-summer-2026-all-deals-from-europes-top-five-leagues
summer-S26-1278,summer,1240,S26-1278,Jérémy Hatchi,Lorient,Montpellier,2026-09-01,,GBP,,Winger — source label,,Evidence needed,"Comparable buyer-specific scoring, creation, progression and availability evidence needed. Loan/swap costs need separate treatment.",Source position and transfer quote only; production and age not validated for this specific deal.,Loan fee not stated,Not assessed,https://www.theguardian.com/football/ng-interactive/2026/sep/01/mens-transfer-window-summer-2026-all-deals-from-europes-top-five-leagues
summer-S26-1284,summer,1246,S26-1284,Largie Ramazani,Leeds United,Burnley,2026-09-01,,GBP,,Winger — source label,,Evidence needed,"Comparable buyer-specific scoring, creation, progression and availability evidence needed. Loan/swap costs need separate treatment.",Source position and transfer quote only; production and age not validated for this specific deal.,Loan fee not stated,Not assessed,https://www.theguardian.com/football/ng-interactive/2026/sep/01/mens-transfer-window-summer-2026-all-deals-from-europes-top-five-leagues
summer-S26-1292,summer,1254,S26-1292,Emir Sahiti,Hamburg,Hannover 96,2026-09-01,,GBP,,Winger — source label,,Evidence needed,"Comparable buyer-specific scoring, creation, progression and availability evidence needed. Free base fee does not represent wages or other costs.",Source position and transfer quote only; production and age not validated for this specific deal.,Free transfer,Not assessed,https://www.theguardian.com/football/ng-interactive/2026/sep/01/mens-transfer-window-summer-2026-all-deals-from-europes-top-five-leagues
summer-S26-1299,summer,1261,S26-1299,Robinho Junior,Santos FC,Genoa,2026-09-01,,GBP,,Winger — source label,,Evidence needed,"Comparable buyer-specific scoring, creation, progression and availability evidence needed. Loan/swap costs need separate treatment.",Source position and transfer quote only; production and age not validated for this specific deal.,Loan fee not stated,Not assessed,https://www.theguardian.com/football/ng-interactive/2026/sep/01/mens-transfer-window-summer-2026-all-deals-from-europes-top-five-leagues
summer-S26-1302,summer,1264,S26-1302,Samuel Mbangula,Werder Bremen,Bologna,2026-09-01,,GBP,,Winger — source label,,Evidence needed,"Comparable buyer-specific scoring, creation, progression and availability evidence needed. Loan/swap costs need separate treatment.",Source position and transfer quote only; production and age not validated for this specific deal.,Loan fee not stated,Not assessed,https://www.theguardian.com/football/ng-interactive/2026/sep/01/mens-transfer-window-summer-2026-all-deals-from-europes-top-five-leagues
summer-S26-1303,summer,1265,S26-1303,Tudor Mendel,Ipswich Town,Luton Town,2026-09-01,,GBP,,Winger — source label,,Evidence needed,"Comparable buyer-specific scoring, creation, progression and availability evidence needed. Loan/swap costs need separate treatment.",Source position and transfer quote only; production and age not validated for this specific deal.,Loan fee not stated,Not assessed,https://www.theguardian.com/football/ng-interactive/2026/sep/01/mens-transfer-window-summer-2026-all-deals-from-europes-top-five-leagues
summer-S26-1308,summer,1269,S26-1308,Caylan Vickers,Brighton,Burton Albion,2026-09-01,,GBP,,Winger — source label,,Evidence needed,"Comparable buyer-specific scoring, creation, progression and availability evidence needed. Transfer fee is undisclosed.",Source position and transfer quote only; production and age not validated for this specific deal.,Undisclosed,Not assessed,https://www.theguardian.com/football/ng-interactive/2026/sep/01/mens-transfer-window-summer-2026-all-deals-from-europes-top-five-leagues
summer-S26-1318,summer,1279,S26-1318,Nicolas Kühn,Como 1907,Borussia Mönchengladbach,2026-09-01,,GBP,,Winger — source label,,Evidence needed,"Comparable buyer-specific scoring, creation, progression and availability evidence needed. Loan/swap costs need separate treatment.",Source position and transfer quote only; production and age not validated for this specific deal.,Loan fee not stated,Not assessed,https://www.theguardian.com/football/ng-interactive/2026/sep/01/mens-transfer-window-summer-2026-all-deals-from-europes-top-five-leagues
summer-S26-1324,summer,1285,S26-1324,Félix Correia,Lille,Sevilla,2026-09-01,,GBP,,Winger — source label,,Evidence needed,"Comparable buyer-specific scoring, creation, progression and availability evidence needed. Loan/swap costs need separate treatment.",Source position and transfer quote only; production and age not validated for this specific deal.,Loan fee not stated,Not assessed,https://www.theguardian.com/football/ng-interactive/2026/sep/01/mens-transfer-window-summer-2026-all-deals-from-europes-top-five-leagues
summer-S26-1341,summer,1302,S26-1341,Ayodele Thomas,RB Leipzig,NEC Nijmegen,2026-09-01,860000,GBP,,Winger — source label,,Evidence needed,"Comparable buyer-specific scoring, creation, progression and availability evidence needed.",Source position and transfer quote only; production and age not validated for this specific deal.,Reported fee,Not assessed,https://www.theguardian.com/football/ng-interactive/2026/sep/01/mens-transfer-window-summer-2026-all-deals-from-europes-top-five-leagues
summer-S26-1342,summer,1303,S26-1342,Exequiel Zeballos,Boca Juniors,Monza,2026-09-01,3860000,GBP,,Winger — source label,,Evidence needed,"Comparable buyer-specific scoring, creation, progression and availability evidence needed.",Source position and transfer quote only; production and age not validated for this specific deal.,Reported fee,Not assessed,https://www.theguardian.com/football/ng-interactive/2026/sep/01/mens-transfer-window-summer-2026-all-deals-from-europes-top-five-leagues
summer-S26-1348,summer,1309,S26-1348,Liam Millar,Hull City,Birmingham City,2026-09-01,,GBP,,Winger — source label,,Evidence needed,"Comparable buyer-specific scoring, creation, progression and availability evidence needed. Loan/swap costs need separate treatment.",Source position and transfer quote only; production and age not validated for this specific deal.,Loan fee not stated,Not assessed,https://www.theguardian.com/football/ng-interactive/2026/sep/01/mens-transfer-window-summer-2026-all-deals-from-europes-top-five-leagues
summer-S26-1350,summer,1311,S26-1350,Noah Edjouma,Lille,Brest,2026-09-01,,GBP,,Winger — source label,,Evidence needed,"Comparable buyer-specific scoring, creation, progression and availability evidence needed. Loan/swap costs need separate treatment.",Source position and transfer quote only; production and age not validated for this specific deal.,Loan fee not stated,Not assessed,https://www.theguardian.com/football/ng-interactive/2026/sep/01/mens-transfer-window-summer-2026-all-deals-from-europes-top-five-leagues
summer-S26-1357,summer,1318,S26-1357,Tay Abed,Levante,Real Valladolid,2026-09-01,,GBP,,Winger — source label,,Evidence needed,"Comparable buyer-specific scoring, creation, progression and availability evidence needed. Loan/swap costs need separate treatment.",Source position and transfer quote only; production and age not validated for this specific deal.,Loan fee not stated,Not assessed,https://www.theguardian.com/football/ng-interactive/2026/sep/01/mens-transfer-window-summer-2026-all-deals-from-europes-top-five-leagues
summer-S26-1360,summer,1321,S26-1360,Godson Kyeremeh,Le Havre,Red Star,2026-09-01,,GBP,,Winger — source label,,Evidence needed,"Comparable buyer-specific scoring, creation, progression and availability evidence needed. Transfer fee is undisclosed.",Source position and transfer quote only; production and age not validated for this specific deal.,Undisclosed,Not assessed,https://www.theguardian.com/football/ng-interactive/2026/sep/01/mens-transfer-window-summer-2026-all-deals-from-europes-top-five-leagues
summer-S26-1384,summer,1344,S26-1384,Mykhailo Mudryk,Chelsea,Tottenham Hotspur,2026-09-01,,GBP,,Winger — source label,,Evidence needed,"Comparable buyer-specific scoring, creation, progression and availability evidence needed. Loan/swap costs need separate treatment.",Source position and transfer quote only; production and age not validated for this specific deal.,Loan fee not stated,Not assessed,https://www.theguardian.com/football/ng-interactive/2026/sep/01/mens-transfer-window-summer-2026-all-deals-from-europes-top-five-leagues
summer-S26-1387,summer,1347,S26-1387,Jack Grealish,Manchester City,Everton,2026-09-01,,GBP,,Winger — source label,,Evidence needed,"Comparable buyer-specific scoring, creation, progression and availability evidence needed. Loan/swap costs need separate treatment.",Source position and transfer quote only; production and age not validated for this specific deal.,Loan fee not stated,Not assessed,https://www.theguardian.com/football/ng-interactive/2026/sep/01/mens-transfer-window-summer-2026-all-deals-from-europes-top-five-leagues
summer-S26-1390,summer,1350,S26-1390,Wisdom Mike,Bayern Munich,Club Brugge,2026-08-27,4500000,GBP,,Winger — source label,,Evidence needed,"Comparable buyer-specific scoring, creation, progression and availability evidence needed.",Source position and transfer quote only; production and age not validated for this specific deal.,Reported fee,Not assessed,https://www.theguardian.com/football/ng-interactive/2026/sep/01/mens-transfer-window-summer-2026-all-deals-from-europes-top-five-leagues
summer-S26-1396,summer,1356,S26-1396,Pablo García,Real Betis,Racing Santander,2026-09-01,4700000,GBP,,Winger — source label,,Evidence needed,"Comparable buyer-specific scoring, creation, progression and availability evidence needed.",Source position and transfer quote only; production and age not validated for this specific deal.,Reported fee,Not assessed,https://www.theguardian.com/football/ng-interactive/2026/sep/01/mens-transfer-window-summer-2026-all-deals-from-europes-top-five-leagues
summer-S26-1397,summer,1357,S26-1397,Taycan Etcibasi,Borussia Dortmund,Hannover 96,2026-07-03,400000,GBP,,Winger — source label,,Evidence needed,"Comparable buyer-specific scoring, creation, progression and availability evidence needed.",Source position and transfer quote only; production and age not validated for this specific deal.,Reported fee,Not assessed,https://www.theguardian.com/football/ng-interactive/2026/sep/01/mens-transfer-window-summer-2026-all-deals-from-europes-top-five-leagues
summer-S26-1405,summer,1364,S26-1405,Pedro Gonçalves,Sporting,Fiorentina,2026-09-01,,GBP,,Winger — source label,,Evidence needed,"Comparable buyer-specific scoring, creation, progression and availability evidence needed. Loan/swap costs need separate treatment.",Source position and transfer quote only; production and age not validated for this specific deal.,Loan fee not stated,Not assessed,https://www.theguardian.com/football/ng-interactive/2026/sep/01/mens-transfer-window-summer-2026-all-deals-from-europes-top-five-leagues
summer-S26-1414,summer,1373,S26-1414,Chiedozie Ogbene,Ipswich Town,Lincoln City,2026-09-01,,GBP,,Winger — source label,,Evidence needed,"Comparable buyer-specific scoring, creation, progression and availability evidence needed. Loan/swap costs need separate treatment.",Source position and transfer quote only; production and age not validated for this specific deal.,Loan fee not stated,Not assessed,https://www.theguardian.com/football/ng-interactive/2026/sep/01/mens-transfer-window-summer-2026-all-deals-from-europes-top-five-leagues
summer-S26-1419,summer,1378,S26-1419,Armario Cozier-Duberry,Brighton,Middlesbrough,2026-09-01,,GBP,,Winger — source label,,Evidence needed,"Comparable buyer-specific scoring, creation, progression and availability evidence needed. Loan/swap costs need separate treatment.",Source position and transfer quote only; production and age not validated for this specific deal.,Loan fee not stated,Not assessed,https://www.theguardian.com/football/ng-interactive/2026/sep/01/mens-transfer-window-summer-2026-all-deals-from-europes-top-five-leagues
summer-S26-1422,summer,1380,S26-1422,Sorba Thomas,Stoke City,Hull City,2026-09-01,7500000,GBP,,Winger — source label,,Evidence needed,"Comparable buyer-specific scoring, creation, progression and availability evidence needed.",Source position and transfer quote only; production and age not validated for this specific deal.,Reported fee,Not assessed,https://www.theguardian.com/football/ng-interactive/2026/sep/01/mens-transfer-window-summer-2026-all-deals-from-europes-top-five-leagues
summer-S26-1431,summer,1389,S26-1431,Malick Fofana,Lyon,Sunderland,2026-09-02,31000000,GBP,,Winger — source label,,Evidence needed,"Comparable buyer-specific scoring, creation, progression and availability evidence needed.",Source position and transfer quote only; production and age not validated for this specific deal.,Reported fee,Not assessed,https://www.theguardian.com/football/ng-interactive/2026/sep/01/mens-transfer-window-summer-2026-all-deals-from-europes-top-five-leagues
summer-S26-1435,summer,1393,S26-1435,Darío Osorio,FC Midtjylland,Crystal Palace,2026-09-02,,GBP,,Winger — source label,,Evidence needed,"Comparable buyer-specific scoring, creation, progression and availability evidence needed. Loan/swap costs need separate treatment.",Source position and transfer quote only; production and age not validated for this specific deal.,Loan fee not stated,Not assessed,https://www.theguardian.com/football/ng-interactive/2026/sep/01/mens-transfer-window-summer-2026-all-deals-from-europes-top-five-leagues
summer-S26-1438,summer,1396,S26-1438,Damola Ajayi,Tottenham Hotspur,Barnet,2026-09-01,,GBP,,Winger — source label,,Evidence needed,"Comparable buyer-specific scoring, creation, progression and availability evidence needed. Loan/swap costs need separate treatment.",Source position and transfer quote only; production and age not validated for this specific deal.,Loan fee not stated,Not assessed,https://www.theguardian.com/football/ng-interactive/2026/sep/01/mens-transfer-window-summer-2026-all-deals-from-europes-top-five-leagues
summer-S26-1448,summer,1405,S26-1448,Romain Esse,Crystal Palace,Millwall,2026-09-02,,GBP,,Winger — source label,,Evidence needed,"Comparable buyer-specific scoring, creation, progression and availability evidence needed. Loan/swap costs need separate treatment.",Source position and transfer quote only; production and age not validated for this specific deal.,Loan fee not stated,Not assessed,https://www.theguardian.com/football/ng-interactive/2026/sep/01/mens-transfer-window-summer-2026-all-deals-from-europes-top-five-leagues
summer-S26-1450,summer,1407,S26-1450,Jeremy Monga,Manchester City,Swansea,2026-09-02,,GBP,,Winger — source label,,Evidence needed,"Comparable buyer-specific scoring, creation, progression and availability evidence needed. Loan/swap costs need separate treatment.",Source position and transfer quote only; production and age not validated for this specific deal.,Loan fee not stated,Not assessed,https://www.theguardian.com/football/ng-interactive/2026/sep/01/mens-transfer-window-summer-2026-all-deals-from-europes-top-five-leagues
summer-S26-1458,summer,1414,S26-1458,Nathanaël Mbuku,Augsburg,Sint-Truiden,2026-09-03,,GBP,,Winger — source label,,Evidence needed,"Comparable buyer-specific scoring, creation, progression and availability evidence needed. Loan/swap costs need separate treatment.",Source position and transfer quote only; production and age not validated for this specific deal.,Loan fee not stated,Not assessed,https://www.theguardian.com/football/ng-interactive/2026/sep/01/mens-transfer-window-summer-2026-all-deals-from-europes-top-five-leagues
summer-S26-1459,summer,1415,S26-1459,Lasso Coulibaly,Auxerre,Viborg,2026-09-02,,GBP,,Winger — source label,,Evidence needed,"Comparable buyer-specific scoring, creation, progression and availability evidence needed. Loan/swap costs need separate treatment.",Source position and transfer quote only; production and age not validated for this specific deal.,Loan fee not stated,Not assessed,https://www.theguardian.com/football/ng-interactive/2026/sep/01/mens-transfer-window-summer-2026-all-deals-from-europes-top-five-leagues
summer-S26-1460,summer,1416,S26-1460,Carlos Martín,Atlético Madrid,Hajduk Split,2026-09-02,,GBP,,Winger — source label,,Evidence needed,"Comparable buyer-specific scoring, creation, progression and availability evidence needed. Loan/swap costs need separate treatment.",Source position and transfer quote only; production and age not validated for this specific deal.,Loan fee not stated,Not assessed,https://www.theguardian.com/football/ng-interactive/2026/sep/01/mens-transfer-window-summer-2026-all-deals-from-europes-top-five-leagues
summer-S26-1464,summer,1420,S26-1464,Leon Bailey,Aston Villa,Olympiakos,2026-09-02,4000000,GBP,,Winger — source label,,Evidence needed,"Comparable buyer-specific scoring, creation, progression and availability evidence needed.",Source position and transfer quote only; production and age not validated for this specific deal.,Reported fee,Not assessed,https://www.theguardian.com/football/ng-interactive/2026/sep/01/mens-transfer-window-summer-2026-all-deals-from-europes-top-five-leagues
summer-S26-1467,summer,1423,S26-1467,Gabriel Martinelli,Arsenal,Al-Hilal,2026-09-03,60000000,GBP,,Winger — source label,,Evidence needed,"Comparable buyer-specific scoring, creation, progression and availability evidence needed.",Source position and transfer quote only; production and age not validated for this specific deal.,Reported fee,Not assessed,https://www.theguardian.com/football/ng-interactive/2026/sep/01/mens-transfer-window-summer-2026-all-deals-from-europes-top-five-leagues
summer-S26-1475,summer,1429,S26-1475,Yann Gboho,Toulouse,Coventry City,2026-09-04,10300000,GBP,,Winger — source label,,Evidence needed,"Comparable buyer-specific scoring, creation, progression and availability evidence needed.",Source position and transfer quote only; production and age not validated for this specific deal.,Reported fee,Not assessed,https://www.theguardian.com/football/ng-interactive/2026/sep/01/mens-transfer-window-summer-2026-all-deals-from-europes-top-five-leagues
summer-S26-1476,summer,1430,S26-1476,Elijah Odede,Troyes,Lommel SK,2026-09-03,,GBP,,Winger — source label,,Evidence needed,"Comparable buyer-specific scoring, creation, progression and availability evidence needed. Loan/swap costs need separate treatment.",Source position and transfer quote only; production and age not validated for this specific deal.,Loan fee not stated,Not assessed,https://www.theguardian.com/football/ng-interactive/2026/sep/01/mens-transfer-window-summer-2026-all-deals-from-europes-top-five-leagues
summer-S26-1478,summer,1432,S26-1478,Axel Camblan,Brest,Estoril,2026-09-03,,GBP,,Winger — source label,,Evidence needed,"Comparable buyer-specific scoring, creation, progression and availability evidence needed. Transfer fee is undisclosed.",Source position and transfer quote only; production and age not validated for this specific deal.,Undisclosed,Not assessed,https://www.theguardian.com/football/ng-interactive/2026/sep/01/mens-transfer-window-summer-2026-all-deals-from-europes-top-five-leagues
summer-S26-1481,summer,1435,S26-1481,Jesurun Rak-Sakyi,Crystal Palace,Kasimpasa,2026-09-04,,GBP,,Winger — source label,,Evidence needed,"Comparable buyer-specific scoring, creation, progression and availability evidence needed. Loan/swap costs need separate treatment.",Source position and transfer quote only; production and age not validated for this specific deal.,Loan fee not stated,Not assessed,https://www.theguardian.com/football/ng-interactive/2026/sep/01/mens-transfer-window-summer-2026-all-deals-from-europes-top-five-leagues
summer-S26-1482,summer,1436,S26-1482,Issiaka Kamate,Inter,Atlético Madrid,2026-09-01,1700000,GBP,,Winger — source label,,Evidence needed,"Comparable buyer-specific scoring, creation, progression and availability evidence needed.",Source position and transfer quote only; production and age not validated for this specific deal.,Reported fee,Not assessed,https://www.theguardian.com/football/ng-interactive/2026/sep/01/mens-transfer-window-summer-2026-all-deals-from-europes-top-five-leagues
summer-S26-1484,summer,1438,S26-1484,Iker Luque,Atlético Madrid,Racing Santander,2026-09-01,850000,GBP,,Winger — source label,,Evidence needed,"Comparable buyer-specific scoring, creation, progression and availability evidence needed.",Source position and transfer quote only; production and age not validated for this specific deal.,Reported fee,Not assessed,https://www.theguardian.com/football/ng-interactive/2026/sep/01/mens-transfer-window-summer-2026-all-deals-from-europes-top-five-leagues
summer-S26-1490,summer,1444,S26-1490,Keito Nakamura,Reims,Lyon,2026-09-02,850000,GBP,,Winger — source label,,Evidence needed,"Comparable buyer-specific scoring, creation, progression and availability evidence needed.",Source position and transfer quote only; production and age not validated for this specific deal.,Reported fee,Not assessed,https://www.theguardian.com/football/ng-interactive/2026/sep/01/mens-transfer-window-summer-2026-all-deals-from-europes-top-five-leagues
summer-S26-1495,summer,1449,S26-1495,Amar Fatah,Troyes,Lecce,2026-08-25,1200000,GBP,,Winger — source label,,Evidence needed,"Comparable buyer-specific scoring, creation, progression and availability evidence needed.",Source position and transfer quote only; production and age not validated for this specific deal.,Reported fee,Not assessed,https://www.theguardian.com/football/ng-interactive/2026/sep/01/mens-transfer-window-summer-2026-all-deals-from-europes-top-five-leagues
summer-S26-1502,summer,1455,S26-1502,Luka Lynch,Aston Villa,Oxford United,2026-09-02,,GBP,,Winger — source label,,Evidence needed,"Comparable buyer-specific scoring, creation, progression and availability evidence needed. Loan/swap costs need separate treatment.",Source position and transfer quote only; production and age not validated for this specific deal.,Loan fee not stated,Not assessed,https://www.theguardian.com/football/ng-interactive/2026/sep/01/mens-transfer-window-summer-2026-all-deals-from-europes-top-five-leagues
summer-S26-1505,summer,1458,S26-1505,Jesper Karlsson,Bologna,Servette,2026-09-08,,GBP,,Winger — source label,,Evidence needed,"Comparable buyer-specific scoring, creation, progression and availability evidence needed. Loan/swap costs need separate treatment.",Source position and transfer quote only; production and age not validated for this specific deal.,Loan fee not stated,Not assessed,https://www.theguardian.com/football/ng-interactive/2026/sep/01/mens-transfer-window-summer-2026-all-deals-from-europes-top-five-leagues
summer-S26-1516,summer,1469,S26-1516,Wilfried Gnonto,Leeds United,Fiorentina,2026-09-01,,GBP,,Winger — source label,,Evidence needed,"Comparable buyer-specific scoring, creation, progression and availability evidence needed. Loan/swap costs need separate treatment.",Source position and transfer quote only; production and age not validated for this specific deal.,Loan fee not stated,Not assessed,https://www.theguardian.com/football/ng-interactive/2026/sep/01/mens-transfer-window-summer-2026-all-deals-from-europes-top-five-leagues
summer-S26-1519,summer,1472,S26-1519,David Akintola,Hull City,Omonia Nicosia,2026-09-10,,GBP,,Winger — source label,,Evidence needed,"Comparable buyer-specific scoring, creation, progression and availability evidence needed. Free base fee does not represent wages or other costs.",Source position and transfer quote only; production and age not validated for this specific deal.,Free transfer,Not assessed,https://www.theguardian.com/football/ng-interactive/2026/sep/01/mens-transfer-window-summer-2026-all-deals-from-europes-top-five-leagues
summer-S26-0010,summer,1476,S26-0010,Anthony Gordon,Newcastle United,Barcelona,2026-05-29,69300000,GBP,,Winger — source label,,Evidence needed,"Comparable buyer-specific scoring, creation, progression and availability evidence needed.",Source position and transfer quote only; production and age not validated for this specific deal.,Reported fee,Not assessed,https://www.theguardian.com/football/ng-interactive/2026/sep/01/mens-transfer-window-summer-2026-all-deals-from-europes-top-five-leagues
summer-S26-0020,summer,1477,S26-0020,Geovany Quenda,Sporting,Chelsea,2026-07-08,40000000,GBP,,Winger — source label,,Evidence needed,"Comparable buyer-specific scoring, creation, progression and availability evidence needed.",Source position and transfer quote only; production and age not validated for this specific deal.,Reported fee,Not assessed,https://www.theguardian.com/football/ng-interactive/2026/sep/01/mens-transfer-window-summer-2026-all-deals-from-europes-top-five-leagues
summer-S26-0779,summer,1484,S26-0779,Yan Diomande,RB Leipzig,Real Madrid,2026-08-06,115700000,GBP,,Winger — source label,,Evidence needed,"Comparable buyer-specific scoring, creation, progression and availability evidence needed.",Source position and transfer quote only; production and age not validated for this specific deal.,Reported fee,Not assessed,https://www.theguardian.com/football/ng-interactive/2026/sep/01/mens-transfer-window-summer-2026-all-deals-from-europes-top-five-leagues
summer-S26-1364,summer,1491,S26-1364,Iliman Ndiaye,Everton,Manchester City,2026-09-01,60000000,GBP,,Winger — source label,,Evidence needed,"Comparable buyer-specific scoring, creation, progression and availability evidence needed.",Source position and transfer quote only; production and age not validated for this specific deal.,Reported fee,Not assessed,https://www.theguardian.com/football/ng-interactive/2026/sep/01/mens-transfer-window-summer-2026-all-deals-from-europes-top-five-leagues
