rating_id,dataset,source_index,record_id,player_name,from_club,to_club,transfer_date,fee_amount,currency,age_at_transfer,role,rating,rating_status,rationale,evidence_status,fee_status,confidence,source_url,position_group
historical-5,historical,5,,Morgan Rogers,Aston Villa,Chelsea,2026-08-20,136000000.0,EUR,24,CAM,,Evidence needed,Recent workbook-only transfer. Verify the Chelsea purchase and buyer-specific return before rating.,"Transfer identity, fee basis and buyer-specific production require verification.",Workbook quote,Not assessed,https://github.com/CopiousHighlights/football-transfer-market-analysis/blob/main/analysis/REMAINING_POSITION_RATINGS.md,CAM
historical-6,historical,6,,Philippe Coutinho,Liverpool,Barcelona,2018-01-08,135000000.0,EUR,26,CAM,3.4,Assistant draft,A very large price bought a short-lived fit rather than a sustained Barcelona attacking return. The confirmed EUR20m sale to Villa reinforces my weak-value assessment.,"Qualitative editorial draft; source fees and signing ages retained, not independently certified. Role is an assistant classification. Production components are unavailable.",Workbook quote,Low,https://www.fcbarcelona.com/en/news/2613776/agreement-with-aston-villa-to-transfer-philippe-coutinho,CAM
historical-9,historical,9,,Jude Bellingham,Dortmund,Real Madrid,2023-07-01,127000000.0,EUR,20,CM,9.5,Assistant draft,"Elite all-round influence, attacking upside and a young signing profile justify a premium. The very high fee prevents a near-perfect value score.","Qualitative editorial draft; source fees and signing ages retained, not independently certified. Role is an assistant classification. Production components are unavailable.",Workbook quote,Low,https://github.com/CopiousHighlights/football-transfer-market-analysis/blob/main/analysis/REMAINING_POSITION_RATINGS.md,CM
historical-10,historical,10,,Florian Wirtz,Leverkusen,Liverpool,2025-07-01,125000000.0,EUR,22,CAM,8.3,Assistant draft,"Creative quality and development runway support the investment, but this major fee needs a sustained Liverpool return. A cautious provisional value assessment, not a verified production ranking.","Qualitative editorial draft; source fees and signing ages retained, not independently certified. Role is an assistant classification. Production components are unavailable.",Workbook quote,Low,https://github.com/CopiousHighlights/football-transfer-market-analysis/blob/main/analysis/REMAINING_POSITION_RATINGS.md,CAM
historical-21,historical,21,,Paul Pogba,Juventus,Man Utd,2016-08-09,105000000.0,EUR,23,CM,6.2,Assistant draft,"High technical ability and some strong contributions, but the enormous fee required a more consistent sustained return. My retrospective value judgment remains mixed.","Qualitative editorial draft; source fees and signing ages retained, not independently certified. Role is an assistant classification. Production components are unavailable.",Workbook quote,Low,https://github.com/CopiousHighlights/football-transfer-market-analysis/blob/main/analysis/REMAINING_POSITION_RATINGS.md,CM
historical-24,historical,24,,Mateus Fernandes,West Ham,Tottenham,2026-07-02,99000000.0,EUR,22,CM,,Evidence needed,Recent workbook-only Tottenham transfer. Transfer verification and buyer-specific production are needed.,"Transfer identity, fee basis and buyer-specific production require verification.",Workbook quote,Not assessed,https://github.com/CopiousHighlights/football-transfer-market-analysis/blob/main/analysis/REMAINING_POSITION_RATINGS.md,CM
historical-31,historical,31,,Josko Gvardiol,Leipzig,Man City,2023-08-05,90000000.0,EUR,21,CB,8.9,Assistant draft,"Defensive quality, progression and left-sided versatility support long-term value from a young signing. The unusually large defensive fee limits the score.","Qualitative editorial draft; source fees and signing ages retained, not independently certified. Role is an assistant classification. Production components are unavailable.",Workbook quote,Low,https://github.com/CopiousHighlights/football-transfer-market-analysis/blob/main/analysis/REMAINING_POSITION_RATINGS.md,CB
historical-33,historical,33,,Harry Maguire,Leicester,Man Utd,2019-08-05,87000000.0,EUR,26,CB,6.1,Assistant draft,Useful defensive contribution does not fully justify this exceptionally high centre-back fee in my assessment. The price demanded a more convincing sustained elite return.,"Qualitative editorial draft; source fees and signing ages retained, not independently certified. Role is an assistant classification. Production components are unavailable.",Workbook quote,Low,https://github.com/CopiousHighlights/football-transfer-market-analysis/blob/main/analysis/REMAINING_POSITION_RATINGS.md,CB
historical-36,historical,36,,Matthijs de Ligt,Ajax,Juventus,2019-07-18,85500000.0,EUR,20,CB,7.4,Assistant draft,"Youth, aerial ability and development potential support the Juventus purchase. The very large fee makes the value case less compelling than the best defensive bargains.","Qualitative editorial draft; source fees and signing ages retained, not independently certified. Role is an assistant classification. Production components are unavailable.",Workbook quote,Low,https://github.com/CopiousHighlights/football-transfer-market-analysis/blob/main/analysis/REMAINING_POSITION_RATINGS.md,CB
historical-41,historical,41,,Virgil van Dijk,Southampton,Liverpool,2018-01-01,84650000.0,EUR,27,CB,9.8,Assistant draft,Sustained defensive impact and Liverpool success justify the premium. Liverpool documents his major contribution across Champions League and Premier League winning campaigns.,"Qualitative editorial draft; source fees and signing ages retained, not independently certified. Role is an assistant classification. Production components are unavailable.",Workbook quote,Low,https://www.liverpoolfc.com/news/liverpools-greatest-no8-virgil-van-dijk,CB
historical-44,historical,44,,Wesley Fofana,Leicester,Chelsea,2022-08-31,80400000.0,EUR,22,CB,4.8,Assistant draft,"Defensive talent and youth offered upside, but Chelsea confirms serious knee surgery and a lost 2023/24 season. Availability sharply weakens the return on this large fee.","Qualitative editorial draft; source fees and signing ages retained, not independently certified. Role is an assistant classification. Production components are unavailable.",Workbook quote,Low,https://www.chelseafc.com/en/news/article/interview-how-the-long-road-to-recovery-changed-wesley-fofana,CB
historical-45,historical,45,,Lucas Hernández,Atlético,Bayern Munich,2019-07-01,80000000.0,EUR,23,CB,6.8,Assistant draft,"Defensive versatility offered useful quality, but a high purchase price makes my retrospective Bayern value judgment mixed. Comparable availability and minutes need review.","Qualitative editorial draft; source fees and signing ages retained, not independently certified. Role is an assistant classification. Production components are unavailable.",Workbook quote,Low,https://github.com/CopiousHighlights/football-transfer-market-analysis/blob/main/analysis/REMAINING_POSITION_RATINGS.md,CB
historical-49,historical,49,,Kepa Arrizabalaga,Athletic Club,Chelsea,2018-08-08,80000000.0,EUR,24,GK,4.6,Assistant draft,A goalkeeper record-level investment demanded a much stronger sustained value case. My draft weighs the price heavily; shot-stopping and total acquisition costs need a full statistical review.,"Qualitative editorial draft; source fees and signing ages retained, not independently certified. Role is an assistant classification. Production components are unavailable.",Workbook quote,Low,https://github.com/CopiousHighlights/football-transfer-market-analysis/blob/main/analysis/REMAINING_POSITION_RATINGS.md,GK
historical-57,historical,57,,Kevin De Bruyne,Wolfsburg,Man City,2015-08-30,76000000.0,EUR,24,CAM,9.9,Assistant draft,"Exceptional sustained creation and scoring over a long City spell outweigh the substantial fee. City confirms 422 appearances, 108 goals and 170 assists at his departure.","Qualitative editorial draft; source fees and signing ages retained, not independently certified. Role is an assistant classification. Production components are unavailable.",Workbook quote,Low,https://www.mancity.com/citytv/mens/kevin-de-bruyne-manchester-city-final-week-behind-the-scenes-63885336,CAM
historical-64,historical,64,,James Rodríguez,Monaco,Real Madrid,2014-07-22,75000000.0,EUR,23,CAM,7.1,Assistant draft,"Creative ability and early attacking quality support value, but the major fee needed a longer, more consistent central role at Madrid. A retrospective editorial assessment.","Qualitative editorial draft; source fees and signing ages retained, not independently certified. Role is an assistant classification. Production components are unavailable.",Workbook quote,Low,https://github.com/CopiousHighlights/football-transfer-market-analysis/blob/main/analysis/REMAINING_POSITION_RATINGS.md,CAM
historical-69,historical,69,,Alisson,Roma,Liverpool,2018-07-19,72500000.0,EUR,26,GK,9.7,Assistant draft,Long-term top-level goalkeeping and title-winning impact justify the premium. Liverpool documents more than 300 appearances and seven trophies by September 2025.,"Qualitative editorial draft; source fees and signing ages retained, not independently certified. Role is an assistant classification. Production components are unavailable.",Workbook quote,Low,https://www.liverpoolfc.com/news/alisson-becker-i-always-try-improve-and-be-ready-make-difference,GK
historical-71,historical,71,,Thomas Lemar,Monaco,Atlético,2018-07-01,72000000.0,EUR,23,CM,5.4,Assistant draft,"Technical and creative quality offered upside, but the large Atletico fee sets a high bar for consistent playing return. My value judgment is cautious pending comparable minutes and production.","Qualitative editorial draft; source fees and signing ages retained, not independently certified. Role is an assistant classification. Production components are unavailable.",Workbook quote,Low,https://github.com/CopiousHighlights/football-transfer-market-analysis/blob/main/analysis/REMAINING_POSITION_RATINGS.md,CM
historical-72,historical,72,,Rúben Dias,Benfica,Man City,2020-09-29,71600000.0,EUR,23,CB,9.5,Assistant draft,Immediate defensive influence and long useful runway support outstanding value. City confirms the 2021 FWA award and his major first-season impact.,"Qualitative editorial draft; source fees and signing ages retained, not independently certified. Role is an assistant classification. Production components are unavailable.",Workbook quote,Low,https://www.mancity.com/news/mens/ruben-dias-named-fwa-player-of-the-year-63757095,CB
historical-78,historical,78,,Dominik Szoboszlai,Leipzig,Liverpool,2023-07-02,70000000.0,EUR,23,CM,8.8,Assistant draft,"Pressing, ball progression and attacking versatility support strong value at a useful signing age. The sizeable price keeps him below the exceptional long-term benchmarks.","Qualitative editorial draft; source fees and signing ages retained, not independently certified. Role is an assistant classification. Production components are unavailable.",Workbook quote,Low,https://github.com/CopiousHighlights/football-transfer-market-analysis/blob/main/analysis/REMAINING_POSITION_RATINGS.md,CM
historical-79,historical,79,,Eberechi Eze,Crystal Palace,Arsenal,2025-08-23,69300000.0,EUR,27,CAM,8.2,Assistant draft,Creative ability and Premier League experience support the deal. A substantial fee and shorter developmental runway require sustained Arsenal production; this remains provisional.,"Qualitative editorial draft; source fees and signing ages retained, not independently certified. Role is an assistant classification. Production components are unavailable.",Workbook quote,Low,https://github.com/CopiousHighlights/football-transfer-market-analysis/blob/main/analysis/REMAINING_POSITION_RATINGS.md,CAM
historical-80,historical,80,,Achraf Hakimi,Inter,PSG,2021-07-06,68000000.0,EUR,23,RB,9.5,Assistant draft,Progression and attacking threat provide exceptional full-back value over several seasons. UEFA confirms his opening goal in the 2025 Champions League final; the large price prevents a near-perfect score.,"Qualitative editorial draft; source fees and signing ages retained, not independently certified. Role is an assistant classification. Production components are unavailable.",Workbook quote,Low,https://www.uefa.com/uefachampionsleague/news/0299-1de417608530-15b01ff7b150-1000--paris-win-champions-league-desire-doue-double-helps-secure/,RB
historical-82,historical,82,,Mason Mount,Chelsea,Man Utd,2023-07-05,67700000.0,EUR,24,CAM,4.9,Assistant draft,"United documents injury-affected early seasons, restricting the return on a major fee. Talent and some meaningful contributions prevent an even lower draft.","Qualitative editorial draft; source fees and signing ages retained, not independently certified. Role is an assistant classification. Production components are unavailable.",Workbook quote,Low,https://www.manutd.com/en/teams/mens-team/mason-mount,CAM
historical-83,historical,83,,Matthijs de Ligt,Juventus,Bayern Munich,2022-07-19,67000000.0,EUR,23,CB,7.9,Assistant draft,"A lower price than his separate Juventus purchase improves the Bayern value case. Defensive quality and age help, but the shorter buyer-specific spell limits my score.","Qualitative editorial draft; source fees and signing ages retained, not independently certified. Role is an assistant classification. Production components are unavailable.",Workbook quote,Low,https://github.com/CopiousHighlights/football-transfer-market-analysis/blob/main/analysis/REMAINING_POSITION_RATINGS.md,CB
historical-87,historical,87,,Marc Cucurella,Brighton,Chelsea,2022-08-05,65300000.0,EUR,24,LB,8.0,Assistant draft,"Defensive and possession versatility support useful value, but the very large full-back price requires a strong sustained return. My draft remains below the best-value full-back purchases.","Qualitative editorial draft; source fees and signing ages retained, not independently certified. Role is an assistant classification. Production components are unavailable.",Workbook quote,Low,https://github.com/CopiousHighlights/football-transfer-market-analysis/blob/main/analysis/REMAINING_POSITION_RATINGS.md,LB
historical-89,historical,89,,Xavi Simons,Leipzig,Tottenham,2025-08-29,65000000.0,EUR,22,CAM,7.8,Assistant draft,Creative potential and youth support upside at Tottenham. The sizeable price and incomplete buyer-specific performance review keep this a cautious provisional draft.,"Qualitative editorial draft; source fees and signing ages retained, not independently certified. Role is an assistant classification. Production components are unavailable.",Workbook quote,Low,https://github.com/CopiousHighlights/football-transfer-market-analysis/blob/main/analysis/REMAINING_POSITION_RATINGS.md,CAM
historical-90,historical,90,,Aymeric Laporte,Athletic Club,Man City,2018-01-30,65000000.0,EUR,24,CB,8.8,Assistant draft,Left-footed progression and useful defensive contribution support a strong retrospective value case. The premium price and competition for minutes prevent an outstanding-value score.,"Qualitative editorial draft; source fees and signing ages retained, not independently certified. Role is an assistant classification. Production components are unavailable.",Workbook quote,Low,https://github.com/CopiousHighlights/football-transfer-market-analysis/blob/main/analysis/REMAINING_POSITION_RATINGS.md,CB
historical-91,historical,91,,Bruno Fernandes,Sporting,Man Utd,2020-01-29,65000000.0,EUR,26,CAM,9.7,Assistant draft,"Sustained scoring, creation and availability support outstanding value relative to the fee. United documents 100 goals and later 100 assists; this is a deal assessment, not a calculated model output.","Qualitative editorial draft; source fees and signing ages retained, not independently certified. Role is an assistant classification. Production components are unavailable.",Workbook quote,Low,https://www.manutd.com/en/news/united-in-numbers-how-bruno-reached-100-assists,CAM
historical-92,historical,92,,João Cancelo,Juventus,Man City,2019-08-07,65000000.0,EUR,25,RB,8.4,Assistant draft,"Creative progression and ability to play both sides support value, but the high fee and shorter sustained City fit reduce the retrospective score.","Qualitative editorial draft; source fees and signing ages retained, not independently certified. Role is an assistant classification. Production components are unavailable.",Workbook quote,Low,https://github.com/CopiousHighlights/football-transfer-market-analysis/blob/main/analysis/REMAINING_POSITION_RATINGS.md,RB
historical-100,historical,100,,Jérémy Jacquet,Stade Rennais,Liverpool,2026-07-01,63600000.0,EUR,21,CB,,Evidence needed,"Recent Liverpool workbook entry: transfer authenticity, playing role and buyer-specific defensive production need verification.","Transfer identity, fee basis and buyer-specific production require verification.",Workbook quote,Not assessed,https://github.com/CopiousHighlights/football-transfer-market-analysis/blob/main/analysis/REMAINING_POSITION_RATINGS.md,CB
historical-101,historical,101,,Ilya Zabarnyi,Bournemouth,PSG,2025-08-12,63000000.0,EUR,23,CB,8.0,Assistant draft,"Youth and defensive development potential support the PSG investment. The large fee needs sustained buyer-specific evidence, so the score is provisional.","Qualitative editorial draft; source fees and signing ages retained, not independently certified. Role is an assistant classification. Production components are unavailable.",Workbook quote,Low,https://github.com/CopiousHighlights/football-transfer-market-analysis/blob/main/analysis/REMAINING_POSITION_RATINGS.md,CB
historical-104,historical,104,,Dean Huijsen,Bournemouth,Real Madrid,2025-06-01,62500000.0,EUR,20,CB,8.7,Assistant draft,"Age, passing potential and development runway support strong Madrid value. The significant price and incomplete buyer-specific production review prevent an elite score.","Qualitative editorial draft; source fees and signing ages retained, not independently certified. Role is an assistant classification. Production components are unavailable.",Workbook quote,Low,https://github.com/CopiousHighlights/football-transfer-market-analysis/blob/main/analysis/REMAINING_POSITION_RATINGS.md,CB
historical-106,historical,106,,Matheus Nunes,Wolves,Man City,2023-09-01,62000000.0,EUR,25,RB,7.2,Assistant draft,"The City deal offers carrying ability and positional flexibility, including a full-back role. The large fee needs a more convincing sustained return; classified RB for this review rather than silently changing the source.","Qualitative editorial draft; source fees and signing ages retained, not independently certified. Role is an assistant classification. Production components are unavailable.",Workbook quote,Low,https://github.com/CopiousHighlights/football-transfer-market-analysis/blob/main/analysis/REMAINING_POSITION_RATINGS.md,RB
historical-107,historical,107,,Leny Yoro,Lille,Man Utd,2024-07-18,62000000.0,EUR,19,CB,7.7,Assistant draft,"Young signing age and development upside help, but the large price is substantially a bet on future return. My cautious draft needs comparable defensive minutes and availability evidence.","Qualitative editorial draft; source fees and signing ages retained, not independently certified. Role is an assistant classification. Production components are unavailable.",Workbook quote,Low,https://github.com/CopiousHighlights/football-transfer-market-analysis/blob/main/analysis/REMAINING_POSITION_RATINGS.md,CB
historical-108,historical,108,,Tanguy Ndombélé,Lyon,Tottenham,2019-07-02,62000000.0,EUR,23,CM,2.9,Assistant draft,The large price was not followed by a long sustained Spurs return. Tottenham confirms repeated loans and contract termination after 91 appearances; youth did not rescue this value case.,"Qualitative editorial draft; source fees and signing ages retained, not independently certified. Role is an assistant classification. Production components are unavailable.",Workbook quote,Low,https://www.tottenhamhotspur.com/news/985544/player-update-tanguy-ndombele,CM
historical-111,historical,111,,Dani Olmo,Leipzig,Barcelona,2024-08-09,61000000.0,EUR,26,CAM,8.1,Assistant draft,Creative quality and positional flexibility support good value. A sizeable fee and the need for a consistent buyer-specific playing return keep my draft below elite value.,"Qualitative editorial draft; source fees and signing ages retained, not independently certified. Role is an assistant classification. Production components are unavailable.",Workbook quote,Low,https://github.com/CopiousHighlights/football-transfer-market-analysis/blob/main/analysis/REMAINING_POSITION_RATINGS.md,CAM
historical-115,historical,115,,Jan Paul van Hecke,Brighton,Tottenham,2026-06-19,60000000.0,EUR,26,CB,,Evidence needed,Recent workbook-only Tottenham move needs independent transfer verification and buyer-specific defensive evidence.,"Transfer identity, fee basis and buyer-specific production require verification.",Workbook quote,Not assessed,https://github.com/CopiousHighlights/football-transfer-market-analysis/blob/main/analysis/REMAINING_POSITION_RATINGS.md,CB
historical-116,historical,116,,Naby Keïta,RB Leipzig,Liverpool,2018-07-01,60000000.0,EUR,23,CM,5.2,Assistant draft,"Liverpool confirms 129 appearances over five seasons, with injuries limiting his final year. Useful contributions and trophies help, but availability reduces the value of a substantial fee.","Qualitative editorial draft; source fees and signing ages retained, not independently certified. Role is an assistant classification. Production components are unavailable.",Workbook quote,Low,https://www.liverpoolfc.com/news/thank-you-naby-keitas-liverpool-story,CM
historical-123,historical,123,,Otávio,Porto,Al-Nassr,2023-08-22,60000000.0,EUR,28,CAM,7.0,Assistant draft,"Creation and experience offer useful quality, but the major fee, signing-age runway and competition context lower my draft. Comparable buyer-specific production remains incomplete.","Qualitative editorial draft; source fees and signing ages retained, not independently certified. Role is an assistant classification. Production components are unavailable.",Workbook quote,Low,https://github.com/CopiousHighlights/football-transfer-market-analysis/blob/main/analysis/REMAINING_POSITION_RATINGS.md,CAM
historical-128,historical,128,,Ezri Konsa,Aston Villa,Arsenal,2026-07-01,59000000.0,EUR,29,CB,,Evidence needed,Recent workbook-only Arsenal transfer needs independent transfer verification and buyer-specific defensive evidence.,"Transfer identity, fee basis and buyer-specific production require verification.",Workbook quote,Not assessed,https://github.com/CopiousHighlights/football-transfer-market-analysis/blob/main/analysis/REMAINING_POSITION_RATINGS.md,CB
historical-129,historical,129,,Ben White,Brighton,Arsenal,2021-07-30,58500000.0,EUR,24,RB,8.8,Assistant draft,"Defensive reliability, right-sided versatility and useful runway support strong Arsenal value. The significant fee and incomplete comparable production review prevent an elite score.","Qualitative editorial draft; source fees and signing ages retained, not independently certified. Role is an assistant classification. Production components are unavailable.",Workbook quote,Low,https://github.com/CopiousHighlights/football-transfer-market-analysis/blob/main/analysis/REMAINING_POSITION_RATINGS.md,RB
historical-134,historical,134,,Benjamin Mendy,Monaco,Man City,2017-07-24,57500000.0,EUR,23,LB,3.3,Assistant draft,The premium full-back price required a longer sustained playing return than my retrospective assessment supports. This concerns football value only; no off-field allegation is a scoring factor.,"Qualitative editorial draft; source fees and signing ages retained, not independently certified. Role is an assistant classification. Production components are unavailable.",Workbook quote,Low,https://github.com/CopiousHighlights/football-transfer-market-analysis/blob/main/analysis/REMAINING_POSITION_RATINGS.md,LB
historical-135,historical,135,,Lisandro Martínez,Ajax,Man Utd,2022-07-27,57370000.0,EUR,24,CB,7.7,Assistant draft,"Progression and defensive quality support value, but the substantial fee needs consistent availability and playing return. My draft is below the most durable elite defensive deals.","Qualitative editorial draft; source fees and signing ages retained, not independently certified. Role is an assistant classification. Production components are unavailable.",Workbook quote,Low,https://github.com/CopiousHighlights/football-transfer-market-analysis/blob/main/analysis/REMAINING_POSITION_RATINGS.md,CB
historical-141,historical,141,,John Stones,Everton,Man City,2016-08-09,55600000.0,EUR,22,CB,9.1,Assistant draft,Long-term defensive and midfield progression versatility support outstanding value despite the sizeable fee. Comparable availability and opportunity measures would refine the score.,"Qualitative editorial draft; source fees and signing ages retained, not independently certified. Role is an assistant classification. Production components are unavailable.",Workbook quote,Low,https://github.com/CopiousHighlights/football-transfer-market-analysis/blob/main/analysis/REMAINING_POSITION_RATINGS.md,CB
historical-145,historical,145,,Aaron Wan-Bissaka,Crystal Palace,Man Utd,2019-07-01,55000000.0,EUR,22,RB,6.5,Assistant draft,"One-on-one defensive quality contributes value, but the high price required a stronger all-round attacking and possession return. A mixed retrospective deal assessment.","Qualitative editorial draft; source fees and signing ages retained, not independently certified. Role is an assistant classification. Production components are unavailable.",Workbook quote,Low,https://github.com/CopiousHighlights/football-transfer-market-analysis/blob/main/analysis/REMAINING_POSITION_RATINGS.md,RB
historical-148,historical,148,,Tijjani Reijnders,AC Milan,Man City,2025-06-10,54900000.0,EUR,27,CM,8.3,Assistant draft,"Progression, attacking contribution and established quality support the City investment. Less development runway and incomplete buyer-specific review keep the draft cautious.","Qualitative editorial draft; source fees and signing ages retained, not independently certified. Role is an assistant classification. Production components are unavailable.",Workbook quote,Low,https://github.com/CopiousHighlights/football-transfer-market-analysis/blob/main/analysis/REMAINING_POSITION_RATINGS.md,CM
historical-150,historical,150,,Cristian Romero,Atalanta,Tottenham,2022-08-30,53800000.0,EUR,24,CB,8.8,Assistant draft,Defensive quality and useful signing age support strong value. A significant fee and the need to account for discipline and availability keep the score below the top benchmarks.,"Qualitative editorial draft; source fees and signing ages retained, not independently certified. Role is an assistant classification. Production components are unavailable.",Workbook quote,Low,https://github.com/CopiousHighlights/football-transfer-market-analysis/blob/main/analysis/REMAINING_POSITION_RATINGS.md,CB
historical-155,historical,155,,Kyle Walker,Tottenham,Man City,2017-07-14,52700000.0,EUR,27,RB,9.4,Assistant draft,Sustained defensive quality and team fit justify the price despite signing at an older age. City documents 260 appearances and major honours by his 2023 extension.,"Qualitative editorial draft; source fees and signing ages retained, not independently certified. Role is an assistant classification. Production components are unavailable.",Workbook quote,Low,https://www.mancity.com/news/mens/kyle-walker-signs-new-manchester-city-contract-63830305,RB
historical-159,historical,159,,Piero Hincapié,Leverkusen,Arsenal,2026-07-01,52000000.0,EUR,24,CB,,Evidence needed,The workbook records a 2026 Arsenal purchase. Verify the permanent fee basis and distinguish it from any earlier loan before rating this specific transaction.,"Transfer identity, fee basis and buyer-specific production require verification.",Workbook quote,Not assessed,https://github.com/CopiousHighlights/football-transfer-market-analysis/blob/main/analysis/REMAINING_POSITION_RATINGS.md,CB
historical-162,historical,162,,Bremer,Torino,Juventus,2022-07-20,51300000.0,EUR,25,CB,8.5,Assistant draft,Defensive and aerial quality support strong value at this price. Signing-age runway and a complete availability review limit an even higher judgment.,"Qualitative editorial draft; source fees and signing ages retained, not independently certified. Role is an assistant classification. Production components are unavailable.",Workbook quote,Low,https://github.com/CopiousHighlights/football-transfer-market-analysis/blob/main/analysis/REMAINING_POSITION_RATINGS.md,CB
historical-165,historical,165,,Ben Chilwell,Leicester,Chelsea,2020-08-26,50200000.0,EUR,24,LB,7.1,Assistant draft,"Attacking and defensive contribution offered quality, but sustained availability is important at this substantial price. The draft remains mixed-to-good pending comparable minutes.","Qualitative editorial draft; source fees and signing ages retained, not independently certified. Role is an assistant classification. Production components are unavailable.",Workbook quote,Low,https://github.com/CopiousHighlights/football-transfer-market-analysis/blob/main/analysis/REMAINING_POSITION_RATINGS.md,LB
historical-166,historical,166,,André Onana,Inter,Man Utd,2023-07-20,50200000.0,EUR,27,GK,5.1,Assistant draft,"Distribution offered an upside case, but the substantial goalkeeper fee required a more convincing sustained overall return. Shot-stopping, error and availability evidence should be reviewed before accepting the draft.","Qualitative editorial draft; source fees and signing ages retained, not independently certified. Role is an assistant classification. Production components are unavailable.",Workbook quote,Low,https://github.com/CopiousHighlights/football-transfer-market-analysis/blob/main/analysis/REMAINING_POSITION_RATINGS.md,GK
historical-167,historical,167,,Bernardo Silva,Monaco,Man City,2017-07-01,50000000.0,EUR,23,CM,9.7,Assistant draft,"Long-term technical contribution, versatility and availability make the fee outstanding value. City documents his 400th appearance in May 2025 and pivotal role across multiple title-winning seasons.","Qualitative editorial draft; source fees and signing ages retained, not independently certified. Role is an assistant classification. Production components are unavailable.",Workbook quote,Low,https://live.mancity.com/news/mens/bernardo-silva-400-city-appearances-63881529,CM
historical-169,historical,169,,Min-jae Kim,Napoli,Bayern Munich,2023-07-18,50000000.0,EUR,27,CB,8.0,Assistant draft,Established defensive quality supports a useful Bayern value case. A sizeable fee and shorter runway than the youngest centre-backs keep my draft below outstanding value.,"Qualitative editorial draft; source fees and signing ages retained, not independently certified. Role is an assistant classification. Production components are unavailable.",Workbook quote,Low,https://github.com/CopiousHighlights/football-transfer-market-analysis/blob/main/analysis/REMAINING_POSITION_RATINGS.md,CB
historical-171,historical,171,,Xavi Simons,PSG,Leipzig,2025-01-30,50000000.0,EUR,22,CAM,8.6,Assistant draft,The Leipzig fee is materially lower than his separate Tottenham purchase. Age and creative potential support strong value; the short permanent spell requires careful separation from prior loan contributions.,"Qualitative editorial draft; source fees and signing ages retained, not independently certified. Role is an assistant classification. Production components are unavailable.",Workbook quote,Low,https://github.com/CopiousHighlights/football-transfer-market-analysis/blob/main/analysis/REMAINING_POSITION_RATINGS.md,CAM
historical-172,historical,172,,Álvaro Carreras,Benfica,Real Madrid,2025-07-14,50000000.0,EUR,22,LB,8.1,Assistant draft,"Age, progression and development runway support the Madrid investment. The significant price and incomplete buyer-specific review keep this provisional.","Qualitative editorial draft; source fees and signing ages retained, not independently certified. Role is an assistant classification. Production components are unavailable.",Workbook quote,Low,https://github.com/CopiousHighlights/football-transfer-market-analysis/blob/main/analysis/REMAINING_POSITION_RATINGS.md,LB
historical-174,historical,174,,Alex Teixeira,Shakhtar D.,JS Suning,2016-02-05,50000000.0,EUR,26,CAM,7.0,Assistant draft,"Attacking quality offers some value, but the sizeable fee and competition context reduce my draft. Verified buyer-specific creative production is needed.","Qualitative editorial draft; source fees and signing ages retained, not independently certified. Role is an assistant classification. Production components are unavailable.",Workbook quote,Low,https://github.com/CopiousHighlights/football-transfer-market-analysis/blob/main/analysis/REMAINING_POSITION_RATINGS.md,CAM
historical-176,historical,176,,Jules Koundé,Sevilla FC,Barcelona,2022-07-28,50000000.0,EUR,24,RB,9.0,Assistant draft,Right-sided defensive and possession versatility support outstanding Barcelona value at a lower fee than several comparable defensive purchases. Review covers his RB/CB utility without altering the source position.,"Qualitative editorial draft; source fees and signing ages retained, not independently certified. Role is an assistant classification. Production components are unavailable.",Workbook quote,Low,https://github.com/CopiousHighlights/football-transfer-market-analysis/blob/main/analysis/REMAINING_POSITION_RATINGS.md,RB
historical-181,historical,181,,Éder Militão,Porto,Real Madrid,2019-07-01,50000000.0,EUR,21,CB,8.7,Assistant draft,"Defensive and aerial ability plus a young signing profile support strong Madrid value. Consistent availability matters to the total return, preventing a higher draft.","Qualitative editorial draft; source fees and signing ages retained, not independently certified. Role is an assistant classification. Production components are unavailable.",Workbook quote,Low,https://github.com/CopiousHighlights/football-transfer-market-analysis/blob/main/analysis/REMAINING_POSITION_RATINGS.md,CB
historical-185,historical,185,,Gylfi Sigurdsson,Swansea,Everton,2017-08-16,49400000.0,EUR,28,CAM,5.8,Assistant draft,"Useful creative contribution supports some value, but the high price and shorter useful runway make the deal less attractive than the top playmaker investments.","Qualitative editorial draft; source fees and signing ages retained, not independently certified. Role is an assistant classification. Production components are unavailable.",Workbook quote,Low,https://github.com/CopiousHighlights/football-transfer-market-analysis/blob/main/analysis/REMAINING_POSITION_RATINGS.md,CAM
historical-189,historical,189,,Ferland Mendy,Lyon,Real Madrid,2019-07-01,48000000.0,EUR,24,LB,8.6,Assistant draft,Defensive balance and useful signing age support strong Madrid value. The significant fee and need to weigh availability keep the draft below exceptional value.,"Qualitative editorial draft; source fees and signing ages retained, not independently certified. Role is an assistant classification. Production components are unavailable.",Workbook quote,Low,https://github.com/CopiousHighlights/football-transfer-market-analysis/blob/main/analysis/REMAINING_POSITION_RATINGS.md,LB
historical-191,historical,191,,Maximilian Kilman,Wolves,West Ham,2024-07-06,47500000.0,EUR,27,CB,6.8,Assistant draft,"Premier League experience and defensive utility support some value, but the large fee bought less development runway. Buyer-specific defensive evidence is required to refine this cautious score.","Qualitative editorial draft; source fees and signing ages retained, not independently certified. Role is an assistant classification. Production components are unavailable.",Workbook quote,Low,https://github.com/CopiousHighlights/football-transfer-market-analysis/blob/main/analysis/REMAINING_POSITION_RATINGS.md,CB
historical-192,historical,192,,Matheus Nunes,Sporting,Wolves,2022-08-18,47400000.0,EUR,24,CM,7.4,Assistant draft,Carrying quality and age offered upside for Wolves. The sizeable fee requires the playing return and any independently verified resale benefit to be assessed separately.,"Qualitative editorial draft; source fees and signing ages retained, not independently certified. Role is an assistant classification. Production components are unavailable.",Workbook quote,Low,https://github.com/CopiousHighlights/football-transfer-market-analysis/blob/main/analysis/REMAINING_POSITION_RATINGS.md,CM
historical-193,historical,193,,Cole Palmer,Man City,Chelsea,2023-09-01,47000000.0,EUR,21,CAM,9.8,Assistant draft,"Scoring, creation and a young signing profile make the fee exceptional value. Chelsea confirms 22 league goals and 11 assists in 2023/24; later comparable production would refine the assessment.","Qualitative editorial draft; source fees and signing ages retained, not independently certified. Role is an assistant classification. Production components are unavailable.",Workbook quote,Low,https://www.chelseafc.com/en/news/article/in-numbers-palmers-incredible-first-year-as-a-blue,CAM
historical-194,historical,194,,Milos Kerkez,Bournemouth,Liverpool,2025-07-01,46900000.0,EUR,22,LB,8.4,Assistant draft,"Age, progression and attacking upside support strong Liverpool value. The meaningful price and incomplete buyer-specific review prevent an outstanding score.","Qualitative editorial draft; source fees and signing ages retained, not independently certified. Role is an assistant classification. Production components are unavailable.",Workbook quote,Low,https://github.com/CopiousHighlights/football-transfer-market-analysis/blob/main/analysis/REMAINING_POSITION_RATINGS.md,LB
historical-197,historical,197,,James Maddison,Leicester,Tottenham,2023-07-01,46300000.0,EUR,27,CAM,8.0,Assistant draft,Established chance creation at a comparatively moderate price supports good value. Shorter signing-age runway and the need for sustained availability limit the score.,"Qualitative editorial draft; source fees and signing ages retained, not independently certified. Role is an assistant classification. Production components are unavailable.",Workbook quote,Low,https://github.com/CopiousHighlights/football-transfer-market-analysis/blob/main/analysis/REMAINING_POSITION_RATINGS.md,CAM
summer-S26-0001,summer,0,S26-0001,John Stones,Manchester City,Inter,2026-07-30,,GBP,,Defender — source label,,Evidence needed,"Buyer-specific role, production, availability, signing age and total fee evidence are needed before assigning a deal-value score. A zero base fee does not represent wages or signing costs.",Source broad position and transfer quote only; detailed role and buyer-specific production not validated.,Free transfer,Not assessed,https://www.theguardian.com/football/ng-interactive/2026/sep/01/mens-transfer-window-summer-2026-all-deals-from-europes-top-five-leagues,DEFENDER_UNCLASSIFIED
summer-S26-0003,summer,2,S26-0003,Ismaïl Diallo,Dijon,Toulouse,2026-05-22,,GBP,,Defender — source label,,Evidence needed,"Buyer-specific role, production, availability, signing age and total fee evidence are needed before assigning a deal-value score. A zero base fee does not represent wages or signing costs.",Source broad position and transfer quote only; detailed role and buyer-specific production not validated.,Free transfer,Not assessed,https://www.theguardian.com/football/ng-interactive/2026/sep/01/mens-transfer-window-summer-2026-all-deals-from-europes-top-five-leagues,DEFENDER_UNCLASSIFIED
summer-S26-0008,summer,4,S26-0008,Luka Duric,Hoffenheim,Paderborn,2026-05-28,,GBP,,Midfielder — source label,,Evidence needed,"Buyer-specific role, production, availability, signing age and total fee evidence are needed before assigning a deal-value score.",Source broad position and transfer quote only; detailed role and buyer-specific production not validated.,Undisclosed,Not assessed,https://www.theguardian.com/football/ng-interactive/2026/sep/01/mens-transfer-window-summer-2026-all-deals-from-europes-top-five-leagues,MIDFIELD_UNCLASSIFIED
summer-S26-0009,summer,5,S26-0009,Bilal El Khannouss,Leicester City,Stuttgart,2026-07-01,14700000.0,GBP,,Midfielder — source label,,Evidence needed,"Buyer-specific role, production, availability, signing age and total fee evidence are needed before assigning a deal-value score.",Source broad position and transfer quote only; detailed role and buyer-specific production not validated.,Reported fee,Not assessed,https://www.theguardian.com/football/ng-interactive/2026/sep/01/mens-transfer-window-summer-2026-all-deals-from-europes-top-five-leagues,MIDFIELD_UNCLASSIFIED
summer-S26-0011,summer,6,S26-0011,Arijanet Muric,Ipswich Town,Sassuolo,2026-06-01,6000000.0,GBP,,Goalkeeper — source label,,Evidence needed,"Buyer-specific shot-stopping, distribution, aerial command, sweeping, signing age and total fee evidence are needed before scoring.",Source broad position and transfer quote only; detailed role and buyer-specific production not validated.,Reported fee,Not assessed,https://www.theguardian.com/football/ng-interactive/2026/sep/01/mens-transfer-window-summer-2026-all-deals-from-europes-top-five-leagues,GK
summer-S26-0014,summer,8,S26-0014,Issa Doumbia,Venezia,Sporting,2026-06-01,17800000.0,GBP,,Midfielder — source label,,Evidence needed,"Buyer-specific role, production, availability, signing age and total fee evidence are needed before assigning a deal-value score.",Source broad position and transfer quote only; detailed role and buyer-specific production not validated.,Reported fee,Not assessed,https://www.theguardian.com/football/ng-interactive/2026/sep/01/mens-transfer-window-summer-2026-all-deals-from-europes-top-five-leagues,MIDFIELD_UNCLASSIFIED
summer-S26-0015,summer,9,S26-0015,Chuki,Real Valladolid,Werder Bremen,2026-06-02,,GBP,,Midfielder — source label,,Evidence needed,"Buyer-specific role, production, availability, signing age and total fee evidence are needed before assigning a deal-value score. A zero base fee does not represent wages or signing costs.",Source broad position and transfer quote only; detailed role and buyer-specific production not validated.,Free transfer,Not assessed,https://www.theguardian.com/football/ng-interactive/2026/sep/01/mens-transfer-window-summer-2026-all-deals-from-europes-top-five-leagues,MIDFIELD_UNCLASSIFIED
summer-S26-0016,summer,10,S26-0016,Buba Sangaré,Roma,Elche,2026-06-03,3900000.0,GBP,,Defender — source label,,Evidence needed,"Buyer-specific role, production, availability, signing age and total fee evidence are needed before assigning a deal-value score.",Source broad position and transfer quote only; detailed role and buyer-specific production not validated.,Reported fee,Not assessed,https://www.theguardian.com/football/ng-interactive/2026/sep/01/mens-transfer-window-summer-2026-all-deals-from-europes-top-five-leagues,DEFENDER_UNCLASSIFIED
summer-S26-0022,summer,15,S26-0022,Andy Robertson,Liverpool,Tottenham Hotspur,2026-06-05,,GBP,,Defender — source label,,Evidence needed,"Buyer-specific role, production, availability, signing age and total fee evidence are needed before assigning a deal-value score. A zero base fee does not represent wages or signing costs.",Source broad position and transfer quote only; detailed role and buyer-specific production not validated.,Free transfer,Not assessed,https://www.theguardian.com/football/ng-interactive/2026/sep/01/mens-transfer-window-summer-2026-all-deals-from-europes-top-five-leagues,DEFENDER_UNCLASSIFIED
summer-S26-0023,summer,16,S26-0023,Jonas Omlin,Borussia Mönchengladbach,Basel,2026-06-05,,GBP,,Goalkeeper — source label,,Evidence needed,"Buyer-specific shot-stopping, distribution, aerial command, sweeping, signing age and total fee evidence are needed before scoring.",Source broad position and transfer quote only; detailed role and buyer-specific production not validated.,Undisclosed,Not assessed,https://www.theguardian.com/football/ng-interactive/2026/sep/01/mens-transfer-window-summer-2026-all-deals-from-europes-top-five-leagues,GK
summer-S26-0025,summer,18,S26-0025,Albert Grønbaek,Rennes,Hamburg,2026-06-05,5200000.0,GBP,,Midfielder — source label,,Evidence needed,"Buyer-specific role, production, availability, signing age and total fee evidence are needed before assigning a deal-value score.",Source broad position and transfer quote only; detailed role and buyer-specific production not validated.,Reported fee,Not assessed,https://www.theguardian.com/football/ng-interactive/2026/sep/01/mens-transfer-window-summer-2026-all-deals-from-europes-top-five-leagues,MIDFIELD_UNCLASSIFIED
summer-S26-0027,summer,20,S26-0027,Daniel Peretz,Bayern Munich,Southampton,2026-06-05,6000000.0,GBP,,Goalkeeper — source label,,Evidence needed,"Buyer-specific shot-stopping, distribution, aerial command, sweeping, signing age and total fee evidence are needed before scoring.",Source broad position and transfer quote only; detailed role and buyer-specific production not validated.,Reported fee,Not assessed,https://www.theguardian.com/football/ng-interactive/2026/sep/01/mens-transfer-window-summer-2026-all-deals-from-europes-top-five-leagues,GK
summer-S26-0029,summer,22,S26-0029,Lukasz Poreba,Hamburg,Elversberg,2026-06-06,1400000.0,GBP,,Midfielder — source label,,Evidence needed,"Buyer-specific role, production, availability, signing age and total fee evidence are needed before assigning a deal-value score.",Source broad position and transfer quote only; detailed role and buyer-specific production not validated.,Reported fee,Not assessed,https://www.theguardian.com/football/ng-interactive/2026/sep/01/mens-transfer-window-summer-2026-all-deals-from-europes-top-five-leagues,MIDFIELD_UNCLASSIFIED
summer-S26-0034,summer,27,S26-0034,Jakub Kiwior,Arsenal,Porto,2026-05-08,14500000.0,GBP,,Defender — source label,,Evidence needed,"Buyer-specific role, production, availability, signing age and total fee evidence are needed before assigning a deal-value score.",Source broad position and transfer quote only; detailed role and buyer-specific production not validated.,Reported fee,Not assessed,https://www.theguardian.com/football/ng-interactive/2026/sep/01/mens-transfer-window-summer-2026-all-deals-from-europes-top-five-leagues,DEFENDER_UNCLASSIFIED
summer-S26-0035,summer,28,S26-0035,Merlin Röhl,Freiburg,Everton,2026-07-06,17300000.0,GBP,,Midfielder — source label,,Evidence needed,"Buyer-specific role, production, availability, signing age and total fee evidence are needed before assigning a deal-value score.",Source broad position and transfer quote only; detailed role and buyer-specific production not validated.,Reported fee,Not assessed,https://www.theguardian.com/football/ng-interactive/2026/sep/01/mens-transfer-window-summer-2026-all-deals-from-europes-top-five-leagues,MIDFIELD_UNCLASSIFIED
summer-S26-0036,summer,29,S26-0036,Patrick Zabi,Reims,Paris FC,2026-06-01,21600000.0,GBP,,Midfielder — source label,,Evidence needed,"Buyer-specific role, production, availability, signing age and total fee evidence are needed before assigning a deal-value score.",Source broad position and transfer quote only; detailed role and buyer-specific production not validated.,Reported fee,Not assessed,https://www.theguardian.com/football/ng-interactive/2026/sep/01/mens-transfer-window-summer-2026-all-deals-from-europes-top-five-leagues,MIDFIELD_UNCLASSIFIED
summer-S26-0038,summer,31,S26-0038,Saud Abdulhamid,Roma,Lens,2026-06-04,3000000.0,GBP,,Defender — source label,,Evidence needed,"Buyer-specific role, production, availability, signing age and total fee evidence are needed before assigning a deal-value score.",Source broad position and transfer quote only; detailed role and buyer-specific production not validated.,Reported fee,Not assessed,https://www.theguardian.com/football/ng-interactive/2026/sep/01/mens-transfer-window-summer-2026-all-deals-from-europes-top-five-leagues,DEFENDER_UNCLASSIFIED
summer-S26-0039,summer,32,S26-0039,Kieran Trippier,Newcastle United,Wolverhampton Wanderers,2026-06-08,,GBP,,Defender — source label,,Evidence needed,"Buyer-specific role, production, availability, signing age and total fee evidence are needed before assigning a deal-value score. A zero base fee does not represent wages or signing costs.",Source broad position and transfer quote only; detailed role and buyer-specific production not validated.,Free transfer,Not assessed,https://www.theguardian.com/football/ng-interactive/2026/sep/01/mens-transfer-window-summer-2026-all-deals-from-europes-top-five-leagues,DEFENDER_UNCLASSIFIED
summer-S26-0040,summer,33,S26-0040,Nikolas Veratschnig,Mainz 05,Red Bull Salzburg,2026-06-09,3000000.0,GBP,,Midfielder — source label,,Evidence needed,"Buyer-specific role, production, availability, signing age and total fee evidence are needed before assigning a deal-value score.",Source broad position and transfer quote only; detailed role and buyer-specific production not validated.,Reported fee,Not assessed,https://www.theguardian.com/football/ng-interactive/2026/sep/01/mens-transfer-window-summer-2026-all-deals-from-europes-top-five-leagues,MIDFIELD_UNCLASSIFIED
summer-S26-0041,summer,34,S26-0041,Craig Farquhar,Crystal Palace,Barnet,2026-06-05,,GBP,,Defender — source label,,Evidence needed,"Buyer-specific role, production, availability, signing age and total fee evidence are needed before assigning a deal-value score. A zero base fee does not represent wages or signing costs.",Source broad position and transfer quote only; detailed role and buyer-specific production not validated.,Free transfer,Not assessed,https://www.theguardian.com/football/ng-interactive/2026/sep/01/mens-transfer-window-summer-2026-all-deals-from-europes-top-five-leagues,DEFENDER_UNCLASSIFIED
summer-S26-0043,summer,36,S26-0043,Mats Rots,FC Twente,Hoffenheim,2026-06-09,10400000.0,GBP,,Defender — source label,,Evidence needed,"Buyer-specific role, production, availability, signing age and total fee evidence are needed before assigning a deal-value score.",Source broad position and transfer quote only; detailed role and buyer-specific production not validated.,Reported fee,Not assessed,https://www.theguardian.com/football/ng-interactive/2026/sep/01/mens-transfer-window-summer-2026-all-deals-from-europes-top-five-leagues,DEFENDER_UNCLASSIFIED
summer-S26-0044,summer,37,S26-0044,Ewen Jaouen,Reims,Newcastle United,2026-06-10,21600000.0,GBP,,Goalkeeper — source label,,Evidence needed,"Buyer-specific shot-stopping, distribution, aerial command, sweeping, signing age and total fee evidence are needed before scoring.",Source broad position and transfer quote only; detailed role and buyer-specific production not validated.,Reported fee,Not assessed,https://www.theguardian.com/football/ng-interactive/2026/sep/01/mens-transfer-window-summer-2026-all-deals-from-europes-top-five-leagues,GK
summer-S26-0045,summer,38,S26-0045,Jon Guridi,Alavés,Sevilla,2026-06-10,,GBP,,Midfielder — source label,,Evidence needed,"Buyer-specific role, production, availability, signing age and total fee evidence are needed before assigning a deal-value score. A zero base fee does not represent wages or signing costs.",Source broad position and transfer quote only; detailed role and buyer-specific production not validated.,Free transfer,Not assessed,https://www.theguardian.com/football/ng-interactive/2026/sep/01/mens-transfer-window-summer-2026-all-deals-from-europes-top-five-leagues,MIDFIELD_UNCLASSIFIED
summer-S26-0046,summer,39,S26-0046,Marcos Senesi,Bournemouth,Tottenham Hotspur,2026-06-10,,GBP,,Defender — source label,,Evidence needed,"Buyer-specific role, production, availability, signing age and total fee evidence are needed before assigning a deal-value score. A zero base fee does not represent wages or signing costs.",Source broad position and transfer quote only; detailed role and buyer-specific production not validated.,Free transfer,Not assessed,https://www.theguardian.com/football/ng-interactive/2026/sep/01/mens-transfer-window-summer-2026-all-deals-from-europes-top-five-leagues,DEFENDER_UNCLASSIFIED
summer-S26-0047,summer,40,S26-0047,Denis Huseinbasic,Cologne,Braga,2026-06-10,,GBP,,Midfielder — source label,,Evidence needed,"Buyer-specific role, production, availability, signing age and total fee evidence are needed before assigning a deal-value score. A zero base fee does not represent wages or signing costs.",Source broad position and transfer quote only; detailed role and buyer-specific production not validated.,Free transfer,Not assessed,https://www.theguardian.com/football/ng-interactive/2026/sep/01/mens-transfer-window-summer-2026-all-deals-from-europes-top-five-leagues,MIDFIELD_UNCLASSIFIED
summer-S26-0048,summer,41,S26-0048,Noham Kamara,Paris Saint-Germain,Lyon,2026-06-10,3500000.0,GBP,,Defender — source label,,Evidence needed,"Buyer-specific role, production, availability, signing age and total fee evidence are needed before assigning a deal-value score.",Source broad position and transfer quote only; detailed role and buyer-specific production not validated.,Reported fee,Not assessed,https://www.theguardian.com/football/ng-interactive/2026/sep/01/mens-transfer-window-summer-2026-all-deals-from-europes-top-five-leagues,DEFENDER_UNCLASSIFIED
summer-S26-0049,summer,42,S26-0049,Marvin Friedrich,Borussia Mönchengladbach,Union Berlin,2026-06-10,,GBP,,Defender — source label,,Evidence needed,"Buyer-specific role, production, availability, signing age and total fee evidence are needed before assigning a deal-value score. A zero base fee does not represent wages or signing costs.",Source broad position and transfer quote only; detailed role and buyer-specific production not validated.,Free transfer,Not assessed,https://www.theguardian.com/football/ng-interactive/2026/sep/01/mens-transfer-window-summer-2026-all-deals-from-europes-top-five-leagues,DEFENDER_UNCLASSIFIED
summer-S26-0054,summer,47,S26-0054,Juan Iglesias,Getafe,Sevilla,2026-06-11,,GBP,,Defender — source label,,Evidence needed,"Buyer-specific role, production, availability, signing age and total fee evidence are needed before assigning a deal-value score. A zero base fee does not represent wages or signing costs.",Source broad position and transfer quote only; detailed role and buyer-specific production not validated.,Free transfer,Not assessed,https://www.theguardian.com/football/ng-interactive/2026/sep/01/mens-transfer-window-summer-2026-all-deals-from-europes-top-five-leagues,DEFENDER_UNCLASSIFIED
summer-S26-0055,summer,48,S26-0055,Leonardo Bittencourt,Werder Bremen,Energie Cottbus,2026-06-11,,GBP,,Defender — source label,,Evidence needed,"Buyer-specific role, production, availability, signing age and total fee evidence are needed before assigning a deal-value score. A zero base fee does not represent wages or signing costs.",Source broad position and transfer quote only; detailed role and buyer-specific production not validated.,Free transfer,Not assessed,https://www.theguardian.com/football/ng-interactive/2026/sep/01/mens-transfer-window-summer-2026-all-deals-from-europes-top-five-leagues,DEFENDER_UNCLASSIFIED
summer-S26-0057,summer,50,S26-0057,Enzo Bardeli,Dunkerque,Levante,2026-06-11,,GBP,,Midfielder — source label,,Evidence needed,"Buyer-specific role, production, availability, signing age and total fee evidence are needed before assigning a deal-value score. A zero base fee does not represent wages or signing costs.",Source broad position and transfer quote only; detailed role and buyer-specific production not validated.,Free transfer,Not assessed,https://www.theguardian.com/football/ng-interactive/2026/sep/01/mens-transfer-window-summer-2026-all-deals-from-europes-top-five-leagues,MIDFIELD_UNCLASSIFIED
summer-S26-0060,summer,53,S26-0060,Maurice Krattenmacher,Bayern Munich,Elversberg,2026-06-12,,GBP,,Midfielder — source label,,Evidence needed,"Buyer-specific role, production, availability, signing age and total fee evidence are needed before assigning a deal-value score.",Source broad position and transfer quote only; detailed role and buyer-specific production not validated.,Undisclosed,Not assessed,https://www.theguardian.com/football/ng-interactive/2026/sep/01/mens-transfer-window-summer-2026-all-deals-from-europes-top-five-leagues,MIDFIELD_UNCLASSIFIED
summer-S26-0061,summer,54,S26-0061,Jahmai Simpson-Pusey,Manchester City,Cologne,2026-06-12,,GBP,,Defender — source label,,Evidence needed,"Buyer-specific role, production, availability, signing age and total fee evidence are needed before assigning a deal-value score.",Source broad position and transfer quote only; detailed role and buyer-specific production not validated.,Undisclosed,Not assessed,https://www.theguardian.com/football/ng-interactive/2026/sep/01/mens-transfer-window-summer-2026-all-deals-from-europes-top-five-leagues,DEFENDER_UNCLASSIFIED
summer-S26-0062,summer,55,S26-0062,Fabio Gruber,Nuremberg,Mainz 05,2026-06-12,,GBP,,Defender — source label,,Evidence needed,"Buyer-specific role, production, availability, signing age and total fee evidence are needed before assigning a deal-value score.",Source broad position and transfer quote only; detailed role and buyer-specific production not validated.,Undisclosed,Not assessed,https://www.theguardian.com/football/ng-interactive/2026/sep/01/mens-transfer-window-summer-2026-all-deals-from-europes-top-five-leagues,DEFENDER_UNCLASSIFIED
summer-S26-0065,summer,58,S26-0065,Ville Koski,NK Istra,Alavés,2026-06-15,,GBP,,Defender — source label,,Evidence needed,"Buyer-specific role, production, availability, signing age and total fee evidence are needed before assigning a deal-value score.",Source broad position and transfer quote only; detailed role and buyer-specific production not validated.,Undisclosed,Not assessed,https://www.theguardian.com/football/ng-interactive/2026/sep/01/mens-transfer-window-summer-2026-all-deals-from-europes-top-five-leagues,DEFENDER_UNCLASSIFIED
summer-S26-0066,summer,59,S26-0066,Zeno Van Den Bosch,Royal Antwerp,Union Berlin,2026-06-15,,GBP,,Defender — source label,,Evidence needed,"Buyer-specific role, production, availability, signing age and total fee evidence are needed before assigning a deal-value score. A zero base fee does not represent wages or signing costs.",Source broad position and transfer quote only; detailed role and buyer-specific production not validated.,Free transfer,Not assessed,https://www.theguardian.com/football/ng-interactive/2026/sep/01/mens-transfer-window-summer-2026-all-deals-from-europes-top-five-leagues,DEFENDER_UNCLASSIFIED
summer-S26-0067,summer,60,S26-0067,Marc Cucurella,Chelsea,Real Madrid,2026-06-15,52000000.0,GBP,,Defender — source label,,Evidence needed,"Buyer-specific role, production, availability, signing age and total fee evidence are needed before assigning a deal-value score.",Source broad position and transfer quote only; detailed role and buyer-specific production not validated.,Reported fee,Not assessed,https://www.theguardian.com/football/ng-interactive/2026/sep/01/mens-transfer-window-summer-2026-all-deals-from-europes-top-five-leagues,DEFENDER_UNCLASSIFIED
summer-S26-0068,summer,61,S26-0068,Francis Onyeka,Bayer Leverkusen,Elversberg,2026-06-15,,GBP,,Midfielder — source label,,Evidence needed,"Buyer-specific role, production, availability, signing age and total fee evidence are needed before assigning a deal-value score. Loan/swap costs must be treated separately.",Source broad position and transfer quote only; detailed role and buyer-specific production not validated.,Loan fee not stated,Not assessed,https://www.theguardian.com/football/ng-interactive/2026/sep/01/mens-transfer-window-summer-2026-all-deals-from-europes-top-five-leagues,MIDFIELD_UNCLASSIFIED
summer-S26-0070,summer,63,S26-0070,Anthony Lopes,Nantes,Angers,2026-06-15,,GBP,,Goalkeeper — source label,,Evidence needed,"Buyer-specific shot-stopping, distribution, aerial command, sweeping, signing age and total fee evidence are needed before scoring. A zero base fee does not represent wages or signing costs.",Source broad position and transfer quote only; detailed role and buyer-specific production not validated.,Free transfer,Not assessed,https://www.theguardian.com/football/ng-interactive/2026/sep/01/mens-transfer-window-summer-2026-all-deals-from-europes-top-five-leagues,GK
summer-S26-0071,summer,64,S26-0071,Costinha,Olympiakos,Brighton,2026-06-15,11000000.0,GBP,,Defender — source label,,Evidence needed,"Buyer-specific role, production, availability, signing age and total fee evidence are needed before assigning a deal-value score.",Source broad position and transfer quote only; detailed role and buyer-specific production not validated.,Reported fee,Not assessed,https://www.theguardian.com/football/ng-interactive/2026/sep/01/mens-transfer-window-summer-2026-all-deals-from-europes-top-five-leagues,DEFENDER_UNCLASSIFIED
summer-S26-0074,summer,67,S26-0074,Arouna Sangante,Le Havre,Sevilla,2026-06-16,,GBP,,Defender — source label,,Evidence needed,"Buyer-specific role, production, availability, signing age and total fee evidence are needed before assigning a deal-value score. A zero base fee does not represent wages or signing costs.",Source broad position and transfer quote only; detailed role and buyer-specific production not validated.,Free transfer,Not assessed,https://www.theguardian.com/football/ng-interactive/2026/sep/01/mens-transfer-window-summer-2026-all-deals-from-europes-top-five-leagues,DEFENDER_UNCLASSIFIED
summer-S26-0075,summer,68,S26-0075,Florian Hellstern,Stuttgart,Greuther Fürth,2026-06-16,,GBP,,Goalkeeper — source label,,Evidence needed,"Buyer-specific shot-stopping, distribution, aerial command, sweeping, signing age and total fee evidence are needed before scoring. Loan/swap costs must be treated separately.",Source broad position and transfer quote only; detailed role and buyer-specific production not validated.,Loan fee not stated,Not assessed,https://www.theguardian.com/football/ng-interactive/2026/sep/01/mens-transfer-window-summer-2026-all-deals-from-europes-top-five-leagues,GK
summer-S26-0080,summer,73,S26-0080,Bernardo Silva,Manchester City,Real Madrid,2026-06-17,,GBP,,Midfielder — source label,,Evidence needed,"Buyer-specific role, production, availability, signing age and total fee evidence are needed before assigning a deal-value score. A zero base fee does not represent wages or signing costs.",Source broad position and transfer quote only; detailed role and buyer-specific production not validated.,Free transfer,Not assessed,https://www.theguardian.com/football/ng-interactive/2026/sep/01/mens-transfer-window-summer-2026-all-deals-from-europes-top-five-leagues,MIDFIELD_UNCLASSIFIED
summer-S26-0082,summer,75,S26-0082,Sebastian Walukiewicz,Torino,Sassuolo,2026-06-17,4300000.0,GBP,,Defender — source label,,Evidence needed,"Buyer-specific role, production, availability, signing age and total fee evidence are needed before assigning a deal-value score.",Source broad position and transfer quote only; detailed role and buyer-specific production not validated.,Reported fee,Not assessed,https://www.theguardian.com/football/ng-interactive/2026/sep/01/mens-transfer-window-summer-2026-all-deals-from-europes-top-five-leagues,DEFENDER_UNCLASSIFIED
summer-S26-0083,summer,76,S26-0083,Ruan,Sassuolo,Atlético Mineiro,2026-06-17,3100000.0,GBP,,Defender — source label,,Evidence needed,"Buyer-specific role, production, availability, signing age and total fee evidence are needed before assigning a deal-value score.",Source broad position and transfer quote only; detailed role and buyer-specific production not validated.,Reported fee,Not assessed,https://www.theguardian.com/football/ng-interactive/2026/sep/01/mens-transfer-window-summer-2026-all-deals-from-europes-top-five-leagues,DEFENDER_UNCLASSIFIED
summer-S26-0085,summer,78,S26-0085,Sean Dulic,1860 Munich,Hoffenheim,2026-06-17,,GBP,,Defender — source label,,Evidence needed,"Buyer-specific role, production, availability, signing age and total fee evidence are needed before assigning a deal-value score. A zero base fee does not represent wages or signing costs.",Source broad position and transfer quote only; detailed role and buyer-specific production not validated.,Free transfer,Not assessed,https://www.theguardian.com/football/ng-interactive/2026/sep/01/mens-transfer-window-summer-2026-all-deals-from-europes-top-five-leagues,DEFENDER_UNCLASSIFIED
summer-S26-0086,summer,79,S26-0086,Víctor Chust,Cádiz,Elche,2026-06-17,900000.0,GBP,,Defender — source label,,Evidence needed,"Buyer-specific role, production, availability, signing age and total fee evidence are needed before assigning a deal-value score.",Source broad position and transfer quote only; detailed role and buyer-specific production not validated.,Reported fee,Not assessed,https://www.theguardian.com/football/ng-interactive/2026/sep/01/mens-transfer-window-summer-2026-all-deals-from-europes-top-five-leagues,DEFENDER_UNCLASSIFIED
summer-S26-0087,summer,80,S26-0087,Emmanuel Chukwu,Hoffenheim,Austria Lustenau,2026-06-16,,GBP,,Defender — source label,,Evidence needed,"Buyer-specific role, production, availability, signing age and total fee evidence are needed before assigning a deal-value score. Loan/swap costs must be treated separately.",Source broad position and transfer quote only; detailed role and buyer-specific production not validated.,Loan fee not stated,Not assessed,https://www.theguardian.com/football/ng-interactive/2026/sep/01/mens-transfer-window-summer-2026-all-deals-from-europes-top-five-leagues,DEFENDER_UNCLASSIFIED
summer-S26-0088,summer,81,S26-0088,Mauro Arambarri,Getafe,River Plate,2026-06-17,2600000.0,GBP,,Defender — source label,,Evidence needed,"Buyer-specific role, production, availability, signing age and total fee evidence are needed before assigning a deal-value score.",Source broad position and transfer quote only; detailed role and buyer-specific production not validated.,Reported fee,Not assessed,https://www.theguardian.com/football/ng-interactive/2026/sep/01/mens-transfer-window-summer-2026-all-deals-from-europes-top-five-leagues,DEFENDER_UNCLASSIFIED
summer-S26-0089,summer,82,S26-0089,Ibrahima Konaté,Liverpool,Real Madrid,2026-06-18,,GBP,,Defender — source label,,Evidence needed,"Buyer-specific role, production, availability, signing age and total fee evidence are needed before assigning a deal-value score. A zero base fee does not represent wages or signing costs.",Source broad position and transfer quote only; detailed role and buyer-specific production not validated.,Free transfer,Not assessed,https://www.theguardian.com/football/ng-interactive/2026/sep/01/mens-transfer-window-summer-2026-all-deals-from-europes-top-five-leagues,DEFENDER_UNCLASSIFIED
summer-S26-0090,summer,83,S26-0090,Zento Uno,Shimizu S-Pulse,Borussia Mönchengladbach,2026-06-18,400000.0,GBP,,Midfielder — source label,,Evidence needed,"Buyer-specific role, production, availability, signing age and total fee evidence are needed before assigning a deal-value score.",Source broad position and transfer quote only; detailed role and buyer-specific production not validated.,Reported fee,Not assessed,https://www.theguardian.com/football/ng-interactive/2026/sep/01/mens-transfer-window-summer-2026-all-deals-from-europes-top-five-leagues,MIDFIELD_UNCLASSIFIED
summer-S26-0091,summer,84,S26-0091,Jano ter Horst,Preußen Münster,Paderborn,2026-06-18,200000.0,GBP,,Defender — source label,,Evidence needed,"Buyer-specific role, production, availability, signing age and total fee evidence are needed before assigning a deal-value score.",Source broad position and transfer quote only; detailed role and buyer-specific production not validated.,Reported fee,Not assessed,https://www.theguardian.com/football/ng-interactive/2026/sep/01/mens-transfer-window-summer-2026-all-deals-from-europes-top-five-leagues,DEFENDER_UNCLASSIFIED
summer-S26-0096,summer,88,S26-0096,Milan Aleksic,Sunderland,Partizan Belgrade,2026-06-18,,GBP,,Midfielder — source label,,Evidence needed,"Buyer-specific role, production, availability, signing age and total fee evidence are needed before assigning a deal-value score. Loan/swap costs must be treated separately.",Source broad position and transfer quote only; detailed role and buyer-specific production not validated.,Loan fee not stated,Not assessed,https://www.theguardian.com/football/ng-interactive/2026/sep/01/mens-transfer-window-summer-2026-all-deals-from-europes-top-five-leagues,MIDFIELD_UNCLASSIFIED
summer-S26-0097,summer,89,S26-0097,Harrison Jones,Sunderland,Peterborough,2026-06-18,,GBP,,Midfielder — source label,,Evidence needed,"Buyer-specific role, production, availability, signing age and total fee evidence are needed before assigning a deal-value score.",Source broad position and transfer quote only; detailed role and buyer-specific production not validated.,Undisclosed,Not assessed,https://www.theguardian.com/football/ng-interactive/2026/sep/01/mens-transfer-window-summer-2026-all-deals-from-europes-top-five-leagues,MIDFIELD_UNCLASSIFIED
summer-S26-0100,summer,92,S26-0100,Daouda Guindo,Brest,Reims,2026-06-18,,GBP,,Defender — source label,,Evidence needed,"Buyer-specific role, production, availability, signing age and total fee evidence are needed before assigning a deal-value score. A zero base fee does not represent wages or signing costs.",Source broad position and transfer quote only; detailed role and buyer-specific production not validated.,Free transfer,Not assessed,https://www.theguardian.com/football/ng-interactive/2026/sep/01/mens-transfer-window-summer-2026-all-deals-from-europes-top-five-leagues,DEFENDER_UNCLASSIFIED
summer-S26-0101,summer,93,S26-0101,Dominique Heintz,Cologne,Fortuna Düsseldorf,2026-06-19,,GBP,,Defender — source label,,Evidence needed,"Buyer-specific role, production, availability, signing age and total fee evidence are needed before assigning a deal-value score. A zero base fee does not represent wages or signing costs.",Source broad position and transfer quote only; detailed role and buyer-specific production not validated.,Free transfer,Not assessed,https://www.theguardian.com/football/ng-interactive/2026/sep/01/mens-transfer-window-summer-2026-all-deals-from-europes-top-five-leagues,DEFENDER_UNCLASSIFIED
summer-S26-0102,summer,94,S26-0102,Mateo Flores,Real Betis,Arouca,2026-06-19,1200000.0,GBP,,Midfielder — source label,,Evidence needed,"Buyer-specific role, production, availability, signing age and total fee evidence are needed before assigning a deal-value score.",Source broad position and transfer quote only; detailed role and buyer-specific production not validated.,Reported fee,Not assessed,https://www.theguardian.com/football/ng-interactive/2026/sep/01/mens-transfer-window-summer-2026-all-deals-from-europes-top-five-leagues,MIDFIELD_UNCLASSIFIED
summer-S26-0103,summer,95,S26-0103,Razvan Sava,Udinese,Universitatea Craiova,2026-06-19,,GBP,,Goalkeeper — source label,,Evidence needed,"Buyer-specific shot-stopping, distribution, aerial command, sweeping, signing age and total fee evidence are needed before scoring.",Source broad position and transfer quote only; detailed role and buyer-specific production not validated.,Undisclosed,Not assessed,https://www.theguardian.com/football/ng-interactive/2026/sep/01/mens-transfer-window-summer-2026-all-deals-from-europes-top-five-leagues,GK
summer-S26-0104,summer,96,S26-0104,Pele Arganese-McDermott,Tottenham Hotspur,Crawley Town,2026-06-18,,GBP,,Defender — source label,,Evidence needed,"Buyer-specific role, production, availability, signing age and total fee evidence are needed before assigning a deal-value score. A zero base fee does not represent wages or signing costs.",Source broad position and transfer quote only; detailed role and buyer-specific production not validated.,Free transfer,Not assessed,https://www.theguardian.com/football/ng-interactive/2026/sep/01/mens-transfer-window-summer-2026-all-deals-from-europes-top-five-leagues,DEFENDER_UNCLASSIFIED
summer-S26-0105,summer,97,S26-0105,Giovanni Daffara,Juventus,Avellino,2026-06-16,400000.0,GBP,,Goalkeeper — source label,,Evidence needed,"Buyer-specific shot-stopping, distribution, aerial command, sweeping, signing age and total fee evidence are needed before scoring.",Source broad position and transfer quote only; detailed role and buyer-specific production not validated.,Reported fee,Not assessed,https://www.theguardian.com/football/ng-interactive/2026/sep/01/mens-transfer-window-summer-2026-all-deals-from-europes-top-five-leagues,GK
summer-S26-0106,summer,98,S26-0106,Giovanni Daffara,Avellino,Juventus,2026-06-20,900000.0,GBP,,Goalkeeper — source label,,Evidence needed,"Buyer-specific shot-stopping, distribution, aerial command, sweeping, signing age and total fee evidence are needed before scoring.",Source broad position and transfer quote only; detailed role and buyer-specific production not validated.,Reported fee,Not assessed,https://www.theguardian.com/football/ng-interactive/2026/sep/01/mens-transfer-window-summer-2026-all-deals-from-europes-top-five-leagues,GK
summer-S26-0107,summer,99,S26-0107,Gonçalo Oliveira,Benfica,Rennes,2026-06-18,3000000.0,GBP,,Defender — source label,,Evidence needed,"Buyer-specific role, production, availability, signing age and total fee evidence are needed before assigning a deal-value score.",Source broad position and transfer quote only; detailed role and buyer-specific production not validated.,Reported fee,Not assessed,https://www.theguardian.com/football/ng-interactive/2026/sep/01/mens-transfer-window-summer-2026-all-deals-from-europes-top-five-leagues,DEFENDER_UNCLASSIFIED
summer-S26-0108,summer,100,S26-0108,Alessandro Nunziante,Udinese,Arezzo,2026-06-21,,GBP,,Goalkeeper — source label,,Evidence needed,"Buyer-specific shot-stopping, distribution, aerial command, sweeping, signing age and total fee evidence are needed before scoring. Loan/swap costs must be treated separately.",Source broad position and transfer quote only; detailed role and buyer-specific production not validated.,Loan fee not stated,Not assessed,https://www.theguardian.com/football/ng-interactive/2026/sep/01/mens-transfer-window-summer-2026-all-deals-from-europes-top-five-leagues,GK
summer-S26-0111,summer,103,S26-0111,Marcel Lubik,Augsburg,Wisla Krakow,2026-06-21,,GBP,,Goalkeeper — source label,,Evidence needed,"Buyer-specific shot-stopping, distribution, aerial command, sweeping, signing age and total fee evidence are needed before scoring. Loan/swap costs must be treated separately.",Source broad position and transfer quote only; detailed role and buyer-specific production not validated.,Loan fee not stated,Not assessed,https://www.theguardian.com/football/ng-interactive/2026/sep/01/mens-transfer-window-summer-2026-all-deals-from-europes-top-five-leagues,GK
summer-S26-0112,summer,104,S26-0112,Karl Hein,Arsenal,Werder Bremen,2026-05-23,2600000.0,GBP,,Goalkeeper — source label,,Evidence needed,"Buyer-specific shot-stopping, distribution, aerial command, sweeping, signing age and total fee evidence are needed before scoring.",Source broad position and transfer quote only; detailed role and buyer-specific production not validated.,Reported fee,Not assessed,https://www.theguardian.com/football/ng-interactive/2026/sep/01/mens-transfer-window-summer-2026-all-deals-from-europes-top-five-leagues,GK
summer-S26-0113,summer,105,S26-0113,Mio Backhaus,Werder Bremen,Freiburg,2026-05-23,12900000.0,GBP,,Goalkeeper — source label,,Evidence needed,"Buyer-specific shot-stopping, distribution, aerial command, sweeping, signing age and total fee evidence are needed before scoring.",Source broad position and transfer quote only; detailed role and buyer-specific production not validated.,Reported fee,Not assessed,https://www.theguardian.com/football/ng-interactive/2026/sep/01/mens-transfer-window-summer-2026-all-deals-from-europes-top-five-leagues,GK
summer-S26-0115,summer,107,S26-0115,Jannik Schuster,Red Bull Salzburg,Brentford,2026-05-15,14000000.0,GBP,,Defender — source label,,Evidence needed,"Buyer-specific role, production, availability, signing age and total fee evidence are needed before assigning a deal-value score.",Source broad position and transfer quote only; detailed role and buyer-specific production not validated.,Reported fee,Not assessed,https://www.theguardian.com/football/ng-interactive/2026/sep/01/mens-transfer-window-summer-2026-all-deals-from-europes-top-five-leagues,DEFENDER_UNCLASSIFIED
summer-S26-0117,summer,108,S26-0117,Cédric Kipré,Reims,Ipswich Town,2026-05-05,1700000.0,GBP,,Defender — source label,,Evidence needed,"Buyer-specific role, production, availability, signing age and total fee evidence are needed before assigning a deal-value score.",Source broad position and transfer quote only; detailed role and buyer-specific production not validated.,Reported fee,Not assessed,https://www.theguardian.com/football/ng-interactive/2026/sep/01/mens-transfer-window-summer-2026-all-deals-from-europes-top-five-leagues,DEFENDER_UNCLASSIFIED
summer-S26-0120,summer,110,S26-0120,Illan Meslier,Leeds United,Arsenal,2026-07-09,,GBP,,Goalkeeper — source label,,Evidence needed,"Buyer-specific shot-stopping, distribution, aerial command, sweeping, signing age and total fee evidence are needed before scoring. A zero base fee does not represent wages or signing costs.",Source broad position and transfer quote only; detailed role and buyer-specific production not validated.,Free transfer,Not assessed,https://www.theguardian.com/football/ng-interactive/2026/sep/01/mens-transfer-window-summer-2026-all-deals-from-europes-top-five-leagues,GK
summer-S26-0121,summer,111,S26-0121,Carter Pinnington,Liverpool,West Bromwich Albion,2026-06-18,,GBP,,Defender — source label,,Evidence needed,"Buyer-specific role, production, availability, signing age and total fee evidence are needed before assigning a deal-value score.",Source broad position and transfer quote only; detailed role and buyer-specific production not validated.,Undisclosed,Not assessed,https://www.theguardian.com/football/ng-interactive/2026/sep/01/mens-transfer-window-summer-2026-all-deals-from-europes-top-five-leagues,DEFENDER_UNCLASSIFIED
summer-S26-0122,summer,112,S26-0122,Robert Wagner,Freiburg,Dynamo Dresden,2026-06-23,700000.0,GBP,,Midfielder — source label,,Evidence needed,"Buyer-specific role, production, availability, signing age and total fee evidence are needed before assigning a deal-value score.",Source broad position and transfer quote only; detailed role and buyer-specific production not validated.,Reported fee,Not assessed,https://www.theguardian.com/football/ng-interactive/2026/sep/01/mens-transfer-window-summer-2026-all-deals-from-europes-top-five-leagues,MIDFIELD_UNCLASSIFIED
summer-S26-0123,summer,113,S26-0123,Iñaki Peña,Barcelona,Panathinaikos,2026-06-23,2600000.0,GBP,,Goalkeeper — source label,,Evidence needed,"Buyer-specific shot-stopping, distribution, aerial command, sweeping, signing age and total fee evidence are needed before scoring.",Source broad position and transfer quote only; detailed role and buyer-specific production not validated.,Reported fee,Not assessed,https://www.theguardian.com/football/ng-interactive/2026/sep/01/mens-transfer-window-summer-2026-all-deals-from-europes-top-five-leagues,GK
summer-S26-0125,summer,115,S26-0125,Martin Dubravka,Burnley,Tottenham Hotspur,2026-06-24,,GBP,,Goalkeeper — source label,,Evidence needed,"Buyer-specific shot-stopping, distribution, aerial command, sweeping, signing age and total fee evidence are needed before scoring. A zero base fee does not represent wages or signing costs.",Source broad position and transfer quote only; detailed role and buyer-specific production not validated.,Free transfer,Not assessed,https://www.theguardian.com/football/ng-interactive/2026/sep/01/mens-transfer-window-summer-2026-all-deals-from-europes-top-five-leagues,GK
summer-S26-0126,summer,116,S26-0126,Maxime Dupé,Nice,Nantes,2026-06-24,,GBP,,Goalkeeper — source label,,Evidence needed,"Buyer-specific shot-stopping, distribution, aerial command, sweeping, signing age and total fee evidence are needed before scoring. A zero base fee does not represent wages or signing costs.",Source broad position and transfer quote only; detailed role and buyer-specific production not validated.,Free transfer,Not assessed,https://www.theguardian.com/football/ng-interactive/2026/sep/01/mens-transfer-window-summer-2026-all-deals-from-europes-top-five-leagues,GK
summer-S26-0128,summer,118,S26-0128,Diogo Sousa,Vitória de Guimarães,Strasbourg,2026-06-24,9500000.0,GBP,,Midfielder — source label,,Evidence needed,"Buyer-specific role, production, availability, signing age and total fee evidence are needed before assigning a deal-value score.",Source broad position and transfer quote only; detailed role and buyer-specific production not validated.,Reported fee,Not assessed,https://www.theguardian.com/football/ng-interactive/2026/sep/01/mens-transfer-window-summer-2026-all-deals-from-europes-top-five-leagues,MIDFIELD_UNCLASSIFIED
summer-S26-0131,summer,120,S26-0131,Henri Koudossou,Augsburg,Arminia Bielefeld,2026-06-25,,GBP,,Defender — source label,,Evidence needed,"Buyer-specific role, production, availability, signing age and total fee evidence are needed before assigning a deal-value score. Loan/swap costs must be treated separately.",Source broad position and transfer quote only; detailed role and buyer-specific production not validated.,Loan fee not stated,Not assessed,https://www.theguardian.com/football/ng-interactive/2026/sep/01/mens-transfer-window-summer-2026-all-deals-from-europes-top-five-leagues,DEFENDER_UNCLASSIFIED
summer-S26-0132,summer,121,S26-0132,Matthew Craig,Tottenham Hotspur,Port Vale,2026-06-25,,GBP,,Midfielder — source label,,Evidence needed,"Buyer-specific role, production, availability, signing age and total fee evidence are needed before assigning a deal-value score.",Source broad position and transfer quote only; detailed role and buyer-specific production not validated.,Undisclosed,Not assessed,https://www.theguardian.com/football/ng-interactive/2026/sep/01/mens-transfer-window-summer-2026-all-deals-from-europes-top-five-leagues,MIDFIELD_UNCLASSIFIED
summer-S26-0133,summer,122,S26-0133,Jacob Slater,Brighton,Tranmere Rovers,2026-06-25,,GBP,,Defender — source label,,Evidence needed,"Buyer-specific role, production, availability, signing age and total fee evidence are needed before assigning a deal-value score. A zero base fee does not represent wages or signing costs.",Source broad position and transfer quote only; detailed role and buyer-specific production not validated.,Free transfer,Not assessed,https://www.theguardian.com/football/ng-interactive/2026/sep/01/mens-transfer-window-summer-2026-all-deals-from-europes-top-five-leagues,DEFENDER_UNCLASSIFIED
summer-S26-0134,summer,123,S26-0134,Noah Darvich,Stuttgart,Elversberg,2026-06-25,,GBP,,Midfielder — source label,,Evidence needed,"Buyer-specific role, production, availability, signing age and total fee evidence are needed before assigning a deal-value score. Loan/swap costs must be treated separately.",Source broad position and transfer quote only; detailed role and buyer-specific production not validated.,Loan fee not stated,Not assessed,https://www.theguardian.com/football/ng-interactive/2026/sep/01/mens-transfer-window-summer-2026-all-deals-from-europes-top-five-leagues,MIDFIELD_UNCLASSIFIED
summer-S26-0136,summer,125,S26-0136,Alessio Besio,Freiburg,Wolfsburg,2026-06-25,,GBP,,Midfielder — source label,,Evidence needed,"Buyer-specific role, production, availability, signing age and total fee evidence are needed before assigning a deal-value score.",Source broad position and transfer quote only; detailed role and buyer-specific production not validated.,Undisclosed,Not assessed,https://www.theguardian.com/football/ng-interactive/2026/sep/01/mens-transfer-window-summer-2026-all-deals-from-europes-top-five-leagues,MIDFIELD_UNCLASSIFIED
summer-S26-0137,summer,126,S26-0137,Michaël Cuisance,Hertha Berlin,Lens,2026-06-26,4300000.0,GBP,,Midfielder — source label,,Evidence needed,"Buyer-specific role, production, availability, signing age and total fee evidence are needed before assigning a deal-value score.",Source broad position and transfer quote only; detailed role and buyer-specific production not validated.,Reported fee,Not assessed,https://www.theguardian.com/football/ng-interactive/2026/sep/01/mens-transfer-window-summer-2026-all-deals-from-europes-top-five-leagues,MIDFIELD_UNCLASSIFIED
summer-S26-0139,summer,128,S26-0139,Nicolas Lemaître,Troyes,Rennes,2026-06-26,,GBP,,Goalkeeper — source label,,Evidence needed,"Buyer-specific shot-stopping, distribution, aerial command, sweeping, signing age and total fee evidence are needed before scoring. A zero base fee does not represent wages or signing costs.",Source broad position and transfer quote only; detailed role and buyer-specific production not validated.,Free transfer,Not assessed,https://www.theguardian.com/football/ng-interactive/2026/sep/01/mens-transfer-window-summer-2026-all-deals-from-europes-top-five-leagues,GK
summer-S26-0141,summer,129,S26-0141,Dariusz Stalmach,Magdeburg,Werder Bremen,2026-06-26,,GBP,,Midfielder — source label,,Evidence needed,"Buyer-specific role, production, availability, signing age and total fee evidence are needed before assigning a deal-value score.",Source broad position and transfer quote only; detailed role and buyer-specific production not validated.,Undisclosed,Not assessed,https://www.theguardian.com/football/ng-interactive/2026/sep/01/mens-transfer-window-summer-2026-all-deals-from-europes-top-five-leagues,MIDFIELD_UNCLASSIFIED
summer-S26-0142,summer,130,S26-0142,Leon Opitz,Werder Bremen,Osnabrück,2026-06-26,,GBP,,Midfielder — source label,,Evidence needed,"Buyer-specific role, production, availability, signing age and total fee evidence are needed before assigning a deal-value score. Loan/swap costs must be treated separately.",Source broad position and transfer quote only; detailed role and buyer-specific production not validated.,Loan fee not stated,Not assessed,https://www.theguardian.com/football/ng-interactive/2026/sep/01/mens-transfer-window-summer-2026-all-deals-from-europes-top-five-leagues,MIDFIELD_UNCLASSIFIED
summer-S26-0144,summer,132,S26-0144,Nahuel Noll,Hoffenheim,Paderborn,2026-06-26,,GBP,,Goalkeeper — source label,,Evidence needed,"Buyer-specific shot-stopping, distribution, aerial command, sweeping, signing age and total fee evidence are needed before scoring. Loan/swap costs must be treated separately.",Source broad position and transfer quote only; detailed role and buyer-specific production not validated.,Loan fee not stated,Not assessed,https://www.theguardian.com/football/ng-interactive/2026/sep/01/mens-transfer-window-summer-2026-all-deals-from-europes-top-five-leagues,GK
summer-S26-0149,summer,137,S26-0149,Charlie McArthur,Newcastle United,York City,2026-06-26,,GBP,,Defender — source label,,Evidence needed,"Buyer-specific role, production, availability, signing age and total fee evidence are needed before assigning a deal-value score. A zero base fee does not represent wages or signing costs.",Source broad position and transfer quote only; detailed role and buyer-specific production not validated.,Free transfer,Not assessed,https://www.theguardian.com/football/ng-interactive/2026/sep/01/mens-transfer-window-summer-2026-all-deals-from-europes-top-five-leagues,DEFENDER_UNCLASSIFIED
summer-S26-0150,summer,138,S26-0150,Zak Johnson,Sunderland,York City,2026-06-26,,GBP,,Defender — source label,,Evidence needed,"Buyer-specific role, production, availability, signing age and total fee evidence are needed before assigning a deal-value score.",Source broad position and transfer quote only; detailed role and buyer-specific production not validated.,Undisclosed,Not assessed,https://www.theguardian.com/football/ng-interactive/2026/sep/01/mens-transfer-window-summer-2026-all-deals-from-europes-top-five-leagues,DEFENDER_UNCLASSIFIED
summer-S26-0151,summer,139,S26-0151,Tiago Pereira Cardoso,Borussia Mönchengladbach,La Louvière,2026-06-27,,GBP,,Goalkeeper — source label,,Evidence needed,"Buyer-specific shot-stopping, distribution, aerial command, sweeping, signing age and total fee evidence are needed before scoring. Loan/swap costs must be treated separately.",Source broad position and transfer quote only; detailed role and buyer-specific production not validated.,Loan fee not stated,Not assessed,https://www.theguardian.com/football/ng-interactive/2026/sep/01/mens-transfer-window-summer-2026-all-deals-from-europes-top-five-leagues,GK
summer-S26-0155,summer,142,S26-0155,Benjamin Cremaschi,Inter Miami,Parma,2026-06-27,3900000.0,GBP,,Midfielder — source label,,Evidence needed,"Buyer-specific role, production, availability, signing age and total fee evidence are needed before assigning a deal-value score.",Source broad position and transfer quote only; detailed role and buyer-specific production not validated.,Reported fee,Not assessed,https://www.theguardian.com/football/ng-interactive/2026/sep/01/mens-transfer-window-summer-2026-all-deals-from-europes-top-five-leagues,MIDFIELD_UNCLASSIFIED
summer-S26-0156,summer,143,S26-0156,Ben Godfrey,Atalanta,Rangers,2026-06-29,,GBP,,Defender — source label,,Evidence needed,"Buyer-specific role, production, availability, signing age and total fee evidence are needed before assigning a deal-value score. Loan/swap costs must be treated separately.",Source broad position and transfer quote only; detailed role and buyer-specific production not validated.,Loan fee not stated,Not assessed,https://www.theguardian.com/football/ng-interactive/2026/sep/01/mens-transfer-window-summer-2026-all-deals-from-europes-top-five-leagues,DEFENDER_UNCLASSIFIED
summer-S26-0157,summer,144,S26-0157,Laszlo Benes,Union Berlin,KAA Gent,2026-06-29,,GBP,,Midfielder — source label,,Evidence needed,"Buyer-specific role, production, availability, signing age and total fee evidence are needed before assigning a deal-value score.",Source broad position and transfer quote only; detailed role and buyer-specific production not validated.,Undisclosed,Not assessed,https://www.theguardian.com/football/ng-interactive/2026/sep/01/mens-transfer-window-summer-2026-all-deals-from-europes-top-five-leagues,MIDFIELD_UNCLASSIFIED
summer-S26-0160,summer,147,S26-0160,Alejandro Grimaldo,Bayer Leverkusen,Atlético Madrid,2026-06-30,19000000.0,GBP,,Defender — source label,,Evidence needed,"Buyer-specific role, production, availability, signing age and total fee evidence are needed before assigning a deal-value score.",Source broad position and transfer quote only; detailed role and buyer-specific production not validated.,Reported fee,Not assessed,https://www.theguardian.com/football/ng-interactive/2026/sep/01/mens-transfer-window-summer-2026-all-deals-from-europes-top-five-leagues,DEFENDER_UNCLASSIFIED
summer-S26-0161,summer,148,S26-0161,Noah Katterbach,Hamburg,Eintracht Frankfurt,2026-06-30,,GBP,,Defender — source label,,Evidence needed,"Buyer-specific role, production, availability, signing age and total fee evidence are needed before assigning a deal-value score. Loan/swap costs must be treated separately.",Source broad position and transfer quote only; detailed role and buyer-specific production not validated.,Loan fee not stated,Not assessed,https://www.theguardian.com/football/ng-interactive/2026/sep/01/mens-transfer-window-summer-2026-all-deals-from-europes-top-five-leagues,DEFENDER_UNCLASSIFIED
summer-S26-0163,summer,150,S26-0163,Javi Galán,Osasuna,Celta Vigo,2026-06-30,,GBP,,Defender — source label,,Evidence needed,"Buyer-specific role, production, availability, signing age and total fee evidence are needed before assigning a deal-value score. A zero base fee does not represent wages or signing costs.",Source broad position and transfer quote only; detailed role and buyer-specific production not validated.,Free transfer,Not assessed,https://www.theguardian.com/football/ng-interactive/2026/sep/01/mens-transfer-window-summer-2026-all-deals-from-europes-top-five-leagues,DEFENDER_UNCLASSIFIED
summer-S26-0165,summer,152,S26-0165,Pascal Struijk,Leeds United,Brighton,2026-06-30,18000000.0,GBP,,Defender — source label,,Evidence needed,"Buyer-specific role, production, availability, signing age and total fee evidence are needed before assigning a deal-value score.",Source broad position and transfer quote only; detailed role and buyer-specific production not validated.,Reported fee,Not assessed,https://www.theguardian.com/football/ng-interactive/2026/sep/01/mens-transfer-window-summer-2026-all-deals-from-europes-top-five-leagues,DEFENDER_UNCLASSIFIED
summer-S26-0166,summer,153,S26-0166,Marco Palestra,Atalanta,Chelsea,2026-07-01,47000000.0,GBP,,Defender — source label,,Evidence needed,"Buyer-specific role, production, availability, signing age and total fee evidence are needed before assigning a deal-value score.",Source broad position and transfer quote only; detailed role and buyer-specific production not validated.,Reported fee,Not assessed,https://www.theguardian.com/football/ng-interactive/2026/sep/01/mens-transfer-window-summer-2026-all-deals-from-europes-top-five-leagues,DEFENDER_UNCLASSIFIED
summer-S26-0170,summer,157,S26-0170,Arthur Piedfort,Westerlo,Auxerre,2026-07-01,4300000.0,GBP,,Midfielder — source label,,Evidence needed,"Buyer-specific role, production, availability, signing age and total fee evidence are needed before assigning a deal-value score.",Source broad position and transfer quote only; detailed role and buyer-specific production not validated.,Reported fee,Not assessed,https://www.theguardian.com/football/ng-interactive/2026/sep/01/mens-transfer-window-summer-2026-all-deals-from-europes-top-five-leagues,MIDFIELD_UNCLASSIFIED
summer-S26-0172,summer,159,S26-0172,Hrvoje Smolcic,Eintracht Frankfurt,Corum,2026-07-01,1300000.0,GBP,,Defender — source label,,Evidence needed,"Buyer-specific role, production, availability, signing age and total fee evidence are needed before assigning a deal-value score.",Source broad position and transfer quote only; detailed role and buyer-specific production not validated.,Reported fee,Not assessed,https://www.theguardian.com/football/ng-interactive/2026/sep/01/mens-transfer-window-summer-2026-all-deals-from-europes-top-five-leagues,DEFENDER_UNCLASSIFIED
summer-S26-0174,summer,161,S26-0174,Giovanni Daffara,Juventus,Parma,2026-07-01,5100000.0,GBP,,Goalkeeper — source label,,Evidence needed,"Buyer-specific shot-stopping, distribution, aerial command, sweeping, signing age and total fee evidence are needed before scoring.",Source broad position and transfer quote only; detailed role and buyer-specific production not validated.,Reported fee,Not assessed,https://www.theguardian.com/football/ng-interactive/2026/sep/01/mens-transfer-window-summer-2026-all-deals-from-europes-top-five-leagues,GK
summer-S26-0175,summer,162,S26-0175,Armel Bella-Kotchap,Verona,Venezia,2026-06-29,7000000.0,GBP,,Defender — source label,,Evidence needed,"Buyer-specific role, production, availability, signing age and total fee evidence are needed before assigning a deal-value score.",Source broad position and transfer quote only; detailed role and buyer-specific production not validated.,Reported fee,Not assessed,https://www.theguardian.com/football/ng-interactive/2026/sep/01/mens-transfer-window-summer-2026-all-deals-from-europes-top-five-leagues,DEFENDER_UNCLASSIFIED
summer-S26-0176,summer,163,S26-0176,Rasmus Kristensen,Eintracht Frankfurt,FC Midtjylland,2026-06-30,5100000.0,GBP,,Defender — source label,,Evidence needed,"Buyer-specific role, production, availability, signing age and total fee evidence are needed before assigning a deal-value score.",Source broad position and transfer quote only; detailed role and buyer-specific production not validated.,Reported fee,Not assessed,https://www.theguardian.com/football/ng-interactive/2026/sep/01/mens-transfer-window-summer-2026-all-deals-from-europes-top-five-leagues,DEFENDER_UNCLASSIFIED
summer-S26-0177,summer,164,S26-0177,Caio Henrique,Monaco,Ajax,2026-06-30,9000000.0,GBP,,Defender — source label,,Evidence needed,"Buyer-specific role, production, availability, signing age and total fee evidence are needed before assigning a deal-value score.",Source broad position and transfer quote only; detailed role and buyer-specific production not validated.,Reported fee,Not assessed,https://www.theguardian.com/football/ng-interactive/2026/sep/01/mens-transfer-window-summer-2026-all-deals-from-europes-top-five-leagues,DEFENDER_UNCLASSIFIED
summer-S26-0178,summer,165,S26-0178,Flávio Nazinho,Cercle Brugge,Monaco,2026-06-30,4300000.0,GBP,,Defender — source label,,Evidence needed,"Buyer-specific role, production, availability, signing age and total fee evidence are needed before assigning a deal-value score.",Source broad position and transfer quote only; detailed role and buyer-specific production not validated.,Reported fee,Not assessed,https://www.theguardian.com/football/ng-interactive/2026/sep/01/mens-transfer-window-summer-2026-all-deals-from-europes-top-five-leagues,DEFENDER_UNCLASSIFIED
summer-S26-0180,summer,167,S26-0180,Stefan de Vrij,Inter,Panathinaikos,2026-06-30,,GBP,,Defender — source label,,Evidence needed,"Buyer-specific role, production, availability, signing age and total fee evidence are needed before assigning a deal-value score. A zero base fee does not represent wages or signing costs.",Source broad position and transfer quote only; detailed role and buyer-specific production not validated.,Free transfer,Not assessed,https://www.theguardian.com/football/ng-interactive/2026/sep/01/mens-transfer-window-summer-2026-all-deals-from-europes-top-five-leagues,DEFENDER_UNCLASSIFIED
summer-S26-0181,summer,168,S26-0181,Clément Lenglet,Atlético Madrid,Benfica,2026-07-01,,GBP,,Defender — source label,,Evidence needed,"Buyer-specific role, production, availability, signing age and total fee evidence are needed before assigning a deal-value score. Loan/swap costs must be treated separately.",Source broad position and transfer quote only; detailed role and buyer-specific production not validated.,Loan fee not stated,Not assessed,https://www.theguardian.com/football/ng-interactive/2026/sep/01/mens-transfer-window-summer-2026-all-deals-from-europes-top-five-leagues,DEFENDER_UNCLASSIFIED
summer-S26-0184,summer,171,S26-0184,Oliver Whatmuff,Manchester City,Stockport County,2026-07-01,,GBP,,Goalkeeper — source label,,Evidence needed,"Buyer-specific shot-stopping, distribution, aerial command, sweeping, signing age and total fee evidence are needed before scoring. Loan/swap costs must be treated separately.",Source broad position and transfer quote only; detailed role and buyer-specific production not validated.,Loan fee not stated,Not assessed,https://www.theguardian.com/football/ng-interactive/2026/sep/01/mens-transfer-window-summer-2026-all-deals-from-europes-top-five-leagues,GK
summer-S26-0185,summer,172,S26-0185,Ethan Brierley,Brentford,Huddersfield,2026-06-30,,GBP,,Midfielder — source label,,Evidence needed,"Buyer-specific role, production, availability, signing age and total fee evidence are needed before assigning a deal-value score.",Source broad position and transfer quote only; detailed role and buyer-specific production not validated.,Undisclosed,Not assessed,https://www.theguardian.com/football/ng-interactive/2026/sep/01/mens-transfer-window-summer-2026-all-deals-from-europes-top-five-leagues,MIDFIELD_UNCLASSIFIED
summer-S26-0186,summer,173,S26-0186,Matty Young,Sunderland,Huddersfield,2026-06-30,,GBP,,Goalkeeper — source label,,Evidence needed,"Buyer-specific shot-stopping, distribution, aerial command, sweeping, signing age and total fee evidence are needed before scoring. Loan/swap costs must be treated separately.",Source broad position and transfer quote only; detailed role and buyer-specific production not validated.,Loan fee not stated,Not assessed,https://www.theguardian.com/football/ng-interactive/2026/sep/01/mens-transfer-window-summer-2026-all-deals-from-europes-top-five-leagues,GK
summer-S26-0187,summer,174,S26-0187,Stanley Nsoki,Hoffenheim,Union Berlin,2026-07-01,,GBP,,Defender — source label,,Evidence needed,"Buyer-specific role, production, availability, signing age and total fee evidence are needed before assigning a deal-value score.",Source broad position and transfer quote only; detailed role and buyer-specific production not validated.,Undisclosed,Not assessed,https://www.theguardian.com/football/ng-interactive/2026/sep/01/mens-transfer-window-summer-2026-all-deals-from-europes-top-five-leagues,DEFENDER_UNCLASSIFIED
summer-S26-0188,summer,175,S26-0188,Alessandro Romano,Roma,Cagliari,2026-07-01,,GBP,,Midfielder — source label,,Evidence needed,"Buyer-specific role, production, availability, signing age and total fee evidence are needed before assigning a deal-value score. Loan/swap costs must be treated separately.",Source broad position and transfer quote only; detailed role and buyer-specific production not validated.,Loan fee not stated,Not assessed,https://www.theguardian.com/football/ng-interactive/2026/sep/01/mens-transfer-window-summer-2026-all-deals-from-europes-top-five-leagues,MIDFIELD_UNCLASSIFIED
summer-S26-0189,summer,176,S26-0189,Fodé Sylla,Lens,Sion,2026-07-01,,GBP,,Midfielder — source label,,Evidence needed,"Buyer-specific role, production, availability, signing age and total fee evidence are needed before assigning a deal-value score.",Source broad position and transfer quote only; detailed role and buyer-specific production not validated.,Undisclosed,Not assessed,https://www.theguardian.com/football/ng-interactive/2026/sep/01/mens-transfer-window-summer-2026-all-deals-from-europes-top-five-leagues,MIDFIELD_UNCLASSIFIED
summer-S26-0190,summer,177,S26-0190,Thórir Jóhann Helgason,Lecce,Venezia,2026-07-01,,GBP,,Midfielder — source label,,Evidence needed,"Buyer-specific role, production, availability, signing age and total fee evidence are needed before assigning a deal-value score. A zero base fee does not represent wages or signing costs.",Source broad position and transfer quote only; detailed role and buyer-specific production not validated.,Free transfer,Not assessed,https://www.theguardian.com/football/ng-interactive/2026/sep/01/mens-transfer-window-summer-2026-all-deals-from-europes-top-five-leagues,MIDFIELD_UNCLASSIFIED
summer-S26-0191,summer,178,S26-0191,Akin Famewo,Hull City,Bolton,2026-06-30,,GBP,,Defender — source label,,Evidence needed,"Buyer-specific role, production, availability, signing age and total fee evidence are needed before assigning a deal-value score.",Source broad position and transfer quote only; detailed role and buyer-specific production not validated.,Undisclosed,Not assessed,https://www.theguardian.com/football/ng-interactive/2026/sep/01/mens-transfer-window-summer-2026-all-deals-from-europes-top-five-leagues,DEFENDER_UNCLASSIFIED
summer-S26-0193,summer,180,S26-0193,Ivor Pandur,Hull City,Rangers,2026-06-30,6000000.0,GBP,,Goalkeeper — source label,,Evidence needed,"Buyer-specific shot-stopping, distribution, aerial command, sweeping, signing age and total fee evidence are needed before scoring.",Source broad position and transfer quote only; detailed role and buyer-specific production not validated.,Reported fee,Not assessed,https://www.theguardian.com/football/ng-interactive/2026/sep/01/mens-transfer-window-summer-2026-all-deals-from-europes-top-five-leagues,GK
summer-S26-0194,summer,181,S26-0194,Franz-Ethan Meichtry,Thun,Genoa,2026-06-30,3400000.0,GBP,,Midfielder — source label,,Evidence needed,"Buyer-specific role, production, availability, signing age and total fee evidence are needed before assigning a deal-value score.",Source broad position and transfer quote only; detailed role and buyer-specific production not validated.,Reported fee,Not assessed,https://www.theguardian.com/football/ng-interactive/2026/sep/01/mens-transfer-window-summer-2026-all-deals-from-europes-top-five-leagues,MIDFIELD_UNCLASSIFIED
summer-S26-0197,summer,183,S26-0197,Jack Butland,Rangers,Hull City,2026-07-02,3500000.0,GBP,,Goalkeeper — source label,,Evidence needed,"Buyer-specific shot-stopping, distribution, aerial command, sweeping, signing age and total fee evidence are needed before scoring.",Source broad position and transfer quote only; detailed role and buyer-specific production not validated.,Reported fee,Not assessed,https://www.theguardian.com/football/ng-interactive/2026/sep/01/mens-transfer-window-summer-2026-all-deals-from-europes-top-five-leagues,GK
summer-S26-0198,summer,184,S26-0198,Thierry Correia,Valencia,Venezia,2026-07-02,,GBP,,Defender — source label,,Evidence needed,"Buyer-specific role, production, availability, signing age and total fee evidence are needed before assigning a deal-value score. A zero base fee does not represent wages or signing costs.",Source broad position and transfer quote only; detailed role and buyer-specific production not validated.,Free transfer,Not assessed,https://www.theguardian.com/football/ng-interactive/2026/sep/01/mens-transfer-window-summer-2026-all-deals-from-europes-top-five-leagues,DEFENDER_UNCLASSIFIED
summer-S26-0201,summer,186,S26-0201,Michael Svoboda,Venezia,Brighton,2026-07-02,4300000.0,GBP,,Defender — source label,,Evidence needed,"Buyer-specific role, production, availability, signing age and total fee evidence are needed before assigning a deal-value score.",Source broad position and transfer quote only; detailed role and buyer-specific production not validated.,Reported fee,Not assessed,https://www.theguardian.com/football/ng-interactive/2026/sep/01/mens-transfer-window-summer-2026-all-deals-from-europes-top-five-leagues,DEFENDER_UNCLASSIFIED
summer-S26-0202,summer,187,S26-0202,Kaiki,Cruzeiro,Como 1907,2026-07-02,,GBP,,Defender — source label,,Evidence needed,"Buyer-specific role, production, availability, signing age and total fee evidence are needed before assigning a deal-value score. Loan/swap costs must be treated separately.",Source broad position and transfer quote only; detailed role and buyer-specific production not validated.,Loan fee not stated,Not assessed,https://www.theguardian.com/football/ng-interactive/2026/sep/01/mens-transfer-window-summer-2026-all-deals-from-europes-top-five-leagues,DEFENDER_UNCLASSIFIED
summer-S26-0203,summer,188,S26-0203,Luca Stephenson,Liverpool,Bolton,2026-07-02,,GBP,,Defender — source label,,Evidence needed,"Buyer-specific role, production, availability, signing age and total fee evidence are needed before assigning a deal-value score.",Source broad position and transfer quote only; detailed role and buyer-specific production not validated.,Undisclosed,Not assessed,https://www.theguardian.com/football/ng-interactive/2026/sep/01/mens-transfer-window-summer-2026-all-deals-from-europes-top-five-leagues,DEFENDER_UNCLASSIFIED
summer-S26-0204,summer,189,S26-0204,Sil Swinkels,Aston Villa,Sheffield Wednesday,2026-07-02,,GBP,,Defender — source label,,Evidence needed,"Buyer-specific role, production, availability, signing age and total fee evidence are needed before assigning a deal-value score.",Source broad position and transfer quote only; detailed role and buyer-specific production not validated.,Undisclosed,Not assessed,https://www.theguardian.com/football/ng-interactive/2026/sep/01/mens-transfer-window-summer-2026-all-deals-from-europes-top-five-leagues,DEFENDER_UNCLASSIFIED
summer-S26-0205,summer,190,S26-0205,Isaac Smith,Manchester City,Barnsley,2026-07-02,,GBP,,Defender — source label,,Evidence needed,"Buyer-specific role, production, availability, signing age and total fee evidence are needed before assigning a deal-value score.",Source broad position and transfer quote only; detailed role and buyer-specific production not validated.,Undisclosed,Not assessed,https://www.theguardian.com/football/ng-interactive/2026/sep/01/mens-transfer-window-summer-2026-all-deals-from-europes-top-five-leagues,DEFENDER_UNCLASSIFIED
summer-S26-0212,summer,197,S26-0212,Léo Pétrot,Elche,Anderlecht,2026-07-02,,GBP,,Defender — source label,,Evidence needed,"Buyer-specific role, production, availability, signing age and total fee evidence are needed before assigning a deal-value score. A zero base fee does not represent wages or signing costs.",Source broad position and transfer quote only; detailed role and buyer-specific production not validated.,Free transfer,Not assessed,https://www.theguardian.com/football/ng-interactive/2026/sep/01/mens-transfer-window-summer-2026-all-deals-from-europes-top-five-leagues,DEFENDER_UNCLASSIFIED
summer-S26-0213,summer,198,S26-0213,Samuel Wiafe,Modena,Genoa,2026-07-02,2100000.0,GBP,,Midfielder — source label,,Evidence needed,"Buyer-specific role, production, availability, signing age and total fee evidence are needed before assigning a deal-value score.",Source broad position and transfer quote only; detailed role and buyer-specific production not validated.,Reported fee,Not assessed,https://www.theguardian.com/football/ng-interactive/2026/sep/01/mens-transfer-window-summer-2026-all-deals-from-europes-top-five-leagues,MIDFIELD_UNCLASSIFIED
summer-S26-0214,summer,199,S26-0214,David Puczka,Juventus,Genoa,2026-07-02,5100000.0,GBP,,Defender — source label,,Evidence needed,"Buyer-specific role, production, availability, signing age and total fee evidence are needed before assigning a deal-value score.",Source broad position and transfer quote only; detailed role and buyer-specific production not validated.,Reported fee,Not assessed,https://www.theguardian.com/football/ng-interactive/2026/sep/01/mens-transfer-window-summer-2026-all-deals-from-europes-top-five-leagues,DEFENDER_UNCLASSIFIED
summer-S26-0215,summer,200,S26-0215,Leonardo Consiglio,Genoa,Modena,2026-07-02,,GBP,,Goalkeeper — source label,,Evidence needed,"Buyer-specific shot-stopping, distribution, aerial command, sweeping, signing age and total fee evidence are needed before scoring.",Source broad position and transfer quote only; detailed role and buyer-specific production not validated.,Undisclosed,Not assessed,https://www.theguardian.com/football/ng-interactive/2026/sep/01/mens-transfer-window-summer-2026-all-deals-from-europes-top-five-leagues,GK
summer-S26-0216,summer,201,S26-0216,Martino Odero,Genoa,Modena,2026-07-02,,GBP,,Defender — source label,,Evidence needed,"Buyer-specific role, production, availability, signing age and total fee evidence are needed before assigning a deal-value score.",Source broad position and transfer quote only; detailed role and buyer-specific production not validated.,Undisclosed,Not assessed,https://www.theguardian.com/football/ng-interactive/2026/sep/01/mens-transfer-window-summer-2026-all-deals-from-europes-top-five-leagues,DEFENDER_UNCLASSIFIED
summer-S26-0217,summer,202,S26-0217,Brais Méndez,Real Sociedad,Columbus Crew,2026-07-02,5100000.0,GBP,,Midfielder — source label,,Evidence needed,"Buyer-specific role, production, availability, signing age and total fee evidence are needed before assigning a deal-value score.",Source broad position and transfer quote only; detailed role and buyer-specific production not validated.,Reported fee,Not assessed,https://www.theguardian.com/football/ng-interactive/2026/sep/01/mens-transfer-window-summer-2026-all-deals-from-europes-top-five-leagues,MIDFIELD_UNCLASSIFIED
summer-S26-0219,summer,204,S26-0219,Luka Lochoshvili,Nuremberg,Cologne,2026-07-02,3900000.0,GBP,,Defender — source label,,Evidence needed,"Buyer-specific role, production, availability, signing age and total fee evidence are needed before assigning a deal-value score.",Source broad position and transfer quote only; detailed role and buyer-specific production not validated.,Reported fee,Not assessed,https://www.theguardian.com/football/ng-interactive/2026/sep/01/mens-transfer-window-summer-2026-all-deals-from-europes-top-five-leagues,DEFENDER_UNCLASSIFIED
summer-S26-0220,summer,205,S26-0220,Franco Carboni,Inter,Parma,2026-07-02,,GBP,,Defender — source label,,Evidence needed,"Buyer-specific role, production, availability, signing age and total fee evidence are needed before assigning a deal-value score.",Source broad position and transfer quote only; detailed role and buyer-specific production not validated.,Undisclosed,Not assessed,https://www.theguardian.com/football/ng-interactive/2026/sep/01/mens-transfer-window-summer-2026-all-deals-from-europes-top-five-leagues,DEFENDER_UNCLASSIFIED
summer-S26-0221,summer,206,S26-0221,Kassoum Ouattara,Monaco,Besiktas,2026-07-02,6900000.0,GBP,,Defender — source label,,Evidence needed,"Buyer-specific role, production, availability, signing age and total fee evidence are needed before assigning a deal-value score.",Source broad position and transfer quote only; detailed role and buyer-specific production not validated.,Reported fee,Not assessed,https://www.theguardian.com/football/ng-interactive/2026/sep/01/mens-transfer-window-summer-2026-all-deals-from-europes-top-five-leagues,DEFENDER_UNCLASSIFIED
summer-S26-0222,summer,207,S26-0222,Luis Milla,Getafe,Como 1907,2026-07-02,5100000.0,GBP,,Midfielder — source label,,Evidence needed,"Buyer-specific role, production, availability, signing age and total fee evidence are needed before assigning a deal-value score.",Source broad position and transfer quote only; detailed role and buyer-specific production not validated.,Reported fee,Not assessed,https://www.theguardian.com/football/ng-interactive/2026/sep/01/mens-transfer-window-summer-2026-all-deals-from-europes-top-five-leagues,MIDFIELD_UNCLASSIFIED
summer-S26-0224,summer,209,S26-0224,Rafael Fernandes,Lille,Marítimo,2026-07-02,,GBP,,Defender — source label,,Evidence needed,"Buyer-specific role, production, availability, signing age and total fee evidence are needed before assigning a deal-value score. Loan/swap costs must be treated separately.",Source broad position and transfer quote only; detailed role and buyer-specific production not validated.,Loan fee not stated,Not assessed,https://www.theguardian.com/football/ng-interactive/2026/sep/01/mens-transfer-window-summer-2026-all-deals-from-europes-top-five-leagues,DEFENDER_UNCLASSIFIED
summer-S26-0225,summer,210,S26-0225,Alfonso Espino,Rayo Vallecano,Racing Club,2026-07-02,,GBP,,Defender — source label,,Evidence needed,"Buyer-specific role, production, availability, signing age and total fee evidence are needed before assigning a deal-value score. A zero base fee does not represent wages or signing costs.",Source broad position and transfer quote only; detailed role and buyer-specific production not validated.,Free transfer,Not assessed,https://www.theguardian.com/football/ng-interactive/2026/sep/01/mens-transfer-window-summer-2026-all-deals-from-europes-top-five-leagues,DEFENDER_UNCLASSIFIED
summer-S26-0226,summer,211,S26-0226,Ota Yamamoto,Kashiwa Reysol,RB Leipzig,2026-06-30,400000.0,GBP,,Midfielder — source label,,Evidence needed,"Buyer-specific role, production, availability, signing age and total fee evidence are needed before assigning a deal-value score.",Source broad position and transfer quote only; detailed role and buyer-specific production not validated.,Reported fee,Not assessed,https://www.theguardian.com/football/ng-interactive/2026/sep/01/mens-transfer-window-summer-2026-all-deals-from-europes-top-five-leagues,MIDFIELD_UNCLASSIFIED
summer-S26-0227,summer,212,S26-0227,Ota Yamamoto,RB Leipzig,RB Omiya Ardija,2026-06-30,,GBP,,Midfielder — source label,,Evidence needed,"Buyer-specific role, production, availability, signing age and total fee evidence are needed before assigning a deal-value score. Loan/swap costs must be treated separately.",Source broad position and transfer quote only; detailed role and buyer-specific production not validated.,Loan fee not stated,Not assessed,https://www.theguardian.com/football/ng-interactive/2026/sep/01/mens-transfer-window-summer-2026-all-deals-from-europes-top-five-leagues,MIDFIELD_UNCLASSIFIED
summer-S26-0230,summer,215,S26-0230,Dani Pérez,Real Betis,Real Valladolid,2026-07-02,,GBP,,Midfielder — source label,,Evidence needed,"Buyer-specific role, production, availability, signing age and total fee evidence are needed before assigning a deal-value score. A zero base fee does not represent wages or signing costs.",Source broad position and transfer quote only; detailed role and buyer-specific production not validated.,Free transfer,Not assessed,https://www.theguardian.com/football/ng-interactive/2026/sep/01/mens-transfer-window-summer-2026-all-deals-from-europes-top-five-leagues,MIDFIELD_UNCLASSIFIED
summer-S26-0231,summer,216,S26-0231,James Debayo,Hull City,Swindon Town,2026-07-02,,GBP,,Defender — source label,,Evidence needed,"Buyer-specific role, production, availability, signing age and total fee evidence are needed before assigning a deal-value score. Loan/swap costs must be treated separately.",Source broad position and transfer quote only; detailed role and buyer-specific production not validated.,Loan fee not stated,Not assessed,https://www.theguardian.com/football/ng-interactive/2026/sep/01/mens-transfer-window-summer-2026-all-deals-from-europes-top-five-leagues,DEFENDER_UNCLASSIFIED
summer-S26-0232,summer,217,S26-0232,Nathaniel Brown,Eintracht Frankfurt,Bayern Munich,2026-07-03,42900000.0,GBP,,Defender — source label,,Evidence needed,"Buyer-specific role, production, availability, signing age and total fee evidence are needed before assigning a deal-value score.",Source broad position and transfer quote only; detailed role and buyer-specific production not validated.,Reported fee,Not assessed,https://www.theguardian.com/football/ng-interactive/2026/sep/01/mens-transfer-window-summer-2026-all-deals-from-europes-top-five-leagues,DEFENDER_UNCLASSIFIED
summer-S26-0233,summer,218,S26-0233,Alfonso Pedraza,Villarreal,Lazio,2026-07-03,,GBP,,Defender — source label,,Evidence needed,"Buyer-specific role, production, availability, signing age and total fee evidence are needed before assigning a deal-value score. A zero base fee does not represent wages or signing costs.",Source broad position and transfer quote only; detailed role and buyer-specific production not validated.,Free transfer,Not assessed,https://www.theguardian.com/football/ng-interactive/2026/sep/01/mens-transfer-window-summer-2026-all-deals-from-europes-top-five-leagues,DEFENDER_UNCLASSIFIED
summer-S26-0234,summer,219,S26-0234,Cédric Zesiger,Augsburg,Young Boys,2026-07-03,4300000.0,GBP,,Defender — source label,,Evidence needed,"Buyer-specific role, production, availability, signing age and total fee evidence are needed before assigning a deal-value score.",Source broad position and transfer quote only; detailed role and buyer-specific production not validated.,Reported fee,Not assessed,https://www.theguardian.com/football/ng-interactive/2026/sep/01/mens-transfer-window-summer-2026-all-deals-from-europes-top-five-leagues,DEFENDER_UNCLASSIFIED
summer-S26-0236,summer,221,S26-0236,David Colina,Augsburg,Zaglebie Lubin,2026-07-03,300000.0,GBP,,Defender — source label,,Evidence needed,"Buyer-specific role, production, availability, signing age and total fee evidence are needed before assigning a deal-value score.",Source broad position and transfer quote only; detailed role and buyer-specific production not validated.,Reported fee,Not assessed,https://www.theguardian.com/football/ng-interactive/2026/sep/01/mens-transfer-window-summer-2026-all-deals-from-europes-top-five-leagues,DEFENDER_UNCLASSIFIED
summer-S26-0238,summer,223,S26-0238,Bennit Bröger,Paderborn,Fortuna Cologne,2026-07-03,,GBP,,Midfielder — source label,,Evidence needed,"Buyer-specific role, production, availability, signing age and total fee evidence are needed before assigning a deal-value score. Loan/swap costs must be treated separately.",Source broad position and transfer quote only; detailed role and buyer-specific production not validated.,Loan fee not stated,Not assessed,https://www.theguardian.com/football/ng-interactive/2026/sep/01/mens-transfer-window-summer-2026-all-deals-from-europes-top-five-leagues,MIDFIELD_UNCLASSIFIED
summer-S26-0239,summer,224,S26-0239,Jacopo Mirra,Roma,Atalanta,2026-07-03,,GBP,,Defender — source label,,Evidence needed,"Buyer-specific role, production, availability, signing age and total fee evidence are needed before assigning a deal-value score. A zero base fee does not represent wages or signing costs.",Source broad position and transfer quote only; detailed role and buyer-specific production not validated.,Free transfer,Not assessed,https://www.theguardian.com/football/ng-interactive/2026/sep/01/mens-transfer-window-summer-2026-all-deals-from-europes-top-five-leagues,DEFENDER_UNCLASSIFIED
summer-S26-0240,summer,225,S26-0240,Mohamed Ouédraogo,SCR Altach,Lyon,2026-07-03,1900000.0,GBP,,Defender — source label,,Evidence needed,"Buyer-specific role, production, availability, signing age and total fee evidence are needed before assigning a deal-value score.",Source broad position and transfer quote only; detailed role and buyer-specific production not validated.,Reported fee,Not assessed,https://www.theguardian.com/football/ng-interactive/2026/sep/01/mens-transfer-window-summer-2026-all-deals-from-europes-top-five-leagues,DEFENDER_UNCLASSIFIED
summer-S26-0241,summer,226,S26-0241,Diego Kochen,Barcelona,Lyngby,2026-07-03,,GBP,,Goalkeeper — source label,,Evidence needed,"Buyer-specific shot-stopping, distribution, aerial command, sweeping, signing age and total fee evidence are needed before scoring. Loan/swap costs must be treated separately.",Source broad position and transfer quote only; detailed role and buyer-specific production not validated.,Loan fee not stated,Not assessed,https://www.theguardian.com/football/ng-interactive/2026/sep/01/mens-transfer-window-summer-2026-all-deals-from-europes-top-five-leagues,GK
summer-S26-0242,summer,227,S26-0242,Leo Román,Mallorca,Deportivo La Coruña,2026-07-03,7700000.0,GBP,,Goalkeeper — source label,,Evidence needed,"Buyer-specific shot-stopping, distribution, aerial command, sweeping, signing age and total fee evidence are needed before scoring.",Source broad position and transfer quote only; detailed role and buyer-specific production not validated.,Reported fee,Not assessed,https://www.theguardian.com/football/ng-interactive/2026/sep/01/mens-transfer-window-summer-2026-all-deals-from-europes-top-five-leagues,GK
summer-S26-0243,summer,228,S26-0243,Nathan Aké,Manchester City,Fenerbahce,2026-07-04,7000000.0,GBP,,Defender — source label,,Evidence needed,"Buyer-specific role, production, availability, signing age and total fee evidence are needed before assigning a deal-value score.",Source broad position and transfer quote only; detailed role and buyer-specific production not validated.,Reported fee,Not assessed,https://www.theguardian.com/football/ng-interactive/2026/sep/01/mens-transfer-window-summer-2026-all-deals-from-europes-top-five-leagues,DEFENDER_UNCLASSIFIED
summer-S26-0244,summer,229,S26-0244,Benjamin Brantlind,IFK Göteborg,Strasbourg,2026-07-04,900000.0,GBP,,Midfielder — source label,,Evidence needed,"Buyer-specific role, production, availability, signing age and total fee evidence are needed before assigning a deal-value score.",Source broad position and transfer quote only; detailed role and buyer-specific production not validated.,Reported fee,Not assessed,https://www.theguardian.com/football/ng-interactive/2026/sep/01/mens-transfer-window-summer-2026-all-deals-from-europes-top-five-leagues,MIDFIELD_UNCLASSIFIED
summer-S26-0245,summer,230,S26-0245,Kasey Palmer,Hull City,Luton Town,2026-07-04,,GBP,,Midfielder — source label,,Evidence needed,"Buyer-specific role, production, availability, signing age and total fee evidence are needed before assigning a deal-value score.",Source broad position and transfer quote only; detailed role and buyer-specific production not validated.,Undisclosed,Not assessed,https://www.theguardian.com/football/ng-interactive/2026/sep/01/mens-transfer-window-summer-2026-all-deals-from-europes-top-five-leagues,MIDFIELD_UNCLASSIFIED
summer-S26-0247,summer,232,S26-0247,Tommaso Cassandro,Como 1907,Palermo,2026-07-04,,GBP,,Defender — source label,,Evidence needed,"Buyer-specific role, production, availability, signing age and total fee evidence are needed before assigning a deal-value score.",Source broad position and transfer quote only; detailed role and buyer-specific production not validated.,Undisclosed,Not assessed,https://www.theguardian.com/football/ng-interactive/2026/sep/01/mens-transfer-window-summer-2026-all-deals-from-europes-top-five-leagues,DEFENDER_UNCLASSIFIED
summer-S26-0249,summer,234,S26-0249,Leonardo Baroncelli,Fiorentina,Gubbio,2026-07-04,,GBP,,Defender — source label,,Evidence needed,"Buyer-specific role, production, availability, signing age and total fee evidence are needed before assigning a deal-value score.",Source broad position and transfer quote only; detailed role and buyer-specific production not validated.,Undisclosed,Not assessed,https://www.theguardian.com/football/ng-interactive/2026/sep/01/mens-transfer-window-summer-2026-all-deals-from-europes-top-five-leagues,DEFENDER_UNCLASSIFIED
summer-S26-0250,summer,235,S26-0250,Denzel Dumfries,Inter,Real Madrid,2026-07-05,17100000.0,GBP,,Defender — source label,,Evidence needed,"Buyer-specific role, production, availability, signing age and total fee evidence are needed before assigning a deal-value score.",Source broad position and transfer quote only; detailed role and buyer-specific production not validated.,Reported fee,Not assessed,https://www.theguardian.com/football/ng-interactive/2026/sep/01/mens-transfer-window-summer-2026-all-deals-from-europes-top-five-leagues,DEFENDER_UNCLASSIFIED
summer-S26-0254,summer,238,S26-0254,Lasse Riess,Mainz 05,Fortuna Düsseldorf,2026-07-06,,GBP,,Goalkeeper — source label,,Evidence needed,"Buyer-specific shot-stopping, distribution, aerial command, sweeping, signing age and total fee evidence are needed before scoring. Loan/swap costs must be treated separately.",Source broad position and transfer quote only; detailed role and buyer-specific production not validated.,Loan fee not stated,Not assessed,https://www.theguardian.com/football/ng-interactive/2026/sep/01/mens-transfer-window-summer-2026-all-deals-from-europes-top-five-leagues,GK
summer-S26-0255,summer,239,S26-0255,Oliver Sorg,Augsburg,SV Ried,2026-07-06,,GBP,,Defender — source label,,Evidence needed,"Buyer-specific role, production, availability, signing age and total fee evidence are needed before assigning a deal-value score.",Source broad position and transfer quote only; detailed role and buyer-specific production not validated.,Undisclosed,Not assessed,https://www.theguardian.com/football/ng-interactive/2026/sep/01/mens-transfer-window-summer-2026-all-deals-from-europes-top-five-leagues,DEFENDER_UNCLASSIFIED
summer-S26-0257,summer,241,S26-0257,Giorgi Chakvetadze,Watford,Udinese,2026-07-06,,GBP,,Midfielder — source label,,Evidence needed,"Buyer-specific role, production, availability, signing age and total fee evidence are needed before assigning a deal-value score.",Source broad position and transfer quote only; detailed role and buyer-specific production not validated.,Undisclosed,Not assessed,https://www.theguardian.com/football/ng-interactive/2026/sep/01/mens-transfer-window-summer-2026-all-deals-from-europes-top-five-leagues,MIDFIELD_UNCLASSIFIED
summer-S26-0258,summer,242,S26-0258,Zaid Romero,Club Brugge,Getafe,2026-07-06,5100000.0,GBP,,Defender — source label,,Evidence needed,"Buyer-specific role, production, availability, signing age and total fee evidence are needed before assigning a deal-value score.",Source broad position and transfer quote only; detailed role and buyer-specific production not validated.,Reported fee,Not assessed,https://www.theguardian.com/football/ng-interactive/2026/sep/01/mens-transfer-window-summer-2026-all-deals-from-europes-top-five-leagues,DEFENDER_UNCLASSIFIED
summer-S26-0259,summer,243,S26-0259,Alessandro Longoni,Milan,Paris Saint-Germain,2026-07-06,,GBP,,Goalkeeper — source label,,Evidence needed,"Buyer-specific shot-stopping, distribution, aerial command, sweeping, signing age and total fee evidence are needed before scoring. A zero base fee does not represent wages or signing costs.",Source broad position and transfer quote only; detailed role and buyer-specific production not validated.,Free transfer,Not assessed,https://www.theguardian.com/football/ng-interactive/2026/sep/01/mens-transfer-window-summer-2026-all-deals-from-europes-top-five-leagues,GK
summer-S26-0260,summer,244,S26-0260,Milosz Piekutowski,Jagiellonia,Strasbourg,2026-07-06,,GBP,,Goalkeeper — source label,,Evidence needed,"Buyer-specific shot-stopping, distribution, aerial command, sweeping, signing age and total fee evidence are needed before scoring. A zero base fee does not represent wages or signing costs.",Source broad position and transfer quote only; detailed role and buyer-specific production not validated.,Free transfer,Not assessed,https://www.theguardian.com/football/ng-interactive/2026/sep/01/mens-transfer-window-summer-2026-all-deals-from-europes-top-five-leagues,GK
summer-S26-0262,summer,246,S26-0262,Felipe Sánchez,Schalke 04,Santos Laguna,2026-07-05,,GBP,,Defender — source label,,Evidence needed,"Buyer-specific role, production, availability, signing age and total fee evidence are needed before assigning a deal-value score. Loan/swap costs must be treated separately.",Source broad position and transfer quote only; detailed role and buyer-specific production not validated.,Loan fee not stated,Not assessed,https://www.theguardian.com/football/ng-interactive/2026/sep/01/mens-transfer-window-summer-2026-all-deals-from-europes-top-five-leagues,DEFENDER_UNCLASSIFIED
summer-S26-0263,summer,247,S26-0263,Facundo Bernal,Fluminense,Real Betis,2026-07-06,8900000.0,GBP,,Midfielder — source label,,Evidence needed,"Buyer-specific role, production, availability, signing age and total fee evidence are needed before assigning a deal-value score.",Source broad position and transfer quote only; detailed role and buyer-specific production not validated.,Reported fee,Not assessed,https://www.theguardian.com/football/ng-interactive/2026/sep/01/mens-transfer-window-summer-2026-all-deals-from-europes-top-five-leagues,MIDFIELD_UNCLASSIFIED
summer-S26-0265,summer,249,S26-0265,Mamadou Diop,Grenoble,Auxerre,2026-07-06,1700000.0,GBP,,Goalkeeper — source label,,Evidence needed,"Buyer-specific shot-stopping, distribution, aerial command, sweeping, signing age and total fee evidence are needed before scoring.",Source broad position and transfer quote only; detailed role and buyer-specific production not validated.,Reported fee,Not assessed,https://www.theguardian.com/football/ng-interactive/2026/sep/01/mens-transfer-window-summer-2026-all-deals-from-europes-top-five-leagues,GK
summer-S26-0267,summer,251,S26-0267,Quilindschy Hartman,Burnley,Espanyol,2026-07-07,,GBP,,Defender — source label,,Evidence needed,"Buyer-specific role, production, availability, signing age and total fee evidence are needed before assigning a deal-value score. Loan/swap costs must be treated separately.",Source broad position and transfer quote only; detailed role and buyer-specific production not validated.,Loan fee not stated,Not assessed,https://www.theguardian.com/football/ng-interactive/2026/sep/01/mens-transfer-window-summer-2026-all-deals-from-europes-top-five-leagues,DEFENDER_UNCLASSIFIED
summer-S26-0271,summer,255,S26-0271,Ryunosuke Sato,FC Tokyo,Valencia,2026-07-07,,GBP,,Midfielder — source label,,Evidence needed,"Buyer-specific role, production, availability, signing age and total fee evidence are needed before assigning a deal-value score.",Source broad position and transfer quote only; detailed role and buyer-specific production not validated.,Undisclosed,Not assessed,https://www.theguardian.com/football/ng-interactive/2026/sep/01/mens-transfer-window-summer-2026-all-deals-from-europes-top-five-leagues,MIDFIELD_UNCLASSIFIED
summer-S26-0272,summer,256,S26-0272,Kaito Mizuta,RW Essen,Le Havre,2026-07-07,,GBP,,Midfielder — source label,,Evidence needed,"Buyer-specific role, production, availability, signing age and total fee evidence are needed before assigning a deal-value score. A zero base fee does not represent wages or signing costs.",Source broad position and transfer quote only; detailed role and buyer-specific production not validated.,Free transfer,Not assessed,https://www.theguardian.com/football/ng-interactive/2026/sep/01/mens-transfer-window-summer-2026-all-deals-from-europes-top-five-leagues,MIDFIELD_UNCLASSIFIED
summer-S26-0273,summer,257,S26-0273,Leon Goretzka,Bayern Munich,Aston Villa,2026-08-27,,GBP,,Midfielder — source label,,Evidence needed,"Buyer-specific role, production, availability, signing age and total fee evidence are needed before assigning a deal-value score. A zero base fee does not represent wages or signing costs.",Source broad position and transfer quote only; detailed role and buyer-specific production not validated.,Free transfer,Not assessed,https://www.theguardian.com/football/ng-interactive/2026/sep/01/mens-transfer-window-summer-2026-all-deals-from-europes-top-five-leagues,MIDFIELD_UNCLASSIFIED
summer-S26-0274,summer,258,S26-0274,Bright Ede,Motor Lublin,Deportivo La Coruña,2026-07-07,400000.0,GBP,,Defender — source label,,Evidence needed,"Buyer-specific role, production, availability, signing age and total fee evidence are needed before assigning a deal-value score.",Source broad position and transfer quote only; detailed role and buyer-specific production not validated.,Reported fee,Not assessed,https://www.theguardian.com/football/ng-interactive/2026/sep/01/mens-transfer-window-summer-2026-all-deals-from-europes-top-five-leagues,DEFENDER_UNCLASSIFIED
summer-S26-0277,summer,261,S26-0277,Radu Dragusin,Tottenham Hotspur,Fiorentina,2026-07-08,,GBP,,Defender — source label,,Evidence needed,"Buyer-specific role, production, availability, signing age and total fee evidence are needed before assigning a deal-value score. Loan/swap costs must be treated separately.",Source broad position and transfer quote only; detailed role and buyer-specific production not validated.,Loan fee not stated,Not assessed,https://www.theguardian.com/football/ng-interactive/2026/sep/01/mens-transfer-window-summer-2026-all-deals-from-europes-top-five-leagues,DEFENDER_UNCLASSIFIED
summer-S26-0280,summer,264,S26-0280,Fran García,Real Madrid,Real Betis,2026-07-08,3200000.0,GBP,,Defender — source label,,Evidence needed,"Buyer-specific role, production, availability, signing age and total fee evidence are needed before assigning a deal-value score.",Source broad position and transfer quote only; detailed role and buyer-specific production not validated.,Reported fee,Not assessed,https://www.theguardian.com/football/ng-interactive/2026/sep/01/mens-transfer-window-summer-2026-all-deals-from-europes-top-five-leagues,DEFENDER_UNCLASSIFIED
summer-S26-0281,summer,265,S26-0281,Rasmus Carstensen,Cologne,AGF,2026-07-08,,GBP,,Midfielder — source label,,Evidence needed,"Buyer-specific role, production, availability, signing age and total fee evidence are needed before assigning a deal-value score.",Source broad position and transfer quote only; detailed role and buyer-specific production not validated.,Undisclosed,Not assessed,https://www.theguardian.com/football/ng-interactive/2026/sep/01/mens-transfer-window-summer-2026-all-deals-from-europes-top-five-leagues,MIDFIELD_UNCLASSIFIED
summer-S26-0282,summer,266,S26-0282,Alexander Nübel,Bayern Munich,Besiktas,2026-07-08,5500000.0,GBP,,Goalkeeper — source label,,Evidence needed,"Buyer-specific shot-stopping, distribution, aerial command, sweeping, signing age and total fee evidence are needed before scoring.",Source broad position and transfer quote only; detailed role and buyer-specific production not validated.,Reported fee,Not assessed,https://www.theguardian.com/football/ng-interactive/2026/sep/01/mens-transfer-window-summer-2026-all-deals-from-europes-top-five-leagues,GK
summer-S26-0283,summer,267,S26-0283,Eddy Kouadio,Fiorentina,Monza,2026-07-08,,GBP,,Defender — source label,,Evidence needed,"Buyer-specific role, production, availability, signing age and total fee evidence are needed before assigning a deal-value score. Loan/swap costs must be treated separately.",Source broad position and transfer quote only; detailed role and buyer-specific production not validated.,Loan fee not stated,Not assessed,https://www.theguardian.com/football/ng-interactive/2026/sep/01/mens-transfer-window-summer-2026-all-deals-from-europes-top-five-leagues,DEFENDER_UNCLASSIFIED
summer-S26-0284,summer,268,S26-0284,Justin Smith,Espanyol,Eldense,2026-07-08,,GBP,,Midfielder — source label,,Evidence needed,"Buyer-specific role, production, availability, signing age and total fee evidence are needed before assigning a deal-value score. A zero base fee does not represent wages or signing costs.",Source broad position and transfer quote only; detailed role and buyer-specific production not validated.,Free transfer,Not assessed,https://www.theguardian.com/football/ng-interactive/2026/sep/01/mens-transfer-window-summer-2026-all-deals-from-europes-top-five-leagues,MIDFIELD_UNCLASSIFIED
summer-S26-0288,summer,272,S26-0288,Kevin Müller,Heidenheim,Schalke 04,2026-07-08,,GBP,,Goalkeeper — source label,,Evidence needed,"Buyer-specific shot-stopping, distribution, aerial command, sweeping, signing age and total fee evidence are needed before scoring.",Source broad position and transfer quote only; detailed role and buyer-specific production not validated.,Undisclosed,Not assessed,https://www.theguardian.com/football/ng-interactive/2026/sep/01/mens-transfer-window-summer-2026-all-deals-from-europes-top-five-leagues,GK
summer-S26-0289,summer,273,S26-0289,Alfie Devine,Tottenham Hotspur,Preston,2026-07-07,6000000.0,GBP,,Midfielder — source label,,Evidence needed,"Buyer-specific role, production, availability, signing age and total fee evidence are needed before assigning a deal-value score.",Source broad position and transfer quote only; detailed role and buyer-specific production not validated.,Reported fee,Not assessed,https://www.theguardian.com/football/ng-interactive/2026/sep/01/mens-transfer-window-summer-2026-all-deals-from-europes-top-five-leagues,MIDFIELD_UNCLASSIFIED
summer-S26-0291,summer,275,S26-0291,Óscar Mingueza,Celta Vigo,Crystal Palace,2026-07-09,,GBP,,Defender — source label,,Evidence needed,"Buyer-specific role, production, availability, signing age and total fee evidence are needed before assigning a deal-value score. A zero base fee does not represent wages or signing costs.",Source broad position and transfer quote only; detailed role and buyer-specific production not validated.,Free transfer,Not assessed,https://www.theguardian.com/football/ng-interactive/2026/sep/01/mens-transfer-window-summer-2026-all-deals-from-europes-top-five-leagues,DEFENDER_UNCLASSIFIED
summer-S26-0293,summer,277,S26-0293,Gabin Bernardeau,Nice,Lorient,2026-07-09,,GBP,,Midfielder — source label,,Evidence needed,"Buyer-specific role, production, availability, signing age and total fee evidence are needed before assigning a deal-value score.",Source broad position and transfer quote only; detailed role and buyer-specific production not validated.,Undisclosed,Not assessed,https://www.theguardian.com/football/ng-interactive/2026/sep/01/mens-transfer-window-summer-2026-all-deals-from-europes-top-five-leagues,MIDFIELD_UNCLASSIFIED
summer-S26-0296,summer,280,S26-0296,Harrison Ashby,Newcastle United,Luton Town,2026-07-09,,GBP,,Defender — source label,,Evidence needed,"Buyer-specific role, production, availability, signing age and total fee evidence are needed before assigning a deal-value score. Loan/swap costs must be treated separately.",Source broad position and transfer quote only; detailed role and buyer-specific production not validated.,Loan fee not stated,Not assessed,https://www.theguardian.com/football/ng-interactive/2026/sep/01/mens-transfer-window-summer-2026-all-deals-from-europes-top-five-leagues,DEFENDER_UNCLASSIFIED
summer-S26-0297,summer,281,S26-0297,Sean Steur,Ajax,Newcastle United,2026-07-09,20000000.0,GBP,,Midfielder — source label,,Evidence needed,"Buyer-specific role, production, availability, signing age and total fee evidence are needed before assigning a deal-value score.",Source broad position and transfer quote only; detailed role and buyer-specific production not validated.,Reported fee,Not assessed,https://www.theguardian.com/football/ng-interactive/2026/sep/01/mens-transfer-window-summer-2026-all-deals-from-europes-top-five-leagues,MIDFIELD_UNCLASSIFIED
summer-S26-0298,summer,282,S26-0298,Pierce Charles,Sheffield Wednesday,Manchester City,2026-07-10,3000000.0,GBP,,Goalkeeper — source label,,Evidence needed,"Buyer-specific shot-stopping, distribution, aerial command, sweeping, signing age and total fee evidence are needed before scoring.",Source broad position and transfer quote only; detailed role and buyer-specific production not validated.,Reported fee,Not assessed,https://www.theguardian.com/football/ng-interactive/2026/sep/01/mens-transfer-window-summer-2026-all-deals-from-europes-top-five-leagues,GK
summer-S26-0299,summer,283,S26-0299,Aboubaka Soumahoro,Hamburg,Mallorca,2026-07-10,,GBP,,Defender — source label,,Evidence needed,"Buyer-specific role, production, availability, signing age and total fee evidence are needed before assigning a deal-value score. Loan/swap costs must be treated separately.",Source broad position and transfer quote only; detailed role and buyer-specific production not validated.,Loan fee not stated,Not assessed,https://www.theguardian.com/football/ng-interactive/2026/sep/01/mens-transfer-window-summer-2026-all-deals-from-europes-top-five-leagues,DEFENDER_UNCLASSIFIED
summer-S26-0300,summer,284,S26-0300,Gianluca Gaetano,Cagliari,Atalanta,2026-07-09,10200000.0,GBP,,Midfielder — source label,,Evidence needed,"Buyer-specific role, production, availability, signing age and total fee evidence are needed before assigning a deal-value score.",Source broad position and transfer quote only; detailed role and buyer-specific production not validated.,Reported fee,Not assessed,https://www.theguardian.com/football/ng-interactive/2026/sep/01/mens-transfer-window-summer-2026-all-deals-from-europes-top-five-leagues,MIDFIELD_UNCLASSIFIED
summer-S26-0301,summer,285,S26-0301,Alejandro Gomes Furtado,Real Zaragoza,Venezia,2026-07-09,,GBP,,Defender — source label,,Evidence needed,"Buyer-specific role, production, availability, signing age and total fee evidence are needed before assigning a deal-value score.",Source broad position and transfer quote only; detailed role and buyer-specific production not validated.,Undisclosed,Not assessed,https://www.theguardian.com/football/ng-interactive/2026/sep/01/mens-transfer-window-summer-2026-all-deals-from-europes-top-five-leagues,DEFENDER_UNCLASSIFIED
summer-S26-0302,summer,286,S26-0302,Attila Szalai,Hoffenheim,Pogon Szczecin,2026-07-09,,GBP,,Midfielder — source label,,Evidence needed,"Buyer-specific role, production, availability, signing age and total fee evidence are needed before assigning a deal-value score. A zero base fee does not represent wages or signing costs.",Source broad position and transfer quote only; detailed role and buyer-specific production not validated.,Free transfer,Not assessed,https://www.theguardian.com/football/ng-interactive/2026/sep/01/mens-transfer-window-summer-2026-all-deals-from-europes-top-five-leagues,MIDFIELD_UNCLASSIFIED
summer-S26-0304,summer,288,S26-0304,Bryan Reynolds,Westerlo,Rennes,2026-07-10,3400000.0,GBP,,Defender — source label,,Evidence needed,"Buyer-specific role, production, availability, signing age and total fee evidence are needed before assigning a deal-value score.",Source broad position and transfer quote only; detailed role and buyer-specific production not validated.,Reported fee,Not assessed,https://www.theguardian.com/football/ng-interactive/2026/sep/01/mens-transfer-window-summer-2026-all-deals-from-europes-top-five-leagues,DEFENDER_UNCLASSIFIED
summer-S26-0305,summer,289,S26-0305,Oskar Wojcik,Cracovia,Werder Bremen,2026-07-09,2560000.0,GBP,,Defender — source label,,Evidence needed,"Buyer-specific role, production, availability, signing age and total fee evidence are needed before assigning a deal-value score.",Source broad position and transfer quote only; detailed role and buyer-specific production not validated.,Reported fee,Not assessed,https://www.theguardian.com/football/ng-interactive/2026/sep/01/mens-transfer-window-summer-2026-all-deals-from-europes-top-five-leagues,DEFENDER_UNCLASSIFIED
summer-S26-0309,summer,293,S26-0309,Unai Gómez,Athletic Club,Udinese,2026-07-08,3830000.0,GBP,,Midfielder — source label,,Evidence needed,"Buyer-specific role, production, availability, signing age and total fee evidence are needed before assigning a deal-value score.",Source broad position and transfer quote only; detailed role and buyer-specific production not validated.,Reported fee,Not assessed,https://www.theguardian.com/football/ng-interactive/2026/sep/01/mens-transfer-window-summer-2026-all-deals-from-europes-top-five-leagues,MIDFIELD_UNCLASSIFIED
summer-S26-0310,summer,294,S26-0310,Ramon Terrats,Villarreal,Getafe,2026-07-09,2130000.0,GBP,,Midfielder — source label,,Evidence needed,"Buyer-specific role, production, availability, signing age and total fee evidence are needed before assigning a deal-value score.",Source broad position and transfer quote only; detailed role and buyer-specific production not validated.,Reported fee,Not assessed,https://www.theguardian.com/football/ng-interactive/2026/sep/01/mens-transfer-window-summer-2026-all-deals-from-europes-top-five-leagues,MIDFIELD_UNCLASSIFIED
summer-S26-0311,summer,295,S26-0311,Aritz Aldasoro,Racing Santander,Real Oviedo,2026-07-09,,GBP,,Midfielder — source label,,Evidence needed,"Buyer-specific role, production, availability, signing age and total fee evidence are needed before assigning a deal-value score. Loan/swap costs must be treated separately.",Source broad position and transfer quote only; detailed role and buyer-specific production not validated.,Loan fee not stated,Not assessed,https://www.theguardian.com/football/ng-interactive/2026/sep/01/mens-transfer-window-summer-2026-all-deals-from-europes-top-five-leagues,MIDFIELD_UNCLASSIFIED
summer-S26-0312,summer,296,S26-0312,Nathan De Cat,Anderlecht,Hoffenheim,2026-07-10,14500000.0,GBP,,Midfielder — source label,,Evidence needed,"Buyer-specific role, production, availability, signing age and total fee evidence are needed before assigning a deal-value score.",Source broad position and transfer quote only; detailed role and buyer-specific production not validated.,Reported fee,Not assessed,https://www.theguardian.com/football/ng-interactive/2026/sep/01/mens-transfer-window-summer-2026-all-deals-from-europes-top-five-leagues,MIDFIELD_UNCLASSIFIED
summer-S26-0313,summer,297,S26-0313,Mario Gila,Lazio,Milan,2026-07-10,25600000.0,GBP,,Defender — source label,,Evidence needed,"Buyer-specific role, production, availability, signing age and total fee evidence are needed before assigning a deal-value score.",Source broad position and transfer quote only; detailed role and buyer-specific production not validated.,Reported fee,Not assessed,https://www.theguardian.com/football/ng-interactive/2026/sep/01/mens-transfer-window-summer-2026-all-deals-from-europes-top-five-leagues,DEFENDER_UNCLASSIFIED
summer-S26-0314,summer,298,S26-0314,Sima Suso,Fortuna Düsseldorf,Augsburg,2026-07-10,1400000.0,GBP,,Midfielder — source label,,Evidence needed,"Buyer-specific role, production, availability, signing age and total fee evidence are needed before assigning a deal-value score.",Source broad position and transfer quote only; detailed role and buyer-specific production not validated.,Reported fee,Not assessed,https://www.theguardian.com/football/ng-interactive/2026/sep/01/mens-transfer-window-summer-2026-all-deals-from-europes-top-five-leagues,MIDFIELD_UNCLASSIFIED
summer-S26-0315,summer,299,S26-0315,Felix Meiser,Augsburg,Fortuna Düsseldorf,2026-07-10,,GBP,,Defender — source label,,Evidence needed,"Buyer-specific role, production, availability, signing age and total fee evidence are needed before assigning a deal-value score.",Source broad position and transfer quote only; detailed role and buyer-specific production not validated.,Undisclosed,Not assessed,https://www.theguardian.com/football/ng-interactive/2026/sep/01/mens-transfer-window-summer-2026-all-deals-from-europes-top-five-leagues,DEFENDER_UNCLASSIFIED
summer-S26-0316,summer,300,S26-0316,Alexander Schlager,Red Bull Salzburg,Werder Bremen,2026-07-10,,GBP,,Goalkeeper — source label,,Evidence needed,"Buyer-specific shot-stopping, distribution, aerial command, sweeping, signing age and total fee evidence are needed before scoring.",Source broad position and transfer quote only; detailed role and buyer-specific production not validated.,Undisclosed,Not assessed,https://www.theguardian.com/football/ng-interactive/2026/sep/01/mens-transfer-window-summer-2026-all-deals-from-europes-top-five-leagues,GK
summer-S26-0318,summer,302,S26-0318,Thiago Ojeda,Villarreal,Real Valladolid,2026-07-10,,GBP,,Midfielder — source label,,Evidence needed,"Buyer-specific role, production, availability, signing age and total fee evidence are needed before assigning a deal-value score.",Source broad position and transfer quote only; detailed role and buyer-specific production not validated.,Undisclosed,Not assessed,https://www.theguardian.com/football/ng-interactive/2026/sep/01/mens-transfer-window-summer-2026-all-deals-from-europes-top-five-leagues,MIDFIELD_UNCLASSIFIED
summer-S26-0319,summer,303,S26-0319,Álex Petxarroman,Deportivo La Coruña,Ceuta,2026-07-10,,GBP,,Defender — source label,,Evidence needed,"Buyer-specific role, production, availability, signing age and total fee evidence are needed before assigning a deal-value score. A zero base fee does not represent wages or signing costs.",Source broad position and transfer quote only; detailed role and buyer-specific production not validated.,Free transfer,Not assessed,https://www.theguardian.com/football/ng-interactive/2026/sep/01/mens-transfer-window-summer-2026-all-deals-from-europes-top-five-leagues,DEFENDER_UNCLASSIFIED
summer-S26-0320,summer,304,S26-0320,Mario García,Racing Santander,Widzew Lodz,2026-07-10,400000.0,GBP,,Defender — source label,,Evidence needed,"Buyer-specific role, production, availability, signing age and total fee evidence are needed before assigning a deal-value score.",Source broad position and transfer quote only; detailed role and buyer-specific production not validated.,Reported fee,Not assessed,https://www.theguardian.com/football/ng-interactive/2026/sep/01/mens-transfer-window-summer-2026-all-deals-from-europes-top-five-leagues,DEFENDER_UNCLASSIFIED
summer-S26-0321,summer,305,S26-0321,Harrison Murray-Campbell,Chelsea,KV Kortrijk,2026-07-10,,GBP,,Defender — source label,,Evidence needed,"Buyer-specific role, production, availability, signing age and total fee evidence are needed before assigning a deal-value score. Loan/swap costs must be treated separately.",Source broad position and transfer quote only; detailed role and buyer-specific production not validated.,Loan fee not stated,Not assessed,https://www.theguardian.com/football/ng-interactive/2026/sep/01/mens-transfer-window-summer-2026-all-deals-from-europes-top-five-leagues,DEFENDER_UNCLASSIFIED
summer-S26-0323,summer,307,S26-0323,Pietro Pinelli,Lazio,Carrarese,2026-07-09,,GBP,,Midfielder — source label,,Evidence needed,"Buyer-specific role, production, availability, signing age and total fee evidence are needed before assigning a deal-value score. Loan/swap costs must be treated separately.",Source broad position and transfer quote only; detailed role and buyer-specific production not validated.,Loan fee not stated,Not assessed,https://www.theguardian.com/football/ng-interactive/2026/sep/01/mens-transfer-window-summer-2026-all-deals-from-europes-top-five-leagues,MIDFIELD_UNCLASSIFIED
summer-S26-0324,summer,308,S26-0324,Lorenzo Romani,Fiorentina,Carrarese,2026-07-10,,GBP,,Defender — source label,,Evidence needed,"Buyer-specific role, production, availability, signing age and total fee evidence are needed before assigning a deal-value score. Loan/swap costs must be treated separately.",Source broad position and transfer quote only; detailed role and buyer-specific production not validated.,Loan fee not stated,Not assessed,https://www.theguardian.com/football/ng-interactive/2026/sep/01/mens-transfer-window-summer-2026-all-deals-from-europes-top-five-leagues,DEFENDER_UNCLASSIFIED
summer-S26-0326,summer,310,S26-0326,Alessandro Plizzari,Venezia,Südtirol,2026-07-10,,GBP,,Goalkeeper — source label,,Evidence needed,"Buyer-specific shot-stopping, distribution, aerial command, sweeping, signing age and total fee evidence are needed before scoring. Loan/swap costs must be treated separately.",Source broad position and transfer quote only; detailed role and buyer-specific production not validated.,Loan fee not stated,Not assessed,https://www.theguardian.com/football/ng-interactive/2026/sep/01/mens-transfer-window-summer-2026-all-deals-from-europes-top-five-leagues,GK
summer-S26-0327,summer,311,S26-0327,Brando Moruzzi,Juventus,Avellino,2026-07-10,,GBP,,Defender — source label,,Evidence needed,"Buyer-specific role, production, availability, signing age and total fee evidence are needed before assigning a deal-value score. Loan/swap costs must be treated separately.",Source broad position and transfer quote only; detailed role and buyer-specific production not validated.,Loan fee not stated,Not assessed,https://www.theguardian.com/football/ng-interactive/2026/sep/01/mens-transfer-window-summer-2026-all-deals-from-europes-top-five-leagues,DEFENDER_UNCLASSIFIED
summer-S26-0329,summer,313,S26-0329,Tommaso Martinelli,Fiorentina,Avellino,2026-07-10,,GBP,,Goalkeeper — source label,,Evidence needed,"Buyer-specific shot-stopping, distribution, aerial command, sweeping, signing age and total fee evidence are needed before scoring. Loan/swap costs must be treated separately.",Source broad position and transfer quote only; detailed role and buyer-specific production not validated.,Loan fee not stated,Not assessed,https://www.theguardian.com/football/ng-interactive/2026/sep/01/mens-transfer-window-summer-2026-all-deals-from-europes-top-five-leagues,GK
summer-S26-0332,summer,316,S26-0332,Sverre Nypan,Manchester City,Lommel SK,2026-07-11,,GBP,,Midfielder — source label,,Evidence needed,"Buyer-specific role, production, availability, signing age and total fee evidence are needed before assigning a deal-value score. Loan/swap costs must be treated separately.",Source broad position and transfer quote only; detailed role and buyer-specific production not validated.,Loan fee not stated,Not assessed,https://www.theguardian.com/football/ng-interactive/2026/sep/01/mens-transfer-window-summer-2026-all-deals-from-europes-top-five-leagues,MIDFIELD_UNCLASSIFIED
summer-S26-0333,summer,317,S26-0333,Gideon Mensah,Auxerre,Cologne,2026-07-11,,GBP,,Defender — source label,,Evidence needed,"Buyer-specific role, production, availability, signing age and total fee evidence are needed before assigning a deal-value score. A zero base fee does not represent wages or signing costs.",Source broad position and transfer quote only; detailed role and buyer-specific production not validated.,Free transfer,Not assessed,https://www.theguardian.com/football/ng-interactive/2026/sep/01/mens-transfer-window-summer-2026-all-deals-from-europes-top-five-leagues,DEFENDER_UNCLASSIFIED
summer-S26-0336,summer,320,S26-0336,Seid Korac,Venezia,Verona,2026-07-11,,GBP,,Defender — source label,,Evidence needed,"Buyer-specific role, production, availability, signing age and total fee evidence are needed before assigning a deal-value score. Loan/swap costs must be treated separately.",Source broad position and transfer quote only; detailed role and buyer-specific production not validated.,Loan fee not stated,Not assessed,https://www.theguardian.com/football/ng-interactive/2026/sep/01/mens-transfer-window-summer-2026-all-deals-from-europes-top-five-leagues,DEFENDER_UNCLASSIFIED
summer-S26-0338,summer,322,S26-0338,Brad Collins,Coventry City,Bristol City,2026-07-11,,GBP,,Goalkeeper — source label,,Evidence needed,"Buyer-specific shot-stopping, distribution, aerial command, sweeping, signing age and total fee evidence are needed before scoring. A zero base fee does not represent wages or signing costs.",Source broad position and transfer quote only; detailed role and buyer-specific production not validated.,Free transfer,Not assessed,https://www.theguardian.com/football/ng-interactive/2026/sep/01/mens-transfer-window-summer-2026-all-deals-from-europes-top-five-leagues,GK
summer-S26-0340,summer,324,S26-0340,Arthur Atta,Udinese,Fiorentina,2026-07-11,25600000.0,GBP,,Midfielder — source label,,Evidence needed,"Buyer-specific role, production, availability, signing age and total fee evidence are needed before assigning a deal-value score.",Source broad position and transfer quote only; detailed role and buyer-specific production not validated.,Reported fee,Not assessed,https://www.theguardian.com/football/ng-interactive/2026/sep/01/mens-transfer-window-summer-2026-all-deals-from-europes-top-five-leagues,MIDFIELD_UNCLASSIFIED
summer-S26-0343,summer,327,S26-0343,Nicola Leali,Genoa,Verona,2026-07-11,,GBP,,Goalkeeper — source label,,Evidence needed,"Buyer-specific shot-stopping, distribution, aerial command, sweeping, signing age and total fee evidence are needed before scoring. A zero base fee does not represent wages or signing costs.",Source broad position and transfer quote only; detailed role and buyer-specific production not validated.,Free transfer,Not assessed,https://www.theguardian.com/football/ng-interactive/2026/sep/01/mens-transfer-window-summer-2026-all-deals-from-europes-top-five-leagues,GK
summer-S26-0346,summer,330,S26-0346,Yassine Kechta,Le Havre,Leganés,2026-07-12,,GBP,,Midfielder — source label,,Evidence needed,"Buyer-specific role, production, availability, signing age and total fee evidence are needed before assigning a deal-value score. A zero base fee does not represent wages or signing costs.",Source broad position and transfer quote only; detailed role and buyer-specific production not validated.,Free transfer,Not assessed,https://www.theguardian.com/football/ng-interactive/2026/sep/01/mens-transfer-window-summer-2026-all-deals-from-europes-top-five-leagues,MIDFIELD_UNCLASSIFIED
summer-S26-0347,summer,331,S26-0347,Angus Gunn,Nottingham Forest,San Jose Earthquakes,2026-07-08,,GBP,,Goalkeeper — source label,,Evidence needed,"Buyer-specific shot-stopping, distribution, aerial command, sweeping, signing age and total fee evidence are needed before scoring. A zero base fee does not represent wages or signing costs.",Source broad position and transfer quote only; detailed role and buyer-specific production not validated.,Free transfer,Not assessed,https://www.theguardian.com/football/ng-interactive/2026/sep/01/mens-transfer-window-summer-2026-all-deals-from-europes-top-five-leagues,GK
summer-S26-0348,summer,332,S26-0348,Kjell Wätjen,Borussia Dortmund,FC Midtjylland,2026-07-13,1700000.0,GBP,,Midfielder — source label,,Evidence needed,"Buyer-specific role, production, availability, signing age and total fee evidence are needed before assigning a deal-value score.",Source broad position and transfer quote only; detailed role and buyer-specific production not validated.,Reported fee,Not assessed,https://www.theguardian.com/football/ng-interactive/2026/sep/01/mens-transfer-window-summer-2026-all-deals-from-europes-top-five-leagues,MIDFIELD_UNCLASSIFIED
summer-S26-0350,summer,334,S26-0350,Hennes Behrens,Hoffenheim,Augsburg,2026-07-13,3000000.0,GBP,,Defender — source label,,Evidence needed,"Buyer-specific role, production, availability, signing age and total fee evidence are needed before assigning a deal-value score.",Source broad position and transfer quote only; detailed role and buyer-specific production not validated.,Reported fee,Not assessed,https://www.theguardian.com/football/ng-interactive/2026/sep/01/mens-transfer-window-summer-2026-all-deals-from-europes-top-five-leagues,DEFENDER_UNCLASSIFIED
summer-S26-0351,summer,335,S26-0351,Faik Sakar,RB Leipzig,Augsburg,2026-04-23,,GBP,,Midfielder — source label,,Evidence needed,"Buyer-specific role, production, availability, signing age and total fee evidence are needed before assigning a deal-value score. A zero base fee does not represent wages or signing costs.",Source broad position and transfer quote only; detailed role and buyer-specific production not validated.,Free transfer,Not assessed,https://www.theguardian.com/football/ng-interactive/2026/sep/01/mens-transfer-window-summer-2026-all-deals-from-europes-top-five-leagues,MIDFIELD_UNCLASSIFIED
summer-S26-0353,summer,337,S26-0353,Cieran Slicker,Ipswich Town,Barnsley,2026-07-13,,GBP,,Goalkeeper — source label,,Evidence needed,"Buyer-specific shot-stopping, distribution, aerial command, sweeping, signing age and total fee evidence are needed before scoring. Loan/swap costs must be treated separately.",Source broad position and transfer quote only; detailed role and buyer-specific production not validated.,Loan fee not stated,Not assessed,https://www.theguardian.com/football/ng-interactive/2026/sep/01/mens-transfer-window-summer-2026-all-deals-from-europes-top-five-leagues,GK
summer-S26-0355,summer,339,S26-0355,Calvin Brackelmann,Paderborn,Augsburg,2026-05-29,,GBP,,Defender — source label,,Evidence needed,"Buyer-specific role, production, availability, signing age and total fee evidence are needed before assigning a deal-value score. A zero base fee does not represent wages or signing costs.",Source broad position and transfer quote only; detailed role and buyer-specific production not validated.,Free transfer,Not assessed,https://www.theguardian.com/football/ng-interactive/2026/sep/01/mens-transfer-window-summer-2026-all-deals-from-europes-top-five-leagues,DEFENDER_UNCLASSIFIED
summer-S26-0357,summer,341,S26-0357,Gaetano Oristanio,Venezia,Torino,2026-07-09,,GBP,,Midfielder — source label,,Evidence needed,"Buyer-specific role, production, availability, signing age and total fee evidence are needed before assigning a deal-value score. Loan/swap costs must be treated separately.",Source broad position and transfer quote only; detailed role and buyer-specific production not validated.,Loan fee not stated,Not assessed,https://www.theguardian.com/football/ng-interactive/2026/sep/01/mens-transfer-window-summer-2026-all-deals-from-europes-top-five-leagues,MIDFIELD_UNCLASSIFIED
summer-S26-0358,summer,342,S26-0358,Brajan Gruda,Brighton,RB Leipzig,2026-07-13,,GBP,,Midfielder — source label,,Evidence needed,"Buyer-specific role, production, availability, signing age and total fee evidence are needed before assigning a deal-value score.",Source broad position and transfer quote only; detailed role and buyer-specific production not validated.,Loan fee not stated,Not assessed,https://www.theguardian.com/football/ng-interactive/2026/sep/01/mens-transfer-window-summer-2026-all-deals-from-europes-top-five-leagues,MIDFIELD_UNCLASSIFIED
summer-S26-0359,summer,343,S26-0359,Valentino Lazaro,Torino,Al-Ain,2026-07-13,,GBP,,Midfielder — source label,,Evidence needed,"Buyer-specific role, production, availability, signing age and total fee evidence are needed before assigning a deal-value score. A zero base fee does not represent wages or signing costs.",Source broad position and transfer quote only; detailed role and buyer-specific production not validated.,Free transfer,Not assessed,https://www.theguardian.com/football/ng-interactive/2026/sep/01/mens-transfer-window-summer-2026-all-deals-from-europes-top-five-leagues,MIDFIELD_UNCLASSIFIED
summer-S26-0360,summer,344,S26-0360,Viery,Grêmio,Fiorentina,2026-07-01,12800000.0,GBP,,Defender — source label,,Evidence needed,"Buyer-specific role, production, availability, signing age and total fee evidence are needed before assigning a deal-value score.",Source broad position and transfer quote only; detailed role and buyer-specific production not validated.,Reported fee,Not assessed,https://www.theguardian.com/football/ng-interactive/2026/sep/01/mens-transfer-window-summer-2026-all-deals-from-europes-top-five-leagues,DEFENDER_UNCLASSIFIED
summer-S26-0362,summer,346,S26-0362,Ben Krauhaus,Brentford,Falkirk,2026-07-13,,GBP,,Midfielder — source label,,Evidence needed,"Buyer-specific role, production, availability, signing age and total fee evidence are needed before assigning a deal-value score. Loan/swap costs must be treated separately.",Source broad position and transfer quote only; detailed role and buyer-specific production not validated.,Loan fee not stated,Not assessed,https://www.theguardian.com/football/ng-interactive/2026/sep/01/mens-transfer-window-summer-2026-all-deals-from-europes-top-five-leagues,MIDFIELD_UNCLASSIFIED
summer-S26-0363,summer,347,S26-0363,Alex Paulsen,Bournemouth,Motherwell,2026-07-13,,GBP,,Goalkeeper — source label,,Evidence needed,"Buyer-specific shot-stopping, distribution, aerial command, sweeping, signing age and total fee evidence are needed before scoring. Loan/swap costs must be treated separately.",Source broad position and transfer quote only; detailed role and buyer-specific production not validated.,Loan fee not stated,Not assessed,https://www.theguardian.com/football/ng-interactive/2026/sep/01/mens-transfer-window-summer-2026-all-deals-from-europes-top-five-leagues,GK
summer-S26-0368,summer,352,S26-0368,Jonathan Asp Jensen,Bayern Munich,Deportivo La Coruña,2026-07-13,5100000.0,GBP,,Midfielder — source label,,Evidence needed,"Buyer-specific role, production, availability, signing age and total fee evidence are needed before assigning a deal-value score.",Source broad position and transfer quote only; detailed role and buyer-specific production not validated.,Reported fee,Not assessed,https://www.theguardian.com/football/ng-interactive/2026/sep/01/mens-transfer-window-summer-2026-all-deals-from-europes-top-five-leagues,MIDFIELD_UNCLASSIFIED
summer-S26-0369,summer,353,S26-0369,Martin Adeline,Troyes,Hamburg,2026-07-13,3400000.0,GBP,,Midfielder — source label,,Evidence needed,"Buyer-specific role, production, availability, signing age and total fee evidence are needed before assigning a deal-value score.",Source broad position and transfer quote only; detailed role and buyer-specific production not validated.,Reported fee,Not assessed,https://www.theguardian.com/football/ng-interactive/2026/sep/01/mens-transfer-window-summer-2026-all-deals-from-europes-top-five-leagues,MIDFIELD_UNCLASSIFIED
summer-S26-0370,summer,354,S26-0370,Elia Plicco,Parma,Sambenedettese,2026-07-13,,GBP,,Midfielder — source label,,Evidence needed,"Buyer-specific role, production, availability, signing age and total fee evidence are needed before assigning a deal-value score. Loan/swap costs must be treated separately.",Source broad position and transfer quote only; detailed role and buyer-specific production not validated.,Loan fee not stated,Not assessed,https://www.theguardian.com/football/ng-interactive/2026/sep/01/mens-transfer-window-summer-2026-all-deals-from-europes-top-five-leagues,MIDFIELD_UNCLASSIFIED
summer-S26-0374,summer,358,S26-0374,Jacopo Fazzini,Fiorentina,Cagliari,2026-07-13,,GBP,,Midfielder — source label,,Evidence needed,"Buyer-specific role, production, availability, signing age and total fee evidence are needed before assigning a deal-value score. Loan/swap costs must be treated separately.",Source broad position and transfer quote only; detailed role and buyer-specific production not validated.,Loan fee not stated,Not assessed,https://www.theguardian.com/football/ng-interactive/2026/sep/01/mens-transfer-window-summer-2026-all-deals-from-europes-top-five-leagues,MIDFIELD_UNCLASSIFIED
summer-S26-0376,summer,360,S26-0376,Yann Sommer,Inter,Club Brugge,2026-07-14,,GBP,,Goalkeeper — source label,,Evidence needed,"Buyer-specific shot-stopping, distribution, aerial command, sweeping, signing age and total fee evidence are needed before scoring. A zero base fee does not represent wages or signing costs.",Source broad position and transfer quote only; detailed role and buyer-specific production not validated.,Free transfer,Not assessed,https://www.theguardian.com/football/ng-interactive/2026/sep/01/mens-transfer-window-summer-2026-all-deals-from-europes-top-five-leagues,GK
summer-S26-0377,summer,361,S26-0377,Luka Vuskovic,Tottenham Hotspur,Brighton,2026-07-14,46000000.0,GBP,,Defender — source label,,Evidence needed,"Buyer-specific role, production, availability, signing age and total fee evidence are needed before assigning a deal-value score.",Source broad position and transfer quote only; detailed role and buyer-specific production not validated.,Reported fee,Not assessed,https://www.theguardian.com/football/ng-interactive/2026/sep/01/mens-transfer-window-summer-2026-all-deals-from-europes-top-five-leagues,DEFENDER_UNCLASSIFIED
summer-S26-0378,summer,362,S26-0378,Yasser Larouci,Troyes,Le Mans,2026-07-14,,GBP,,Defender — source label,,Evidence needed,"Buyer-specific role, production, availability, signing age and total fee evidence are needed before assigning a deal-value score. A zero base fee does not represent wages or signing costs.",Source broad position and transfer quote only; detailed role and buyer-specific production not validated.,Free transfer,Not assessed,https://www.theguardian.com/football/ng-interactive/2026/sep/01/mens-transfer-window-summer-2026-all-deals-from-europes-top-five-leagues,DEFENDER_UNCLASSIFIED
summer-S26-0379,summer,363,S26-0379,Lohann Doucet,Paris FC,Vitória de Guimarães,2026-07-14,,GBP,,Midfielder — source label,,Evidence needed,"Buyer-specific role, production, availability, signing age and total fee evidence are needed before assigning a deal-value score.",Source broad position and transfer quote only; detailed role and buyer-specific production not validated.,Undisclosed,Not assessed,https://www.theguardian.com/football/ng-interactive/2026/sep/01/mens-transfer-window-summer-2026-all-deals-from-europes-top-five-leagues,MIDFIELD_UNCLASSIFIED
summer-S26-0380,summer,364,S26-0380,Víctor Parada,Alavés,Spartak Moscow,2026-07-14,4270000.0,GBP,,Defender — source label,,Evidence needed,"Buyer-specific role, production, availability, signing age and total fee evidence are needed before assigning a deal-value score.",Source broad position and transfer quote only; detailed role and buyer-specific production not validated.,Reported fee,Not assessed,https://www.theguardian.com/football/ng-interactive/2026/sep/01/mens-transfer-window-summer-2026-all-deals-from-europes-top-five-leagues,DEFENDER_UNCLASSIFIED
summer-S26-0382,summer,366,S26-0382,Danilho Doekhi,Union Berlin,Lazio,2026-07-14,,GBP,,Defender — source label,,Evidence needed,"Buyer-specific role, production, availability, signing age and total fee evidence are needed before assigning a deal-value score. A zero base fee does not represent wages or signing costs.",Source broad position and transfer quote only; detailed role and buyer-specific production not validated.,Free transfer,Not assessed,https://www.theguardian.com/football/ng-interactive/2026/sep/01/mens-transfer-window-summer-2026-all-deals-from-europes-top-five-leagues,DEFENDER_UNCLASSIFIED
summer-S26-0383,summer,367,S26-0383,Fellipe Jack,Como 1907,Cremonese,2026-07-14,,GBP,,Defender — source label,,Evidence needed,"Buyer-specific role, production, availability, signing age and total fee evidence are needed before assigning a deal-value score. Loan/swap costs must be treated separately.",Source broad position and transfer quote only; detailed role and buyer-specific production not validated.,Loan fee not stated,Not assessed,https://www.theguardian.com/football/ng-interactive/2026/sep/01/mens-transfer-window-summer-2026-all-deals-from-europes-top-five-leagues,DEFENDER_UNCLASSIFIED
summer-S26-0384,summer,368,S26-0384,Youri Tielemans,Aston Villa,Manchester United,2026-07-14,35000000.0,GBP,,Midfielder — source label,,Evidence needed,"Buyer-specific role, production, availability, signing age and total fee evidence are needed before assigning a deal-value score.",Source broad position and transfer quote only; detailed role and buyer-specific production not validated.,Reported fee,Not assessed,https://www.theguardian.com/football/ng-interactive/2026/sep/01/mens-transfer-window-summer-2026-all-deals-from-europes-top-five-leagues,MIDFIELD_UNCLASSIFIED
summer-S26-0385,summer,369,S26-0385,Thomas Meunier,Lille,Sunderland,2026-07-15,,GBP,,Defender — source label,,Evidence needed,"Buyer-specific role, production, availability, signing age and total fee evidence are needed before assigning a deal-value score. A zero base fee does not represent wages or signing costs.",Source broad position and transfer quote only; detailed role and buyer-specific production not validated.,Free transfer,Not assessed,https://www.theguardian.com/football/ng-interactive/2026/sep/01/mens-transfer-window-summer-2026-all-deals-from-europes-top-five-leagues,DEFENDER_UNCLASSIFIED
summer-S26-0386,summer,370,S26-0386,Christ Makosso,Luton Town,Auxerre,2026-07-15,1700000.0,GBP,,Defender — source label,,Evidence needed,"Buyer-specific role, production, availability, signing age and total fee evidence are needed before assigning a deal-value score.",Source broad position and transfer quote only; detailed role and buyer-specific production not validated.,Reported fee,Not assessed,https://www.theguardian.com/football/ng-interactive/2026/sep/01/mens-transfer-window-summer-2026-all-deals-from-europes-top-five-leagues,DEFENDER_UNCLASSIFIED
summer-S26-0387,summer,371,S26-0387,Mattia Liberali,Catanzaro,Como 1907,2026-07-15,5100000.0,GBP,,Midfielder — source label,,Evidence needed,"Buyer-specific role, production, availability, signing age and total fee evidence are needed before assigning a deal-value score.",Source broad position and transfer quote only; detailed role and buyer-specific production not validated.,Reported fee,Not assessed,https://www.theguardian.com/football/ng-interactive/2026/sep/01/mens-transfer-window-summer-2026-all-deals-from-europes-top-five-leagues,MIDFIELD_UNCLASSIFIED
summer-S26-0392,summer,376,S26-0392,Adrián Pica,Alavés,Penafiel,2026-07-14,,GBP,,Defender — source label,,Evidence needed,"Buyer-specific role, production, availability, signing age and total fee evidence are needed before assigning a deal-value score. Loan/swap costs must be treated separately.",Source broad position and transfer quote only; detailed role and buyer-specific production not validated.,Loan fee not stated,Not assessed,https://www.theguardian.com/football/ng-interactive/2026/sep/01/mens-transfer-window-summer-2026-all-deals-from-europes-top-five-leagues,DEFENDER_UNCLASSIFIED
summer-S26-0393,summer,377,S26-0393,Horatiu Moldovan,Atlético Madrid,Eyupspor,2026-07-14,,GBP,,Goalkeeper — source label,,Evidence needed,"Buyer-specific shot-stopping, distribution, aerial command, sweeping, signing age and total fee evidence are needed before scoring. Loan/swap costs must be treated separately.",Source broad position and transfer quote only; detailed role and buyer-specific production not validated.,Loan fee not stated,Not assessed,https://www.theguardian.com/football/ng-interactive/2026/sep/01/mens-transfer-window-summer-2026-all-deals-from-europes-top-five-leagues,GK
summer-S26-0395,summer,379,S26-0395,Jonas Harder,Fiorentina,Basel,2026-07-14,1700000.0,GBP,,Midfielder — source label,,Evidence needed,"Buyer-specific role, production, availability, signing age and total fee evidence are needed before assigning a deal-value score.",Source broad position and transfer quote only; detailed role and buyer-specific production not validated.,Reported fee,Not assessed,https://www.theguardian.com/football/ng-interactive/2026/sep/01/mens-transfer-window-summer-2026-all-deals-from-europes-top-five-leagues,MIDFIELD_UNCLASSIFIED
summer-S26-0397,summer,381,S26-0397,Luca Di Maggio,Inter,Avellino,2026-07-14,400000.0,GBP,,Midfielder — source label,,Evidence needed,"Buyer-specific role, production, availability, signing age and total fee evidence are needed before assigning a deal-value score.",Source broad position and transfer quote only; detailed role and buyer-specific production not validated.,Reported fee,Not assessed,https://www.theguardian.com/football/ng-interactive/2026/sep/01/mens-transfer-window-summer-2026-all-deals-from-europes-top-five-leagues,MIDFIELD_UNCLASSIFIED
summer-S26-0399,summer,383,S26-0399,Elkan Baggott,Ipswich Town,Millwall,2026-07-15,,GBP,,Defender — source label,,Evidence needed,"Buyer-specific role, production, availability, signing age and total fee evidence are needed before assigning a deal-value score.",Source broad position and transfer quote only; detailed role and buyer-specific production not validated.,Undisclosed,Not assessed,https://www.theguardian.com/football/ng-interactive/2026/sep/01/mens-transfer-window-summer-2026-all-deals-from-europes-top-five-leagues,DEFENDER_UNCLASSIFIED
summer-S26-0400,summer,384,S26-0400,Oliwier Zych,Aston Villa,Vitória de Guimarães,2026-07-15,,GBP,,Goalkeeper — source label,,Evidence needed,"Buyer-specific shot-stopping, distribution, aerial command, sweeping, signing age and total fee evidence are needed before scoring. Loan/swap costs must be treated separately.",Source broad position and transfer quote only; detailed role and buyer-specific production not validated.,Loan fee not stated,Not assessed,https://www.theguardian.com/football/ng-interactive/2026/sep/01/mens-transfer-window-summer-2026-all-deals-from-europes-top-five-leagues,GK
summer-S26-0401,summer,385,S26-0401,Vincent Burlet,Lille,Cracovia,2026-07-15,,GBP,,Defender — source label,,Evidence needed,"Buyer-specific role, production, availability, signing age and total fee evidence are needed before assigning a deal-value score.",Source broad position and transfer quote only; detailed role and buyer-specific production not validated.,Undisclosed,Not assessed,https://www.theguardian.com/football/ng-interactive/2026/sep/01/mens-transfer-window-summer-2026-all-deals-from-europes-top-five-leagues,DEFENDER_UNCLASSIFIED
summer-S26-0402,summer,386,S26-0402,Aïssa Mandi,Lille,Levante,2026-07-16,,GBP,,Defender — source label,,Evidence needed,"Buyer-specific role, production, availability, signing age and total fee evidence are needed before assigning a deal-value score. A zero base fee does not represent wages or signing costs.",Source broad position and transfer quote only; detailed role and buyer-specific production not validated.,Free transfer,Not assessed,https://www.theguardian.com/football/ng-interactive/2026/sep/01/mens-transfer-window-summer-2026-all-deals-from-europes-top-five-leagues,DEFENDER_UNCLASSIFIED
summer-S26-0403,summer,387,S26-0403,Isaac Schmidt,Leeds United,Young Boys,2026-07-16,1100000.0,GBP,,Defender — source label,,Evidence needed,"Buyer-specific role, production, availability, signing age and total fee evidence are needed before assigning a deal-value score.",Source broad position and transfer quote only; detailed role and buyer-specific production not validated.,Reported fee,Not assessed,https://www.theguardian.com/football/ng-interactive/2026/sep/01/mens-transfer-window-summer-2026-all-deals-from-europes-top-five-leagues,DEFENDER_UNCLASSIFIED
summer-S26-0404,summer,388,S26-0404,Diego Coppola,Brighton,Paris FC,2026-07-16,15300000.0,GBP,,Defender — source label,,Evidence needed,"Buyer-specific role, production, availability, signing age and total fee evidence are needed before assigning a deal-value score.",Source broad position and transfer quote only; detailed role and buyer-specific production not validated.,Reported fee,Not assessed,https://www.theguardian.com/football/ng-interactive/2026/sep/01/mens-transfer-window-summer-2026-all-deals-from-europes-top-five-leagues,DEFENDER_UNCLASSIFIED
summer-S26-0405,summer,389,S26-0405,Andrés García,Aston Villa,Getafe,2026-07-16,,GBP,,Defender — source label,,Evidence needed,"Buyer-specific role, production, availability, signing age and total fee evidence are needed before assigning a deal-value score. Loan/swap costs must be treated separately.",Source broad position and transfer quote only; detailed role and buyer-specific production not validated.,Loan fee not stated,Not assessed,https://www.theguardian.com/football/ng-interactive/2026/sep/01/mens-transfer-window-summer-2026-all-deals-from-europes-top-five-leagues,DEFENDER_UNCLASSIFIED
summer-S26-0406,summer,390,S26-0406,Timothée Pembélé,Sunderland,Le Havre,2026-07-16,,GBP,,Defender — source label,,Evidence needed,"Buyer-specific role, production, availability, signing age and total fee evidence are needed before assigning a deal-value score. Loan/swap costs must be treated separately.",Source broad position and transfer quote only; detailed role and buyer-specific production not validated.,Loan fee not stated,Not assessed,https://www.theguardian.com/football/ng-interactive/2026/sep/01/mens-transfer-window-summer-2026-all-deals-from-europes-top-five-leagues,DEFENDER_UNCLASSIFIED
summer-S26-0407,summer,391,S26-0407,Lovro Zvonarek,Bayern Munich,Estrela Amadora,2026-07-16,,GBP,,Midfielder — source label,,Evidence needed,"Buyer-specific role, production, availability, signing age and total fee evidence are needed before assigning a deal-value score.",Source broad position and transfer quote only; detailed role and buyer-specific production not validated.,Undisclosed,Not assessed,https://www.theguardian.com/football/ng-interactive/2026/sep/01/mens-transfer-window-summer-2026-all-deals-from-europes-top-five-leagues,MIDFIELD_UNCLASSIFIED
summer-S26-0409,summer,393,S26-0409,Iron Gomis,Zira,Troyes,2026-07-16,,GBP,,Midfielder — source label,,Evidence needed,"Buyer-specific role, production, availability, signing age and total fee evidence are needed before assigning a deal-value score. A zero base fee does not represent wages or signing costs.",Source broad position and transfer quote only; detailed role and buyer-specific production not validated.,Free transfer,Not assessed,https://www.theguardian.com/football/ng-interactive/2026/sep/01/mens-transfer-window-summer-2026-all-deals-from-europes-top-five-leagues,MIDFIELD_UNCLASSIFIED
summer-S26-0412,summer,396,S26-0412,Niklas Pyyhtiä,Bologna,Südtirol,2026-07-16,,GBP,,Midfielder — source label,,Evidence needed,"Buyer-specific role, production, availability, signing age and total fee evidence are needed before assigning a deal-value score. Loan/swap costs must be treated separately.",Source broad position and transfer quote only; detailed role and buyer-specific production not validated.,Loan fee not stated,Not assessed,https://www.theguardian.com/football/ng-interactive/2026/sep/01/mens-transfer-window-summer-2026-all-deals-from-europes-top-five-leagues,MIDFIELD_UNCLASSIFIED
summer-S26-0413,summer,397,S26-0413,Joe White,Newcastle United,Crewe,2026-07-16,,GBP,,Midfielder — source label,,Evidence needed,"Buyer-specific role, production, availability, signing age and total fee evidence are needed before assigning a deal-value score. A zero base fee does not represent wages or signing costs.",Source broad position and transfer quote only; detailed role and buyer-specific production not validated.,Free transfer,Not assessed,https://www.theguardian.com/football/ng-interactive/2026/sep/01/mens-transfer-window-summer-2026-all-deals-from-europes-top-five-leagues,MIDFIELD_UNCLASSIFIED
summer-S26-0415,summer,399,S26-0415,Mikel Rodríguez,Real Sociedad,Alavés,2026-07-16,1700000.0,GBP,,Midfielder — source label,,Evidence needed,"Buyer-specific role, production, availability, signing age and total fee evidence are needed before assigning a deal-value score.",Source broad position and transfer quote only; detailed role and buyer-specific production not validated.,Reported fee,Not assessed,https://www.theguardian.com/football/ng-interactive/2026/sep/01/mens-transfer-window-summer-2026-all-deals-from-europes-top-five-leagues,MIDFIELD_UNCLASSIFIED
summer-S26-0416,summer,400,S26-0416,Mathias Ferrante,Napoli,Ospitaletto Franciacorta,2026-07-16,,GBP,,Goalkeeper — source label,,Evidence needed,"Buyer-specific shot-stopping, distribution, aerial command, sweeping, signing age and total fee evidence are needed before scoring. Loan/swap costs must be treated separately.",Source broad position and transfer quote only; detailed role and buyer-specific production not validated.,Loan fee not stated,Not assessed,https://www.theguardian.com/football/ng-interactive/2026/sep/01/mens-transfer-window-summer-2026-all-deals-from-europes-top-five-leagues,GK
summer-S26-0418,summer,402,S26-0418,Aurèle Amenda,Eintracht Frankfurt,Coventry City,2026-07-16,15400000.0,GBP,,Defender — source label,,Evidence needed,"Buyer-specific role, production, availability, signing age and total fee evidence are needed before assigning a deal-value score.",Source broad position and transfer quote only; detailed role and buyer-specific production not validated.,Reported fee,Not assessed,https://www.theguardian.com/football/ng-interactive/2026/sep/01/mens-transfer-window-summer-2026-all-deals-from-europes-top-five-leagues,DEFENDER_UNCLASSIFIED
summer-S26-0419,summer,403,S26-0419,Karl Darlow,Leeds United,Manchester United,2026-07-14,,GBP,,Goalkeeper — source label,,Evidence needed,"Buyer-specific shot-stopping, distribution, aerial command, sweeping, signing age and total fee evidence are needed before scoring. A zero base fee does not represent wages or signing costs.",Source broad position and transfer quote only; detailed role and buyer-specific production not validated.,Free transfer,Not assessed,https://www.theguardian.com/football/ng-interactive/2026/sep/01/mens-transfer-window-summer-2026-all-deals-from-europes-top-five-leagues,GK
summer-S26-0420,summer,404,S26-0420,Omar Traoré,Udinese,Watford,2026-07-16,,GBP,,Defender — source label,,Evidence needed,"Buyer-specific role, production, availability, signing age and total fee evidence are needed before assigning a deal-value score.",Source broad position and transfer quote only; detailed role and buyer-specific production not validated.,Undisclosed,Not assessed,https://www.theguardian.com/football/ng-interactive/2026/sep/01/mens-transfer-window-summer-2026-all-deals-from-europes-top-five-leagues,DEFENDER_UNCLASSIFIED
summer-S26-0421,summer,405,S26-0421,Diego Mascardi,Spezia,Torino,2026-07-16,1700000.0,GBP,,Goalkeeper — source label,,Evidence needed,"Buyer-specific shot-stopping, distribution, aerial command, sweeping, signing age and total fee evidence are needed before scoring.",Source broad position and transfer quote only; detailed role and buyer-specific production not validated.,Reported fee,Not assessed,https://www.theguardian.com/football/ng-interactive/2026/sep/01/mens-transfer-window-summer-2026-all-deals-from-europes-top-five-leagues,GK
summer-S26-0422,summer,406,S26-0422,Warren Kamanzi,Toulouse,Malmö FF,2026-07-16,,GBP,,Defender — source label,,Evidence needed,"Buyer-specific role, production, availability, signing age and total fee evidence are needed before assigning a deal-value score. A zero base fee does not represent wages or signing costs.",Source broad position and transfer quote only; detailed role and buyer-specific production not validated.,Free transfer,Not assessed,https://www.theguardian.com/football/ng-interactive/2026/sep/01/mens-transfer-window-summer-2026-all-deals-from-europes-top-five-leagues,DEFENDER_UNCLASSIFIED
summer-S26-0423,summer,407,S26-0423,Zeki Celik,Roma,Juventus,2026-07-16,,GBP,,Defender — source label,,Evidence needed,"Buyer-specific role, production, availability, signing age and total fee evidence are needed before assigning a deal-value score. A zero base fee does not represent wages or signing costs.",Source broad position and transfer quote only; detailed role and buyer-specific production not validated.,Free transfer,Not assessed,https://www.theguardian.com/football/ng-interactive/2026/sep/01/mens-transfer-window-summer-2026-all-deals-from-europes-top-five-leagues,DEFENDER_UNCLASSIFIED
summer-S26-0424,summer,408,S26-0424,Maxime Estève,Burnley,RB Leipzig,2026-07-17,27300000.0,GBP,,Defender — source label,,Evidence needed,"Buyer-specific role, production, availability, signing age and total fee evidence are needed before assigning a deal-value score.",Source broad position and transfer quote only; detailed role and buyer-specific production not validated.,Reported fee,Not assessed,https://www.theguardian.com/football/ng-interactive/2026/sep/01/mens-transfer-window-summer-2026-all-deals-from-europes-top-five-leagues,DEFENDER_UNCLASSIFIED
summer-S26-0425,summer,409,S26-0425,Alexander Schwolow,Hearts,Mainz 05,2026-07-17,,GBP,,Goalkeeper — source label,,Evidence needed,"Buyer-specific shot-stopping, distribution, aerial command, sweeping, signing age and total fee evidence are needed before scoring.",Source broad position and transfer quote only; detailed role and buyer-specific production not validated.,Undisclosed,Not assessed,https://www.theguardian.com/football/ng-interactive/2026/sep/01/mens-transfer-window-summer-2026-all-deals-from-europes-top-five-leagues,GK
summer-S26-0426,summer,410,S26-0426,Pau López,Real Betis,FC Andorra,2026-07-17,,GBP,,Goalkeeper — source label,,Evidence needed,"Buyer-specific shot-stopping, distribution, aerial command, sweeping, signing age and total fee evidence are needed before scoring. A zero base fee does not represent wages or signing costs.",Source broad position and transfer quote only; detailed role and buyer-specific production not validated.,Free transfer,Not assessed,https://www.theguardian.com/football/ng-interactive/2026/sep/01/mens-transfer-window-summer-2026-all-deals-from-europes-top-five-leagues,GK
summer-S26-0427,summer,411,S26-0427,Tarik Muharemovic,Sassuolo,Leeds United,2026-07-17,34100000.0,GBP,,Defender — source label,,Evidence needed,"Buyer-specific role, production, availability, signing age and total fee evidence are needed before assigning a deal-value score.",Source broad position and transfer quote only; detailed role and buyer-specific production not validated.,Reported fee,Not assessed,https://www.theguardian.com/football/ng-interactive/2026/sep/01/mens-transfer-window-summer-2026-all-deals-from-europes-top-five-leagues,DEFENDER_UNCLASSIFIED
summer-S26-0428,summer,412,S26-0428,Robin Gosens,Fiorentina,Schalke 04,2026-07-17,,GBP,,Defender — source label,,Evidence needed,"Buyer-specific role, production, availability, signing age and total fee evidence are needed before assigning a deal-value score. Loan/swap costs must be treated separately.",Source broad position and transfer quote only; detailed role and buyer-specific production not validated.,Loan fee not stated,Not assessed,https://www.theguardian.com/football/ng-interactive/2026/sep/01/mens-transfer-window-summer-2026-all-deals-from-europes-top-five-leagues,DEFENDER_UNCLASSIFIED
summer-S26-0430,summer,414,S26-0430,Andrés Cuenca,Barcelona,Como 1907,2026-07-17,400000.0,GBP,,Defender — source label,,Evidence needed,"Buyer-specific role, production, availability, signing age and total fee evidence are needed before assigning a deal-value score.",Source broad position and transfer quote only; detailed role and buyer-specific production not validated.,Reported fee,Not assessed,https://www.theguardian.com/football/ng-interactive/2026/sep/01/mens-transfer-window-summer-2026-all-deals-from-europes-top-five-leagues,DEFENDER_UNCLASSIFIED
summer-S26-0431,summer,415,S26-0431,Kaiden Wilson,Chelsea,Rochdale,2026-07-17,,GBP,,Defender — source label,,Evidence needed,"Buyer-specific role, production, availability, signing age and total fee evidence are needed before assigning a deal-value score. Loan/swap costs must be treated separately.",Source broad position and transfer quote only; detailed role and buyer-specific production not validated.,Loan fee not stated,Not assessed,https://www.theguardian.com/football/ng-interactive/2026/sep/01/mens-transfer-window-summer-2026-all-deals-from-europes-top-five-leagues,DEFENDER_UNCLASSIFIED
summer-S26-0436,summer,420,S26-0436,Julien Yanda,Bayern Munich,Eldense,2026-07-17,,GBP,,Defender — source label,,Evidence needed,"Buyer-specific role, production, availability, signing age and total fee evidence are needed before assigning a deal-value score. Loan/swap costs must be treated separately.",Source broad position and transfer quote only; detailed role and buyer-specific production not validated.,Loan fee not stated,Not assessed,https://www.theguardian.com/football/ng-interactive/2026/sep/01/mens-transfer-window-summer-2026-all-deals-from-europes-top-five-leagues,DEFENDER_UNCLASSIFIED
summer-S26-0438,summer,422,S26-0438,Radoslaw Majecki,Monaco,Pafos,2026-07-17,,GBP,,Goalkeeper — source label,,Evidence needed,"Buyer-specific shot-stopping, distribution, aerial command, sweeping, signing age and total fee evidence are needed before scoring. Loan/swap costs must be treated separately.",Source broad position and transfer quote only; detailed role and buyer-specific production not validated.,Loan fee not stated,Not assessed,https://www.theguardian.com/football/ng-interactive/2026/sep/01/mens-transfer-window-summer-2026-all-deals-from-europes-top-five-leagues,GK
summer-S26-0439,summer,423,S26-0439,Johan Manzambi,Freiburg,Aston Villa,2026-07-17,51000000.0,GBP,,Midfielder — source label,,Evidence needed,"Buyer-specific role, production, availability, signing age and total fee evidence are needed before assigning a deal-value score.",Source broad position and transfer quote only; detailed role and buyer-specific production not validated.,Reported fee,Not assessed,https://www.theguardian.com/football/ng-interactive/2026/sep/01/mens-transfer-window-summer-2026-all-deals-from-europes-top-five-leagues,MIDFIELD_UNCLASSIFIED
summer-S26-0441,summer,425,S26-0441,Maik Nawrocki,Celtic,Lens,2026-07-17,2100000.0,GBP,,Defender — source label,,Evidence needed,"Buyer-specific role, production, availability, signing age and total fee evidence are needed before assigning a deal-value score.",Source broad position and transfer quote only; detailed role and buyer-specific production not validated.,Reported fee,Not assessed,https://www.theguardian.com/football/ng-interactive/2026/sep/01/mens-transfer-window-summer-2026-all-deals-from-europes-top-five-leagues,DEFENDER_UNCLASSIFIED
summer-S26-0442,summer,426,S26-0442,James Beadle,Brighton,Birmingham City,2026-07-17,,GBP,,Goalkeeper — source label,,Evidence needed,"Buyer-specific shot-stopping, distribution, aerial command, sweeping, signing age and total fee evidence are needed before scoring. Loan/swap costs must be treated separately.",Source broad position and transfer quote only; detailed role and buyer-specific production not validated.,Loan fee not stated,Not assessed,https://www.theguardian.com/football/ng-interactive/2026/sep/01/mens-transfer-window-summer-2026-all-deals-from-europes-top-five-leagues,GK
summer-S26-0445,summer,429,S26-0445,Cenk Ozkacar,Valencia,Trabzonspor,2026-07-18,1500000.0,GBP,,Defender — source label,,Evidence needed,"Buyer-specific role, production, availability, signing age and total fee evidence are needed before assigning a deal-value score.",Source broad position and transfer quote only; detailed role and buyer-specific production not validated.,Reported fee,Not assessed,https://www.theguardian.com/football/ng-interactive/2026/sep/01/mens-transfer-window-summer-2026-all-deals-from-europes-top-five-leagues,DEFENDER_UNCLASSIFIED
summer-S26-0446,summer,430,S26-0446,Luca Ravanelli,Monza,Sampdoria,2026-07-18,,GBP,,Defender — source label,,Evidence needed,"Buyer-specific role, production, availability, signing age and total fee evidence are needed before assigning a deal-value score. Loan/swap costs must be treated separately.",Source broad position and transfer quote only; detailed role and buyer-specific production not validated.,Loan fee not stated,Not assessed,https://www.theguardian.com/football/ng-interactive/2026/sep/01/mens-transfer-window-summer-2026-all-deals-from-europes-top-five-leagues,DEFENDER_UNCLASSIFIED
summer-S26-0449,summer,432,S26-0449,Elvis Rexhbecaj,Augsburg,Wolfsburg,2026-04-22,,GBP,,Midfielder — source label,,Evidence needed,"Buyer-specific role, production, availability, signing age and total fee evidence are needed before assigning a deal-value score. A zero base fee does not represent wages or signing costs.",Source broad position and transfer quote only; detailed role and buyer-specific production not validated.,Free transfer,Not assessed,https://www.theguardian.com/football/ng-interactive/2026/sep/01/mens-transfer-window-summer-2026-all-deals-from-europes-top-five-leagues,MIDFIELD_UNCLASSIFIED
summer-S26-0451,summer,434,S26-0451,Matej Kovar,Bayer Leverkusen,PSV Eindhoven,2026-07-01,4250000.0,GBP,,Goalkeeper — source label,,Evidence needed,"Buyer-specific shot-stopping, distribution, aerial command, sweeping, signing age and total fee evidence are needed before scoring.",Source broad position and transfer quote only; detailed role and buyer-specific production not validated.,Reported fee,Not assessed,https://www.theguardian.com/football/ng-interactive/2026/sep/01/mens-transfer-window-summer-2026-all-deals-from-europes-top-five-leagues,GK
summer-S26-0452,summer,435,S26-0452,Issa Traoré,Bayer Leverkusen,AS Trencin,2026-07-06,,GBP,,Defender — source label,,Evidence needed,"Buyer-specific role, production, availability, signing age and total fee evidence are needed before assigning a deal-value score. Loan/swap costs must be treated separately.",Source broad position and transfer quote only; detailed role and buyer-specific production not validated.,Loan fee not stated,Not assessed,https://www.theguardian.com/football/ng-interactive/2026/sep/01/mens-transfer-window-summer-2026-all-deals-from-europes-top-five-leagues,DEFENDER_UNCLASSIFIED
summer-S26-0453,summer,436,S26-0453,Noël Aséko,Bayern Munich,Eintracht Frankfurt,2026-07-18,10630000.0,GBP,,Midfielder — source label,,Evidence needed,"Buyer-specific role, production, availability, signing age and total fee evidence are needed before assigning a deal-value score.",Source broad position and transfer quote only; detailed role and buyer-specific production not validated.,Reported fee,Not assessed,https://www.theguardian.com/football/ng-interactive/2026/sep/01/mens-transfer-window-summer-2026-all-deals-from-europes-top-five-leagues,MIDFIELD_UNCLASSIFIED
summer-S26-0454,summer,437,S26-0454,Mergim Vojvoda,Como 1907,Udinese,2026-07-18,1300000.0,GBP,,Defender — source label,,Evidence needed,"Buyer-specific role, production, availability, signing age and total fee evidence are needed before assigning a deal-value score.",Source broad position and transfer quote only; detailed role and buyer-specific production not validated.,Reported fee,Not assessed,https://www.theguardian.com/football/ng-interactive/2026/sep/01/mens-transfer-window-summer-2026-all-deals-from-europes-top-five-leagues,DEFENDER_UNCLASSIFIED
summer-S26-0456,summer,439,S26-0456,Amir Richardson,Fiorentina,Le Havre,2026-07-18,,GBP,,Midfielder — source label,,Evidence needed,"Buyer-specific role, production, availability, signing age and total fee evidence are needed before assigning a deal-value score. Loan/swap costs must be treated separately.",Source broad position and transfer quote only; detailed role and buyer-specific production not validated.,Loan fee not stated,Not assessed,https://www.theguardian.com/football/ng-interactive/2026/sep/01/mens-transfer-window-summer-2026-all-deals-from-europes-top-five-leagues,MIDFIELD_UNCLASSIFIED
summer-S26-0457,summer,440,S26-0457,Mattia Fortin,Lens,Palermo,2026-07-18,,GBP,,Goalkeeper — source label,,Evidence needed,"Buyer-specific shot-stopping, distribution, aerial command, sweeping, signing age and total fee evidence are needed before scoring. Loan/swap costs must be treated separately.",Source broad position and transfer quote only; detailed role and buyer-specific production not validated.,Loan fee not stated,Not assessed,https://www.theguardian.com/football/ng-interactive/2026/sep/01/mens-transfer-window-summer-2026-all-deals-from-europes-top-five-leagues,GK
summer-S26-0458,summer,441,S26-0458,Sebastiano Desplanches,Palermo,Frosinone,2026-07-18,,GBP,,Goalkeeper — source label,,Evidence needed,"Buyer-specific shot-stopping, distribution, aerial command, sweeping, signing age and total fee evidence are needed before scoring. Loan/swap costs must be treated separately.",Source broad position and transfer quote only; detailed role and buyer-specific production not validated.,Loan fee not stated,Not assessed,https://www.theguardian.com/football/ng-interactive/2026/sep/01/mens-transfer-window-summer-2026-all-deals-from-europes-top-five-leagues,GK
summer-S26-0459,summer,442,S26-0459,Tanguy Nianzou,Sevilla,Lille,2026-07-18,,GBP,,Defender — source label,,Evidence needed,"Buyer-specific role, production, availability, signing age and total fee evidence are needed before assigning a deal-value score. A zero base fee does not represent wages or signing costs.",Source broad position and transfer quote only; detailed role and buyer-specific production not validated.,Free transfer,Not assessed,https://www.theguardian.com/football/ng-interactive/2026/sep/01/mens-transfer-window-summer-2026-all-deals-from-europes-top-five-leagues,DEFENDER_UNCLASSIFIED
summer-S26-0460,summer,443,S26-0460,Patrick Beach,Melbourne City,Troyes,2026-07-19,,GBP,,Goalkeeper — source label,,Evidence needed,"Buyer-specific shot-stopping, distribution, aerial command, sweeping, signing age and total fee evidence are needed before scoring.",Source broad position and transfer quote only; detailed role and buyer-specific production not validated.,Undisclosed,Not assessed,https://www.theguardian.com/football/ng-interactive/2026/sep/01/mens-transfer-window-summer-2026-all-deals-from-europes-top-five-leagues,GK
summer-S26-0463,summer,446,S26-0463,Christ Inao Oulaï,Trabzonspor,Fiorentina,2026-07-19,22100000.0,GBP,,Midfielder — source label,,Evidence needed,"Buyer-specific role, production, availability, signing age and total fee evidence are needed before assigning a deal-value score.",Source broad position and transfer quote only; detailed role and buyer-specific production not validated.,Reported fee,Not assessed,https://www.theguardian.com/football/ng-interactive/2026/sep/01/mens-transfer-window-summer-2026-all-deals-from-europes-top-five-leagues,MIDFIELD_UNCLASSIFIED
summer-S26-0465,summer,447,S26-0465,Deniz Ofli,Bayern Munich,Karlsruhe,2026-07-06,,GBP,,Defender — source label,,Evidence needed,"Buyer-specific role, production, availability, signing age and total fee evidence are needed before assigning a deal-value score. Loan/swap costs must be treated separately.",Source broad position and transfer quote only; detailed role and buyer-specific production not validated.,Loan fee not stated,Not assessed,https://www.theguardian.com/football/ng-interactive/2026/sep/01/mens-transfer-window-summer-2026-all-deals-from-europes-top-five-leagues,DEFENDER_UNCLASSIFIED
summer-S26-0467,summer,449,S26-0467,Tariq Lamptey,Fiorentina,QPR,2026-07-21,,GBP,,Defender — source label,,Evidence needed,"Buyer-specific role, production, availability, signing age and total fee evidence are needed before assigning a deal-value score. A zero base fee does not represent wages or signing costs.",Source broad position and transfer quote only; detailed role and buyer-specific production not validated.,Free transfer,Not assessed,https://www.theguardian.com/football/ng-interactive/2026/sep/01/mens-transfer-window-summer-2026-all-deals-from-europes-top-five-leagues,DEFENDER_UNCLASSIFIED
summer-S26-0472,summer,454,S26-0472,Kayne van Oevelen,Volendam,Ipswich Town,2026-07-21,3410000.0,GBP,,Goalkeeper — source label,,Evidence needed,"Buyer-specific shot-stopping, distribution, aerial command, sweeping, signing age and total fee evidence are needed before scoring.",Source broad position and transfer quote only; detailed role and buyer-specific production not validated.,Reported fee,Not assessed,https://www.theguardian.com/football/ng-interactive/2026/sep/01/mens-transfer-window-summer-2026-all-deals-from-europes-top-five-leagues,GK
summer-S26-0473,summer,455,S26-0473,Mirko Elia,Fiorentina,Bari,2026-07-19,,GBP,,Defender — source label,,Evidence needed,"Buyer-specific role, production, availability, signing age and total fee evidence are needed before assigning a deal-value score. Loan/swap costs must be treated separately.",Source broad position and transfer quote only; detailed role and buyer-specific production not validated.,Loan fee not stated,Not assessed,https://www.theguardian.com/football/ng-interactive/2026/sep/01/mens-transfer-window-summer-2026-all-deals-from-europes-top-five-leagues,DEFENDER_UNCLASSIFIED
summer-S26-0475,summer,457,S26-0475,Diego Conde,Villarreal,Real Betis,2026-07-20,,GBP,,Goalkeeper — source label,,Evidence needed,"Buyer-specific shot-stopping, distribution, aerial command, sweeping, signing age and total fee evidence are needed before scoring. Loan/swap costs must be treated separately.",Source broad position and transfer quote only; detailed role and buyer-specific production not validated.,Loan fee not stated,Not assessed,https://www.theguardian.com/football/ng-interactive/2026/sep/01/mens-transfer-window-summer-2026-all-deals-from-europes-top-five-leagues,GK
summer-S26-0476,summer,458,S26-0476,Carlo Sickinger,Elversberg,Darmstadt,2026-07-20,,GBP,,Midfielder — source label,,Evidence needed,"Buyer-specific role, production, availability, signing age and total fee evidence are needed before assigning a deal-value score. A zero base fee does not represent wages or signing costs.",Source broad position and transfer quote only; detailed role and buyer-specific production not validated.,Free transfer,Not assessed,https://www.theguardian.com/football/ng-interactive/2026/sep/01/mens-transfer-window-summer-2026-all-deals-from-europes-top-five-leagues,MIDFIELD_UNCLASSIFIED
summer-S26-0477,summer,459,S26-0477,Théo de Percin,Auxerre,Bastia,2026-07-20,,GBP,,Goalkeeper — source label,,Evidence needed,"Buyer-specific shot-stopping, distribution, aerial command, sweeping, signing age and total fee evidence are needed before scoring. Loan/swap costs must be treated separately.",Source broad position and transfer quote only; detailed role and buyer-specific production not validated.,Loan fee not stated,Not assessed,https://www.theguardian.com/football/ng-interactive/2026/sep/01/mens-transfer-window-summer-2026-all-deals-from-europes-top-five-leagues,GK
summer-S26-0478,summer,460,S26-0478,Guilherme Fernandes,Real Betis,Córdoba,2026-07-20,,GBP,,Goalkeeper — source label,,Evidence needed,"Buyer-specific shot-stopping, distribution, aerial command, sweeping, signing age and total fee evidence are needed before scoring.",Source broad position and transfer quote only; detailed role and buyer-specific production not validated.,Undisclosed,Not assessed,https://www.theguardian.com/football/ng-interactive/2026/sep/01/mens-transfer-window-summer-2026-all-deals-from-europes-top-five-leagues,GK
summer-S26-0479,summer,461,S26-0479,Luca Sirch,Kaiserslautern,Elversberg,2026-07-21,,GBP,,Defender — source label,,Evidence needed,"Buyer-specific role, production, availability, signing age and total fee evidence are needed before assigning a deal-value score. A zero base fee does not represent wages or signing costs.",Source broad position and transfer quote only; detailed role and buyer-specific production not validated.,Free transfer,Not assessed,https://www.theguardian.com/football/ng-interactive/2026/sep/01/mens-transfer-window-summer-2026-all-deals-from-europes-top-five-leagues,DEFENDER_UNCLASSIFIED
summer-S26-0480,summer,462,S26-0480,Simon Simoni,Eintracht Frankfurt,FC Luzern,2026-07-21,,GBP,,Goalkeeper — source label,,Evidence needed,"Buyer-specific shot-stopping, distribution, aerial command, sweeping, signing age and total fee evidence are needed before scoring.",Source broad position and transfer quote only; detailed role and buyer-specific production not validated.,Undisclosed,Not assessed,https://www.theguardian.com/football/ng-interactive/2026/sep/01/mens-transfer-window-summer-2026-all-deals-from-europes-top-five-leagues,GK
summer-S26-0483,summer,465,S26-0483,Rahim Alhassane,Real Oviedo,Bologna,2026-07-20,3410000.0,GBP,,Defender — source label,,Evidence needed,"Buyer-specific role, production, availability, signing age and total fee evidence are needed before assigning a deal-value score.",Source broad position and transfer quote only; detailed role and buyer-specific production not validated.,Reported fee,Not assessed,https://www.theguardian.com/football/ng-interactive/2026/sep/01/mens-transfer-window-summer-2026-all-deals-from-europes-top-five-leagues,DEFENDER_UNCLASSIFIED
summer-S26-0484,summer,466,S26-0484,Alfie McNally,Fulham,York City,2026-07-20,,GBP,,Goalkeeper — source label,,Evidence needed,"Buyer-specific shot-stopping, distribution, aerial command, sweeping, signing age and total fee evidence are needed before scoring. Loan/swap costs must be treated separately.",Source broad position and transfer quote only; detailed role and buyer-specific production not validated.,Loan fee not stated,Not assessed,https://www.theguardian.com/football/ng-interactive/2026/sep/01/mens-transfer-window-summer-2026-all-deals-from-europes-top-five-leagues,GK
summer-S26-0485,summer,467,S26-0485,Hugo Sotelo,Celta Vigo,Levante,2026-07-20,,GBP,,Midfielder — source label,,Evidence needed,"Buyer-specific role, production, availability, signing age and total fee evidence are needed before assigning a deal-value score. Loan/swap costs must be treated separately.",Source broad position and transfer quote only; detailed role and buyer-specific production not validated.,Loan fee not stated,Not assessed,https://www.theguardian.com/football/ng-interactive/2026/sep/01/mens-transfer-window-summer-2026-all-deals-from-europes-top-five-leagues,MIDFIELD_UNCLASSIFIED
summer-S26-0487,summer,469,S26-0487,Alessandro Bianco,Fiorentina,Modena,2026-07-21,,GBP,,Midfielder — source label,,Evidence needed,"Buyer-specific role, production, availability, signing age and total fee evidence are needed before assigning a deal-value score.",Source broad position and transfer quote only; detailed role and buyer-specific production not validated.,Undisclosed,Not assessed,https://www.theguardian.com/football/ng-interactive/2026/sep/01/mens-transfer-window-summer-2026-all-deals-from-europes-top-five-leagues,MIDFIELD_UNCLASSIFIED
summer-S26-0490,summer,472,S26-0490,Spike Brits,Manchester City,Sutton United,2026-07-21,,GBP,,Goalkeeper — source label,,Evidence needed,"Buyer-specific shot-stopping, distribution, aerial command, sweeping, signing age and total fee evidence are needed before scoring. Loan/swap costs must be treated separately.",Source broad position and transfer quote only; detailed role and buyer-specific production not validated.,Loan fee not stated,Not assessed,https://www.theguardian.com/football/ng-interactive/2026/sep/01/mens-transfer-window-summer-2026-all-deals-from-europes-top-five-leagues,GK
summer-S26-0491,summer,473,S26-0491,Emmanuel Mbemba,Paris Saint-Germain,Paris FC,2026-07-16,,GBP,,Defender — source label,,Evidence needed,"Buyer-specific role, production, availability, signing age and total fee evidence are needed before assigning a deal-value score. A zero base fee does not represent wages or signing costs.",Source broad position and transfer quote only; detailed role and buyer-specific production not validated.,Free transfer,Not assessed,https://www.theguardian.com/football/ng-interactive/2026/sep/01/mens-transfer-window-summer-2026-all-deals-from-europes-top-five-leagues,DEFENDER_UNCLASSIFIED
summer-S26-0493,summer,474,S26-0493,Óscar Zambrano,Maribor,Hull City,2026-07-21,,GBP,,Midfielder — source label,,Evidence needed,"Buyer-specific role, production, availability, signing age and total fee evidence are needed before assigning a deal-value score.",Source broad position and transfer quote only; detailed role and buyer-specific production not validated.,Undisclosed,Not assessed,https://www.theguardian.com/football/ng-interactive/2026/sep/01/mens-transfer-window-summer-2026-all-deals-from-europes-top-five-leagues,MIDFIELD_UNCLASSIFIED
summer-S26-0495,summer,476,S26-0495,Malang Sarr,Lens,Neom SC,2026-07-21,,GBP,,Defender — source label,,Evidence needed,"Buyer-specific role, production, availability, signing age and total fee evidence are needed before assigning a deal-value score. A zero base fee does not represent wages or signing costs.",Source broad position and transfer quote only; detailed role and buyer-specific production not validated.,Free transfer,Not assessed,https://www.theguardian.com/football/ng-interactive/2026/sep/01/mens-transfer-window-summer-2026-all-deals-from-europes-top-five-leagues,DEFENDER_UNCLASSIFIED
summer-S26-0497,summer,478,S26-0497,Angelo Fulgini,Lens,Al-Khaleej,2026-07-09,,GBP,,Midfielder — source label,,Evidence needed,"Buyer-specific role, production, availability, signing age and total fee evidence are needed before assigning a deal-value score. A zero base fee does not represent wages or signing costs.",Source broad position and transfer quote only; detailed role and buyer-specific production not validated.,Free transfer,Not assessed,https://www.theguardian.com/football/ng-interactive/2026/sep/01/mens-transfer-window-summer-2026-all-deals-from-europes-top-five-leagues,MIDFIELD_UNCLASSIFIED
summer-S26-0498,summer,479,S26-0498,Álex Sala,Lecce,Mallorca,2026-07-22,,GBP,,Midfielder — source label,,Evidence needed,"Buyer-specific role, production, availability, signing age and total fee evidence are needed before assigning a deal-value score. Loan/swap costs must be treated separately.",Source broad position and transfer quote only; detailed role and buyer-specific production not validated.,Loan fee not stated,Not assessed,https://www.theguardian.com/football/ng-interactive/2026/sep/01/mens-transfer-window-summer-2026-all-deals-from-europes-top-five-leagues,MIDFIELD_UNCLASSIFIED
summer-S26-0500,summer,481,S26-0500,Issa Diop,Fulham,Ipswich Town,2026-07-22,8500000.0,GBP,,Defender — source label,,Evidence needed,"Buyer-specific role, production, availability, signing age and total fee evidence are needed before assigning a deal-value score.",Source broad position and transfer quote only; detailed role and buyer-specific production not validated.,Reported fee,Not assessed,https://www.theguardian.com/football/ng-interactive/2026/sep/01/mens-transfer-window-summer-2026-all-deals-from-europes-top-five-leagues,DEFENDER_UNCLASSIFIED
summer-S26-0501,summer,482,S26-0501,Antonin Barak,Fiorentina,Apoel Nicosia,2026-07-22,,GBP,,Midfielder — source label,,Evidence needed,"Buyer-specific role, production, availability, signing age and total fee evidence are needed before assigning a deal-value score.",Source broad position and transfer quote only; detailed role and buyer-specific production not validated.,Undisclosed,Not assessed,https://www.theguardian.com/football/ng-interactive/2026/sep/01/mens-transfer-window-summer-2026-all-deals-from-europes-top-five-leagues,MIDFIELD_UNCLASSIFIED
summer-S26-0502,summer,483,S26-0502,Andrea Oliveri,Atalanta,Ascoli,2026-07-22,,GBP,,Midfielder — source label,,Evidence needed,"Buyer-specific role, production, availability, signing age and total fee evidence are needed before assigning a deal-value score. Loan/swap costs must be treated separately.",Source broad position and transfer quote only; detailed role and buyer-specific production not validated.,Loan fee not stated,Not assessed,https://www.theguardian.com/football/ng-interactive/2026/sep/01/mens-transfer-window-summer-2026-all-deals-from-europes-top-five-leagues,MIDFIELD_UNCLASSIFIED
summer-S26-0505,summer,486,S26-0505,Demi Akarakiri,Everton,Cagliari,2026-07-04,,GBP,,Midfielder — source label,,Evidence needed,"Buyer-specific role, production, availability, signing age and total fee evidence are needed before assigning a deal-value score. A zero base fee does not represent wages or signing costs.",Source broad position and transfer quote only; detailed role and buyer-specific production not validated.,Free transfer,Not assessed,https://www.theguardian.com/football/ng-interactive/2026/sep/01/mens-transfer-window-summer-2026-all-deals-from-europes-top-five-leagues,MIDFIELD_UNCLASSIFIED
summer-S26-0506,summer,487,S26-0506,Giuseppe Mazzaglia,Como 1907,Caratese,2026-07-08,,GBP,,Midfielder — source label,,Evidence needed,"Buyer-specific role, production, availability, signing age and total fee evidence are needed before assigning a deal-value score.",Source broad position and transfer quote only; detailed role and buyer-specific production not validated.,Undisclosed,Not assessed,https://www.theguardian.com/football/ng-interactive/2026/sep/01/mens-transfer-window-summer-2026-all-deals-from-europes-top-five-leagues,MIDFIELD_UNCLASSIFIED
summer-S26-0507,summer,488,S26-0507,Álex Jiménez,Bournemouth,Fiorentina,2026-07-16,,GBP,,Defender — source label,,Evidence needed,"Buyer-specific role, production, availability, signing age and total fee evidence are needed before assigning a deal-value score. Loan/swap costs must be treated separately.",Source broad position and transfer quote only; detailed role and buyer-specific production not validated.,Loan fee not stated,Not assessed,https://www.theguardian.com/football/ng-interactive/2026/sep/01/mens-transfer-window-summer-2026-all-deals-from-europes-top-five-leagues,DEFENDER_UNCLASSIFIED
summer-S26-0509,summer,490,S26-0509,Wisdom Amey,Bologna,Frosinone,2026-07-07,,GBP,,Defender — source label,,Evidence needed,"Buyer-specific role, production, availability, signing age and total fee evidence are needed before assigning a deal-value score. Loan/swap costs must be treated separately.",Source broad position and transfer quote only; detailed role and buyer-specific production not validated.,Loan fee not stated,Not assessed,https://www.theguardian.com/football/ng-interactive/2026/sep/01/mens-transfer-window-summer-2026-all-deals-from-europes-top-five-leagues,DEFENDER_UNCLASSIFIED
summer-S26-0510,summer,491,S26-0510,Riccardo Marchizza,Frosinone,Vicenza,2026-07-08,,GBP,,Defender — source label,,Evidence needed,"Buyer-specific role, production, availability, signing age and total fee evidence are needed before assigning a deal-value score. A zero base fee does not represent wages or signing costs.",Source broad position and transfer quote only; detailed role and buyer-specific production not validated.,Free transfer,Not assessed,https://www.theguardian.com/football/ng-interactive/2026/sep/01/mens-transfer-window-summer-2026-all-deals-from-europes-top-five-leagues,DEFENDER_UNCLASSIFIED
summer-S26-0511,summer,492,S26-0511,Abdoulie Ndow,Frosinone,Spezia,2026-07-12,,GBP,,Midfielder — source label,,Evidence needed,"Buyer-specific role, production, availability, signing age and total fee evidence are needed before assigning a deal-value score.",Source broad position and transfer quote only; detailed role and buyer-specific production not validated.,Undisclosed,Not assessed,https://www.theguardian.com/football/ng-interactive/2026/sep/01/mens-transfer-window-summer-2026-all-deals-from-europes-top-five-leagues,MIDFIELD_UNCLASSIFIED
summer-S26-0513,summer,494,S26-0513,Samuele Capolupo,Monza,Spezia,2026-07-14,,GBP,,Defender — source label,,Evidence needed,"Buyer-specific role, production, availability, signing age and total fee evidence are needed before assigning a deal-value score. Loan/swap costs must be treated separately.",Source broad position and transfer quote only; detailed role and buyer-specific production not validated.,Loan fee not stated,Not assessed,https://www.theguardian.com/football/ng-interactive/2026/sep/01/mens-transfer-window-summer-2026-all-deals-from-europes-top-five-leagues,DEFENDER_UNCLASSIFIED
summer-S26-0514,summer,495,S26-0514,Giovanni Di Renzo,Venezia,Pineto,2026-07-21,,GBP,,Defender — source label,,Evidence needed,"Buyer-specific role, production, availability, signing age and total fee evidence are needed before assigning a deal-value score.",Source broad position and transfer quote only; detailed role and buyer-specific production not validated.,Undisclosed,Not assessed,https://www.theguardian.com/football/ng-interactive/2026/sep/01/mens-transfer-window-summer-2026-all-deals-from-europes-top-five-leagues,DEFENDER_UNCLASSIFIED
summer-S26-0519,summer,500,S26-0519,Filip Bilbija,Paderborn,Derby County,2026-07-22,,GBP,,Midfielder — source label,,Evidence needed,"Buyer-specific role, production, availability, signing age and total fee evidence are needed before assigning a deal-value score. A zero base fee does not represent wages or signing costs.",Source broad position and transfer quote only; detailed role and buyer-specific production not validated.,Free transfer,Not assessed,https://www.theguardian.com/football/ng-interactive/2026/sep/01/mens-transfer-window-summer-2026-all-deals-from-europes-top-five-leagues,MIDFIELD_UNCLASSIFIED
summer-S26-0521,summer,502,S26-0521,Bernardo Conde,Parma,AVS,2026-07-22,,GBP,,Defender — source label,,Evidence needed,"Buyer-specific role, production, availability, signing age and total fee evidence are needed before assigning a deal-value score.",Source broad position and transfer quote only; detailed role and buyer-specific production not validated.,Undisclosed,Not assessed,https://www.theguardian.com/football/ng-interactive/2026/sep/01/mens-transfer-window-summer-2026-all-deals-from-europes-top-five-leagues,DEFENDER_UNCLASSIFIED
summer-S26-0522,summer,503,S26-0522,Matteo Cocchi,Inter,Padova,2026-07-22,,GBP,,Defender — source label,,Evidence needed,"Buyer-specific role, production, availability, signing age and total fee evidence are needed before assigning a deal-value score. Loan/swap costs must be treated separately.",Source broad position and transfer quote only; detailed role and buyer-specific production not validated.,Loan fee not stated,Not assessed,https://www.theguardian.com/football/ng-interactive/2026/sep/01/mens-transfer-window-summer-2026-all-deals-from-europes-top-five-leagues,DEFENDER_UNCLASSIFIED
summer-S26-0524,summer,505,S26-0524,Paul Nardi,QPR,Auxerre,2026-07-22,,GBP,,Goalkeeper — source label,,Evidence needed,"Buyer-specific shot-stopping, distribution, aerial command, sweeping, signing age and total fee evidence are needed before scoring. A zero base fee does not represent wages or signing costs.",Source broad position and transfer quote only; detailed role and buyer-specific production not validated.,Free transfer,Not assessed,https://www.theguardian.com/football/ng-interactive/2026/sep/01/mens-transfer-window-summer-2026-all-deals-from-europes-top-five-leagues,GK
summer-S26-0525,summer,506,S26-0525,Marcelo Vaz,Varesina,Genoa,2026-06-13,,GBP,,Defender — source label,,Evidence needed,"Buyer-specific role, production, availability, signing age and total fee evidence are needed before assigning a deal-value score.",Source broad position and transfer quote only; detailed role and buyer-specific production not validated.,Undisclosed,Not assessed,https://www.theguardian.com/football/ng-interactive/2026/sep/01/mens-transfer-window-summer-2026-all-deals-from-europes-top-five-leagues,DEFENDER_UNCLASSIFIED
summer-S26-0526,summer,507,S26-0526,Matt Targett,Newcastle United,Hull City,2026-07-23,,GBP,,Defender — source label,,Evidence needed,"Buyer-specific role, production, availability, signing age and total fee evidence are needed before assigning a deal-value score. A zero base fee does not represent wages or signing costs.",Source broad position and transfer quote only; detailed role and buyer-specific production not validated.,Free transfer,Not assessed,https://www.theguardian.com/football/ng-interactive/2026/sep/01/mens-transfer-window-summer-2026-all-deals-from-europes-top-five-leagues,DEFENDER_UNCLASSIFIED
summer-S26-0527,summer,508,S26-0527,Mikayil Faye,Rennes,Nuremberg,2026-07-23,,GBP,,Defender — source label,,Evidence needed,"Buyer-specific role, production, availability, signing age and total fee evidence are needed before assigning a deal-value score. Loan/swap costs must be treated separately.",Source broad position and transfer quote only; detailed role and buyer-specific production not validated.,Loan fee not stated,Not assessed,https://www.theguardian.com/football/ng-interactive/2026/sep/01/mens-transfer-window-summer-2026-all-deals-from-europes-top-five-leagues,DEFENDER_UNCLASSIFIED
summer-S26-0530,summer,511,S26-0530,Ander Astralaga,Barcelona,Atlético Madrid,2026-07-23,,GBP,,Goalkeeper — source label,,Evidence needed,"Buyer-specific shot-stopping, distribution, aerial command, sweeping, signing age and total fee evidence are needed before scoring. A zero base fee does not represent wages or signing costs.",Source broad position and transfer quote only; detailed role and buyer-specific production not validated.,Free transfer,Not assessed,https://www.theguardian.com/football/ng-interactive/2026/sep/01/mens-transfer-window-summer-2026-all-deals-from-europes-top-five-leagues,GK
summer-S26-0531,summer,512,S26-0531,Armin Pecsi,Liverpool,TSV Hartberg,2026-07-23,,GBP,,Goalkeeper — source label,,Evidence needed,"Buyer-specific shot-stopping, distribution, aerial command, sweeping, signing age and total fee evidence are needed before scoring. Loan/swap costs must be treated separately.",Source broad position and transfer quote only; detailed role and buyer-specific production not validated.,Loan fee not stated,Not assessed,https://www.theguardian.com/football/ng-interactive/2026/sep/01/mens-transfer-window-summer-2026-all-deals-from-europes-top-five-leagues,GK
summer-S26-0532,summer,513,S26-0532,Filippo Rinaldi,Parma,Catania,2026-07-23,,GBP,,Goalkeeper — source label,,Evidence needed,"Buyer-specific shot-stopping, distribution, aerial command, sweeping, signing age and total fee evidence are needed before scoring. Loan/swap costs must be treated separately.",Source broad position and transfer quote only; detailed role and buyer-specific production not validated.,Loan fee not stated,Not assessed,https://www.theguardian.com/football/ng-interactive/2026/sep/01/mens-transfer-window-summer-2026-all-deals-from-europes-top-five-leagues,GK
summer-S26-0534,summer,515,S26-0534,Xaver Schlager,RB Leipzig,Nottingham Forest,2026-07-23,,GBP,,Midfielder — source label,,Evidence needed,"Buyer-specific role, production, availability, signing age and total fee evidence are needed before assigning a deal-value score. A zero base fee does not represent wages or signing costs.",Source broad position and transfer quote only; detailed role and buyer-specific production not validated.,Free transfer,Not assessed,https://www.theguardian.com/football/ng-interactive/2026/sep/01/mens-transfer-window-summer-2026-all-deals-from-europes-top-five-leagues,MIDFIELD_UNCLASSIFIED
summer-S26-0536,summer,517,S26-0536,Harrison Bettoni,Wigan Athletic,Chelsea,2026-07-23,,GBP,,Midfielder — source label,,Evidence needed,"Buyer-specific role, production, availability, signing age and total fee evidence are needed before assigning a deal-value score.",Source broad position and transfer quote only; detailed role and buyer-specific production not validated.,Undisclosed,Not assessed,https://www.theguardian.com/football/ng-interactive/2026/sep/01/mens-transfer-window-summer-2026-all-deals-from-europes-top-five-leagues,MIDFIELD_UNCLASSIFIED
summer-S26-0537,summer,518,S26-0537,Muhammed Damar,Hoffenheim,Wolfsburg,2026-07-23,4300000.0,GBP,,Midfielder — source label,,Evidence needed,"Buyer-specific role, production, availability, signing age and total fee evidence are needed before assigning a deal-value score.",Source broad position and transfer quote only; detailed role and buyer-specific production not validated.,Reported fee,Not assessed,https://www.theguardian.com/football/ng-interactive/2026/sep/01/mens-transfer-window-summer-2026-all-deals-from-europes-top-five-leagues,MIDFIELD_UNCLASSIFIED
summer-S26-0539,summer,520,S26-0539,Elijah Upson,Tottenham Hotspur,Arsenal,2026-07-21,,GBP,,Defender — source label,,Evidence needed,"Buyer-specific role, production, availability, signing age and total fee evidence are needed before assigning a deal-value score. A zero base fee does not represent wages or signing costs.",Source broad position and transfer quote only; detailed role and buyer-specific production not validated.,Free transfer,Not assessed,https://www.theguardian.com/football/ng-interactive/2026/sep/01/mens-transfer-window-summer-2026-all-deals-from-europes-top-five-leagues,DEFENDER_UNCLASSIFIED
summer-S26-0540,summer,521,S26-0540,Yeimar Mosquera,Aston Villa,Vitória de Guimarães,2026-07-16,,GBP,,Defender — source label,,Evidence needed,"Buyer-specific role, production, availability, signing age and total fee evidence are needed before assigning a deal-value score.",Source broad position and transfer quote only; detailed role and buyer-specific production not validated.,Undisclosed,Not assessed,https://www.theguardian.com/football/ng-interactive/2026/sep/01/mens-transfer-window-summer-2026-all-deals-from-europes-top-five-leagues,DEFENDER_UNCLASSIFIED
summer-S26-0543,summer,524,S26-0543,Sam Proctor,Aston Villa,Shrewsbury Town,2026-07-17,,GBP,,Goalkeeper — source label,,Evidence needed,"Buyer-specific shot-stopping, distribution, aerial command, sweeping, signing age and total fee evidence are needed before scoring. Loan/swap costs must be treated separately.",Source broad position and transfer quote only; detailed role and buyer-specific production not validated.,Loan fee not stated,Not assessed,https://www.theguardian.com/football/ng-interactive/2026/sep/01/mens-transfer-window-summer-2026-all-deals-from-europes-top-five-leagues,GK
summer-S26-0546,summer,526,S26-0546,Romain Faivre,Bournemouth,Auxerre,2026-07-03,,GBP,,Midfielder — source label,,Evidence needed,"Buyer-specific role, production, availability, signing age and total fee evidence are needed before assigning a deal-value score.",Source broad position and transfer quote only; detailed role and buyer-specific production not validated.,Loan fee not stated,Not assessed,https://www.theguardian.com/football/ng-interactive/2026/sep/01/mens-transfer-window-summer-2026-all-deals-from-europes-top-five-leagues,MIDFIELD_UNCLASSIFIED
summer-S26-0547,summer,527,S26-0547,Owen Bevan,Bournemouth,Dundee,2026-07-10,,GBP,,Defender — source label,,Evidence needed,"Buyer-specific role, production, availability, signing age and total fee evidence are needed before assigning a deal-value score. A zero base fee does not represent wages or signing costs.",Source broad position and transfer quote only; detailed role and buyer-specific production not validated.,Free transfer,Not assessed,https://www.theguardian.com/football/ng-interactive/2026/sep/01/mens-transfer-window-summer-2026-all-deals-from-europes-top-five-leagues,DEFENDER_UNCLASSIFIED
summer-S26-0550,summer,529,S26-0550,Joël Veltman,Brighton,West Ham,2026-08-06,,GBP,,Defender — source label,,Evidence needed,"Buyer-specific role, production, availability, signing age and total fee evidence are needed before assigning a deal-value score. A zero base fee does not represent wages or signing costs.",Source broad position and transfer quote only; detailed role and buyer-specific production not validated.,Free transfer,Not assessed,https://www.theguardian.com/football/ng-interactive/2026/sep/01/mens-transfer-window-summer-2026-all-deals-from-europes-top-five-leagues,DEFENDER_UNCLASSIFIED
summer-S26-0552,summer,531,S26-0552,Callum Perry,Coventry City,Cambridge United,2026-07-21,,GBP,,Defender — source label,,Evidence needed,"Buyer-specific role, production, availability, signing age and total fee evidence are needed before assigning a deal-value score. Loan/swap costs must be treated separately.",Source broad position and transfer quote only; detailed role and buyer-specific production not validated.,Loan fee not stated,Not assessed,https://www.theguardian.com/football/ng-interactive/2026/sep/01/mens-transfer-window-summer-2026-all-deals-from-europes-top-five-leagues,DEFENDER_UNCLASSIFIED
summer-S26-0553,summer,532,S26-0553,Isaac Moore,Coventry City,Walsall,2026-07-07,,GBP,,Midfielder — source label,,Evidence needed,"Buyer-specific role, production, availability, signing age and total fee evidence are needed before assigning a deal-value score. Loan/swap costs must be treated separately.",Source broad position and transfer quote only; detailed role and buyer-specific production not validated.,Loan fee not stated,Not assessed,https://www.theguardian.com/football/ng-interactive/2026/sep/01/mens-transfer-window-summer-2026-all-deals-from-europes-top-five-leagues,MIDFIELD_UNCLASSIFIED
summer-S26-0554,summer,533,S26-0554,Kevin Bruno,Sassuolo,Vado,2026-07-23,,GBP,,Midfielder — source label,,Evidence needed,"Buyer-specific role, production, availability, signing age and total fee evidence are needed before assigning a deal-value score. Loan/swap costs must be treated separately.",Source broad position and transfer quote only; detailed role and buyer-specific production not validated.,Loan fee not stated,Not assessed,https://www.theguardian.com/football/ng-interactive/2026/sep/01/mens-transfer-window-summer-2026-all-deals-from-europes-top-five-leagues,MIDFIELD_UNCLASSIFIED
summer-S26-0556,summer,535,S26-0556,Aladji Bamba,Monaco,Newcastle United,2026-07-24,30000000.0,GBP,,Midfielder — source label,,Evidence needed,"Buyer-specific role, production, availability, signing age and total fee evidence are needed before assigning a deal-value score.",Source broad position and transfer quote only; detailed role and buyer-specific production not validated.,Reported fee,Not assessed,https://www.theguardian.com/football/ng-interactive/2026/sep/01/mens-transfer-window-summer-2026-all-deals-from-europes-top-five-leagues,MIDFIELD_UNCLASSIFIED
summer-S26-0558,summer,537,S26-0558,Ricardo Mangas,Sporting,Monza,2026-07-24,,GBP,,Defender — source label,,Evidence needed,"Buyer-specific role, production, availability, signing age and total fee evidence are needed before assigning a deal-value score. Loan/swap costs must be treated separately.",Source broad position and transfer quote only; detailed role and buyer-specific production not validated.,Loan fee not stated,Not assessed,https://www.theguardian.com/football/ng-interactive/2026/sep/01/mens-transfer-window-summer-2026-all-deals-from-europes-top-five-leagues,DEFENDER_UNCLASSIFIED
summer-S26-0562,summer,541,S26-0562,Maximilian Ibrahimovic,Milan,AZ Alkmaar,2026-07-18,,GBP,,Midfielder — source label,,Evidence needed,"Buyer-specific role, production, availability, signing age and total fee evidence are needed before assigning a deal-value score.",Source broad position and transfer quote only; detailed role and buyer-specific production not validated.,Undisclosed,Not assessed,https://www.theguardian.com/football/ng-interactive/2026/sep/01/mens-transfer-window-summer-2026-all-deals-from-europes-top-five-leagues,MIDFIELD_UNCLASSIFIED
summer-S26-0564,summer,543,S26-0564,Fabio Desole,Torino,Carpi,2026-07-24,,GBP,,Defender — source label,,Evidence needed,"Buyer-specific role, production, availability, signing age and total fee evidence are needed before assigning a deal-value score.",Source broad position and transfer quote only; detailed role and buyer-specific production not validated.,Undisclosed,Not assessed,https://www.theguardian.com/football/ng-interactive/2026/sep/01/mens-transfer-window-summer-2026-all-deals-from-europes-top-five-leagues,DEFENDER_UNCLASSIFIED
summer-S26-0565,summer,544,S26-0565,Mika Wallentowitz,Schalke 04,Greuther Fürth,2026-07-24,,GBP,,Midfielder — source label,,Evidence needed,"Buyer-specific role, production, availability, signing age and total fee evidence are needed before assigning a deal-value score. Loan/swap costs must be treated separately.",Source broad position and transfer quote only; detailed role and buyer-specific production not validated.,Loan fee not stated,Not assessed,https://www.theguardian.com/football/ng-interactive/2026/sep/01/mens-transfer-window-summer-2026-all-deals-from-europes-top-five-leagues,MIDFIELD_UNCLASSIFIED
summer-S26-0568,summer,547,S26-0568,Luis Hasa,Napoli,Frosinone,2026-07-24,3800000.0,GBP,,Midfielder — source label,,Evidence needed,"Buyer-specific role, production, availability, signing age and total fee evidence are needed before assigning a deal-value score.",Source broad position and transfer quote only; detailed role and buyer-specific production not validated.,Reported fee,Not assessed,https://www.theguardian.com/football/ng-interactive/2026/sep/01/mens-transfer-window-summer-2026-all-deals-from-europes-top-five-leagues,MIDFIELD_UNCLASSIFIED
summer-S26-0570,summer,549,S26-0570,Amara Nallo,Liverpool,HJK Helsinki,2026-07-24,,GBP,,Defender — source label,,Evidence needed,"Buyer-specific role, production, availability, signing age and total fee evidence are needed before assigning a deal-value score. Loan/swap costs must be treated separately.",Source broad position and transfer quote only; detailed role and buyer-specific production not validated.,Loan fee not stated,Not assessed,https://www.theguardian.com/football/ng-interactive/2026/sep/01/mens-transfer-window-summer-2026-all-deals-from-europes-top-five-leagues,DEFENDER_UNCLASSIFIED
summer-S26-0572,summer,551,S26-0572,Alessandro Milani,Lazio,Inter,2026-07-24,,GBP,,Defender — source label,,Evidence needed,"Buyer-specific role, production, availability, signing age and total fee evidence are needed before assigning a deal-value score.",Source broad position and transfer quote only; detailed role and buyer-specific production not validated.,Undisclosed,Not assessed,https://www.theguardian.com/football/ng-interactive/2026/sep/01/mens-transfer-window-summer-2026-all-deals-from-europes-top-five-leagues,DEFENDER_UNCLASSIFIED
summer-S26-0573,summer,552,S26-0573,Jacopo Grossi,Genoa,Trento,2026-07-24,,GBP,,Midfielder — source label,,Evidence needed,"Buyer-specific role, production, availability, signing age and total fee evidence are needed before assigning a deal-value score. Loan/swap costs must be treated separately.",Source broad position and transfer quote only; detailed role and buyer-specific production not validated.,Loan fee not stated,Not assessed,https://www.theguardian.com/football/ng-interactive/2026/sep/01/mens-transfer-window-summer-2026-all-deals-from-europes-top-five-leagues,MIDFIELD_UNCLASSIFIED
summer-S26-0574,summer,553,S26-0574,Lee Kang-in,Paris Saint-Germain,Atlético Madrid,2026-07-25,34000000.0,GBP,,Midfielder — source label,,Evidence needed,"Buyer-specific role, production, availability, signing age and total fee evidence are needed before assigning a deal-value score.",Source broad position and transfer quote only; detailed role and buyer-specific production not validated.,Reported fee,Not assessed,https://www.theguardian.com/football/ng-interactive/2026/sep/01/mens-transfer-window-summer-2026-all-deals-from-europes-top-five-leagues,MIDFIELD_UNCLASSIFIED
summer-S26-0576,summer,555,S26-0576,Bilal Nadir,Marseille,Hamburg,2026-07-24,,GBP,,Midfielder — source label,,Evidence needed,"Buyer-specific role, production, availability, signing age and total fee evidence are needed before assigning a deal-value score. A zero base fee does not represent wages or signing costs.",Source broad position and transfer quote only; detailed role and buyer-specific production not validated.,Free transfer,Not assessed,https://www.theguardian.com/football/ng-interactive/2026/sep/01/mens-transfer-window-summer-2026-all-deals-from-europes-top-five-leagues,MIDFIELD_UNCLASSIFIED
summer-S26-0577,summer,556,S26-0577,Juan Cruz,Osasuna,Real Oviedo,2026-07-24,,GBP,,Defender — source label,,Evidence needed,"Buyer-specific role, production, availability, signing age and total fee evidence are needed before assigning a deal-value score. A zero base fee does not represent wages or signing costs.",Source broad position and transfer quote only; detailed role and buyer-specific production not validated.,Free transfer,Not assessed,https://www.theguardian.com/football/ng-interactive/2026/sep/01/mens-transfer-window-summer-2026-all-deals-from-europes-top-five-leagues,DEFENDER_UNCLASSIFIED
summer-S26-0579,summer,558,S26-0579,Maximilian Wöber,Leeds United,Schalke 04,2026-07-22,,GBP,,Defender — source label,,Evidence needed,"Buyer-specific role, production, availability, signing age and total fee evidence are needed before assigning a deal-value score. A zero base fee does not represent wages or signing costs.",Source broad position and transfer quote only; detailed role and buyer-specific production not validated.,Free transfer,Not assessed,https://www.theguardian.com/football/ng-interactive/2026/sep/01/mens-transfer-window-summer-2026-all-deals-from-europes-top-five-leagues,DEFENDER_UNCLASSIFIED
summer-S26-0580,summer,559,S26-0580,Lorenzo Riccio,Atalanta,Dordrecht,2026-07-21,,GBP,,Midfielder — source label,,Evidence needed,"Buyer-specific role, production, availability, signing age and total fee evidence are needed before assigning a deal-value score.",Source broad position and transfer quote only; detailed role and buyer-specific production not validated.,Undisclosed,Not assessed,https://www.theguardian.com/football/ng-interactive/2026/sep/01/mens-transfer-window-summer-2026-all-deals-from-europes-top-five-leagues,MIDFIELD_UNCLASSIFIED
summer-S26-0581,summer,560,S26-0581,Luca Erlein,Hoffenheim,Bayer Leverkusen,2026-07-25,1700000.0,GBP,,Defender — source label,,Evidence needed,"Buyer-specific role, production, availability, signing age and total fee evidence are needed before assigning a deal-value score.",Source broad position and transfer quote only; detailed role and buyer-specific production not validated.,Reported fee,Not assessed,https://www.theguardian.com/football/ng-interactive/2026/sep/01/mens-transfer-window-summer-2026-all-deals-from-europes-top-five-leagues,DEFENDER_UNCLASSIFIED
summer-S26-0582,summer,561,S26-0582,Arnau Tenas,Villarreal,Mallorca,2026-07-25,,GBP,,Goalkeeper — source label,,Evidence needed,"Buyer-specific shot-stopping, distribution, aerial command, sweeping, signing age and total fee evidence are needed before scoring. Loan/swap costs must be treated separately.",Source broad position and transfer quote only; detailed role and buyer-specific production not validated.,Loan fee not stated,Not assessed,https://www.theguardian.com/football/ng-interactive/2026/sep/01/mens-transfer-window-summer-2026-all-deals-from-europes-top-five-leagues,GK
summer-S26-0583,summer,562,S26-0583,Jackson Izquierdo,Crystal Palace,Crawley Town,2026-07-25,,GBP,,Goalkeeper — source label,,Evidence needed,"Buyer-specific shot-stopping, distribution, aerial command, sweeping, signing age and total fee evidence are needed before scoring. A zero base fee does not represent wages or signing costs.",Source broad position and transfer quote only; detailed role and buyer-specific production not validated.,Free transfer,Not assessed,https://www.theguardian.com/football/ng-interactive/2026/sep/01/mens-transfer-window-summer-2026-all-deals-from-europes-top-five-leagues,GK
summer-S26-0584,summer,563,S26-0584,Matthew Cox,Brentford,Barnet,2026-07-25,,GBP,,Goalkeeper — source label,,Evidence needed,"Buyer-specific shot-stopping, distribution, aerial command, sweeping, signing age and total fee evidence are needed before scoring. Loan/swap costs must be treated separately.",Source broad position and transfer quote only; detailed role and buyer-specific production not validated.,Loan fee not stated,Not assessed,https://www.theguardian.com/football/ng-interactive/2026/sep/01/mens-transfer-window-summer-2026-all-deals-from-europes-top-five-leagues,GK
summer-S26-0585,summer,564,S26-0585,Conor Townsend,Ipswich Town,West Bromwich Albion,2026-07-24,,GBP,,Defender — source label,,Evidence needed,"Buyer-specific role, production, availability, signing age and total fee evidence are needed before assigning a deal-value score. A zero base fee does not represent wages or signing costs.",Source broad position and transfer quote only; detailed role and buyer-specific production not validated.,Free transfer,Not assessed,https://www.theguardian.com/football/ng-interactive/2026/sep/01/mens-transfer-window-summer-2026-all-deals-from-europes-top-five-leagues,DEFENDER_UNCLASSIFIED
summer-S26-0586,summer,565,S26-0586,Owen Goodman,Crystal Palace,Dundee,2026-07-25,,GBP,,Goalkeeper — source label,,Evidence needed,"Buyer-specific shot-stopping, distribution, aerial command, sweeping, signing age and total fee evidence are needed before scoring. Loan/swap costs must be treated separately.",Source broad position and transfer quote only; detailed role and buyer-specific production not validated.,Loan fee not stated,Not assessed,https://www.theguardian.com/football/ng-interactive/2026/sep/01/mens-transfer-window-summer-2026-all-deals-from-europes-top-five-leagues,GK
summer-S26-0587,summer,566,S26-0587,Borna Knezovic,Sassuolo,Casarano,2026-07-21,,GBP,,Midfielder — source label,,Evidence needed,"Buyer-specific role, production, availability, signing age and total fee evidence are needed before assigning a deal-value score.",Source broad position and transfer quote only; detailed role and buyer-specific production not validated.,Undisclosed,Not assessed,https://www.theguardian.com/football/ng-interactive/2026/sep/01/mens-transfer-window-summer-2026-all-deals-from-europes-top-five-leagues,MIDFIELD_UNCLASSIFIED
summer-S26-0588,summer,567,S26-0588,Nobel Mendy,Real Betis,Rayo Vallecano,2026-06-12,2000000.0,GBP,,Defender — source label,,Evidence needed,"Buyer-specific role, production, availability, signing age and total fee evidence are needed before assigning a deal-value score.",Source broad position and transfer quote only; detailed role and buyer-specific production not validated.,Reported fee,Not assessed,https://www.theguardian.com/football/ng-interactive/2026/sep/01/mens-transfer-window-summer-2026-all-deals-from-europes-top-five-leagues,DEFENDER_UNCLASSIFIED
summer-S26-0589,summer,568,S26-0589,Justin de Haas,Famalicão,Valencia,2026-07-01,,GBP,,Defender — source label,,Evidence needed,"Buyer-specific role, production, availability, signing age and total fee evidence are needed before assigning a deal-value score. A zero base fee does not represent wages or signing costs.",Source broad position and transfer quote only; detailed role and buyer-specific production not validated.,Free transfer,Not assessed,https://www.theguardian.com/football/ng-interactive/2026/sep/01/mens-transfer-window-summer-2026-all-deals-from-europes-top-five-leagues,DEFENDER_UNCLASSIFIED
summer-S26-0591,summer,570,S26-0591,Egoitz Muñoz,Alavés,Córdoba,2026-06-19,,GBP,,Defender — source label,,Evidence needed,"Buyer-specific role, production, availability, signing age and total fee evidence are needed before assigning a deal-value score. Loan/swap costs must be treated separately.",Source broad position and transfer quote only; detailed role and buyer-specific production not validated.,Loan fee not stated,Not assessed,https://www.theguardian.com/football/ng-interactive/2026/sep/01/mens-transfer-window-summer-2026-all-deals-from-europes-top-five-leagues,DEFENDER_UNCLASSIFIED
summer-S26-0592,summer,571,S26-0592,Jon García,Osasuna,Cultural Leonesa,2026-06-19,,GBP,,Midfielder — source label,,Evidence needed,"Buyer-specific role, production, availability, signing age and total fee evidence are needed before assigning a deal-value score. A zero base fee does not represent wages or signing costs.",Source broad position and transfer quote only; detailed role and buyer-specific production not validated.,Free transfer,Not assessed,https://www.theguardian.com/football/ng-interactive/2026/sep/01/mens-transfer-window-summer-2026-all-deals-from-europes-top-five-leagues,MIDFIELD_UNCLASSIFIED
summer-S26-0593,summer,572,S26-0593,Víctor Fernández,Levante,Valencia,2026-06-24,100000.0,GBP,,Midfielder — source label,,Evidence needed,"Buyer-specific role, production, availability, signing age and total fee evidence are needed before assigning a deal-value score.",Source broad position and transfer quote only; detailed role and buyer-specific production not validated.,Reported fee,Not assessed,https://www.theguardian.com/football/ng-interactive/2026/sep/01/mens-transfer-window-summer-2026-all-deals-from-europes-top-five-leagues,MIDFIELD_UNCLASSIFIED
summer-S26-0594,summer,573,S26-0594,Javi Pamies,Valencia,Orihuela,2026-06-29,,GBP,,Defender — source label,,Evidence needed,"Buyer-specific role, production, availability, signing age and total fee evidence are needed before assigning a deal-value score. A zero base fee does not represent wages or signing costs.",Source broad position and transfer quote only; detailed role and buyer-specific production not validated.,Free transfer,Not assessed,https://www.theguardian.com/football/ng-interactive/2026/sep/01/mens-transfer-window-summer-2026-all-deals-from-europes-top-five-leagues,DEFENDER_UNCLASSIFIED
summer-S26-0596,summer,575,S26-0596,Kazunari Kita,Kyoto Sanga,Real Sociedad,2026-06-30,1300000.0,GBP,,Defender — source label,,Evidence needed,"Buyer-specific role, production, availability, signing age and total fee evidence are needed before assigning a deal-value score.",Source broad position and transfer quote only; detailed role and buyer-specific production not validated.,Reported fee,Not assessed,https://www.theguardian.com/football/ng-interactive/2026/sep/01/mens-transfer-window-summer-2026-all-deals-from-europes-top-five-leagues,DEFENDER_UNCLASSIFIED
summer-S26-0598,summer,576,S26-0598,Jano Monserrate,Atlético Madrid,Ajax,2026-06-30,,GBP,,Midfielder — source label,,Evidence needed,"Buyer-specific role, production, availability, signing age and total fee evidence are needed before assigning a deal-value score. A zero base fee does not represent wages or signing costs.",Source broad position and transfer quote only; detailed role and buyer-specific production not validated.,Free transfer,Not assessed,https://www.theguardian.com/football/ng-interactive/2026/sep/01/mens-transfer-window-summer-2026-all-deals-from-europes-top-five-leagues,MIDFIELD_UNCLASSIFIED
summer-S26-0599,summer,577,S26-0599,José Gragera,Espanyol,Burgos,2026-07-25,,GBP,,Midfielder — source label,,Evidence needed,"Buyer-specific role, production, availability, signing age and total fee evidence are needed before assigning a deal-value score. Loan/swap costs must be treated separately.",Source broad position and transfer quote only; detailed role and buyer-specific production not validated.,Loan fee not stated,Not assessed,https://www.theguardian.com/football/ng-interactive/2026/sep/01/mens-transfer-window-summer-2026-all-deals-from-europes-top-five-leagues,MIDFIELD_UNCLASSIFIED
summer-S26-0601,summer,579,S26-0601,Jusuf Gazibegovic,Cologne,Widzew Lodz,2026-07-26,,GBP,,Defender — source label,,Evidence needed,"Buyer-specific role, production, availability, signing age and total fee evidence are needed before assigning a deal-value score. Loan/swap costs must be treated separately.",Source broad position and transfer quote only; detailed role and buyer-specific production not validated.,Loan fee not stated,Not assessed,https://www.theguardian.com/football/ng-interactive/2026/sep/01/mens-transfer-window-summer-2026-all-deals-from-europes-top-five-leagues,DEFENDER_UNCLASSIFIED
summer-S26-0602,summer,580,S26-0602,José Salinas,Espanyol,Málaga,2026-07-27,,GBP,,Defender — source label,,Evidence needed,"Buyer-specific role, production, availability, signing age and total fee evidence are needed before assigning a deal-value score. Loan/swap costs must be treated separately.",Source broad position and transfer quote only; detailed role and buyer-specific production not validated.,Loan fee not stated,Not assessed,https://www.theguardian.com/football/ng-interactive/2026/sep/01/mens-transfer-window-summer-2026-all-deals-from-europes-top-five-leagues,DEFENDER_UNCLASSIFIED
summer-S26-0606,summer,584,S26-0606,Luca Erlein,Bayer Leverkusen,Energie Cottbus,2026-07-27,,GBP,,Defender — source label,,Evidence needed,"Buyer-specific role, production, availability, signing age and total fee evidence are needed before assigning a deal-value score. Loan/swap costs must be treated separately.",Source broad position and transfer quote only; detailed role and buyer-specific production not validated.,Loan fee not stated,Not assessed,https://www.theguardian.com/football/ng-interactive/2026/sep/01/mens-transfer-window-summer-2026-all-deals-from-europes-top-five-leagues,DEFENDER_UNCLASSIFIED
summer-S26-0608,summer,586,S26-0608,Tommaso Vannucchi,Fiorentina,Arzignano,2026-07-27,,GBP,,Goalkeeper — source label,,Evidence needed,"Buyer-specific shot-stopping, distribution, aerial command, sweeping, signing age and total fee evidence are needed before scoring. Loan/swap costs must be treated separately.",Source broad position and transfer quote only; detailed role and buyer-specific production not validated.,Loan fee not stated,Not assessed,https://www.theguardian.com/football/ng-interactive/2026/sep/01/mens-transfer-window-summer-2026-all-deals-from-europes-top-five-leagues,GK
summer-S26-0610,summer,588,S26-0610,Kjell Scherpen,Union St-Gilloise,Ipswich Town,2026-07-28,8600000.0,GBP,,Goalkeeper — source label,,Evidence needed,"Buyer-specific shot-stopping, distribution, aerial command, sweeping, signing age and total fee evidence are needed before scoring.",Source broad position and transfer quote only; detailed role and buyer-specific production not validated.,Reported fee,Not assessed,https://www.theguardian.com/football/ng-interactive/2026/sep/01/mens-transfer-window-summer-2026-all-deals-from-europes-top-five-leagues,GK
summer-S26-0611,summer,589,S26-0611,Otávio,Estrela Amadora,Eintracht Frankfurt,2026-07-28,3850000.0,GBP,,Defender — source label,,Evidence needed,"Buyer-specific role, production, availability, signing age and total fee evidence are needed before assigning a deal-value score.",Source broad position and transfer quote only; detailed role and buyer-specific production not validated.,Reported fee,Not assessed,https://www.theguardian.com/football/ng-interactive/2026/sep/01/mens-transfer-window-summer-2026-all-deals-from-europes-top-five-leagues,DEFENDER_UNCLASSIFIED
summer-S26-0612,summer,590,S26-0612,Joe Gauci,Aston Villa,Lincoln City,2026-07-28,,GBP,,Goalkeeper — source label,,Evidence needed,"Buyer-specific shot-stopping, distribution, aerial command, sweeping, signing age and total fee evidence are needed before scoring. Loan/swap costs must be treated separately.",Source broad position and transfer quote only; detailed role and buyer-specific production not validated.,Loan fee not stated,Not assessed,https://www.theguardian.com/football/ng-interactive/2026/sep/01/mens-transfer-window-summer-2026-all-deals-from-europes-top-five-leagues,GK
summer-S26-0614,summer,592,S26-0614,Ugo Raghouber,Lille,Burnley,2026-07-28,4300000.0,GBP,,Midfielder — source label,,Evidence needed,"Buyer-specific role, production, availability, signing age and total fee evidence are needed before assigning a deal-value score.",Source broad position and transfer quote only; detailed role and buyer-specific production not validated.,Reported fee,Not assessed,https://www.theguardian.com/football/ng-interactive/2026/sep/01/mens-transfer-window-summer-2026-all-deals-from-europes-top-five-leagues,MIDFIELD_UNCLASSIFIED
summer-S26-0618,summer,596,S26-0618,Lorenzo Villa,Juventus,Sion,2026-07-27,,GBP,,Defender — source label,,Evidence needed,"Buyer-specific role, production, availability, signing age and total fee evidence are needed before assigning a deal-value score.",Source broad position and transfer quote only; detailed role and buyer-specific production not validated.,Undisclosed,Not assessed,https://www.theguardian.com/football/ng-interactive/2026/sep/01/mens-transfer-window-summer-2026-all-deals-from-europes-top-five-leagues,DEFENDER_UNCLASSIFIED
summer-S26-0619,summer,597,S26-0619,Rares Ilie,Nice,Mantova,2026-07-28,,GBP,,Midfielder — source label,,Evidence needed,"Buyer-specific role, production, availability, signing age and total fee evidence are needed before assigning a deal-value score.",Source broad position and transfer quote only; detailed role and buyer-specific production not validated.,Undisclosed,Not assessed,https://www.theguardian.com/football/ng-interactive/2026/sep/01/mens-transfer-window-summer-2026-all-deals-from-europes-top-five-leagues,MIDFIELD_UNCLASSIFIED
summer-S26-0620,summer,598,S26-0620,Harvey Cartwright,Hull City,Grimsby Town,2026-07-28,,GBP,,Goalkeeper — source label,,Evidence needed,"Buyer-specific shot-stopping, distribution, aerial command, sweeping, signing age and total fee evidence are needed before scoring. Loan/swap costs must be treated separately.",Source broad position and transfer quote only; detailed role and buyer-specific production not validated.,Loan fee not stated,Not assessed,https://www.theguardian.com/football/ng-interactive/2026/sep/01/mens-transfer-window-summer-2026-all-deals-from-europes-top-five-leagues,GK
summer-S26-0621,summer,599,S26-0621,Julio Díaz,Atlético Madrid,Sevilla,2026-07-28,900000.0,GBP,,Defender — source label,,Evidence needed,"Buyer-specific role, production, availability, signing age and total fee evidence are needed before assigning a deal-value score.",Source broad position and transfer quote only; detailed role and buyer-specific production not validated.,Reported fee,Not assessed,https://www.theguardian.com/football/ng-interactive/2026/sep/01/mens-transfer-window-summer-2026-all-deals-from-europes-top-five-leagues,DEFENDER_UNCLASSIFIED
summer-S26-0623,summer,601,S26-0623,Hugo Solozábal,Getafe,FC Andorra,2026-07-12,,GBP,,Midfielder — source label,,Evidence needed,"Buyer-specific role, production, availability, signing age and total fee evidence are needed before assigning a deal-value score. A zero base fee does not represent wages or signing costs.",Source broad position and transfer quote only; detailed role and buyer-specific production not validated.,Free transfer,Not assessed,https://www.theguardian.com/football/ng-interactive/2026/sep/01/mens-transfer-window-summer-2026-all-deals-from-europes-top-five-leagues,MIDFIELD_UNCLASSIFIED
summer-S26-0624,summer,602,S26-0624,Darling Bladi,Real Betis,Heerenveen,2026-06-20,,GBP,,Defender — source label,,Evidence needed,"Buyer-specific role, production, availability, signing age and total fee evidence are needed before assigning a deal-value score. A zero base fee does not represent wages or signing costs.",Source broad position and transfer quote only; detailed role and buyer-specific production not validated.,Free transfer,Not assessed,https://www.theguardian.com/football/ng-interactive/2026/sep/01/mens-transfer-window-summer-2026-all-deals-from-europes-top-five-leagues,DEFENDER_UNCLASSIFIED
summer-S26-0626,summer,604,S26-0626,Jon de Luis,Athletic Club,Kifisia,2026-07-04,,GBP,,Defender — source label,,Evidence needed,"Buyer-specific role, production, availability, signing age and total fee evidence are needed before assigning a deal-value score. A zero base fee does not represent wages or signing costs.",Source broad position and transfer quote only; detailed role and buyer-specific production not validated.,Free transfer,Not assessed,https://www.theguardian.com/football/ng-interactive/2026/sep/01/mens-transfer-window-summer-2026-all-deals-from-europes-top-five-leagues,DEFENDER_UNCLASSIFIED
summer-S26-0627,summer,605,S26-0627,Jokin Ezkieta,Racing Santander,Cádiz,2026-07-05,,GBP,,Goalkeeper — source label,,Evidence needed,"Buyer-specific shot-stopping, distribution, aerial command, sweeping, signing age and total fee evidence are needed before scoring. Loan/swap costs must be treated separately.",Source broad position and transfer quote only; detailed role and buyer-specific production not validated.,Loan fee not stated,Not assessed,https://www.theguardian.com/football/ng-interactive/2026/sep/01/mens-transfer-window-summer-2026-all-deals-from-europes-top-five-leagues,GK
summer-S26-0628,summer,606,S26-0628,Damián Cáceres,Getafe,Córdoba,2026-07-05,,GBP,,Midfielder — source label,,Evidence needed,"Buyer-specific role, production, availability, signing age and total fee evidence are needed before assigning a deal-value score. A zero base fee does not represent wages or signing costs.",Source broad position and transfer quote only; detailed role and buyer-specific production not validated.,Free transfer,Not assessed,https://www.theguardian.com/football/ng-interactive/2026/sep/01/mens-transfer-window-summer-2026-all-deals-from-europes-top-five-leagues,MIDFIELD_UNCLASSIFIED
summer-S26-0629,summer,607,S26-0629,Javi Castro,Racing Santander,Cádiz,2026-07-06,,GBP,,Defender — source label,,Evidence needed,"Buyer-specific role, production, availability, signing age and total fee evidence are needed before assigning a deal-value score. A zero base fee does not represent wages or signing costs.",Source broad position and transfer quote only; detailed role and buyer-specific production not validated.,Free transfer,Not assessed,https://www.theguardian.com/football/ng-interactive/2026/sep/01/mens-transfer-window-summer-2026-all-deals-from-europes-top-five-leagues,DEFENDER_UNCLASSIFIED
summer-S26-0630,summer,608,S26-0630,Jean Ives Valou,Villarreal,Getafe,2026-07-07,,GBP,,Defender — source label,,Evidence needed,"Buyer-specific role, production, availability, signing age and total fee evidence are needed before assigning a deal-value score. Loan/swap costs must be treated separately.",Source broad position and transfer quote only; detailed role and buyer-specific production not validated.,Loan fee not stated,Not assessed,https://www.theguardian.com/football/ng-interactive/2026/sep/01/mens-transfer-window-summer-2026-all-deals-from-europes-top-five-leagues,DEFENDER_UNCLASSIFIED
summer-S26-0632,summer,610,S26-0632,Ibon Sánchez,Athletic Club,Cádiz,2026-07-07,,GBP,,Midfielder — source label,,Evidence needed,"Buyer-specific role, production, availability, signing age and total fee evidence are needed before assigning a deal-value score.",Source broad position and transfer quote only; detailed role and buyer-specific production not validated.,Undisclosed,Not assessed,https://www.theguardian.com/football/ng-interactive/2026/sep/01/mens-transfer-window-summer-2026-all-deals-from-europes-top-five-leagues,MIDFIELD_UNCLASSIFIED
summer-S26-0633,summer,611,S26-0633,Eder García,Athletic Club,Córdoba,2026-07-08,,GBP,,Midfielder — source label,,Evidence needed,"Buyer-specific role, production, availability, signing age and total fee evidence are needed before assigning a deal-value score. Loan/swap costs must be treated separately.",Source broad position and transfer quote only; detailed role and buyer-specific production not validated.,Loan fee not stated,Not assessed,https://www.theguardian.com/football/ng-interactive/2026/sep/01/mens-transfer-window-summer-2026-all-deals-from-europes-top-five-leagues,MIDFIELD_UNCLASSIFIED
summer-S26-0634,summer,612,S26-0634,Aimar Duñabeitia,Athletic Club,Sporting Gijón,2026-07-08,,GBP,,Defender — source label,,Evidence needed,"Buyer-specific role, production, availability, signing age and total fee evidence are needed before assigning a deal-value score. Loan/swap costs must be treated separately.",Source broad position and transfer quote only; detailed role and buyer-specific production not validated.,Loan fee not stated,Not assessed,https://www.theguardian.com/football/ng-interactive/2026/sep/01/mens-transfer-window-summer-2026-all-deals-from-europes-top-five-leagues,DEFENDER_UNCLASSIFIED
summer-S26-0637,summer,615,S26-0637,Dimitrios Stamatakis,Osasuna,Ibiza,2026-07-08,,GBP,,Goalkeeper — source label,,Evidence needed,"Buyer-specific shot-stopping, distribution, aerial command, sweeping, signing age and total fee evidence are needed before scoring. Loan/swap costs must be treated separately.",Source broad position and transfer quote only; detailed role and buyer-specific production not validated.,Loan fee not stated,Not assessed,https://www.theguardian.com/football/ng-interactive/2026/sep/01/mens-transfer-window-summer-2026-all-deals-from-europes-top-five-leagues,GK
summer-S26-0639,summer,617,S26-0639,Sankhoun Diawara,Troyes,Milan,2026-07-29,2600000.0,GBP,,Defender — source label,,Evidence needed,"Buyer-specific role, production, availability, signing age and total fee evidence are needed before assigning a deal-value score.",Source broad position and transfer quote only; detailed role and buyer-specific production not validated.,Reported fee,Not assessed,https://www.theguardian.com/football/ng-interactive/2026/sep/01/mens-transfer-window-summer-2026-all-deals-from-europes-top-five-leagues,DEFENDER_UNCLASSIFIED
summer-S26-0640,summer,618,S26-0640,Ekain Díaz,Racing Santander,Amorebieta,2026-07-08,,GBP,,Defender — source label,,Evidence needed,"Buyer-specific role, production, availability, signing age and total fee evidence are needed before assigning a deal-value score. A zero base fee does not represent wages or signing costs.",Source broad position and transfer quote only; detailed role and buyer-specific production not validated.,Free transfer,Not assessed,https://www.theguardian.com/football/ng-interactive/2026/sep/01/mens-transfer-window-summer-2026-all-deals-from-europes-top-five-leagues,DEFENDER_UNCLASSIFIED
summer-S26-0643,summer,620,S26-0643,Germán García,Real Betis,Cacereño,2026-07-08,,GBP,,Goalkeeper — source label,,Evidence needed,"Buyer-specific shot-stopping, distribution, aerial command, sweeping, signing age and total fee evidence are needed before scoring. A zero base fee does not represent wages or signing costs.",Source broad position and transfer quote only; detailed role and buyer-specific production not validated.,Free transfer,Not assessed,https://www.theguardian.com/football/ng-interactive/2026/sep/01/mens-transfer-window-summer-2026-all-deals-from-europes-top-five-leagues,GK
summer-S26-0644,summer,621,S26-0644,Aitor Gismera,Real Betis,Hércules,2026-07-13,,GBP,,Midfielder — source label,,Evidence needed,"Buyer-specific role, production, availability, signing age and total fee evidence are needed before assigning a deal-value score. Loan/swap costs must be treated separately.",Source broad position and transfer quote only; detailed role and buyer-specific production not validated.,Loan fee not stated,Not assessed,https://www.theguardian.com/football/ng-interactive/2026/sep/01/mens-transfer-window-summer-2026-all-deals-from-europes-top-five-leagues,MIDFIELD_UNCLASSIFIED
summer-S26-0645,summer,622,S26-0645,José Luis Català,Espanyol,Sabadell,2026-07-15,,GBP,,Defender — source label,,Evidence needed,"Buyer-specific role, production, availability, signing age and total fee evidence are needed before assigning a deal-value score. A zero base fee does not represent wages or signing costs.",Source broad position and transfer quote only; detailed role and buyer-specific production not validated.,Free transfer,Not assessed,https://www.theguardian.com/football/ng-interactive/2026/sep/01/mens-transfer-window-summer-2026-all-deals-from-europes-top-five-leagues,DEFENDER_UNCLASSIFIED
summer-S26-0646,summer,623,S26-0646,Dani Requena,Villarreal,Levante,2026-07-17,,GBP,,Midfielder — source label,,Evidence needed,"Buyer-specific role, production, availability, signing age and total fee evidence are needed before assigning a deal-value score. Loan/swap costs must be treated separately.",Source broad position and transfer quote only; detailed role and buyer-specific production not validated.,Loan fee not stated,Not assessed,https://www.theguardian.com/football/ng-interactive/2026/sep/01/mens-transfer-window-summer-2026-all-deals-from-europes-top-five-leagues,MIDFIELD_UNCLASSIFIED
summer-S26-0647,summer,624,S26-0647,Daouda Doumbia,Alavés,NK Istra,2026-07-18,,GBP,,Midfielder — source label,,Evidence needed,"Buyer-specific role, production, availability, signing age and total fee evidence are needed before assigning a deal-value score.",Source broad position and transfer quote only; detailed role and buyer-specific production not validated.,Undisclosed,Not assessed,https://www.theguardian.com/football/ng-interactive/2026/sep/01/mens-transfer-window-summer-2026-all-deals-from-europes-top-five-leagues,MIDFIELD_UNCLASSIFIED
summer-S26-0648,summer,625,S26-0648,Ginés Sorroche,Real Betis,Getafe,2026-07-14,,GBP,,Midfielder — source label,,Evidence needed,"Buyer-specific role, production, availability, signing age and total fee evidence are needed before assigning a deal-value score. A zero base fee does not represent wages or signing costs.",Source broad position and transfer quote only; detailed role and buyer-specific production not validated.,Free transfer,Not assessed,https://www.theguardian.com/football/ng-interactive/2026/sep/01/mens-transfer-window-summer-2026-all-deals-from-europes-top-five-leagues,MIDFIELD_UNCLASSIFIED
summer-S26-0649,summer,626,S26-0649,Carlos Dotor,Celta Vigo,Málaga,2026-07-21,,GBP,,Midfielder — source label,,Evidence needed,"Buyer-specific role, production, availability, signing age and total fee evidence are needed before assigning a deal-value score. Loan/swap costs must be treated separately.",Source broad position and transfer quote only; detailed role and buyer-specific production not validated.,Loan fee not stated,Not assessed,https://www.theguardian.com/football/ng-interactive/2026/sep/01/mens-transfer-window-summer-2026-all-deals-from-europes-top-five-leagues,MIDFIELD_UNCLASSIFIED
summer-S26-0650,summer,627,S26-0650,Manu Sánchez,Celta Vigo,Levante,2026-07-21,,GBP,,Defender — source label,,Evidence needed,"Buyer-specific role, production, availability, signing age and total fee evidence are needed before assigning a deal-value score. Loan/swap costs must be treated separately.",Source broad position and transfer quote only; detailed role and buyer-specific production not validated.,Loan fee not stated,Not assessed,https://www.theguardian.com/football/ng-interactive/2026/sep/01/mens-transfer-window-summer-2026-all-deals-from-europes-top-five-leagues,DEFENDER_UNCLASSIFIED
summer-S26-0652,summer,629,S26-0652,Pablo Rivera,Sevilla,Alcorcón,2026-07-20,,GBP,,Midfielder — source label,,Evidence needed,"Buyer-specific role, production, availability, signing age and total fee evidence are needed before assigning a deal-value score. A zero base fee does not represent wages or signing costs.",Source broad position and transfer quote only; detailed role and buyer-specific production not validated.,Free transfer,Not assessed,https://www.theguardian.com/football/ng-interactive/2026/sep/01/mens-transfer-window-summer-2026-all-deals-from-europes-top-five-leagues,MIDFIELD_UNCLASSIFIED
summer-S26-0654,summer,631,S26-0654,Lucas Núñez,Valencia,Eibar,2026-07-26,,GBP,,Midfielder — source label,,Evidence needed,"Buyer-specific role, production, availability, signing age and total fee evidence are needed before assigning a deal-value score. Loan/swap costs must be treated separately.",Source broad position and transfer quote only; detailed role and buyer-specific production not validated.,Loan fee not stated,Not assessed,https://www.theguardian.com/football/ng-interactive/2026/sep/01/mens-transfer-window-summer-2026-all-deals-from-europes-top-five-leagues,MIDFIELD_UNCLASSIFIED
summer-S26-0655,summer,632,S26-0655,Alejandro Mestanza,Atlético Madrid,Académico Viseu,2026-07-22,,GBP,,Midfielder — source label,,Evidence needed,"Buyer-specific role, production, availability, signing age and total fee evidence are needed before assigning a deal-value score. A zero base fee does not represent wages or signing costs.",Source broad position and transfer quote only; detailed role and buyer-specific production not validated.,Free transfer,Not assessed,https://www.theguardian.com/football/ng-interactive/2026/sep/01/mens-transfer-window-summer-2026-all-deals-from-europes-top-five-leagues,MIDFIELD_UNCLASSIFIED
summer-S26-0656,summer,633,S26-0656,Gil Juanpe,Rayo Vallecano,Móstoles,2026-07-13,,GBP,,Goalkeeper — source label,,Evidence needed,"Buyer-specific shot-stopping, distribution, aerial command, sweeping, signing age and total fee evidence are needed before scoring. A zero base fee does not represent wages or signing costs.",Source broad position and transfer quote only; detailed role and buyer-specific production not validated.,Free transfer,Not assessed,https://www.theguardian.com/football/ng-interactive/2026/sep/01/mens-transfer-window-summer-2026-all-deals-from-europes-top-five-leagues,GK
summer-S26-0659,summer,636,S26-0659,Bema Sina,Elche,Rayo Majadahonda,2026-06-22,,GBP,,Defender — source label,,Evidence needed,"Buyer-specific role, production, availability, signing age and total fee evidence are needed before assigning a deal-value score. A zero base fee does not represent wages or signing costs.",Source broad position and transfer quote only; detailed role and buyer-specific production not validated.,Free transfer,Not assessed,https://www.theguardian.com/football/ng-interactive/2026/sep/01/mens-transfer-window-summer-2026-all-deals-from-europes-top-five-leagues,DEFENDER_UNCLASSIFIED
summer-S26-0661,summer,638,S26-0661,Samuel Calera,Racing Santander,Barakaldo,2026-06-24,,GBP,,Defender — source label,,Evidence needed,"Buyer-specific role, production, availability, signing age and total fee evidence are needed before assigning a deal-value score. A zero base fee does not represent wages or signing costs.",Source broad position and transfer quote only; detailed role and buyer-specific production not validated.,Free transfer,Not assessed,https://www.theguardian.com/football/ng-interactive/2026/sep/01/mens-transfer-window-summer-2026-all-deals-from-europes-top-five-leagues,DEFENDER_UNCLASSIFIED
summer-S26-0662,summer,639,S26-0662,Luis Balbo,Fiorentina,Sturm Graz,2026-07-29,1300000.0,GBP,,Defender — source label,,Evidence needed,"Buyer-specific role, production, availability, signing age and total fee evidence are needed before assigning a deal-value score.",Source broad position and transfer quote only; detailed role and buyer-specific production not validated.,Reported fee,Not assessed,https://www.theguardian.com/football/ng-interactive/2026/sep/01/mens-transfer-window-summer-2026-all-deals-from-europes-top-five-leagues,DEFENDER_UNCLASSIFIED
summer-S26-0663,summer,640,S26-0663,Stefan Ortega,Nottingham Forest,Olympiakos,2026-07-29,,GBP,,Goalkeeper — source label,,Evidence needed,"Buyer-specific shot-stopping, distribution, aerial command, sweeping, signing age and total fee evidence are needed before scoring. A zero base fee does not represent wages or signing costs.",Source broad position and transfer quote only; detailed role and buyer-specific production not validated.,Free transfer,Not assessed,https://www.theguardian.com/football/ng-interactive/2026/sep/01/mens-transfer-window-summer-2026-all-deals-from-europes-top-five-leagues,GK
summer-S26-0666,summer,643,S26-0666,Junior Mwanga,Strasbourg,Le Havre,2026-07-29,1300000.0,GBP,,Defender — source label,,Evidence needed,"Buyer-specific role, production, availability, signing age and total fee evidence are needed before assigning a deal-value score.",Source broad position and transfer quote only; detailed role and buyer-specific production not validated.,Reported fee,Not assessed,https://www.theguardian.com/football/ng-interactive/2026/sep/01/mens-transfer-window-summer-2026-all-deals-from-europes-top-five-leagues,DEFENDER_UNCLASSIFIED
summer-S26-0667,summer,644,S26-0667,Pietro Comuzzo,Fiorentina,Torino,2026-07-29,,GBP,,Defender — source label,,Evidence needed,"Buyer-specific role, production, availability, signing age and total fee evidence are needed before assigning a deal-value score. Loan/swap costs must be treated separately.",Source broad position and transfer quote only; detailed role and buyer-specific production not validated.,Loan fee not stated,Not assessed,https://www.theguardian.com/football/ng-interactive/2026/sep/01/mens-transfer-window-summer-2026-all-deals-from-europes-top-five-leagues,DEFENDER_UNCLASSIFIED
summer-S26-0668,summer,645,S26-0668,Eray Cömert,Valencia,Torino,2026-07-29,,GBP,,Defender — source label,,Evidence needed,"Buyer-specific role, production, availability, signing age and total fee evidence are needed before assigning a deal-value score. A zero base fee does not represent wages or signing costs.",Source broad position and transfer quote only; detailed role and buyer-specific production not validated.,Free transfer,Not assessed,https://www.theguardian.com/football/ng-interactive/2026/sep/01/mens-transfer-window-summer-2026-all-deals-from-europes-top-five-leagues,DEFENDER_UNCLASSIFIED
summer-S26-0669,summer,646,S26-0669,Mikel Amondarain,Estudiantes,Bologna,2026-07-29,7700000.0,GBP,,Midfielder — source label,,Evidence needed,"Buyer-specific role, production, availability, signing age and total fee evidence are needed before assigning a deal-value score.",Source broad position and transfer quote only; detailed role and buyer-specific production not validated.,Reported fee,Not assessed,https://www.theguardian.com/football/ng-interactive/2026/sep/01/mens-transfer-window-summer-2026-all-deals-from-europes-top-five-leagues,MIDFIELD_UNCLASSIFIED
summer-S26-0671,summer,648,S26-0671,Riccardo Pagano,Roma,Cesena,2026-07-29,,GBP,,Midfielder — source label,,Evidence needed,"Buyer-specific role, production, availability, signing age and total fee evidence are needed before assigning a deal-value score.",Source broad position and transfer quote only; detailed role and buyer-specific production not validated.,Undisclosed,Not assessed,https://www.theguardian.com/football/ng-interactive/2026/sep/01/mens-transfer-window-summer-2026-all-deals-from-europes-top-five-leagues,MIDFIELD_UNCLASSIFIED
summer-S26-0672,summer,649,S26-0672,Maxence Lacroix,Crystal Palace,Chelsea,2026-07-30,52000000.0,GBP,,Defender — source label,,Evidence needed,"Buyer-specific role, production, availability, signing age and total fee evidence are needed before assigning a deal-value score.",Source broad position and transfer quote only; detailed role and buyer-specific production not validated.,Reported fee,Not assessed,https://www.theguardian.com/football/ng-interactive/2026/sep/01/mens-transfer-window-summer-2026-all-deals-from-europes-top-five-leagues,DEFENDER_UNCLASSIFIED
summer-S26-0674,summer,651,S26-0674,Danny Imray,Crystal Palace,Wrexham,2026-07-29,5000000.0,GBP,,Defender — source label,,Evidence needed,"Buyer-specific role, production, availability, signing age and total fee evidence are needed before assigning a deal-value score.",Source broad position and transfer quote only; detailed role and buyer-specific production not validated.,Reported fee,Not assessed,https://www.theguardian.com/football/ng-interactive/2026/sep/01/mens-transfer-window-summer-2026-all-deals-from-europes-top-five-leagues,DEFENDER_UNCLASSIFIED
summer-S26-0675,summer,652,S26-0675,Tyler Fredricson,Manchester United,Lausanne,2026-07-30,,GBP,,Defender — source label,,Evidence needed,"Buyer-specific role, production, availability, signing age and total fee evidence are needed before assigning a deal-value score.",Source broad position and transfer quote only; detailed role and buyer-specific production not validated.,Undisclosed,Not assessed,https://www.theguardian.com/football/ng-interactive/2026/sep/01/mens-transfer-window-summer-2026-all-deals-from-europes-top-five-leagues,DEFENDER_UNCLASSIFIED
summer-S26-0676,summer,653,S26-0676,Daiki Hashioka,Slavia Prague,Borussia Mönchengladbach,2026-07-30,,GBP,,Defender — source label,,Evidence needed,"Buyer-specific role, production, availability, signing age and total fee evidence are needed before assigning a deal-value score. Loan/swap costs must be treated separately.",Source broad position and transfer quote only; detailed role and buyer-specific production not validated.,Loan fee not stated,Not assessed,https://www.theguardian.com/football/ng-interactive/2026/sep/01/mens-transfer-window-summer-2026-all-deals-from-europes-top-five-leagues,DEFENDER_UNCLASSIFIED
summer-S26-0677,summer,654,S26-0677,Rayan Bamba,Rennes,Le Mans,2026-07-30,,GBP,,Defender — source label,,Evidence needed,"Buyer-specific role, production, availability, signing age and total fee evidence are needed before assigning a deal-value score. Loan/swap costs must be treated separately.",Source broad position and transfer quote only; detailed role and buyer-specific production not validated.,Loan fee not stated,Not assessed,https://www.theguardian.com/football/ng-interactive/2026/sep/01/mens-transfer-window-summer-2026-all-deals-from-europes-top-five-leagues,DEFENDER_UNCLASSIFIED
summer-S26-0679,summer,656,S26-0679,Gustavo Sá,Famalicão,Nottingham Forest,2026-07-30,,GBP,,Midfielder — source label,,Evidence needed,"Buyer-specific role, production, availability, signing age and total fee evidence are needed before assigning a deal-value score.",Source broad position and transfer quote only; detailed role and buyer-specific production not validated.,Undisclosed,Not assessed,https://www.theguardian.com/football/ng-interactive/2026/sep/01/mens-transfer-window-summer-2026-all-deals-from-europes-top-five-leagues,MIDFIELD_UNCLASSIFIED
summer-S26-0681,summer,658,S26-0681,Alessandro Dellavalle,Torino,Padova,2026-07-30,,GBP,,Defender — source label,,Evidence needed,"Buyer-specific role, production, availability, signing age and total fee evidence are needed before assigning a deal-value score. Loan/swap costs must be treated separately.",Source broad position and transfer quote only; detailed role and buyer-specific production not validated.,Loan fee not stated,Not assessed,https://www.theguardian.com/football/ng-interactive/2026/sep/01/mens-transfer-window-summer-2026-all-deals-from-europes-top-five-leagues,DEFENDER_UNCLASSIFIED
summer-S26-0685,summer,662,S26-0685,Mathys Tourraine,Paris FC,Pau,2026-07-30,,GBP,,Defender — source label,,Evidence needed,"Buyer-specific role, production, availability, signing age and total fee evidence are needed before assigning a deal-value score.",Source broad position and transfer quote only; detailed role and buyer-specific production not validated.,Undisclosed,Not assessed,https://www.theguardian.com/football/ng-interactive/2026/sep/01/mens-transfer-window-summer-2026-all-deals-from-europes-top-five-leagues,DEFENDER_UNCLASSIFIED
summer-S26-0687,summer,664,S26-0687,Matías Moreno,Fiorentina,Venezia,2026-07-30,,GBP,,Defender — source label,,Evidence needed,"Buyer-specific role, production, availability, signing age and total fee evidence are needed before assigning a deal-value score. Loan/swap costs must be treated separately.",Source broad position and transfer quote only; detailed role and buyer-specific production not validated.,Loan fee not stated,Not assessed,https://www.theguardian.com/football/ng-interactive/2026/sep/01/mens-transfer-window-summer-2026-all-deals-from-europes-top-five-leagues,DEFENDER_UNCLASSIFIED
summer-S26-0688,summer,665,S26-0688,Saba Sazonov,Torino,Getafe,2026-07-31,,GBP,,Defender — source label,,Evidence needed,"Buyer-specific role, production, availability, signing age and total fee evidence are needed before assigning a deal-value score. A zero base fee does not represent wages or signing costs.",Source broad position and transfer quote only; detailed role and buyer-specific production not validated.,Free transfer,Not assessed,https://www.theguardian.com/football/ng-interactive/2026/sep/01/mens-transfer-window-summer-2026-all-deals-from-europes-top-five-leagues,DEFENDER_UNCLASSIFIED
summer-S26-0690,summer,667,S26-0690,Ollie Harrison,Chelsea,Wimbledon,2026-07-31,,GBP,,Midfielder — source label,,Evidence needed,"Buyer-specific role, production, availability, signing age and total fee evidence are needed before assigning a deal-value score. Loan/swap costs must be treated separately.",Source broad position and transfer quote only; detailed role and buyer-specific production not validated.,Loan fee not stated,Not assessed,https://www.theguardian.com/football/ng-interactive/2026/sep/01/mens-transfer-window-summer-2026-all-deals-from-europes-top-five-leagues,MIDFIELD_UNCLASSIFIED
summer-S26-0692,summer,669,S26-0692,Martín Payero,Udinese,Watford,2026-07-31,,GBP,,Midfielder — source label,,Evidence needed,"Buyer-specific role, production, availability, signing age and total fee evidence are needed before assigning a deal-value score.",Source broad position and transfer quote only; detailed role and buyer-specific production not validated.,Undisclosed,Not assessed,https://www.theguardian.com/football/ng-interactive/2026/sep/01/mens-transfer-window-summer-2026-all-deals-from-europes-top-five-leagues,MIDFIELD_UNCLASSIFIED
summer-S26-0694,summer,671,S26-0694,Federico Ravaglia,Bologna,Watford,2026-07-31,6000000.0,GBP,,Goalkeeper — source label,,Evidence needed,"Buyer-specific shot-stopping, distribution, aerial command, sweeping, signing age and total fee evidence are needed before scoring.",Source broad position and transfer quote only; detailed role and buyer-specific production not validated.,Reported fee,Not assessed,https://www.theguardian.com/football/ng-interactive/2026/sep/01/mens-transfer-window-summer-2026-all-deals-from-europes-top-five-leagues,GK
summer-S26-0695,summer,672,S26-0695,Mateusz Wieteska,Cagliari,Wieczysta,2026-07-31,,GBP,,Defender — source label,,Evidence needed,"Buyer-specific role, production, availability, signing age and total fee evidence are needed before assigning a deal-value score.",Source broad position and transfer quote only; detailed role and buyer-specific production not validated.,Undisclosed,Not assessed,https://www.theguardian.com/football/ng-interactive/2026/sep/01/mens-transfer-window-summer-2026-all-deals-from-europes-top-five-leagues,DEFENDER_UNCLASSIFIED
summer-S26-0696,summer,673,S26-0696,Kian Fitz-Jim,Ajax,Torino,2026-07-31,2570000.0,GBP,,Midfielder — source label,,Evidence needed,"Buyer-specific role, production, availability, signing age and total fee evidence are needed before assigning a deal-value score.",Source broad position and transfer quote only; detailed role and buyer-specific production not validated.,Reported fee,Not assessed,https://www.theguardian.com/football/ng-interactive/2026/sep/01/mens-transfer-window-summer-2026-all-deals-from-europes-top-five-leagues,MIDFIELD_UNCLASSIFIED
summer-S26-0698,summer,675,S26-0698,Mattia Viti,Nice,Sampdoria,2026-07-31,,GBP,,Defender — source label,,Evidence needed,"Buyer-specific role, production, availability, signing age and total fee evidence are needed before assigning a deal-value score.",Source broad position and transfer quote only; detailed role and buyer-specific production not validated.,Undisclosed,Not assessed,https://www.theguardian.com/football/ng-interactive/2026/sep/01/mens-transfer-window-summer-2026-all-deals-from-europes-top-five-leagues,DEFENDER_UNCLASSIFIED
summer-S26-0699,summer,676,S26-0699,Julian Brandt,Borussia Dortmund,Ajax,2026-07-31,,GBP,,Midfielder — source label,,Evidence needed,"Buyer-specific role, production, availability, signing age and total fee evidence are needed before assigning a deal-value score. A zero base fee does not represent wages or signing costs.",Source broad position and transfer quote only; detailed role and buyer-specific production not validated.,Free transfer,Not assessed,https://www.theguardian.com/football/ng-interactive/2026/sep/01/mens-transfer-window-summer-2026-all-deals-from-europes-top-five-leagues,MIDFIELD_UNCLASSIFIED
summer-S26-0701,summer,678,S26-0701,Mario Mitaj,Al-Ittihad,Genoa,2026-07-31,,GBP,,Defender — source label,,Evidence needed,"Buyer-specific role, production, availability, signing age and total fee evidence are needed before assigning a deal-value score. Loan/swap costs must be treated separately.",Source broad position and transfer quote only; detailed role and buyer-specific production not validated.,Loan fee not stated,Not assessed,https://www.theguardian.com/football/ng-interactive/2026/sep/01/mens-transfer-window-summer-2026-all-deals-from-europes-top-five-leagues,DEFENDER_UNCLASSIFIED
summer-S26-0703,summer,680,S26-0703,António Silva,Benfica,Bournemouth,2026-08-01,21400000.0,GBP,,Defender — source label,,Evidence needed,"Buyer-specific role, production, availability, signing age and total fee evidence are needed before assigning a deal-value score.",Source broad position and transfer quote only; detailed role and buyer-specific production not validated.,Reported fee,Not assessed,https://www.theguardian.com/football/ng-interactive/2026/sep/01/mens-transfer-window-summer-2026-all-deals-from-europes-top-five-leagues,DEFENDER_UNCLASSIFIED
summer-S26-0705,summer,682,S26-0705,Damían Rodríguez,Celta Vigo,Cádiz,2026-07-31,,GBP,,Midfielder — source label,,Evidence needed,"Buyer-specific role, production, availability, signing age and total fee evidence are needed before assigning a deal-value score. Loan/swap costs must be treated separately.",Source broad position and transfer quote only; detailed role and buyer-specific production not validated.,Loan fee not stated,Not assessed,https://www.theguardian.com/football/ng-interactive/2026/sep/01/mens-transfer-window-summer-2026-all-deals-from-europes-top-five-leagues,MIDFIELD_UNCLASSIFIED
summer-S26-0706,summer,683,S26-0706,Hervé Koffi,Lens,Union St-Gilloise,2026-08-01,,GBP,,Goalkeeper — source label,,Evidence needed,"Buyer-specific shot-stopping, distribution, aerial command, sweeping, signing age and total fee evidence are needed before scoring. Loan/swap costs must be treated separately.",Source broad position and transfer quote only; detailed role and buyer-specific production not validated.,Loan fee not stated,Not assessed,https://www.theguardian.com/football/ng-interactive/2026/sep/01/mens-transfer-window-summer-2026-all-deals-from-europes-top-five-leagues,GK
summer-S26-0707,summer,684,S26-0707,Kevin Akpoguma,Hoffenheim,Frosinone,2026-08-01,,GBP,,Defender — source label,,Evidence needed,"Buyer-specific role, production, availability, signing age and total fee evidence are needed before assigning a deal-value score. A zero base fee does not represent wages or signing costs.",Source broad position and transfer quote only; detailed role and buyer-specific production not validated.,Free transfer,Not assessed,https://www.theguardian.com/football/ng-interactive/2026/sep/01/mens-transfer-window-summer-2026-all-deals-from-europes-top-five-leagues,DEFENDER_UNCLASSIFIED
summer-S26-0708,summer,685,S26-0708,Ebenezer Akinsanmiro,Inter,Monza,2026-08-01,,GBP,,Midfielder — source label,,Evidence needed,"Buyer-specific role, production, availability, signing age and total fee evidence are needed before assigning a deal-value score. Loan/swap costs must be treated separately.",Source broad position and transfer quote only; detailed role and buyer-specific production not validated.,Loan fee not stated,Not assessed,https://www.theguardian.com/football/ng-interactive/2026/sep/01/mens-transfer-window-summer-2026-all-deals-from-europes-top-five-leagues,MIDFIELD_UNCLASSIFIED
summer-S26-0710,summer,687,S26-0710,Mamadou Sangaré,Lens,Brentford,2026-08-01,39000000.0,GBP,,Midfielder — source label,,Evidence needed,"Buyer-specific role, production, availability, signing age and total fee evidence are needed before assigning a deal-value score.",Source broad position and transfer quote only; detailed role and buyer-specific production not validated.,Reported fee,Not assessed,https://www.theguardian.com/football/ng-interactive/2026/sep/01/mens-transfer-window-summer-2026-all-deals-from-europes-top-five-leagues,MIDFIELD_UNCLASSIFIED
summer-S26-0711,summer,688,S26-0711,Nathan Tinsdale,Hull City,Crawley Town,2026-08-01,,GBP,,Midfielder — source label,,Evidence needed,"Buyer-specific role, production, availability, signing age and total fee evidence are needed before assigning a deal-value score. Loan/swap costs must be treated separately.",Source broad position and transfer quote only; detailed role and buyer-specific production not validated.,Loan fee not stated,Not assessed,https://www.theguardian.com/football/ng-interactive/2026/sep/01/mens-transfer-window-summer-2026-all-deals-from-europes-top-five-leagues,MIDFIELD_UNCLASSIFIED
summer-S26-0713,summer,690,S26-0713,Konstantinos Koulierakis,Wolfsburg,Roma,2026-08-01,14100000.0,GBP,,Defender — source label,,Evidence needed,"Buyer-specific role, production, availability, signing age and total fee evidence are needed before assigning a deal-value score.",Source broad position and transfer quote only; detailed role and buyer-specific production not validated.,Reported fee,Not assessed,https://www.theguardian.com/football/ng-interactive/2026/sep/01/mens-transfer-window-summer-2026-all-deals-from-europes-top-five-leagues,DEFENDER_UNCLASSIFIED
summer-S26-0716,summer,693,S26-0716,Jordan Zemura,Udinese,Watford,2026-08-02,,GBP,,Defender — source label,,Evidence needed,"Buyer-specific role, production, availability, signing age and total fee evidence are needed before assigning a deal-value score. Loan/swap costs must be treated separately.",Source broad position and transfer quote only; detailed role and buyer-specific production not validated.,Loan fee not stated,Not assessed,https://www.theguardian.com/football/ng-interactive/2026/sep/01/mens-transfer-window-summer-2026-all-deals-from-europes-top-five-leagues,DEFENDER_UNCLASSIFIED
summer-S26-0718,summer,695,S26-0718,Simon Sohm,Fiorentina,Venezia,2026-08-02,,GBP,,Midfielder — source label,,Evidence needed,"Buyer-specific role, production, availability, signing age and total fee evidence are needed before assigning a deal-value score. Loan/swap costs must be treated separately.",Source broad position and transfer quote only; detailed role and buyer-specific production not validated.,Loan fee not stated,Not assessed,https://www.theguardian.com/football/ng-interactive/2026/sep/01/mens-transfer-window-summer-2026-all-deals-from-europes-top-five-leagues,MIDFIELD_UNCLASSIFIED
summer-S26-0719,summer,696,S26-0719,Velizar-Iliya Iliev,Cagliari,Cosenza,2026-08-02,,GBP,,Goalkeeper — source label,,Evidence needed,"Buyer-specific shot-stopping, distribution, aerial command, sweeping, signing age and total fee evidence are needed before scoring. Loan/swap costs must be treated separately.",Source broad position and transfer quote only; detailed role and buyer-specific production not validated.,Loan fee not stated,Not assessed,https://www.theguardian.com/football/ng-interactive/2026/sep/01/mens-transfer-window-summer-2026-all-deals-from-europes-top-five-leagues,GK
summer-S26-0723,summer,700,S26-0723,Valentín Barco,Strasbourg,Chelsea,2026-08-02,34000000.0,GBP,,Midfielder — source label,,Evidence needed,"Buyer-specific role, production, availability, signing age and total fee evidence are needed before assigning a deal-value score.",Source broad position and transfer quote only; detailed role and buyer-specific production not validated.,Reported fee,Not assessed,https://www.theguardian.com/football/ng-interactive/2026/sep/01/mens-transfer-window-summer-2026-all-deals-from-europes-top-five-leagues,MIDFIELD_UNCLASSIFIED
summer-S26-0727,summer,704,S26-0727,Fran González,Real Madrid,Sevilla,2026-08-02,,GBP,,Goalkeeper — source label,,Evidence needed,"Buyer-specific shot-stopping, distribution, aerial command, sweeping, signing age and total fee evidence are needed before scoring.",Source broad position and transfer quote only; detailed role and buyer-specific production not validated.,Undisclosed,Not assessed,https://www.theguardian.com/football/ng-interactive/2026/sep/01/mens-transfer-window-summer-2026-all-deals-from-europes-top-five-leagues,GK
summer-S26-0728,summer,705,S26-0728,Lukas Hornicek,Braga,Newcastle United,2026-08-03,25700000.0,GBP,,Goalkeeper — source label,,Evidence needed,"Buyer-specific shot-stopping, distribution, aerial command, sweeping, signing age and total fee evidence are needed before scoring.",Source broad position and transfer quote only; detailed role and buyer-specific production not validated.,Reported fee,Not assessed,https://www.theguardian.com/football/ng-interactive/2026/sep/01/mens-transfer-window-summer-2026-all-deals-from-europes-top-five-leagues,GK
summer-S26-0730,summer,707,S26-0730,Felix Bacher,Estoril,Lyon,2026-08-02,3700000.0,GBP,,Defender — source label,,Evidence needed,"Buyer-specific role, production, availability, signing age and total fee evidence are needed before assigning a deal-value score.",Source broad position and transfer quote only; detailed role and buyer-specific production not validated.,Reported fee,Not assessed,https://www.theguardian.com/football/ng-interactive/2026/sep/01/mens-transfer-window-summer-2026-all-deals-from-europes-top-five-leagues,DEFENDER_UNCLASSIFIED
summer-S26-0731,summer,708,S26-0731,Redouane Halhal,Mechelen,Venezia,2026-08-01,4300000.0,GBP,,Defender — source label,,Evidence needed,"Buyer-specific role, production, availability, signing age and total fee evidence are needed before assigning a deal-value score.",Source broad position and transfer quote only; detailed role and buyer-specific production not validated.,Reported fee,Not assessed,https://www.theguardian.com/football/ng-interactive/2026/sep/01/mens-transfer-window-summer-2026-all-deals-from-europes-top-five-leagues,DEFENDER_UNCLASSIFIED
summer-S26-0732,summer,709,S26-0732,Luca Montenegro,Fiorentina,Dolomiti,2026-08-01,,GBP,,Midfielder — source label,,Evidence needed,"Buyer-specific role, production, availability, signing age and total fee evidence are needed before assigning a deal-value score. Loan/swap costs must be treated separately.",Source broad position and transfer quote only; detailed role and buyer-specific production not validated.,Loan fee not stated,Not assessed,https://www.theguardian.com/football/ng-interactive/2026/sep/01/mens-transfer-window-summer-2026-all-deals-from-europes-top-five-leagues,MIDFIELD_UNCLASSIFIED
summer-S26-0734,summer,711,S26-0734,Abdoulaye Faye,Bayer Leverkusen,Celta Vigo,2026-08-03,,GBP,,Defender — source label,,Evidence needed,"Buyer-specific role, production, availability, signing age and total fee evidence are needed before assigning a deal-value score. Loan/swap costs must be treated separately.",Source broad position and transfer quote only; detailed role and buyer-specific production not validated.,Loan fee not stated,Not assessed,https://www.theguardian.com/football/ng-interactive/2026/sep/01/mens-transfer-window-summer-2026-all-deals-from-europes-top-five-leagues,DEFENDER_UNCLASSIFIED
summer-S26-0735,summer,712,S26-0735,Glen Kamara,Rennes,QPR,2026-08-03,,GBP,,Midfielder — source label,,Evidence needed,"Buyer-specific role, production, availability, signing age and total fee evidence are needed before assigning a deal-value score. Loan/swap costs must be treated separately.",Source broad position and transfer quote only; detailed role and buyer-specific production not validated.,Loan fee not stated,Not assessed,https://www.theguardian.com/football/ng-interactive/2026/sep/01/mens-transfer-window-summer-2026-all-deals-from-europes-top-five-leagues,MIDFIELD_UNCLASSIFIED
summer-S26-0737,summer,714,S26-0737,Vasilije Adzic,Juventus,Sassuolo,2026-08-03,428000.0,GBP,,Midfielder — source label,,Evidence needed,"Buyer-specific role, production, availability, signing age and total fee evidence are needed before assigning a deal-value score. Loan/swap costs must be treated separately.",Source broad position and transfer quote only; detailed role and buyer-specific production not validated.,Reported loan fee,Not assessed,https://www.theguardian.com/football/ng-interactive/2026/sep/01/mens-transfer-window-summer-2026-all-deals-from-europes-top-five-leagues,MIDFIELD_UNCLASSIFIED
summer-S26-0738,summer,715,S26-0738,Peter Gulacsi,RB Leipzig,Villarreal,2026-08-03,1710000.0,GBP,,Goalkeeper — source label,,Evidence needed,"Buyer-specific shot-stopping, distribution, aerial command, sweeping, signing age and total fee evidence are needed before scoring.",Source broad position and transfer quote only; detailed role and buyer-specific production not validated.,Reported fee,Not assessed,https://www.theguardian.com/football/ng-interactive/2026/sep/01/mens-transfer-window-summer-2026-all-deals-from-europes-top-five-leagues,GK
summer-S26-0739,summer,716,S26-0739,João Mário,Juventus,Fiorentina,2026-08-03,,GBP,,Defender — source label,,Evidence needed,"Buyer-specific role, production, availability, signing age and total fee evidence are needed before assigning a deal-value score. Loan/swap costs must be treated separately.",Source broad position and transfer quote only; detailed role and buyer-specific production not validated.,Loan fee not stated,Not assessed,https://www.theguardian.com/football/ng-interactive/2026/sep/01/mens-transfer-window-summer-2026-all-deals-from-europes-top-five-leagues,DEFENDER_UNCLASSIFIED
summer-S26-0740,summer,717,S26-0740,Yacine Titraoui,Charleroi,Lens,2026-08-03,6860000.0,GBP,,Midfielder — source label,,Evidence needed,"Buyer-specific role, production, availability, signing age and total fee evidence are needed before assigning a deal-value score.",Source broad position and transfer quote only; detailed role and buyer-specific production not validated.,Reported fee,Not assessed,https://www.theguardian.com/football/ng-interactive/2026/sep/01/mens-transfer-window-summer-2026-all-deals-from-europes-top-five-leagues,MIDFIELD_UNCLASSIFIED
summer-S26-0742,summer,719,S26-0742,Carl Rushworth,Brighton,Coventry City,2026-08-04,22500000.0,GBP,,Goalkeeper — source label,,Evidence needed,"Buyer-specific shot-stopping, distribution, aerial command, sweeping, signing age and total fee evidence are needed before scoring.",Source broad position and transfer quote only; detailed role and buyer-specific production not validated.,Reported fee,Not assessed,https://www.theguardian.com/football/ng-interactive/2026/sep/01/mens-transfer-window-summer-2026-all-deals-from-europes-top-five-leagues,GK
summer-S26-0743,summer,720,S26-0743,César Palacios,Real Madrid,Fulham,2026-08-03,8600000.0,GBP,,Midfielder — source label,,Evidence needed,"Buyer-specific role, production, availability, signing age and total fee evidence are needed before assigning a deal-value score.",Source broad position and transfer quote only; detailed role and buyer-specific production not validated.,Reported fee,Not assessed,https://www.theguardian.com/football/ng-interactive/2026/sep/01/mens-transfer-window-summer-2026-all-deals-from-europes-top-five-leagues,MIDFIELD_UNCLASSIFIED
summer-S26-0744,summer,721,S26-0744,Marc-André ter Stegen,Barcelona,Ajax,2026-08-04,,GBP,,Goalkeeper — source label,,Evidence needed,"Buyer-specific shot-stopping, distribution, aerial command, sweeping, signing age and total fee evidence are needed before scoring. Loan/swap costs must be treated separately.",Source broad position and transfer quote only; detailed role and buyer-specific production not validated.,Loan fee not stated,Not assessed,https://www.theguardian.com/football/ng-interactive/2026/sep/01/mens-transfer-window-summer-2026-all-deals-from-europes-top-five-leagues,GK
summer-S26-0745,summer,722,S26-0745,Ørjan Nyland,Sevilla,RB Leipzig,2026-08-04,,GBP,,Goalkeeper — source label,,Evidence needed,"Buyer-specific shot-stopping, distribution, aerial command, sweeping, signing age and total fee evidence are needed before scoring. A zero base fee does not represent wages or signing costs.",Source broad position and transfer quote only; detailed role and buyer-specific production not validated.,Free transfer,Not assessed,https://www.theguardian.com/football/ng-interactive/2026/sep/01/mens-transfer-window-summer-2026-all-deals-from-europes-top-five-leagues,GK
summer-S26-0746,summer,723,S26-0746,Charlie Cresswell,Toulouse,Rennes,2026-08-04,,GBP,,Defender — source label,,Evidence needed,"Buyer-specific role, production, availability, signing age and total fee evidence are needed before assigning a deal-value score. Loan/swap costs must be treated separately.",Source broad position and transfer quote only; detailed role and buyer-specific production not validated.,Loan fee not stated,Not assessed,https://www.theguardian.com/football/ng-interactive/2026/sep/01/mens-transfer-window-summer-2026-all-deals-from-europes-top-five-leagues,DEFENDER_UNCLASSIFIED
summer-S26-0747,summer,724,S26-0747,Gio Reyna,Borussia Mönchengladbach,Strasbourg,2026-08-04,2600000.0,GBP,,Midfielder — source label,,Evidence needed,"Buyer-specific role, production, availability, signing age and total fee evidence are needed before assigning a deal-value score.",Source broad position and transfer quote only; detailed role and buyer-specific production not validated.,Reported fee,Not assessed,https://www.theguardian.com/football/ng-interactive/2026/sep/01/mens-transfer-window-summer-2026-all-deals-from-europes-top-five-leagues,MIDFIELD_UNCLASSIFIED
summer-S26-0753,summer,730,S26-0753,Victor Valdepeñas,Real Madrid,Fiorentina,2026-08-01,6860000.0,GBP,,Defender — source label,,Evidence needed,"Buyer-specific role, production, availability, signing age and total fee evidence are needed before assigning a deal-value score.",Source broad position and transfer quote only; detailed role and buyer-specific production not validated.,Reported fee,Not assessed,https://www.theguardian.com/football/ng-interactive/2026/sep/01/mens-transfer-window-summer-2026-all-deals-from-europes-top-five-leagues,DEFENDER_UNCLASSIFIED
summer-S26-0755,summer,732,S26-0755,Pedro Felipe,Juventus,Racing Santander,2026-08-04,,GBP,,Defender — source label,,Evidence needed,"Buyer-specific role, production, availability, signing age and total fee evidence are needed before assigning a deal-value score.",Source broad position and transfer quote only; detailed role and buyer-specific production not validated.,Undisclosed,Not assessed,https://www.theguardian.com/football/ng-interactive/2026/sep/01/mens-transfer-window-summer-2026-all-deals-from-europes-top-five-leagues,DEFENDER_UNCLASSIFIED
summer-S26-0756,summer,733,S26-0756,Darlin Yongwa,Lorient,Norwich City,2026-08-04,,GBP,,Defender — source label,,Evidence needed,"Buyer-specific role, production, availability, signing age and total fee evidence are needed before assigning a deal-value score. A zero base fee does not represent wages or signing costs.",Source broad position and transfer quote only; detailed role and buyer-specific production not validated.,Free transfer,Not assessed,https://www.theguardian.com/football/ng-interactive/2026/sep/01/mens-transfer-window-summer-2026-all-deals-from-europes-top-five-leagues,DEFENDER_UNCLASSIFIED
summer-S26-0763,summer,740,S26-0763,Pablo Ramón,Espanyol,Racing Santander,2026-08-05,,GBP,,Defender — source label,,Evidence needed,"Buyer-specific role, production, availability, signing age and total fee evidence are needed before assigning a deal-value score.",Source broad position and transfer quote only; detailed role and buyer-specific production not validated.,Undisclosed,Not assessed,https://www.theguardian.com/football/ng-interactive/2026/sep/01/mens-transfer-window-summer-2026-all-deals-from-europes-top-five-leagues,DEFENDER_UNCLASSIFIED
summer-S26-0764,summer,741,S26-0764,Unai Elgezabal,Levante,Eibar,2026-08-05,,GBP,,Defender — source label,,Evidence needed,"Buyer-specific role, production, availability, signing age and total fee evidence are needed before assigning a deal-value score. A zero base fee does not represent wages or signing costs.",Source broad position and transfer quote only; detailed role and buyer-specific production not validated.,Free transfer,Not assessed,https://www.theguardian.com/football/ng-interactive/2026/sep/01/mens-transfer-window-summer-2026-all-deals-from-europes-top-five-leagues,DEFENDER_UNCLASSIFIED
summer-S26-0765,summer,742,S26-0765,Konstantinos Tzolakis,Olympiakos,Hull City,2026-08-05,20000000.0,GBP,,Goalkeeper — source label,,Evidence needed,"Buyer-specific shot-stopping, distribution, aerial command, sweeping, signing age and total fee evidence are needed before scoring.",Source broad position and transfer quote only; detailed role and buyer-specific production not validated.,Reported fee,Not assessed,https://www.theguardian.com/football/ng-interactive/2026/sep/01/mens-transfer-window-summer-2026-all-deals-from-europes-top-five-leagues,GK
summer-S26-0766,summer,743,S26-0766,Miguel Gutiérrez,Napoli,Bayer Leverkusen,2026-08-05,25700000.0,GBP,,Defender — source label,,Evidence needed,"Buyer-specific role, production, availability, signing age and total fee evidence are needed before assigning a deal-value score.",Source broad position and transfer quote only; detailed role and buyer-specific production not validated.,Reported fee,Not assessed,https://www.theguardian.com/football/ng-interactive/2026/sep/01/mens-transfer-window-summer-2026-all-deals-from-europes-top-five-leagues,DEFENDER_UNCLASSIFIED
summer-S26-0767,summer,744,S26-0767,Joseph Nonge,Kocaelispor,Brest,2026-08-05,,GBP,,Midfielder — source label,,Evidence needed,"Buyer-specific role, production, availability, signing age and total fee evidence are needed before assigning a deal-value score. A zero base fee does not represent wages or signing costs.",Source broad position and transfer quote only; detailed role and buyer-specific production not validated.,Free transfer,Not assessed,https://www.theguardian.com/football/ng-interactive/2026/sep/01/mens-transfer-window-summer-2026-all-deals-from-europes-top-five-leagues,MIDFIELD_UNCLASSIFIED
summer-S26-0768,summer,745,S26-0768,Kevin Leone,Sassuolo,Arezzo,2026-08-05,,GBP,,Midfielder — source label,,Evidence needed,"Buyer-specific role, production, availability, signing age and total fee evidence are needed before assigning a deal-value score. Loan/swap costs must be treated separately.",Source broad position and transfer quote only; detailed role and buyer-specific production not validated.,Loan fee not stated,Not assessed,https://www.theguardian.com/football/ng-interactive/2026/sep/01/mens-transfer-window-summer-2026-all-deals-from-europes-top-five-leagues,MIDFIELD_UNCLASSIFIED
summer-S26-0769,summer,746,S26-0769,Reece Welch,Everton,Bradford City,2026-08-05,,GBP,,Defender — source label,,Evidence needed,"Buyer-specific role, production, availability, signing age and total fee evidence are needed before assigning a deal-value score. A zero base fee does not represent wages or signing costs.",Source broad position and transfer quote only; detailed role and buyer-specific production not validated.,Free transfer,Not assessed,https://www.theguardian.com/football/ng-interactive/2026/sep/01/mens-transfer-window-summer-2026-all-deals-from-europes-top-five-leagues,DEFENDER_UNCLASSIFIED
summer-S26-0771,summer,748,S26-0771,Ruslan Malinovskyi,Genoa,Trabzonspor,2026-06-05,,GBP,,Midfielder — source label,,Evidence needed,"Buyer-specific role, production, availability, signing age and total fee evidence are needed before assigning a deal-value score. A zero base fee does not represent wages or signing costs.",Source broad position and transfer quote only; detailed role and buyer-specific production not validated.,Free transfer,Not assessed,https://www.theguardian.com/football/ng-interactive/2026/sep/01/mens-transfer-window-summer-2026-all-deals-from-europes-top-five-leagues,MIDFIELD_UNCLASSIFIED
summer-S26-0772,summer,749,S26-0772,Hugo Cuenca,Genoa,Celta Vigo,2026-08-04,,GBP,,Midfielder — source label,,Evidence needed,"Buyer-specific role, production, availability, signing age and total fee evidence are needed before assigning a deal-value score. Loan/swap costs must be treated separately.",Source broad position and transfer quote only; detailed role and buyer-specific production not validated.,Loan fee not stated,Not assessed,https://www.theguardian.com/football/ng-interactive/2026/sep/01/mens-transfer-window-summer-2026-all-deals-from-europes-top-five-leagues,MIDFIELD_UNCLASSIFIED
summer-S26-0773,summer,750,S26-0773,Gianluca Rossi,Genoa,Treviso,2026-07-15,,GBP,,Midfielder — source label,,Evidence needed,"Buyer-specific role, production, availability, signing age and total fee evidence are needed before assigning a deal-value score. Loan/swap costs must be treated separately.",Source broad position and transfer quote only; detailed role and buyer-specific production not validated.,Loan fee not stated,Not assessed,https://www.theguardian.com/football/ng-interactive/2026/sep/01/mens-transfer-window-summer-2026-all-deals-from-europes-top-five-leagues,MIDFIELD_UNCLASSIFIED
summer-S26-0775,summer,752,S26-0775,Tommaso Pittino,Genoa,Livorno,2026-07-19,,GBP,,Midfielder — source label,,Evidence needed,"Buyer-specific role, production, availability, signing age and total fee evidence are needed before assigning a deal-value score. Loan/swap costs must be treated separately.",Source broad position and transfer quote only; detailed role and buyer-specific production not validated.,Loan fee not stated,Not assessed,https://www.theguardian.com/football/ng-interactive/2026/sep/01/mens-transfer-window-summer-2026-all-deals-from-europes-top-five-leagues,MIDFIELD_UNCLASSIFIED
summer-S26-0776,summer,753,S26-0776,Lorenzo Gagliardi,Genoa,Altamura,2026-07-08,,GBP,,Defender — source label,,Evidence needed,"Buyer-specific role, production, availability, signing age and total fee evidence are needed before assigning a deal-value score. Loan/swap costs must be treated separately.",Source broad position and transfer quote only; detailed role and buyer-specific production not validated.,Loan fee not stated,Not assessed,https://www.theguardian.com/football/ng-interactive/2026/sep/01/mens-transfer-window-summer-2026-all-deals-from-europes-top-five-leagues,DEFENDER_UNCLASSIFIED
summer-S26-0777,summer,754,S26-0777,Simone Calvani,Genoa,Vado,2026-07-24,,GBP,,Goalkeeper — source label,,Evidence needed,"Buyer-specific shot-stopping, distribution, aerial command, sweeping, signing age and total fee evidence are needed before scoring. Loan/swap costs must be treated separately.",Source broad position and transfer quote only; detailed role and buyer-specific production not validated.,Loan fee not stated,Not assessed,https://www.theguardian.com/football/ng-interactive/2026/sep/01/mens-transfer-window-summer-2026-all-deals-from-europes-top-five-leagues,GK
summer-S26-0778,summer,755,S26-0778,Edoardo Meconi,Genoa,Gubbio,2026-07-07,,GBP,,Defender — source label,,Evidence needed,"Buyer-specific role, production, availability, signing age and total fee evidence are needed before assigning a deal-value score. Loan/swap costs must be treated separately.",Source broad position and transfer quote only; detailed role and buyer-specific production not validated.,Loan fee not stated,Not assessed,https://www.theguardian.com/football/ng-interactive/2026/sep/01/mens-transfer-window-summer-2026-all-deals-from-europes-top-five-leagues,DEFENDER_UNCLASSIFIED
summer-S26-0780,summer,756,S26-0780,Charlie Crew,Leeds United,Walsall,2026-08-05,,GBP,,Midfielder — source label,,Evidence needed,"Buyer-specific role, production, availability, signing age and total fee evidence are needed before assigning a deal-value score. Loan/swap costs must be treated separately.",Source broad position and transfer quote only; detailed role and buyer-specific production not validated.,Loan fee not stated,Not assessed,https://www.theguardian.com/football/ng-interactive/2026/sep/01/mens-transfer-window-summer-2026-all-deals-from-europes-top-five-leagues,MIDFIELD_UNCLASSIFIED
summer-S26-0781,summer,757,S26-0781,Thimothée Lo-Tutala,Hull City,Colchester,2026-08-06,,GBP,,Goalkeeper — source label,,Evidence needed,"Buyer-specific shot-stopping, distribution, aerial command, sweeping, signing age and total fee evidence are needed before scoring. Loan/swap costs must be treated separately.",Source broad position and transfer quote only; detailed role and buyer-specific production not validated.,Loan fee not stated,Not assessed,https://www.theguardian.com/football/ng-interactive/2026/sep/01/mens-transfer-window-summer-2026-all-deals-from-europes-top-five-leagues,GK
summer-S26-0782,summer,758,S26-0782,Archie Harris,Bournemouth,Wigan Athletic,2026-08-06,,GBP,,Defender — source label,,Evidence needed,"Buyer-specific role, production, availability, signing age and total fee evidence are needed before assigning a deal-value score.",Source broad position and transfer quote only; detailed role and buyer-specific production not validated.,Undisclosed,Not assessed,https://www.theguardian.com/football/ng-interactive/2026/sep/01/mens-transfer-window-summer-2026-all-deals-from-europes-top-five-leagues,DEFENDER_UNCLASSIFIED
summer-S26-0784,summer,760,S26-0784,Juanlu Sánchez,Sevilla,Bournemouth,2026-08-06,11100000.0,GBP,,Defender — source label,,Evidence needed,"Buyer-specific role, production, availability, signing age and total fee evidence are needed before assigning a deal-value score.",Source broad position and transfer quote only; detailed role and buyer-specific production not validated.,Reported fee,Not assessed,https://www.theguardian.com/football/ng-interactive/2026/sep/01/mens-transfer-window-summer-2026-all-deals-from-europes-top-five-leagues,DEFENDER_UNCLASSIFIED
summer-S26-0786,summer,762,S26-0786,James Trafford,Manchester City,Leeds United,2026-08-06,40500000.0,GBP,,Goalkeeper — source label,,Evidence needed,"Buyer-specific shot-stopping, distribution, aerial command, sweeping, signing age and total fee evidence are needed before scoring.",Source broad position and transfer quote only; detailed role and buyer-specific production not validated.,Reported fee,Not assessed,https://www.theguardian.com/football/ng-interactive/2026/sep/01/mens-transfer-window-summer-2026-all-deals-from-europes-top-five-leagues,GK
summer-S26-0787,summer,763,S26-0787,Cristian Orozco,Fortaleza CEIF,Manchester United,2026-08-06,700000.0,GBP,,Midfielder — source label,,Evidence needed,"Buyer-specific role, production, availability, signing age and total fee evidence are needed before assigning a deal-value score.",Source broad position and transfer quote only; detailed role and buyer-specific production not validated.,Reported fee,Not assessed,https://www.theguardian.com/football/ng-interactive/2026/sep/01/mens-transfer-window-summer-2026-all-deals-from-europes-top-five-leagues,MIDFIELD_UNCLASSIFIED
summer-S26-0788,summer,764,S26-0788,Andrea Ceresoli,Atalanta,Nuremberg,2026-08-04,900000.0,GBP,,Defender — source label,,Evidence needed,"Buyer-specific role, production, availability, signing age and total fee evidence are needed before assigning a deal-value score.",Source broad position and transfer quote only; detailed role and buyer-specific production not validated.,Reported fee,Not assessed,https://www.theguardian.com/football/ng-interactive/2026/sep/01/mens-transfer-window-summer-2026-all-deals-from-europes-top-five-leagues,DEFENDER_UNCLASSIFIED
summer-S26-0789,summer,765,S26-0789,Yan Couto,Borussia Dortmund,Como 1907,2026-08-06,,GBP,,Defender — source label,,Evidence needed,"Buyer-specific role, production, availability, signing age and total fee evidence are needed before assigning a deal-value score. Loan/swap costs must be treated separately.",Source broad position and transfer quote only; detailed role and buyer-specific production not validated.,Loan fee not stated,Not assessed,https://www.theguardian.com/football/ng-interactive/2026/sep/01/mens-transfer-window-summer-2026-all-deals-from-europes-top-five-leagues,DEFENDER_UNCLASSIFIED
summer-S26-0791,summer,767,S26-0791,Djibril Sow,Sevilla,Genoa,2026-08-06,3400000.0,GBP,,Midfielder — source label,,Evidence needed,"Buyer-specific role, production, availability, signing age and total fee evidence are needed before assigning a deal-value score.",Source broad position and transfer quote only; detailed role and buyer-specific production not validated.,Reported fee,Not assessed,https://www.theguardian.com/football/ng-interactive/2026/sep/01/mens-transfer-window-summer-2026-all-deals-from-europes-top-five-leagues,MIDFIELD_UNCLASSIFIED
summer-S26-0792,summer,768,S26-0792,Christian Früchtl,Lecce,Red Bull Salzburg,2026-08-05,,GBP,,Goalkeeper — source label,,Evidence needed,"Buyer-specific shot-stopping, distribution, aerial command, sweeping, signing age and total fee evidence are needed before scoring.",Source broad position and transfer quote only; detailed role and buyer-specific production not validated.,Undisclosed,Not assessed,https://www.theguardian.com/football/ng-interactive/2026/sep/01/mens-transfer-window-summer-2026-all-deals-from-europes-top-five-leagues,GK
summer-S26-0793,summer,769,S26-0793,Giacomo Satalino,Free agent,Sassuolo,2026-08-06,,GBP,,Goalkeeper — source label,,Evidence needed,"Buyer-specific shot-stopping, distribution, aerial command, sweeping, signing age and total fee evidence are needed before scoring. A zero base fee does not represent wages or signing costs.",Source broad position and transfer quote only; detailed role and buyer-specific production not validated.,Free transfer,Not assessed,https://www.theguardian.com/football/ng-interactive/2026/sep/01/mens-transfer-window-summer-2026-all-deals-from-europes-top-five-leagues,GK
summer-S26-0794,summer,770,S26-0794,Dimitris Giannoulis,Augsburg,PAOK,2026-08-06,3600000.0,GBP,,Defender — source label,,Evidence needed,"Buyer-specific role, production, availability, signing age and total fee evidence are needed before assigning a deal-value score.",Source broad position and transfer quote only; detailed role and buyer-specific production not validated.,Reported fee,Not assessed,https://www.theguardian.com/football/ng-interactive/2026/sep/01/mens-transfer-window-summer-2026-all-deals-from-europes-top-five-leagues,DEFENDER_UNCLASSIFIED
summer-S26-0797,summer,773,S26-0797,Unai Núñez,Celta Vigo,Espanyol,2026-08-06,,GBP,,Defender — source label,,Evidence needed,"Buyer-specific role, production, availability, signing age and total fee evidence are needed before assigning a deal-value score. Loan/swap costs must be treated separately.",Source broad position and transfer quote only; detailed role and buyer-specific production not validated.,Loan fee not stated,Not assessed,https://www.theguardian.com/football/ng-interactive/2026/sep/01/mens-transfer-window-summer-2026-all-deals-from-europes-top-five-leagues,DEFENDER_UNCLASSIFIED
summer-S26-0798,summer,774,S26-0798,Angeliño,Roma,Deportivo La Coruña,2026-08-05,,GBP,,Defender — source label,,Evidence needed,"Buyer-specific role, production, availability, signing age and total fee evidence are needed before assigning a deal-value score. Loan/swap costs must be treated separately.",Source broad position and transfer quote only; detailed role and buyer-specific production not validated.,Loan fee not stated,Not assessed,https://www.theguardian.com/football/ng-interactive/2026/sep/01/mens-transfer-window-summer-2026-all-deals-from-europes-top-five-leagues,DEFENDER_UNCLASSIFIED
summer-S26-0799,summer,775,S26-0799,Javi Morcillo,Atlético Madrid,Elche,2026-08-06,1300000.0,GBP,,Midfielder — source label,,Evidence needed,"Buyer-specific role, production, availability, signing age and total fee evidence are needed before assigning a deal-value score.",Source broad position and transfer quote only; detailed role and buyer-specific production not validated.,Reported fee,Not assessed,https://www.theguardian.com/football/ng-interactive/2026/sep/01/mens-transfer-window-summer-2026-all-deals-from-europes-top-five-leagues,MIDFIELD_UNCLASSIFIED
summer-S26-0800,summer,776,S26-0800,Altay Bayindir,Manchester United,Celta Vigo,2026-08-07,,GBP,,Goalkeeper — source label,,Evidence needed,"Buyer-specific shot-stopping, distribution, aerial command, sweeping, signing age and total fee evidence are needed before scoring. Loan/swap costs must be treated separately.",Source broad position and transfer quote only; detailed role and buyer-specific production not validated.,Loan fee not stated,Not assessed,https://www.theguardian.com/football/ng-interactive/2026/sep/01/mens-transfer-window-summer-2026-all-deals-from-europes-top-five-leagues,GK
summer-S26-0802,summer,778,S26-0802,Alfie Merritt,Bournemouth,Newport County,2026-08-07,,GBP,,Defender — source label,,Evidence needed,"Buyer-specific role, production, availability, signing age and total fee evidence are needed before assigning a deal-value score. Loan/swap costs must be treated separately.",Source broad position and transfer quote only; detailed role and buyer-specific production not validated.,Loan fee not stated,Not assessed,https://www.theguardian.com/football/ng-interactive/2026/sep/01/mens-transfer-window-summer-2026-all-deals-from-europes-top-five-leagues,DEFENDER_UNCLASSIFIED
summer-S26-0804,summer,780,S26-0804,Franco Mastantuono,Real Madrid,Fiorentina,2026-08-07,,GBP,,Midfielder — source label,,Evidence needed,"Buyer-specific role, production, availability, signing age and total fee evidence are needed before assigning a deal-value score. Loan/swap costs must be treated separately.",Source broad position and transfer quote only; detailed role and buyer-specific production not validated.,Loan fee not stated,Not assessed,https://www.theguardian.com/football/ng-interactive/2026/sep/01/mens-transfer-window-summer-2026-all-deals-from-europes-top-five-leagues,MIDFIELD_UNCLASSIFIED
summer-S26-0805,summer,781,S26-0805,Takehiro Tomiyasu,Ajax,Crystal Palace,2026-08-07,,GBP,,Defender — source label,,Evidence needed,"Buyer-specific role, production, availability, signing age and total fee evidence are needed before assigning a deal-value score. A zero base fee does not represent wages or signing costs.",Source broad position and transfer quote only; detailed role and buyer-specific production not validated.,Free transfer,Not assessed,https://www.theguardian.com/football/ng-interactive/2026/sep/01/mens-transfer-window-summer-2026-all-deals-from-europes-top-five-leagues,DEFENDER_UNCLASSIFIED
summer-S26-0806,summer,782,S26-0806,Sonny Aljofree,Manchester United,Rotherham,2026-08-07,,GBP,,Defender — source label,,Evidence needed,"Buyer-specific role, production, availability, signing age and total fee evidence are needed before assigning a deal-value score.",Source broad position and transfer quote only; detailed role and buyer-specific production not validated.,Undisclosed,Not assessed,https://www.theguardian.com/football/ng-interactive/2026/sep/01/mens-transfer-window-summer-2026-all-deals-from-europes-top-five-leagues,DEFENDER_UNCLASSIFIED
summer-S26-0807,summer,783,S26-0807,Junior Dina Ebimbe,Eintracht Frankfurt,Schalke 04,2026-08-07,600000.0,GBP,,Defender — source label,,Evidence needed,"Buyer-specific role, production, availability, signing age and total fee evidence are needed before assigning a deal-value score.",Source broad position and transfer quote only; detailed role and buyer-specific production not validated.,Reported fee,Not assessed,https://www.theguardian.com/football/ng-interactive/2026/sep/01/mens-transfer-window-summer-2026-all-deals-from-europes-top-five-leagues,DEFENDER_UNCLASSIFIED
summer-S26-0808,summer,784,S26-0808,Gil Neves,Benfica,Cologne,2026-08-07,,GBP,,Midfielder — source label,,Evidence needed,"Buyer-specific role, production, availability, signing age and total fee evidence are needed before assigning a deal-value score.",Source broad position and transfer quote only; detailed role and buyer-specific production not validated.,Undisclosed,Not assessed,https://www.theguardian.com/football/ng-interactive/2026/sep/01/mens-transfer-window-summer-2026-all-deals-from-europes-top-five-leagues,MIDFIELD_UNCLASSIFIED
summer-S26-0810,summer,786,S26-0810,Saïdou Sow,Strasbourg,Nantes,2026-08-07,,GBP,,Defender — source label,,Evidence needed,"Buyer-specific role, production, availability, signing age and total fee evidence are needed before assigning a deal-value score. Loan/swap costs must be treated separately.",Source broad position and transfer quote only; detailed role and buyer-specific production not validated.,Loan fee not stated,Not assessed,https://www.theguardian.com/football/ng-interactive/2026/sep/01/mens-transfer-window-summer-2026-all-deals-from-europes-top-five-leagues,DEFENDER_UNCLASSIFIED
summer-S26-0811,summer,787,S26-0811,Jens Hjertø-Dahl,Tromsø,Hull City,2026-08-07,10000000.0,GBP,,Midfielder — source label,,Evidence needed,"Buyer-specific role, production, availability, signing age and total fee evidence are needed before assigning a deal-value score.",Source broad position and transfer quote only; detailed role and buyer-specific production not validated.,Reported fee,Not assessed,https://www.theguardian.com/football/ng-interactive/2026/sep/01/mens-transfer-window-summer-2026-all-deals-from-europes-top-five-leagues,MIDFIELD_UNCLASSIFIED
summer-S26-0812,summer,788,S26-0812,Gabriele Conti,Fiorentina,Perugia,2026-08-07,,GBP,,Midfielder — source label,,Evidence needed,"Buyer-specific role, production, availability, signing age and total fee evidence are needed before assigning a deal-value score.",Source broad position and transfer quote only; detailed role and buyer-specific production not validated.,Undisclosed,Not assessed,https://www.theguardian.com/football/ng-interactive/2026/sep/01/mens-transfer-window-summer-2026-all-deals-from-europes-top-five-leagues,MIDFIELD_UNCLASSIFIED
summer-S26-0813,summer,789,S26-0813,Dimitar Papazov,Bologna,Perugia,2026-08-07,,GBP,,Defender — source label,,Evidence needed,"Buyer-specific role, production, availability, signing age and total fee evidence are needed before assigning a deal-value score. Loan/swap costs must be treated separately.",Source broad position and transfer quote only; detailed role and buyer-specific production not validated.,Loan fee not stated,Not assessed,https://www.theguardian.com/football/ng-interactive/2026/sep/01/mens-transfer-window-summer-2026-all-deals-from-europes-top-five-leagues,DEFENDER_UNCLASSIFIED
summer-S26-0815,summer,790,S26-0815,Davide Veroli,Cagliari,Südtirol,2026-07-31,,GBP,,Defender — source label,,Evidence needed,"Buyer-specific role, production, availability, signing age and total fee evidence are needed before assigning a deal-value score. Loan/swap costs must be treated separately.",Source broad position and transfer quote only; detailed role and buyer-specific production not validated.,Loan fee not stated,Not assessed,https://www.theguardian.com/football/ng-interactive/2026/sep/01/mens-transfer-window-summer-2026-all-deals-from-europes-top-five-leagues,DEFENDER_UNCLASSIFIED
summer-S26-0816,summer,791,S26-0816,Coli Saco,Napoli,Riga FC,2026-08-01,,GBP,,Midfielder — source label,,Evidence needed,"Buyer-specific role, production, availability, signing age and total fee evidence are needed before assigning a deal-value score. A zero base fee does not represent wages or signing costs.",Source broad position and transfer quote only; detailed role and buyer-specific production not validated.,Free transfer,Not assessed,https://www.theguardian.com/football/ng-interactive/2026/sep/01/mens-transfer-window-summer-2026-all-deals-from-europes-top-five-leagues,MIDFIELD_UNCLASSIFIED
summer-S26-0817,summer,792,S26-0817,Abdelhamid Sabiri,Fiorentina,Eyupspor,2026-07-31,,GBP,,Midfielder — source label,,Evidence needed,"Buyer-specific role, production, availability, signing age and total fee evidence are needed before assigning a deal-value score. A zero base fee does not represent wages or signing costs.",Source broad position and transfer quote only; detailed role and buyer-specific production not validated.,Free transfer,Not assessed,https://www.theguardian.com/football/ng-interactive/2026/sep/01/mens-transfer-window-summer-2026-all-deals-from-europes-top-five-leagues,MIDFIELD_UNCLASSIFIED
summer-S26-0818,summer,793,S26-0818,Odysseas Vlachodimos,Newcastle United,Sevilla,2026-07-01,,GBP,,Goalkeeper — source label,,Evidence needed,"Buyer-specific shot-stopping, distribution, aerial command, sweeping, signing age and total fee evidence are needed before scoring.",Source broad position and transfer quote only; detailed role and buyer-specific production not validated.,Loan fee not stated,Not assessed,https://www.theguardian.com/football/ng-interactive/2026/sep/01/mens-transfer-window-summer-2026-all-deals-from-europes-top-five-leagues,GK
summer-S26-0820,summer,795,S26-0820,André Onana,Manchester United,Trabzonspor,2026-07-07,,GBP,,Goalkeeper — source label,,Evidence needed,"Buyer-specific shot-stopping, distribution, aerial command, sweeping, signing age and total fee evidence are needed before scoring.",Source broad position and transfer quote only; detailed role and buyer-specific production not validated.,Loan fee not stated,Not assessed,https://www.theguardian.com/football/ng-interactive/2026/sep/01/mens-transfer-window-summer-2026-all-deals-from-europes-top-five-leagues,GK
summer-S26-0821,summer,796,S26-0821,Pierce Charles,Manchester City,QPR,2026-07-10,,GBP,,Goalkeeper — source label,,Evidence needed,"Buyer-specific shot-stopping, distribution, aerial command, sweeping, signing age and total fee evidence are needed before scoring. Loan/swap costs must be treated separately.",Source broad position and transfer quote only; detailed role and buyer-specific production not validated.,Loan fee not stated,Not assessed,https://www.theguardian.com/football/ng-interactive/2026/sep/01/mens-transfer-window-summer-2026-all-deals-from-europes-top-five-leagues,GK
summer-S26-0822,summer,797,S26-0822,Cole Ramsey,Aston Villa,Tottenham Hotspur,2026-07-07,,GBP,,Midfielder — source label,,Evidence needed,"Buyer-specific role, production, availability, signing age and total fee evidence are needed before assigning a deal-value score. A zero base fee does not represent wages or signing costs.",Source broad position and transfer quote only; detailed role and buyer-specific production not validated.,Free transfer,Not assessed,https://www.theguardian.com/football/ng-interactive/2026/sep/01/mens-transfer-window-summer-2026-all-deals-from-europes-top-five-leagues,MIDFIELD_UNCLASSIFIED
summer-S26-0823,summer,798,S26-0823,Luca Gunter,Tottenham Hotspur,Boreham Wood,2026-07-01,,GBP,,Goalkeeper — source label,,Evidence needed,"Buyer-specific shot-stopping, distribution, aerial command, sweeping, signing age and total fee evidence are needed before scoring. Loan/swap costs must be treated separately.",Source broad position and transfer quote only; detailed role and buyer-specific production not validated.,Loan fee not stated,Not assessed,https://www.theguardian.com/football/ng-interactive/2026/sep/01/mens-transfer-window-summer-2026-all-deals-from-europes-top-five-leagues,GK
summer-S26-0825,summer,799,S26-0825,Travis Hernes,Newcastle United,Groningen,2026-06-03,,GBP,,Midfielder — source label,,Evidence needed,"Buyer-specific role, production, availability, signing age and total fee evidence are needed before assigning a deal-value score.",Source broad position and transfer quote only; detailed role and buyer-specific production not validated.,Undisclosed,Not assessed,https://www.theguardian.com/football/ng-interactive/2026/sep/01/mens-transfer-window-summer-2026-all-deals-from-europes-top-five-leagues,MIDFIELD_UNCLASSIFIED
summer-S26-0826,summer,800,S26-0826,Aidon Shehu,Hull City,Panathinaikos,2026-07-01,2500000.0,GBP,,Midfielder — source label,,Evidence needed,"Buyer-specific role, production, availability, signing age and total fee evidence are needed before assigning a deal-value score.",Source broad position and transfer quote only; detailed role and buyer-specific production not validated.,Reported fee,Not assessed,https://www.theguardian.com/football/ng-interactive/2026/sep/01/mens-transfer-window-summer-2026-all-deals-from-europes-top-five-leagues,MIDFIELD_UNCLASSIFIED
summer-S26-0827,summer,801,S26-0827,Ben Robinson,Free agent,Hull City,2026-07-07,,GBP,,Defender — source label,,Evidence needed,"Buyer-specific role, production, availability, signing age and total fee evidence are needed before assigning a deal-value score. A zero base fee does not represent wages or signing costs.",Source broad position and transfer quote only; detailed role and buyer-specific production not validated.,Free transfer,Not assessed,https://www.theguardian.com/football/ng-interactive/2026/sep/01/mens-transfer-window-summer-2026-all-deals-from-europes-top-five-leagues,DEFENDER_UNCLASSIFIED
summer-S26-0828,summer,802,S26-0828,Caleb Yirenkyi,Nordsjælland,Coventry City,2026-08-07,23000000.0,GBP,,Midfielder — source label,,Evidence needed,"Buyer-specific role, production, availability, signing age and total fee evidence are needed before assigning a deal-value score.",Source broad position and transfer quote only; detailed role and buyer-specific production not validated.,Reported fee,Not assessed,https://www.theguardian.com/football/ng-interactive/2026/sep/01/mens-transfer-window-summer-2026-all-deals-from-europes-top-five-leagues,MIDFIELD_UNCLASSIFIED
summer-S26-0829,summer,803,S26-0829,Reiss Russell-Denny,Tottenham Hotspur,Bristol Rovers,2026-08-07,,GBP,,Midfielder — source label,,Evidence needed,"Buyer-specific role, production, availability, signing age and total fee evidence are needed before assigning a deal-value score. Loan/swap costs must be treated separately.",Source broad position and transfer quote only; detailed role and buyer-specific production not validated.,Loan fee not stated,Not assessed,https://www.theguardian.com/football/ng-interactive/2026/sep/01/mens-transfer-window-summer-2026-all-deals-from-europes-top-five-leagues,MIDFIELD_UNCLASSIFIED
summer-S26-0831,summer,805,S26-0831,Edgar Alcañiz,Levante,Atlético Madrid,2026-08-04,,GBP,,Midfielder — source label,,Evidence needed,"Buyer-specific role, production, availability, signing age and total fee evidence are needed before assigning a deal-value score.",Source broad position and transfer quote only; detailed role and buyer-specific production not validated.,Undisclosed,Not assessed,https://www.theguardian.com/football/ng-interactive/2026/sep/01/mens-transfer-window-summer-2026-all-deals-from-europes-top-five-leagues,MIDFIELD_UNCLASSIFIED
summer-S26-0832,summer,806,S26-0832,Finley Barbrook,Ipswich Town,Falkirk,2026-08-07,,GBP,,Midfielder — source label,,Evidence needed,"Buyer-specific role, production, availability, signing age and total fee evidence are needed before assigning a deal-value score. Loan/swap costs must be treated separately.",Source broad position and transfer quote only; detailed role and buyer-specific production not validated.,Loan fee not stated,Not assessed,https://www.theguardian.com/football/ng-interactive/2026/sep/01/mens-transfer-window-summer-2026-all-deals-from-europes-top-five-leagues,MIDFIELD_UNCLASSIFIED
summer-S26-0833,summer,807,S26-0833,Miguel Auría,Osasuna,Mirandés,2026-08-02,,GBP,,Midfielder — source label,,Evidence needed,"Buyer-specific role, production, availability, signing age and total fee evidence are needed before assigning a deal-value score. Loan/swap costs must be treated separately.",Source broad position and transfer quote only; detailed role and buyer-specific production not validated.,Loan fee not stated,Not assessed,https://www.theguardian.com/football/ng-interactive/2026/sep/01/mens-transfer-window-summer-2026-all-deals-from-europes-top-five-leagues,MIDFIELD_UNCLASSIFIED
summer-S26-0837,summer,811,S26-0837,Facundo Buonanotte,Brighton,Elche,2026-08-07,,GBP,,Midfielder — source label,,Evidence needed,"Buyer-specific role, production, availability, signing age and total fee evidence are needed before assigning a deal-value score. Loan/swap costs must be treated separately.",Source broad position and transfer quote only; detailed role and buyer-specific production not validated.,Loan fee not stated,Not assessed,https://www.theguardian.com/football/ng-interactive/2026/sep/01/mens-transfer-window-summer-2026-all-deals-from-europes-top-five-leagues,MIDFIELD_UNCLASSIFIED
summer-S26-0838,summer,812,S26-0838,Daouda Traoré,Southampton,Le Mans,2026-08-06,,GBP,,Midfielder — source label,,Evidence needed,"Buyer-specific role, production, availability, signing age and total fee evidence are needed before assigning a deal-value score. Loan/swap costs must be treated separately.",Source broad position and transfer quote only; detailed role and buyer-specific production not validated.,Loan fee not stated,Not assessed,https://www.theguardian.com/football/ng-interactive/2026/sep/01/mens-transfer-window-summer-2026-all-deals-from-europes-top-five-leagues,MIDFIELD_UNCLASSIFIED
summer-S26-0840,summer,814,S26-0840,Maghnes Akliouche,Monaco,Paris Saint-Germain,2026-08-06,42800000.0,GBP,,Midfielder — source label,,Evidence needed,"Buyer-specific role, production, availability, signing age and total fee evidence are needed before assigning a deal-value score.",Source broad position and transfer quote only; detailed role and buyer-specific production not validated.,Reported fee,Not assessed,https://www.theguardian.com/football/ng-interactive/2026/sep/01/mens-transfer-window-summer-2026-all-deals-from-europes-top-five-leagues,MIDFIELD_UNCLASSIFIED
summer-S26-0844,summer,817,S26-0844,Marash Kumbulla,Roma,Rayo Vallecano,2026-08-07,,GBP,,Defender — source label,,Evidence needed,"Buyer-specific role, production, availability, signing age and total fee evidence are needed before assigning a deal-value score. Loan/swap costs must be treated separately.",Source broad position and transfer quote only; detailed role and buyer-specific production not validated.,Loan fee not stated,Not assessed,https://www.theguardian.com/football/ng-interactive/2026/sep/01/mens-transfer-window-summer-2026-all-deals-from-europes-top-five-leagues,DEFENDER_UNCLASSIFIED
summer-S26-0845,summer,818,S26-0845,Nicolás Valentini,Fiorentina,Alavés,2026-08-07,2600000.0,GBP,,Defender — source label,,Evidence needed,"Buyer-specific role, production, availability, signing age and total fee evidence are needed before assigning a deal-value score.",Source broad position and transfer quote only; detailed role and buyer-specific production not validated.,Reported fee,Not assessed,https://www.theguardian.com/football/ng-interactive/2026/sep/01/mens-transfer-window-summer-2026-all-deals-from-europes-top-five-leagues,DEFENDER_UNCLASSIFIED
summer-S26-0846,summer,819,S26-0846,Alexis Olmedo,Barcelona,Celta Vigo,2026-08-05,,GBP,,Defender — source label,,Evidence needed,"Buyer-specific role, production, availability, signing age and total fee evidence are needed before assigning a deal-value score.",Source broad position and transfer quote only; detailed role and buyer-specific production not validated.,Undisclosed,Not assessed,https://www.theguardian.com/football/ng-interactive/2026/sep/01/mens-transfer-window-summer-2026-all-deals-from-europes-top-five-leagues,DEFENDER_UNCLASSIFIED
summer-S26-0847,summer,820,S26-0847,Radek Vitek,Manchester United,Middlesbrough,2026-08-08,14000000.0,GBP,,Goalkeeper — source label,,Evidence needed,"Buyer-specific shot-stopping, distribution, aerial command, sweeping, signing age and total fee evidence are needed before scoring.",Source broad position and transfer quote only; detailed role and buyer-specific production not validated.,Reported fee,Not assessed,https://www.theguardian.com/football/ng-interactive/2026/sep/01/mens-transfer-window-summer-2026-all-deals-from-europes-top-five-leagues,GK
summer-S26-0849,summer,822,S26-0849,Thiago Almada,Atlético Madrid,River Plate,2026-08-08,17200000.0,GBP,,Midfielder — source label,,Evidence needed,"Buyer-specific role, production, availability, signing age and total fee evidence are needed before assigning a deal-value score.",Source broad position and transfer quote only; detailed role and buyer-specific production not validated.,Reported fee,Not assessed,https://www.theguardian.com/football/ng-interactive/2026/sep/01/mens-transfer-window-summer-2026-all-deals-from-europes-top-five-leagues,MIDFIELD_UNCLASSIFIED
summer-S26-0855,summer,827,S26-0855,Sergi Roberto,Como 1907,LA Galaxy,2026-08-08,,GBP,,Midfielder — source label,,Evidence needed,"Buyer-specific role, production, availability, signing age and total fee evidence are needed before assigning a deal-value score. A zero base fee does not represent wages or signing costs.",Source broad position and transfer quote only; detailed role and buyer-specific production not validated.,Free transfer,Not assessed,https://www.theguardian.com/football/ng-interactive/2026/sep/01/mens-transfer-window-summer-2026-all-deals-from-europes-top-five-leagues,MIDFIELD_UNCLASSIFIED
summer-S26-0857,summer,829,S26-0857,Mauro Zalazar,Schalke 04,Kustosija Zagreb,2026-08-07,,GBP,,Midfielder — source label,,Evidence needed,"Buyer-specific role, production, availability, signing age and total fee evidence are needed before assigning a deal-value score.",Source broad position and transfer quote only; detailed role and buyer-specific production not validated.,Undisclosed,Not assessed,https://www.theguardian.com/football/ng-interactive/2026/sep/01/mens-transfer-window-summer-2026-all-deals-from-europes-top-five-leagues,MIDFIELD_UNCLASSIFIED
summer-S26-0858,summer,830,S26-0858,Daniel Maldini,Atalanta,Cagliari,2026-08-09,,GBP,,Midfielder — source label,,Evidence needed,"Buyer-specific role, production, availability, signing age and total fee evidence are needed before assigning a deal-value score. Loan/swap costs must be treated separately.",Source broad position and transfer quote only; detailed role and buyer-specific production not validated.,Loan fee not stated,Not assessed,https://www.theguardian.com/football/ng-interactive/2026/sep/01/mens-transfer-window-summer-2026-all-deals-from-europes-top-five-leagues,MIDFIELD_UNCLASSIFIED
summer-S26-0860,summer,832,S26-0860,Ahmed Sidibé,Venezia,Vitória de Guimarães,2026-08-06,,GBP,,Defender — source label,,Evidence needed,"Buyer-specific role, production, availability, signing age and total fee evidence are needed before assigning a deal-value score. Loan/swap costs must be treated separately.",Source broad position and transfer quote only; detailed role and buyer-specific production not validated.,Loan fee not stated,Not assessed,https://www.theguardian.com/football/ng-interactive/2026/sep/01/mens-transfer-window-summer-2026-all-deals-from-europes-top-five-leagues,DEFENDER_UNCLASSIFIED
summer-S26-0861,summer,833,S26-0861,Bjarki Bjarkason,Venezia,Südtirol,2026-08-07,,GBP,,Midfielder — source label,,Evidence needed,"Buyer-specific role, production, availability, signing age and total fee evidence are needed before assigning a deal-value score.",Source broad position and transfer quote only; detailed role and buyer-specific production not validated.,Undisclosed,Not assessed,https://www.theguardian.com/football/ng-interactive/2026/sep/01/mens-transfer-window-summer-2026-all-deals-from-europes-top-five-leagues,MIDFIELD_UNCLASSIFIED
summer-S26-0863,summer,835,S26-0863,Elliot Stroud,Mjällby,Hull City,2026-08-09,3000000.0,GBP,,Defender — source label,,Evidence needed,"Buyer-specific role, production, availability, signing age and total fee evidence are needed before assigning a deal-value score.",Source broad position and transfer quote only; detailed role and buyer-specific production not validated.,Reported fee,Not assessed,https://www.theguardian.com/football/ng-interactive/2026/sep/01/mens-transfer-window-summer-2026-all-deals-from-europes-top-five-leagues,DEFENDER_UNCLASSIFIED
summer-S26-0864,summer,836,S26-0864,Trevoh Chalobah,Chelsea,Como 1907,2026-08-09,25700000.0,GBP,,Defender — source label,,Evidence needed,"Buyer-specific role, production, availability, signing age and total fee evidence are needed before assigning a deal-value score.",Source broad position and transfer quote only; detailed role and buyer-specific production not validated.,Reported fee,Not assessed,https://www.theguardian.com/football/ng-interactive/2026/sep/01/mens-transfer-window-summer-2026-all-deals-from-europes-top-five-leagues,DEFENDER_UNCLASSIFIED
summer-S26-0865,summer,837,S26-0865,Lucas Digne,Aston Villa,Paris Saint-Germain,2026-08-09,8500000.0,GBP,,Defender — source label,,Evidence needed,"Buyer-specific role, production, availability, signing age and total fee evidence are needed before assigning a deal-value score.",Source broad position and transfer quote only; detailed role and buyer-specific production not validated.,Reported fee,Not assessed,https://www.theguardian.com/football/ng-interactive/2026/sep/01/mens-transfer-window-summer-2026-all-deals-from-europes-top-five-leagues,DEFENDER_UNCLASSIFIED
summer-S26-0870,summer,842,S26-0870,Bara Sapoko Ndiaye,Gambinos Stars Africa,Bayern Munich,2026-08-10,3000000.0,GBP,,Midfielder — source label,,Evidence needed,"Buyer-specific role, production, availability, signing age and total fee evidence are needed before assigning a deal-value score.",Source broad position and transfer quote only; detailed role and buyer-specific production not validated.,Reported fee,Not assessed,https://www.theguardian.com/football/ng-interactive/2026/sep/01/mens-transfer-window-summer-2026-all-deals-from-europes-top-five-leagues,MIDFIELD_UNCLASSIFIED
summer-S26-0872,summer,844,S26-0872,Patrizio Masini,Genoa,Frosinone,2026-08-10,,GBP,,Midfielder — source label,,Evidence needed,"Buyer-specific role, production, availability, signing age and total fee evidence are needed before assigning a deal-value score. Loan/swap costs must be treated separately.",Source broad position and transfer quote only; detailed role and buyer-specific production not validated.,Loan fee not stated,Not assessed,https://www.theguardian.com/football/ng-interactive/2026/sep/01/mens-transfer-window-summer-2026-all-deals-from-europes-top-five-leagues,MIDFIELD_UNCLASSIFIED
summer-S26-0874,summer,846,S26-0874,Ronald Araújo,Barcelona,Liverpool,2026-08-10,,GBP,,Defender — source label,,Evidence needed,"Buyer-specific role, production, availability, signing age and total fee evidence are needed before assigning a deal-value score. Loan/swap costs must be treated separately.",Source broad position and transfer quote only; detailed role and buyer-specific production not validated.,Loan fee not stated,Not assessed,https://www.theguardian.com/football/ng-interactive/2026/sep/01/mens-transfer-window-summer-2026-all-deals-from-europes-top-five-leagues,DEFENDER_UNCLASSIFIED
summer-S26-0876,summer,848,S26-0876,Giuseppe Aurelio,Spezia,Cagliari,2026-08-10,700000.0,GBP,,Defender — source label,,Evidence needed,"Buyer-specific role, production, availability, signing age and total fee evidence are needed before assigning a deal-value score.",Source broad position and transfer quote only; detailed role and buyer-specific production not validated.,Reported fee,Not assessed,https://www.theguardian.com/football/ng-interactive/2026/sep/01/mens-transfer-window-summer-2026-all-deals-from-europes-top-five-leagues,DEFENDER_UNCLASSIFIED
summer-S26-0878,summer,850,S26-0878,Arthur Masuaku,Sunderland,Konyaspor,2026-08-10,,GBP,,Defender — source label,,Evidence needed,"Buyer-specific role, production, availability, signing age and total fee evidence are needed before assigning a deal-value score. A zero base fee does not represent wages or signing costs.",Source broad position and transfer quote only; detailed role and buyer-specific production not validated.,Free transfer,Not assessed,https://www.theguardian.com/football/ng-interactive/2026/sep/01/mens-transfer-window-summer-2026-all-deals-from-europes-top-five-leagues,DEFENDER_UNCLASSIFIED
summer-S26-0879,summer,851,S26-0879,Julen Agirrezabala,Athletic Club,Racing Santander,2026-08-10,,GBP,,Goalkeeper — source label,,Evidence needed,"Buyer-specific shot-stopping, distribution, aerial command, sweeping, signing age and total fee evidence are needed before scoring.",Source broad position and transfer quote only; detailed role and buyer-specific production not validated.,Undisclosed,Not assessed,https://www.theguardian.com/football/ng-interactive/2026/sep/01/mens-transfer-window-summer-2026-all-deals-from-europes-top-five-leagues,GK
summer-S26-0880,summer,852,S26-0880,Joan Jordán,Sevilla,Estrela Amadora,2026-08-10,,GBP,,Midfielder — source label,,Evidence needed,"Buyer-specific role, production, availability, signing age and total fee evidence are needed before assigning a deal-value score. A zero base fee does not represent wages or signing costs.",Source broad position and transfer quote only; detailed role and buyer-specific production not validated.,Free transfer,Not assessed,https://www.theguardian.com/football/ng-interactive/2026/sep/01/mens-transfer-window-summer-2026-all-deals-from-europes-top-five-leagues,MIDFIELD_UNCLASSIFIED
summer-S26-0881,summer,853,S26-0881,Alberto Flores,Sevilla,Granada,2026-08-10,,GBP,,Goalkeeper — source label,,Evidence needed,"Buyer-specific shot-stopping, distribution, aerial command, sweeping, signing age and total fee evidence are needed before scoring. A zero base fee does not represent wages or signing costs.",Source broad position and transfer quote only; detailed role and buyer-specific production not validated.,Free transfer,Not assessed,https://www.theguardian.com/football/ng-interactive/2026/sep/01/mens-transfer-window-summer-2026-all-deals-from-europes-top-five-leagues,GK
summer-S26-0882,summer,854,S26-0882,Giovanni Bonfanti,Atalanta,Las Palmas,2026-08-10,,GBP,,Defender — source label,,Evidence needed,"Buyer-specific role, production, availability, signing age and total fee evidence are needed before assigning a deal-value score. Loan/swap costs must be treated separately.",Source broad position and transfer quote only; detailed role and buyer-specific production not validated.,Loan fee not stated,Not assessed,https://www.theguardian.com/football/ng-interactive/2026/sep/01/mens-transfer-window-summer-2026-all-deals-from-europes-top-five-leagues,DEFENDER_UNCLASSIFIED
summer-S26-0883,summer,855,S26-0883,Ousmane Diomande,Sporting,Nottingham Forest,2026-08-11,34200000.0,GBP,,Defender — source label,,Evidence needed,"Buyer-specific role, production, availability, signing age and total fee evidence are needed before assigning a deal-value score.",Source broad position and transfer quote only; detailed role and buyer-specific production not validated.,Reported fee,Not assessed,https://www.theguardian.com/football/ng-interactive/2026/sep/01/mens-transfer-window-summer-2026-all-deals-from-europes-top-five-leagues,DEFENDER_UNCLASSIFIED
summer-S26-0885,summer,857,S26-0885,Filip Jörgensen,Chelsea,Strasbourg,2026-08-11,,GBP,,Goalkeeper — source label,,Evidence needed,"Buyer-specific shot-stopping, distribution, aerial command, sweeping, signing age and total fee evidence are needed before scoring. Loan/swap costs must be treated separately.",Source broad position and transfer quote only; detailed role and buyer-specific production not validated.,Loan fee not stated,Not assessed,https://www.theguardian.com/football/ng-interactive/2026/sep/01/mens-transfer-window-summer-2026-all-deals-from-europes-top-five-leagues,GK
summer-S26-0888,summer,860,S26-0888,Alex Murphy,Newcastle United,Kaiserslautern,2026-08-11,,GBP,,Defender — source label,,Evidence needed,"Buyer-specific role, production, availability, signing age and total fee evidence are needed before assigning a deal-value score. Loan/swap costs must be treated separately.",Source broad position and transfer quote only; detailed role and buyer-specific production not validated.,Loan fee not stated,Not assessed,https://www.theguardian.com/football/ng-interactive/2026/sep/01/mens-transfer-window-summer-2026-all-deals-from-europes-top-five-leagues,DEFENDER_UNCLASSIFIED
summer-S26-0890,summer,862,S26-0890,Berat Djimsiti,Atalanta,Al-Diriyah,2026-08-10,2600000.0,GBP,,Defender — source label,,Evidence needed,"Buyer-specific role, production, availability, signing age and total fee evidence are needed before assigning a deal-value score.",Source broad position and transfer quote only; detailed role and buyer-specific production not validated.,Reported fee,Not assessed,https://www.theguardian.com/football/ng-interactive/2026/sep/01/mens-transfer-window-summer-2026-all-deals-from-europes-top-five-leagues,DEFENDER_UNCLASSIFIED
summer-S26-0892,summer,864,S26-0892,Carlos Domínguez,Celta Vigo,Real Oviedo,2026-08-11,,GBP,,Defender — source label,,Evidence needed,"Buyer-specific role, production, availability, signing age and total fee evidence are needed before assigning a deal-value score. Loan/swap costs must be treated separately.",Source broad position and transfer quote only; detailed role and buyer-specific production not validated.,Loan fee not stated,Not assessed,https://www.theguardian.com/football/ng-interactive/2026/sep/01/mens-transfer-window-summer-2026-all-deals-from-europes-top-five-leagues,DEFENDER_UNCLASSIFIED
summer-S26-0894,summer,865,S26-0894,Ishé Samuels-Smith,Chelsea,Notts County,2026-08-11,,GBP,,Defender — source label,,Evidence needed,"Buyer-specific role, production, availability, signing age and total fee evidence are needed before assigning a deal-value score. Loan/swap costs must be treated separately.",Source broad position and transfer quote only; detailed role and buyer-specific production not validated.,Loan fee not stated,Not assessed,https://www.theguardian.com/football/ng-interactive/2026/sep/01/mens-transfer-window-summer-2026-all-deals-from-europes-top-five-leagues,DEFENDER_UNCLASSIFIED
summer-S26-0895,summer,866,S26-0895,Roman Dixon,Everton,Walsall,2026-08-11,,GBP,,Defender — source label,,Evidence needed,"Buyer-specific role, production, availability, signing age and total fee evidence are needed before assigning a deal-value score. A zero base fee does not represent wages or signing costs.",Source broad position and transfer quote only; detailed role and buyer-specific production not validated.,Free transfer,Not assessed,https://www.theguardian.com/football/ng-interactive/2026/sep/01/mens-transfer-window-summer-2026-all-deals-from-europes-top-five-leagues,DEFENDER_UNCLASSIFIED
summer-S26-0896,summer,867,S26-0896,Facundo Medina,Marseille,Bayer Leverkusen,2026-08-11,19700000.0,GBP,,Defender — source label,,Evidence needed,"Buyer-specific role, production, availability, signing age and total fee evidence are needed before assigning a deal-value score.",Source broad position and transfer quote only; detailed role and buyer-specific production not validated.,Reported fee,Not assessed,https://www.theguardian.com/football/ng-interactive/2026/sep/01/mens-transfer-window-summer-2026-all-deals-from-europes-top-five-leagues,DEFENDER_UNCLASSIFIED
summer-S26-0899,summer,870,S26-0899,Gerónimo Rulli,Marseille,Manchester City,2026-08-12,1700000.0,GBP,,Goalkeeper — source label,,Evidence needed,"Buyer-specific shot-stopping, distribution, aerial command, sweeping, signing age and total fee evidence are needed before scoring.",Source broad position and transfer quote only; detailed role and buyer-specific production not validated.,Reported fee,Not assessed,https://www.theguardian.com/football/ng-interactive/2026/sep/01/mens-transfer-window-summer-2026-all-deals-from-europes-top-five-leagues,GK
summer-S26-0900,summer,871,S26-0900,Pep Chavarría,Rayo Vallecano,Chelsea,2026-08-12,16300000.0,GBP,,Defender — source label,,Evidence needed,"Buyer-specific role, production, availability, signing age and total fee evidence are needed before assigning a deal-value score.",Source broad position and transfer quote only; detailed role and buyer-specific production not validated.,Reported fee,Not assessed,https://www.theguardian.com/football/ng-interactive/2026/sep/01/mens-transfer-window-summer-2026-all-deals-from-europes-top-five-leagues,DEFENDER_UNCLASSIFIED
summer-S26-0901,summer,872,S26-0901,Gautier Lloris,Le Havre,Brest,2026-08-12,,GBP,,Defender — source label,,Evidence needed,"Buyer-specific role, production, availability, signing age and total fee evidence are needed before assigning a deal-value score. A zero base fee does not represent wages or signing costs.",Source broad position and transfer quote only; detailed role and buyer-specific production not validated.,Free transfer,Not assessed,https://www.theguardian.com/football/ng-interactive/2026/sep/01/mens-transfer-window-summer-2026-all-deals-from-europes-top-five-leagues,DEFENDER_UNCLASSIFIED
summer-S26-0903,summer,874,S26-0903,Diego Rico,Getafe,Osasuna,2026-08-12,,GBP,,Defender — source label,,Evidence needed,"Buyer-specific role, production, availability, signing age and total fee evidence are needed before assigning a deal-value score. A zero base fee does not represent wages or signing costs.",Source broad position and transfer quote only; detailed role and buyer-specific production not validated.,Free transfer,Not assessed,https://www.theguardian.com/football/ng-interactive/2026/sep/01/mens-transfer-window-summer-2026-all-deals-from-europes-top-five-leagues,DEFENDER_UNCLASSIFIED
summer-S26-0904,summer,875,S26-0904,Gustavo Hamer,Sheffield United,Coventry City,2026-08-12,6000000.0,GBP,,Midfielder — source label,,Evidence needed,"Buyer-specific role, production, availability, signing age and total fee evidence are needed before assigning a deal-value score.",Source broad position and transfer quote only; detailed role and buyer-specific production not validated.,Reported fee,Not assessed,https://www.theguardian.com/football/ng-interactive/2026/sep/01/mens-transfer-window-summer-2026-all-deals-from-europes-top-five-leagues,MIDFIELD_UNCLASSIFIED
summer-S26-0905,summer,876,S26-0905,Nahuel Molina,Atlético Madrid,Roma,2026-08-12,11100000.0,GBP,,Defender — source label,,Evidence needed,"Buyer-specific role, production, availability, signing age and total fee evidence are needed before assigning a deal-value score.",Source broad position and transfer quote only; detailed role and buyer-specific production not validated.,Reported fee,Not assessed,https://www.theguardian.com/football/ng-interactive/2026/sep/01/mens-transfer-window-summer-2026-all-deals-from-europes-top-five-leagues,DEFENDER_UNCLASSIFIED
summer-S26-0906,summer,877,S26-0906,Stefan Posch,Como 1907,Mainz 05,2026-08-12,3400000.0,GBP,,Defender — source label,,Evidence needed,"Buyer-specific role, production, availability, signing age and total fee evidence are needed before assigning a deal-value score.",Source broad position and transfer quote only; detailed role and buyer-specific production not validated.,Reported fee,Not assessed,https://www.theguardian.com/football/ng-interactive/2026/sep/01/mens-transfer-window-summer-2026-all-deals-from-europes-top-five-leagues,DEFENDER_UNCLASSIFIED
summer-S26-0907,summer,878,S26-0907,Lucas Herrington,Colorado Rapids,Hull City,2026-08-12,17100000.0,GBP,,Defender — source label,,Evidence needed,"Buyer-specific role, production, availability, signing age and total fee evidence are needed before assigning a deal-value score.",Source broad position and transfer quote only; detailed role and buyer-specific production not validated.,Reported fee,Not assessed,https://www.theguardian.com/football/ng-interactive/2026/sep/01/mens-transfer-window-summer-2026-all-deals-from-europes-top-five-leagues,DEFENDER_UNCLASSIFIED
summer-S26-0909,summer,880,S26-0909,Nobel Mendy,Rayo Vallecano,Hull City,2026-08-12,20000000.0,GBP,,Defender — source label,,Evidence needed,"Buyer-specific role, production, availability, signing age and total fee evidence are needed before assigning a deal-value score.",Source broad position and transfer quote only; detailed role and buyer-specific production not validated.,Reported fee,Not assessed,https://www.theguardian.com/football/ng-interactive/2026/sep/01/mens-transfer-window-summer-2026-all-deals-from-europes-top-five-leagues,DEFENDER_UNCLASSIFIED
summer-S26-0911,summer,882,S26-0911,Anthony Patterson,Sunderland,Wrexham,2026-08-11,8000000.0,GBP,,Goalkeeper — source label,,Evidence needed,"Buyer-specific shot-stopping, distribution, aerial command, sweeping, signing age and total fee evidence are needed before scoring.",Source broad position and transfer quote only; detailed role and buyer-specific production not validated.,Reported fee,Not assessed,https://www.theguardian.com/football/ng-interactive/2026/sep/01/mens-transfer-window-summer-2026-all-deals-from-europes-top-five-leagues,GK
summer-S26-0912,summer,883,S26-0912,Leo Hjelde,Sunderland,Mechelen,2026-08-11,,GBP,,Defender — source label,,Evidence needed,"Buyer-specific role, production, availability, signing age and total fee evidence are needed before assigning a deal-value score.",Source broad position and transfer quote only; detailed role and buyer-specific production not validated.,Undisclosed,Not assessed,https://www.theguardian.com/football/ng-interactive/2026/sep/01/mens-transfer-window-summer-2026-all-deals-from-europes-top-five-leagues,DEFENDER_UNCLASSIFIED
summer-S26-0914,summer,885,S26-0914,Kauã Prates,Cruzeiro,Borussia Dortmund,2026-08-12,6000000.0,GBP,,Defender — source label,,Evidence needed,"Buyer-specific role, production, availability, signing age and total fee evidence are needed before assigning a deal-value score.",Source broad position and transfer quote only; detailed role and buyer-specific production not validated.,Reported fee,Not assessed,https://www.theguardian.com/football/ng-interactive/2026/sep/01/mens-transfer-window-summer-2026-all-deals-from-europes-top-five-leagues,DEFENDER_UNCLASSIFIED
summer-S26-0918,summer,889,S26-0918,Justin Kumi,Sassuolo,Juve Stabia,2026-08-11,,GBP,,Midfielder — source label,,Evidence needed,"Buyer-specific role, production, availability, signing age and total fee evidence are needed before assigning a deal-value score. Loan/swap costs must be treated separately.",Source broad position and transfer quote only; detailed role and buyer-specific production not validated.,Loan fee not stated,Not assessed,https://www.theguardian.com/football/ng-interactive/2026/sep/01/mens-transfer-window-summer-2026-all-deals-from-europes-top-five-leagues,MIDFIELD_UNCLASSIFIED
summer-S26-0921,summer,892,S26-0921,Dennis Cirkin,Sunderland,QPR,2026-08-12,,GBP,,Defender — source label,,Evidence needed,"Buyer-specific role, production, availability, signing age and total fee evidence are needed before assigning a deal-value score. A zero base fee does not represent wages or signing costs.",Source broad position and transfer quote only; detailed role and buyer-specific production not validated.,Free transfer,Not assessed,https://www.theguardian.com/football/ng-interactive/2026/sep/01/mens-transfer-window-summer-2026-all-deals-from-europes-top-five-leagues,DEFENDER_UNCLASSIFIED
summer-S26-0923,summer,894,S26-0923,Romano Schmid,Werder Bremen,Frosinone,2026-08-12,7300000.0,GBP,,Midfielder — source label,,Evidence needed,"Buyer-specific role, production, availability, signing age and total fee evidence are needed before assigning a deal-value score.",Source broad position and transfer quote only; detailed role and buyer-specific production not validated.,Reported fee,Not assessed,https://www.theguardian.com/football/ng-interactive/2026/sep/01/mens-transfer-window-summer-2026-all-deals-from-europes-top-five-leagues,MIDFIELD_UNCLASSIFIED
summer-S26-0926,summer,897,S26-0926,Othniël Raterink,Cagliari,ADO Den Haag,2026-08-12,,GBP,,Defender — source label,,Evidence needed,"Buyer-specific role, production, availability, signing age and total fee evidence are needed before assigning a deal-value score. Loan/swap costs must be treated separately.",Source broad position and transfer quote only; detailed role and buyer-specific production not validated.,Loan fee not stated,Not assessed,https://www.theguardian.com/football/ng-interactive/2026/sep/01/mens-transfer-window-summer-2026-all-deals-from-europes-top-five-leagues,DEFENDER_UNCLASSIFIED
summer-S26-0930,summer,901,S26-0930,Marco Romano,Genoa,Novara,2026-08-12,,GBP,,Midfielder — source label,,Evidence needed,"Buyer-specific role, production, availability, signing age and total fee evidence are needed before assigning a deal-value score. Loan/swap costs must be treated separately.",Source broad position and transfer quote only; detailed role and buyer-specific production not validated.,Loan fee not stated,Not assessed,https://www.theguardian.com/football/ng-interactive/2026/sep/01/mens-transfer-window-summer-2026-all-deals-from-europes-top-five-leagues,MIDFIELD_UNCLASSIFIED
summer-S26-0932,summer,903,S26-0932,Mika Baur,Paderborn,Celtic,2026-08-13,6800000.0,GBP,,Midfielder — source label,,Evidence needed,"Buyer-specific role, production, availability, signing age and total fee evidence are needed before assigning a deal-value score.",Source broad position and transfer quote only; detailed role and buyer-specific production not validated.,Reported fee,Not assessed,https://www.theguardian.com/football/ng-interactive/2026/sep/01/mens-transfer-window-summer-2026-all-deals-from-europes-top-five-leagues,MIDFIELD_UNCLASSIFIED
summer-S26-0936,summer,907,S26-0936,Thomas Kristensen,Udinese,Atalanta,2026-08-13,,GBP,,Defender — source label,,Evidence needed,"Buyer-specific role, production, availability, signing age and total fee evidence are needed before assigning a deal-value score. Loan/swap costs must be treated separately.",Source broad position and transfer quote only; detailed role and buyer-specific production not validated.,Loan fee not stated,Not assessed,https://www.theguardian.com/football/ng-interactive/2026/sep/01/mens-transfer-window-summer-2026-all-deals-from-europes-top-five-leagues,DEFENDER_UNCLASSIFIED
summer-S26-0938,summer,909,S26-0938,Johan Mojica,Mallorca,Getafe,2026-08-13,400000.0,GBP,,Defender — source label,,Evidence needed,"Buyer-specific role, production, availability, signing age and total fee evidence are needed before assigning a deal-value score.",Source broad position and transfer quote only; detailed role and buyer-specific production not validated.,Reported fee,Not assessed,https://www.theguardian.com/football/ng-interactive/2026/sep/01/mens-transfer-window-summer-2026-all-deals-from-europes-top-five-leagues,DEFENDER_UNCLASSIFIED
summer-S26-0940,summer,911,S26-0940,Egil Selvik,Watford,Brest,2026-08-13,,GBP,,Goalkeeper — source label,,Evidence needed,"Buyer-specific shot-stopping, distribution, aerial command, sweeping, signing age and total fee evidence are needed before scoring. Loan/swap costs must be treated separately.",Source broad position and transfer quote only; detailed role and buyer-specific production not validated.,Loan fee not stated,Not assessed,https://www.theguardian.com/football/ng-interactive/2026/sep/01/mens-transfer-window-summer-2026-all-deals-from-europes-top-five-leagues,GK
summer-S26-0941,summer,912,S26-0941,Matías Pérez,Lecce,La Serena,2026-08-13,,GBP,,Defender — source label,,Evidence needed,"Buyer-specific role, production, availability, signing age and total fee evidence are needed before assigning a deal-value score. Loan/swap costs must be treated separately.",Source broad position and transfer quote only; detailed role and buyer-specific production not validated.,Loan fee not stated,Not assessed,https://www.theguardian.com/football/ng-interactive/2026/sep/01/mens-transfer-window-summer-2026-all-deals-from-europes-top-five-leagues,DEFENDER_UNCLASSIFIED
summer-S26-0944,summer,915,S26-0944,Harry Howell,Brighton,Leicester City,2026-08-13,,GBP,,Midfielder — source label,,Evidence needed,"Buyer-specific role, production, availability, signing age and total fee evidence are needed before assigning a deal-value score. Loan/swap costs must be treated separately.",Source broad position and transfer quote only; detailed role and buyer-specific production not validated.,Loan fee not stated,Not assessed,https://www.theguardian.com/football/ng-interactive/2026/sep/01/mens-transfer-window-summer-2026-all-deals-from-europes-top-five-leagues,MIDFIELD_UNCLASSIFIED
summer-S26-0947,summer,918,S26-0947,Aleksa Terzic,Red Bull Salzburg,Frosinone,2026-08-14,2100000.0,GBP,,Defender — source label,,Evidence needed,"Buyer-specific role, production, availability, signing age and total fee evidence are needed before assigning a deal-value score.",Source broad position and transfer quote only; detailed role and buyer-specific production not validated.,Reported fee,Not assessed,https://www.theguardian.com/football/ng-interactive/2026/sep/01/mens-transfer-window-summer-2026-all-deals-from-europes-top-five-leagues,DEFENDER_UNCLASSIFIED
summer-S26-0948,summer,919,S26-0948,Almugera Kabar,Borussia Dortmund,NEC Nijmegen,2026-08-14,,GBP,,Defender — source label,,Evidence needed,"Buyer-specific role, production, availability, signing age and total fee evidence are needed before assigning a deal-value score. Loan/swap costs must be treated separately.",Source broad position and transfer quote only; detailed role and buyer-specific production not validated.,Loan fee not stated,Not assessed,https://www.theguardian.com/football/ng-interactive/2026/sep/01/mens-transfer-window-summer-2026-all-deals-from-europes-top-five-leagues,DEFENDER_UNCLASSIFIED
summer-S26-0949,summer,920,S26-0949,Andréa Le Borgne,Como 1907,Verona,2026-08-14,,GBP,,Midfielder — source label,,Evidence needed,"Buyer-specific role, production, availability, signing age and total fee evidence are needed before assigning a deal-value score. Loan/swap costs must be treated separately.",Source broad position and transfer quote only; detailed role and buyer-specific production not validated.,Loan fee not stated,Not assessed,https://www.theguardian.com/football/ng-interactive/2026/sep/01/mens-transfer-window-summer-2026-all-deals-from-europes-top-five-leagues,MIDFIELD_UNCLASSIFIED
summer-S26-0954,summer,925,S26-0954,Giorgio Altare,Venezia,Pescara,2026-08-14,,GBP,,Defender — source label,,Evidence needed,"Buyer-specific role, production, availability, signing age and total fee evidence are needed before assigning a deal-value score.",Source broad position and transfer quote only; detailed role and buyer-specific production not validated.,Undisclosed,Not assessed,https://www.theguardian.com/football/ng-interactive/2026/sep/01/mens-transfer-window-summer-2026-all-deals-from-europes-top-five-leagues,DEFENDER_UNCLASSIFIED
summer-S26-0958,summer,929,S26-0958,Lakyle Samuel,Manchester City,Exeter City,2026-08-14,,GBP,,Defender — source label,,Evidence needed,"Buyer-specific role, production, availability, signing age and total fee evidence are needed before assigning a deal-value score. Loan/swap costs must be treated separately.",Source broad position and transfer quote only; detailed role and buyer-specific production not validated.,Loan fee not stated,Not assessed,https://www.theguardian.com/football/ng-interactive/2026/sep/01/mens-transfer-window-summer-2026-all-deals-from-europes-top-five-leagues,DEFENDER_UNCLASSIFIED
summer-S26-0959,summer,930,S26-0959,Finley Burns,Manchester City,Wigan Athletic,2026-08-14,,GBP,,Defender — source label,,Evidence needed,"Buyer-specific role, production, availability, signing age and total fee evidence are needed before assigning a deal-value score.",Source broad position and transfer quote only; detailed role and buyer-specific production not validated.,Undisclosed,Not assessed,https://www.theguardian.com/football/ng-interactive/2026/sep/01/mens-transfer-window-summer-2026-all-deals-from-europes-top-five-leagues,DEFENDER_UNCLASSIFIED
summer-S26-0960,summer,931,S26-0960,Max Alleyne,Manchester City,Burnley,2026-08-14,,GBP,,Defender — source label,,Evidence needed,"Buyer-specific role, production, availability, signing age and total fee evidence are needed before assigning a deal-value score. Loan/swap costs must be treated separately.",Source broad position and transfer quote only; detailed role and buyer-specific production not validated.,Loan fee not stated,Not assessed,https://www.theguardian.com/football/ng-interactive/2026/sep/01/mens-transfer-window-summer-2026-all-deals-from-europes-top-five-leagues,DEFENDER_UNCLASSIFIED
summer-S26-0963,summer,934,S26-0963,Harry Clarke,Ipswich Town,Preston,2026-08-14,3500000.0,GBP,,Defender — source label,,Evidence needed,"Buyer-specific role, production, availability, signing age and total fee evidence are needed before assigning a deal-value score.",Source broad position and transfer quote only; detailed role and buyer-specific production not validated.,Reported fee,Not assessed,https://www.theguardian.com/football/ng-interactive/2026/sep/01/mens-transfer-window-summer-2026-all-deals-from-europes-top-five-leagues,DEFENDER_UNCLASSIFIED
summer-S26-0966,summer,935,S26-0966,Ludovit Reis,Club Brugge,Werder Bremen,2026-08-14,,GBP,,Midfielder — source label,,Evidence needed,"Buyer-specific role, production, availability, signing age and total fee evidence are needed before assigning a deal-value score. A zero base fee does not represent wages or signing costs.",Source broad position and transfer quote only; detailed role and buyer-specific production not validated.,Free transfer,Not assessed,https://www.theguardian.com/football/ng-interactive/2026/sep/01/mens-transfer-window-summer-2026-all-deals-from-europes-top-five-leagues,MIDFIELD_UNCLASSIFIED
summer-S26-0967,summer,936,S26-0967,Marius Courcoul,Angers,La Louvière,2026-08-14,,GBP,,Midfielder — source label,,Evidence needed,"Buyer-specific role, production, availability, signing age and total fee evidence are needed before assigning a deal-value score. Loan/swap costs must be treated separately.",Source broad position and transfer quote only; detailed role and buyer-specific production not validated.,Loan fee not stated,Not assessed,https://www.theguardian.com/football/ng-interactive/2026/sep/01/mens-transfer-window-summer-2026-all-deals-from-europes-top-five-leagues,MIDFIELD_UNCLASSIFIED
summer-S26-0968,summer,937,S26-0968,Vanja Drkusic,Zenit,Espanyol,2026-08-14,,GBP,,Defender — source label,,Evidence needed,"Buyer-specific role, production, availability, signing age and total fee evidence are needed before assigning a deal-value score. Loan/swap costs must be treated separately.",Source broad position and transfer quote only; detailed role and buyer-specific production not validated.,Loan fee not stated,Not assessed,https://www.theguardian.com/football/ng-interactive/2026/sep/01/mens-transfer-window-summer-2026-all-deals-from-europes-top-five-leagues,DEFENDER_UNCLASSIFIED
summer-S26-0969,summer,938,S26-0969,Umut Tohumcu,Hoffenheim,Red Bull Salzburg,2026-08-14,,GBP,,Midfielder — source label,,Evidence needed,"Buyer-specific role, production, availability, signing age and total fee evidence are needed before assigning a deal-value score. Loan/swap costs must be treated separately.",Source broad position and transfer quote only; detailed role and buyer-specific production not validated.,Loan fee not stated,Not assessed,https://www.theguardian.com/football/ng-interactive/2026/sep/01/mens-transfer-window-summer-2026-all-deals-from-europes-top-five-leagues,MIDFIELD_UNCLASSIFIED
summer-S26-0970,summer,939,S26-0970,Cristian Romero,Tottenham Hotspur,Atlético Madrid,2026-08-15,34100000.0,GBP,,Defender — source label,,Evidence needed,"Buyer-specific role, production, availability, signing age and total fee evidence are needed before assigning a deal-value score.",Source broad position and transfer quote only; detailed role and buyer-specific production not validated.,Reported fee,Not assessed,https://www.theguardian.com/football/ng-interactive/2026/sep/01/mens-transfer-window-summer-2026-all-deals-from-europes-top-five-leagues,DEFENDER_UNCLASSIFIED
summer-S26-0972,summer,941,S26-0972,Ashley Phillips,Tottenham Hotspur,Middlesbrough,2026-08-15,7000000.0,GBP,,Defender — source label,,Evidence needed,"Buyer-specific role, production, availability, signing age and total fee evidence are needed before assigning a deal-value score.",Source broad position and transfer quote only; detailed role and buyer-specific production not validated.,Reported fee,Not assessed,https://www.theguardian.com/football/ng-interactive/2026/sep/01/mens-transfer-window-summer-2026-all-deals-from-europes-top-five-leagues,DEFENDER_UNCLASSIFIED
summer-S26-0973,summer,942,S26-0973,Steven Benda,Fulham,Nottingham Forest,2026-08-15,,GBP,,Goalkeeper — source label,,Evidence needed,"Buyer-specific shot-stopping, distribution, aerial command, sweeping, signing age and total fee evidence are needed before scoring. A zero base fee does not represent wages or signing costs.",Source broad position and transfer quote only; detailed role and buyer-specific production not validated.,Free transfer,Not assessed,https://www.theguardian.com/football/ng-interactive/2026/sep/01/mens-transfer-window-summer-2026-all-deals-from-europes-top-five-leagues,GK
summer-S26-0976,summer,945,S26-0976,Lucas Gourna-Douath,Red Bull Salzburg,Hull City,2026-08-15,3400000.0,GBP,,Midfielder — source label,,Evidence needed,"Buyer-specific role, production, availability, signing age and total fee evidence are needed before assigning a deal-value score.",Source broad position and transfer quote only; detailed role and buyer-specific production not validated.,Reported fee,Not assessed,https://www.theguardian.com/football/ng-interactive/2026/sep/01/mens-transfer-window-summer-2026-all-deals-from-europes-top-five-leagues,MIDFIELD_UNCLASSIFIED
summer-S26-0979,summer,948,S26-0979,Davide Frattesi,Inter,Lazio,2026-08-14,,GBP,,Midfielder — source label,,Evidence needed,"Buyer-specific role, production, availability, signing age and total fee evidence are needed before assigning a deal-value score. Loan/swap costs must be treated separately.",Source broad position and transfer quote only; detailed role and buyer-specific production not validated.,Loan fee not stated,Not assessed,https://www.theguardian.com/football/ng-interactive/2026/sep/01/mens-transfer-window-summer-2026-all-deals-from-europes-top-five-leagues,MIDFIELD_UNCLASSIFIED
summer-S26-0981,summer,950,S26-0981,Rafael Obrador,Benfica,Sassuolo,2026-08-14,,GBP,,Defender — source label,,Evidence needed,"Buyer-specific role, production, availability, signing age and total fee evidence are needed before assigning a deal-value score. Loan/swap costs must be treated separately.",Source broad position and transfer quote only; detailed role and buyer-specific production not validated.,Loan fee not stated,Not assessed,https://www.theguardian.com/football/ng-interactive/2026/sep/01/mens-transfer-window-summer-2026-all-deals-from-europes-top-five-leagues,DEFENDER_UNCLASSIFIED
summer-S26-0983,summer,952,S26-0983,Djed Spence,Tottenham Hotspur,Inter,2026-08-15,25600000.0,GBP,,Defender — source label,,Evidence needed,"Buyer-specific role, production, availability, signing age and total fee evidence are needed before assigning a deal-value score.",Source broad position and transfer quote only; detailed role and buyer-specific production not validated.,Reported fee,Not assessed,https://www.theguardian.com/football/ng-interactive/2026/sep/01/mens-transfer-window-summer-2026-all-deals-from-europes-top-five-leagues,DEFENDER_UNCLASSIFIED
summer-S26-0985,summer,954,S26-0985,Laurin Ulrich,Stuttgart,Paderborn,2026-08-16,,GBP,,Midfielder — source label,,Evidence needed,"Buyer-specific role, production, availability, signing age and total fee evidence are needed before assigning a deal-value score. Loan/swap costs must be treated separately.",Source broad position and transfer quote only; detailed role and buyer-specific production not validated.,Loan fee not stated,Not assessed,https://www.theguardian.com/football/ng-interactive/2026/sep/01/mens-transfer-window-summer-2026-all-deals-from-europes-top-five-leagues,MIDFIELD_UNCLASSIFIED
summer-S26-0986,summer,955,S26-0986,Calum Scanlon,Liverpool,Cardiff City,2026-08-15,,GBP,,Defender — source label,,Evidence needed,"Buyer-specific role, production, availability, signing age and total fee evidence are needed before assigning a deal-value score. Loan/swap costs must be treated separately.",Source broad position and transfer quote only; detailed role and buyer-specific production not validated.,Loan fee not stated,Not assessed,https://www.theguardian.com/football/ng-interactive/2026/sep/01/mens-transfer-window-summer-2026-all-deals-from-europes-top-five-leagues,DEFENDER_UNCLASSIFIED
summer-S26-0987,summer,956,S26-0987,Abdoul Ouattara,Strasbourg,Ipswich Town,2026-08-17,17000000.0,GBP,,Midfielder — source label,,Evidence needed,"Buyer-specific role, production, availability, signing age and total fee evidence are needed before assigning a deal-value score.",Source broad position and transfer quote only; detailed role and buyer-specific production not validated.,Reported fee,Not assessed,https://www.theguardian.com/football/ng-interactive/2026/sep/01/mens-transfer-window-summer-2026-all-deals-from-europes-top-five-leagues,MIDFIELD_UNCLASSIFIED
summer-S26-0988,summer,957,S26-0988,Anthony Munda,Newcastle United,Swindon Town,2026-08-17,,GBP,,Midfielder — source label,,Evidence needed,"Buyer-specific role, production, availability, signing age and total fee evidence are needed before assigning a deal-value score. Loan/swap costs must be treated separately.",Source broad position and transfer quote only; detailed role and buyer-specific production not validated.,Loan fee not stated,Not assessed,https://www.theguardian.com/football/ng-interactive/2026/sep/01/mens-transfer-window-summer-2026-all-deals-from-europes-top-five-leagues,MIDFIELD_UNCLASSIFIED
summer-S26-0992,summer,961,S26-0992,Giannis Konstantelias,PAOK,Borussia Dortmund,2026-08-17,22200000.0,GBP,,Midfielder — source label,,Evidence needed,"Buyer-specific role, production, availability, signing age and total fee evidence are needed before assigning a deal-value score.",Source broad position and transfer quote only; detailed role and buyer-specific production not validated.,Reported fee,Not assessed,https://www.theguardian.com/football/ng-interactive/2026/sep/01/mens-transfer-window-summer-2026-all-deals-from-europes-top-five-leagues,MIDFIELD_UNCLASSIFIED
summer-S26-0993,summer,962,S26-0993,Jhon Lucumí,Bologna,Juventus,2026-08-17,17200000.0,GBP,,Defender — source label,,Evidence needed,"Buyer-specific role, production, availability, signing age and total fee evidence are needed before assigning a deal-value score.",Source broad position and transfer quote only; detailed role and buyer-specific production not validated.,Reported fee,Not assessed,https://www.theguardian.com/football/ng-interactive/2026/sep/01/mens-transfer-window-summer-2026-all-deals-from-europes-top-five-leagues,DEFENDER_UNCLASSIFIED
summer-S26-0996,summer,965,S26-0996,Diant Ramaj,Borussia Dortmund,FC Copenhagen,2026-08-17,,GBP,,Goalkeeper — source label,,Evidence needed,"Buyer-specific shot-stopping, distribution, aerial command, sweeping, signing age and total fee evidence are needed before scoring. Loan/swap costs must be treated separately.",Source broad position and transfer quote only; detailed role and buyer-specific production not validated.,Loan fee not stated,Not assessed,https://www.theguardian.com/football/ng-interactive/2026/sep/01/mens-transfer-window-summer-2026-all-deals-from-europes-top-five-leagues,GK
summer-S26-0999,summer,968,S26-0999,Jofre Torrents,Barcelona,Ajax,2026-08-17,4300000.0,GBP,,Defender — source label,,Evidence needed,"Buyer-specific role, production, availability, signing age and total fee evidence are needed before assigning a deal-value score.",Source broad position and transfer quote only; detailed role and buyer-specific production not validated.,Reported fee,Not assessed,https://www.theguardian.com/football/ng-interactive/2026/sep/01/mens-transfer-window-summer-2026-all-deals-from-europes-top-five-leagues,DEFENDER_UNCLASSIFIED
summer-S26-1003,summer,972,S26-1003,Javi López,Real Sociedad,Feyenoord,2026-08-17,,GBP,,Defender — source label,,Evidence needed,"Buyer-specific role, production, availability, signing age and total fee evidence are needed before assigning a deal-value score. Loan/swap costs must be treated separately.",Source broad position and transfer quote only; detailed role and buyer-specific production not validated.,Loan fee not stated,Not assessed,https://www.theguardian.com/football/ng-interactive/2026/sep/01/mens-transfer-window-summer-2026-all-deals-from-europes-top-five-leagues,DEFENDER_UNCLASSIFIED
summer-S26-1004,summer,973,S26-1004,Ousmane Traoré,Lille,Dunkerque,2026-08-17,,GBP,,Defender — source label,,Evidence needed,"Buyer-specific role, production, availability, signing age and total fee evidence are needed before assigning a deal-value score. Loan/swap costs must be treated separately.",Source broad position and transfer quote only; detailed role and buyer-specific production not validated.,Loan fee not stated,Not assessed,https://www.theguardian.com/football/ng-interactive/2026/sep/01/mens-transfer-window-summer-2026-all-deals-from-europes-top-five-leagues,DEFENDER_UNCLASSIFIED
summer-S26-1005,summer,974,S26-1005,Amar Dedic,Benfica,Newcastle United,2026-08-18,29500000.0,GBP,,Defender — source label,,Evidence needed,"Buyer-specific role, production, availability, signing age and total fee evidence are needed before assigning a deal-value score.",Source broad position and transfer quote only; detailed role and buyer-specific production not validated.,Reported fee,Not assessed,https://www.theguardian.com/football/ng-interactive/2026/sep/01/mens-transfer-window-summer-2026-all-deals-from-europes-top-five-leagues,DEFENDER_UNCLASSIFIED
summer-S26-1006,summer,975,S26-1006,Guglielmo Vicario,Tottenham Hotspur,Juventus,2026-08-18,,GBP,,Goalkeeper — source label,,Evidence needed,"Buyer-specific shot-stopping, distribution, aerial command, sweeping, signing age and total fee evidence are needed before scoring. Loan/swap costs must be treated separately.",Source broad position and transfer quote only; detailed role and buyer-specific production not validated.,Loan fee not stated,Not assessed,https://www.theguardian.com/football/ng-interactive/2026/sep/01/mens-transfer-window-summer-2026-all-deals-from-europes-top-five-leagues,GK
summer-S26-1007,summer,976,S26-1007,Djibril Sidibé,Toulouse,Le Mans,2026-08-18,,GBP,,Defender — source label,,Evidence needed,"Buyer-specific role, production, availability, signing age and total fee evidence are needed before assigning a deal-value score. A zero base fee does not represent wages or signing costs.",Source broad position and transfer quote only; detailed role and buyer-specific production not validated.,Free transfer,Not assessed,https://www.theguardian.com/football/ng-interactive/2026/sep/01/mens-transfer-window-summer-2026-all-deals-from-europes-top-five-leagues,DEFENDER_UNCLASSIFIED
summer-S26-1008,summer,977,S26-1008,Fabio Rispoli,Como 1907,Südtirol,2026-08-18,,GBP,,Midfielder — source label,,Evidence needed,"Buyer-specific role, production, availability, signing age and total fee evidence are needed before assigning a deal-value score. Loan/swap costs must be treated separately.",Source broad position and transfer quote only; detailed role and buyer-specific production not validated.,Loan fee not stated,Not assessed,https://www.theguardian.com/football/ng-interactive/2026/sep/01/mens-transfer-window-summer-2026-all-deals-from-europes-top-five-leagues,MIDFIELD_UNCLASSIFIED
summer-S26-1013,summer,981,S26-1013,Wisdom Acquah,Torino,Modena,2026-08-18,,GBP,,Midfielder — source label,,Evidence needed,"Buyer-specific role, production, availability, signing age and total fee evidence are needed before assigning a deal-value score. Loan/swap costs must be treated separately.",Source broad position and transfer quote only; detailed role and buyer-specific production not validated.,Loan fee not stated,Not assessed,https://www.theguardian.com/football/ng-interactive/2026/sep/01/mens-transfer-window-summer-2026-all-deals-from-europes-top-five-leagues,MIDFIELD_UNCLASSIFIED
summer-S26-1015,summer,983,S26-1015,Francho Serrano,Real Zaragoza,Getafe,2026-08-18,,GBP,,Midfielder — source label,,Evidence needed,"Buyer-specific role, production, availability, signing age and total fee evidence are needed before assigning a deal-value score. A zero base fee does not represent wages or signing costs.",Source broad position and transfer quote only; detailed role and buyer-specific production not validated.,Free transfer,Not assessed,https://www.theguardian.com/football/ng-interactive/2026/sep/01/mens-transfer-window-summer-2026-all-deals-from-europes-top-five-leagues,MIDFIELD_UNCLASSIFIED
summer-S26-1016,summer,984,S26-1016,Joey Veerman,PSV Eindhoven,Borussia Dortmund,2026-08-18,18800000.0,GBP,,Midfielder — source label,,Evidence needed,"Buyer-specific role, production, availability, signing age and total fee evidence are needed before assigning a deal-value score.",Source broad position and transfer quote only; detailed role and buyer-specific production not validated.,Reported fee,Not assessed,https://www.theguardian.com/football/ng-interactive/2026/sep/01/mens-transfer-window-summer-2026-all-deals-from-europes-top-five-leagues,MIDFIELD_UNCLASSIFIED
summer-S26-1017,summer,985,S26-1017,David Odogu,Milan,Toulouse,2026-08-18,,GBP,,Defender — source label,,Evidence needed,"Buyer-specific role, production, availability, signing age and total fee evidence are needed before assigning a deal-value score. Loan/swap costs must be treated separately.",Source broad position and transfer quote only; detailed role and buyer-specific production not validated.,Loan fee not stated,Not assessed,https://www.theguardian.com/football/ng-interactive/2026/sep/01/mens-transfer-window-summer-2026-all-deals-from-europes-top-five-leagues,DEFENDER_UNCLASSIFIED
summer-S26-1018,summer,986,S26-1018,Chec Bebel Doumbia,Genoa,Rapid Bucharest,2026-08-18,,GBP,,Midfielder — source label,,Evidence needed,"Buyer-specific role, production, availability, signing age and total fee evidence are needed before assigning a deal-value score. Loan/swap costs must be treated separately.",Source broad position and transfer quote only; detailed role and buyer-specific production not validated.,Loan fee not stated,Not assessed,https://www.theguardian.com/football/ng-interactive/2026/sep/01/mens-transfer-window-summer-2026-all-deals-from-europes-top-five-leagues,MIDFIELD_UNCLASSIFIED
summer-S26-1020,summer,988,S26-1020,Abdul Mumin,Rayo Vallecano,Girona,2026-08-18,,GBP,,Defender — source label,,Evidence needed,"Buyer-specific role, production, availability, signing age and total fee evidence are needed before assigning a deal-value score. A zero base fee does not represent wages or signing costs.",Source broad position and transfer quote only; detailed role and buyer-specific production not validated.,Free transfer,Not assessed,https://www.theguardian.com/football/ng-interactive/2026/sep/01/mens-transfer-window-summer-2026-all-deals-from-europes-top-five-leagues,DEFENDER_UNCLASSIFIED
summer-S26-1021,summer,989,S26-1021,Nunzio Lella,Venezia,Verona,2026-08-18,,GBP,,Midfielder — source label,,Evidence needed,"Buyer-specific role, production, availability, signing age and total fee evidence are needed before assigning a deal-value score.",Source broad position and transfer quote only; detailed role and buyer-specific production not validated.,Undisclosed,Not assessed,https://www.theguardian.com/football/ng-interactive/2026/sep/01/mens-transfer-window-summer-2026-all-deals-from-europes-top-five-leagues,MIDFIELD_UNCLASSIFIED
summer-S26-1022,summer,990,S26-1022,Yunus Konak,Brentford,Lincoln City,2026-08-18,,GBP,,Midfielder — source label,,Evidence needed,"Buyer-specific role, production, availability, signing age and total fee evidence are needed before assigning a deal-value score. Loan/swap costs must be treated separately.",Source broad position and transfer quote only; detailed role and buyer-specific production not validated.,Loan fee not stated,Not assessed,https://www.theguardian.com/football/ng-interactive/2026/sep/01/mens-transfer-window-summer-2026-all-deals-from-europes-top-five-leagues,MIDFIELD_UNCLASSIFIED
summer-S26-1025,summer,993,S26-1025,Andrés Cuenca,Como 1907,Sporting Gijón,2026-08-18,,GBP,,Defender — source label,,Evidence needed,"Buyer-specific role, production, availability, signing age and total fee evidence are needed before assigning a deal-value score. Loan/swap costs must be treated separately.",Source broad position and transfer quote only; detailed role and buyer-specific production not validated.,Loan fee not stated,Not assessed,https://www.theguardian.com/football/ng-interactive/2026/sep/01/mens-transfer-window-summer-2026-all-deals-from-europes-top-five-leagues,DEFENDER_UNCLASSIFIED
summer-S26-1028,summer,996,S26-1028,Reggie Walsh,Chelsea,Wigan Athletic,2026-08-19,,GBP,,Midfielder — source label,,Evidence needed,"Buyer-specific role, production, availability, signing age and total fee evidence are needed before assigning a deal-value score. Loan/swap costs must be treated separately.",Source broad position and transfer quote only; detailed role and buyer-specific production not validated.,Loan fee not stated,Not assessed,https://www.theguardian.com/football/ng-interactive/2026/sep/01/mens-transfer-window-summer-2026-all-deals-from-europes-top-five-leagues,MIDFIELD_UNCLASSIFIED
summer-S26-1029,summer,997,S26-1029,Kosta Nedeljkovic,Aston Villa,Rangers,2026-08-19,,GBP,,Defender — source label,,Evidence needed,"Buyer-specific role, production, availability, signing age and total fee evidence are needed before assigning a deal-value score. Loan/swap costs must be treated separately.",Source broad position and transfer quote only; detailed role and buyer-specific production not validated.,Loan fee not stated,Not assessed,https://www.theguardian.com/football/ng-interactive/2026/sep/01/mens-transfer-window-summer-2026-all-deals-from-europes-top-five-leagues,DEFENDER_UNCLASSIFIED
summer-S26-1030,summer,998,S26-1030,Harvey Araujo,Fulham,Burton Albion,2026-08-19,,GBP,,Defender — source label,,Evidence needed,"Buyer-specific role, production, availability, signing age and total fee evidence are needed before assigning a deal-value score. Loan/swap costs must be treated separately.",Source broad position and transfer quote only; detailed role and buyer-specific production not validated.,Loan fee not stated,Not assessed,https://www.theguardian.com/football/ng-interactive/2026/sep/01/mens-transfer-window-summer-2026-all-deals-from-europes-top-five-leagues,DEFENDER_UNCLASSIFIED
summer-S26-1031,summer,999,S26-1031,Zion Suzuki,Parma,Aston Villa,2026-08-19,30000000.0,GBP,,Goalkeeper — source label,,Evidence needed,"Buyer-specific shot-stopping, distribution, aerial command, sweeping, signing age and total fee evidence are needed before scoring.",Source broad position and transfer quote only; detailed role and buyer-specific production not validated.,Reported fee,Not assessed,https://www.theguardian.com/football/ng-interactive/2026/sep/01/mens-transfer-window-summer-2026-all-deals-from-europes-top-five-leagues,GK
summer-S26-1032,summer,1000,S26-1032,Matteo Ruggeri,Atlético Madrid,Aston Villa,2026-08-19,21420000.0,GBP,,Defender — source label,,Evidence needed,"Buyer-specific role, production, availability, signing age and total fee evidence are needed before assigning a deal-value score.",Source broad position and transfer quote only; detailed role and buyer-specific production not validated.,Reported fee,Not assessed,https://www.theguardian.com/football/ng-interactive/2026/sep/01/mens-transfer-window-summer-2026-all-deals-from-europes-top-five-leagues,DEFENDER_UNCLASSIFIED
summer-S26-1033,summer,1001,S26-1033,Sebastiaan Bornauw,Leeds United,Hamburg,2026-08-19,,GBP,,Defender — source label,,Evidence needed,"Buyer-specific role, production, availability, signing age and total fee evidence are needed before assigning a deal-value score. Loan/swap costs must be treated separately.",Source broad position and transfer quote only; detailed role and buyer-specific production not validated.,Loan fee not stated,Not assessed,https://www.theguardian.com/football/ng-interactive/2026/sep/01/mens-transfer-window-summer-2026-all-deals-from-europes-top-five-leagues,DEFENDER_UNCLASSIFIED
summer-S26-1034,summer,1002,S26-1034,Michael Aebischer,Pisa,Union Berlin,2026-08-19,3430000.0,GBP,,Midfielder — source label,,Evidence needed,"Buyer-specific role, production, availability, signing age and total fee evidence are needed before assigning a deal-value score.",Source broad position and transfer quote only; detailed role and buyer-specific production not validated.,Reported fee,Not assessed,https://www.theguardian.com/football/ng-interactive/2026/sep/01/mens-transfer-window-summer-2026-all-deals-from-europes-top-five-leagues,MIDFIELD_UNCLASSIFIED
summer-S26-1035,summer,1003,S26-1035,Rodrigo Mora,Porto,Roma,2026-08-19,21400000.0,GBP,,Midfielder — source label,,Evidence needed,"Buyer-specific role, production, availability, signing age and total fee evidence are needed before assigning a deal-value score.",Source broad position and transfer quote only; detailed role and buyer-specific production not validated.,Reported fee,Not assessed,https://www.theguardian.com/football/ng-interactive/2026/sep/01/mens-transfer-window-summer-2026-all-deals-from-europes-top-five-leagues,MIDFIELD_UNCLASSIFIED
summer-S26-1036,summer,1004,S26-1036,Nico Elvedi,Borussia Mönchengladbach,Leeds United,2026-08-19,6800000.0,GBP,,Defender — source label,,Evidence needed,"Buyer-specific role, production, availability, signing age and total fee evidence are needed before assigning a deal-value score.",Source broad position and transfer quote only; detailed role and buyer-specific production not validated.,Reported fee,Not assessed,https://www.theguardian.com/football/ng-interactive/2026/sep/01/mens-transfer-window-summer-2026-all-deals-from-europes-top-five-leagues,DEFENDER_UNCLASSIFIED
summer-S26-1038,summer,1006,S26-1038,Thomas Jørgensen,Viborg,Toulouse,2026-08-19,6430000.0,GBP,,Midfielder — source label,,Evidence needed,"Buyer-specific role, production, availability, signing age and total fee evidence are needed before assigning a deal-value score.",Source broad position and transfer quote only; detailed role and buyer-specific production not validated.,Reported fee,Not assessed,https://www.theguardian.com/football/ng-interactive/2026/sep/01/mens-transfer-window-summer-2026-all-deals-from-europes-top-five-leagues,MIDFIELD_UNCLASSIFIED
summer-S26-1039,summer,1007,S26-1039,Lorenzo Montipò,Verona,Venezia,2026-08-19,,GBP,,Goalkeeper — source label,,Evidence needed,"Buyer-specific shot-stopping, distribution, aerial command, sweeping, signing age and total fee evidence are needed before scoring.",Source broad position and transfer quote only; detailed role and buyer-specific production not validated.,Undisclosed,Not assessed,https://www.theguardian.com/football/ng-interactive/2026/sep/01/mens-transfer-window-summer-2026-all-deals-from-europes-top-five-leagues,GK
summer-S26-1041,summer,1009,S26-1041,Tijjani Reijnders,Manchester City,Al-Qadsiah,2026-08-19,52000000.0,GBP,,Midfielder — source label,,Evidence needed,"Buyer-specific role, production, availability, signing age and total fee evidence are needed before assigning a deal-value score.",Source broad position and transfer quote only; detailed role and buyer-specific production not validated.,Reported fee,Not assessed,https://www.theguardian.com/football/ng-interactive/2026/sep/01/mens-transfer-window-summer-2026-all-deals-from-europes-top-five-leagues,MIDFIELD_UNCLASSIFIED
summer-S26-1042,summer,1010,S26-1042,Diego Moreira,Strasbourg,Milan,2026-08-20,42860000.0,GBP,,Midfielder — source label,,Evidence needed,"Buyer-specific role, production, availability, signing age and total fee evidence are needed before assigning a deal-value score.",Source broad position and transfer quote only; detailed role and buyer-specific production not validated.,Reported fee,Not assessed,https://www.theguardian.com/football/ng-interactive/2026/sep/01/mens-transfer-window-summer-2026-all-deals-from-europes-top-five-leagues,MIDFIELD_UNCLASSIFIED
summer-S26-1043,summer,1011,S26-1043,Jordan James,Rennes,Wolverhampton Wanderers,2026-08-20,,GBP,,Midfielder — source label,,Evidence needed,"Buyer-specific role, production, availability, signing age and total fee evidence are needed before assigning a deal-value score. Loan/swap costs must be treated separately.",Source broad position and transfer quote only; detailed role and buyer-specific production not validated.,Loan fee not stated,Not assessed,https://www.theguardian.com/football/ng-interactive/2026/sep/01/mens-transfer-window-summer-2026-all-deals-from-europes-top-five-leagues,MIDFIELD_UNCLASSIFIED
summer-S26-1045,summer,1013,S26-1045,Ko Itakura,Ajax,Borussia Mönchengladbach,2026-08-20,3000000.0,GBP,,Defender — source label,,Evidence needed,"Buyer-specific role, production, availability, signing age and total fee evidence are needed before assigning a deal-value score.",Source broad position and transfer quote only; detailed role and buyer-specific production not validated.,Reported fee,Not assessed,https://www.theguardian.com/football/ng-interactive/2026/sep/01/mens-transfer-window-summer-2026-all-deals-from-europes-top-five-leagues,DEFENDER_UNCLASSIFIED
summer-S26-1046,summer,1014,S26-1046,Jonathan Norbye,RB Leipzig,Haugesund,2026-08-20,,GBP,,Defender — source label,,Evidence needed,"Buyer-specific role, production, availability, signing age and total fee evidence are needed before assigning a deal-value score.",Source broad position and transfer quote only; detailed role and buyer-specific production not validated.,Undisclosed,Not assessed,https://www.theguardian.com/football/ng-interactive/2026/sep/01/mens-transfer-window-summer-2026-all-deals-from-europes-top-five-leagues,DEFENDER_UNCLASSIFIED
summer-S26-1047,summer,1015,S26-1047,João Cancelo,Al-Hilal,Barcelona,2026-08-20,,GBP,,Defender — source label,,Evidence needed,"Buyer-specific role, production, availability, signing age and total fee evidence are needed before assigning a deal-value score. A zero base fee does not represent wages or signing costs.",Source broad position and transfer quote only; detailed role and buyer-specific production not validated.,Free transfer,Not assessed,https://www.theguardian.com/football/ng-interactive/2026/sep/01/mens-transfer-window-summer-2026-all-deals-from-europes-top-five-leagues,DEFENDER_UNCLASSIFIED
summer-S26-1049,summer,1017,S26-1049,Pablo Maffeo,Olympiakos,Valencia,2026-08-20,,GBP,,Defender — source label,,Evidence needed,"Buyer-specific role, production, availability, signing age and total fee evidence are needed before assigning a deal-value score. Loan/swap costs must be treated separately.",Source broad position and transfer quote only; detailed role and buyer-specific production not validated.,Loan fee not stated,Not assessed,https://www.theguardian.com/football/ng-interactive/2026/sep/01/mens-transfer-window-summer-2026-all-deals-from-europes-top-five-leagues,DEFENDER_UNCLASSIFIED
summer-S26-1051,summer,1019,S26-1051,Aaron Wan-Bissaka,West Ham United,Aston Villa,2026-08-21,,GBP,,Defender — source label,,Evidence needed,"Buyer-specific role, production, availability, signing age and total fee evidence are needed before assigning a deal-value score. Loan/swap costs must be treated separately.",Source broad position and transfer quote only; detailed role and buyer-specific production not validated.,Loan fee not stated,Not assessed,https://www.theguardian.com/football/ng-interactive/2026/sep/01/mens-transfer-window-summer-2026-all-deals-from-europes-top-five-leagues,DEFENDER_UNCLASSIFIED
summer-S26-1053,summer,1021,S26-1053,Dan Bentley,Wolverhampton Wanderers,Coventry City,2026-08-21,,GBP,,Goalkeeper — source label,,Evidence needed,"Buyer-specific shot-stopping, distribution, aerial command, sweeping, signing age and total fee evidence are needed before scoring.",Source broad position and transfer quote only; detailed role and buyer-specific production not validated.,Undisclosed,Not assessed,https://www.theguardian.com/football/ng-interactive/2026/sep/01/mens-transfer-window-summer-2026-all-deals-from-europes-top-five-leagues,GK
summer-S26-1054,summer,1022,S26-1054,Ben Johnson,Ipswich Town,Stoke City,2026-08-21,,GBP,,Defender — source label,,Evidence needed,"Buyer-specific role, production, availability, signing age and total fee evidence are needed before assigning a deal-value score. Loan/swap costs must be treated separately.",Source broad position and transfer quote only; detailed role and buyer-specific production not validated.,Loan fee not stated,Not assessed,https://www.theguardian.com/football/ng-interactive/2026/sep/01/mens-transfer-window-summer-2026-all-deals-from-europes-top-five-leagues,DEFENDER_UNCLASSIFIED
summer-S26-1057,summer,1025,S26-1057,Karim Coulibaly,Werder Bremen,Strasbourg,2026-08-21,17100000.0,GBP,,Defender — source label,,Evidence needed,"Buyer-specific role, production, availability, signing age and total fee evidence are needed before assigning a deal-value score.",Source broad position and transfer quote only; detailed role and buyer-specific production not validated.,Reported fee,Not assessed,https://www.theguardian.com/football/ng-interactive/2026/sep/01/mens-transfer-window-summer-2026-all-deals-from-europes-top-five-leagues,DEFENDER_UNCLASSIFIED
summer-S26-1059,summer,1026,S26-1059,Luke Harris,Fulham,Wigan Athletic,2026-08-21,,GBP,,Midfielder — source label,,Evidence needed,"Buyer-specific role, production, availability, signing age and total fee evidence are needed before assigning a deal-value score. Loan/swap costs must be treated separately.",Source broad position and transfer quote only; detailed role and buyer-specific production not validated.,Loan fee not stated,Not assessed,https://www.theguardian.com/football/ng-interactive/2026/sep/01/mens-transfer-window-summer-2026-all-deals-from-europes-top-five-leagues,MIDFIELD_UNCLASSIFIED
summer-S26-1060,summer,1027,S26-1060,Elias Jelert,Galatasaray,Le Havre,2026-08-21,,GBP,,Defender — source label,,Evidence needed,"Buyer-specific role, production, availability, signing age and total fee evidence are needed before assigning a deal-value score. Loan/swap costs must be treated separately.",Source broad position and transfer quote only; detailed role and buyer-specific production not validated.,Loan fee not stated,Not assessed,https://www.theguardian.com/football/ng-interactive/2026/sep/01/mens-transfer-window-summer-2026-all-deals-from-europes-top-five-leagues,DEFENDER_UNCLASSIFIED
summer-S26-1061,summer,1028,S26-1061,Curtis Jones,Liverpool,Inter,2026-08-21,25700000.0,GBP,,Midfielder — source label,,Evidence needed,"Buyer-specific role, production, availability, signing age and total fee evidence are needed before assigning a deal-value score.",Source broad position and transfer quote only; detailed role and buyer-specific production not validated.,Reported fee,Not assessed,https://www.theguardian.com/football/ng-interactive/2026/sep/01/mens-transfer-window-summer-2026-all-deals-from-europes-top-five-leagues,MIDFIELD_UNCLASSIFIED
summer-S26-1063,summer,1030,S26-1063,Dermane Karim,Lommel SK,Troyes,2026-08-21,,GBP,,Midfielder — source label,,Evidence needed,"Buyer-specific role, production, availability, signing age and total fee evidence are needed before assigning a deal-value score.",Source broad position and transfer quote only; detailed role and buyer-specific production not validated.,Undisclosed,Not assessed,https://www.theguardian.com/football/ng-interactive/2026/sep/01/mens-transfer-window-summer-2026-all-deals-from-europes-top-five-leagues,MIDFIELD_UNCLASSIFIED
summer-S26-1064,summer,1031,S26-1064,Dayann Méthalie,Toulouse,Sunderland,2026-08-21,24000000.0,GBP,,Defender — source label,,Evidence needed,"Buyer-specific role, production, availability, signing age and total fee evidence are needed before assigning a deal-value score.",Source broad position and transfer quote only; detailed role and buyer-specific production not validated.,Reported fee,Not assessed,https://www.theguardian.com/football/ng-interactive/2026/sep/01/mens-transfer-window-summer-2026-all-deals-from-europes-top-five-leagues,DEFENDER_UNCLASSIFIED
summer-S26-1065,summer,1032,S26-1065,Alessandro Circati,Parma,Benfica,2026-08-19,17100000.0,GBP,,Defender — source label,,Evidence needed,"Buyer-specific role, production, availability, signing age and total fee evidence are needed before assigning a deal-value score.",Source broad position and transfer quote only; detailed role and buyer-specific production not validated.,Reported fee,Not assessed,https://www.theguardian.com/football/ng-interactive/2026/sep/01/mens-transfer-window-summer-2026-all-deals-from-europes-top-five-leagues,DEFENDER_UNCLASSIFIED
summer-S26-1066,summer,1033,S26-1066,Benoît Badiashile,Chelsea,Napoli,2026-08-22,,GBP,,Defender — source label,,Evidence needed,"Buyer-specific role, production, availability, signing age and total fee evidence are needed before assigning a deal-value score. Loan/swap costs must be treated separately.",Source broad position and transfer quote only; detailed role and buyer-specific production not validated.,Loan fee not stated,Not assessed,https://www.theguardian.com/football/ng-interactive/2026/sep/01/mens-transfer-window-summer-2026-all-deals-from-europes-top-five-leagues,DEFENDER_UNCLASSIFIED
summer-S26-1067,summer,1034,S26-1067,Ifeanyi Ndukwe,Austria Vienna,Liverpool,2026-08-17,,GBP,,Defender — source label,,Evidence needed,"Buyer-specific role, production, availability, signing age and total fee evidence are needed before assigning a deal-value score.",Source broad position and transfer quote only; detailed role and buyer-specific production not validated.,Undisclosed,Not assessed,https://www.theguardian.com/football/ng-interactive/2026/sep/01/mens-transfer-window-summer-2026-all-deals-from-europes-top-five-leagues,DEFENDER_UNCLASSIFIED
summer-S26-1068,summer,1035,S26-1068,Ifeanyi Ndukwe,Liverpool,Levante,2026-08-22,,GBP,,Defender — source label,,Evidence needed,"Buyer-specific role, production, availability, signing age and total fee evidence are needed before assigning a deal-value score. Loan/swap costs must be treated separately.",Source broad position and transfer quote only; detailed role and buyer-specific production not validated.,Loan fee not stated,Not assessed,https://www.theguardian.com/football/ng-interactive/2026/sep/01/mens-transfer-window-summer-2026-all-deals-from-europes-top-five-leagues,DEFENDER_UNCLASSIFIED
summer-S26-1069,summer,1036,S26-1069,Josip Sutalo,Ajax,Lazio,2026-08-22,,GBP,,Defender — source label,,Evidence needed,"Buyer-specific role, production, availability, signing age and total fee evidence are needed before assigning a deal-value score. Loan/swap costs must be treated separately.",Source broad position and transfer quote only; detailed role and buyer-specific production not validated.,Loan fee not stated,Not assessed,https://www.theguardian.com/football/ng-interactive/2026/sep/01/mens-transfer-window-summer-2026-all-deals-from-europes-top-five-leagues,DEFENDER_UNCLASSIFIED
summer-S26-1070,summer,1037,S26-1070,Eljif Elmas,RB Leipzig,Atalanta,2026-08-22,,GBP,,Midfielder — source label,,Evidence needed,"Buyer-specific role, production, availability, signing age and total fee evidence are needed before assigning a deal-value score. Loan/swap costs must be treated separately.",Source broad position and transfer quote only; detailed role and buyer-specific production not validated.,Loan fee not stated,Not assessed,https://www.theguardian.com/football/ng-interactive/2026/sep/01/mens-transfer-window-summer-2026-all-deals-from-europes-top-five-leagues,MIDFIELD_UNCLASSIFIED
summer-S26-1071,summer,1038,S26-1071,Mihailo Ristic,Celta Vigo,Red Star Belgrade,2026-08-22,,GBP,,Midfielder — source label,,Evidence needed,"Buyer-specific role, production, availability, signing age and total fee evidence are needed before assigning a deal-value score. A zero base fee does not represent wages or signing costs.",Source broad position and transfer quote only; detailed role and buyer-specific production not validated.,Free transfer,Not assessed,https://www.theguardian.com/football/ng-interactive/2026/sep/01/mens-transfer-window-summer-2026-all-deals-from-europes-top-five-leagues,MIDFIELD_UNCLASSIFIED
summer-S26-1072,summer,1039,S26-1072,Abdoulaye Camara,Udinese,Ajax,2026-08-22,,GBP,,Midfielder — source label,,Evidence needed,"Buyer-specific role, production, availability, signing age and total fee evidence are needed before assigning a deal-value score. Loan/swap costs must be treated separately.",Source broad position and transfer quote only; detailed role and buyer-specific production not validated.,Loan fee not stated,Not assessed,https://www.theguardian.com/football/ng-interactive/2026/sep/01/mens-transfer-window-summer-2026-all-deals-from-europes-top-five-leagues,MIDFIELD_UNCLASSIFIED
summer-S26-1073,summer,1040,S26-1073,Miguel Rubio,Espanyol,Real Valladolid,2026-08-22,,GBP,,Defender — source label,,Evidence needed,"Buyer-specific role, production, availability, signing age and total fee evidence are needed before assigning a deal-value score. A zero base fee does not represent wages or signing costs.",Source broad position and transfer quote only; detailed role and buyer-specific production not validated.,Free transfer,Not assessed,https://www.theguardian.com/football/ng-interactive/2026/sep/01/mens-transfer-window-summer-2026-all-deals-from-europes-top-five-leagues,DEFENDER_UNCLASSIFIED
summer-S26-1074,summer,1041,S26-1074,Manuel Fernández,Celta Vigo,Cádiz,2026-08-21,,GBP,,Defender — source label,,Evidence needed,"Buyer-specific role, production, availability, signing age and total fee evidence are needed before assigning a deal-value score. A zero base fee does not represent wages or signing costs.",Source broad position and transfer quote only; detailed role and buyer-specific production not validated.,Free transfer,Not assessed,https://www.theguardian.com/football/ng-interactive/2026/sep/01/mens-transfer-window-summer-2026-all-deals-from-europes-top-five-leagues,DEFENDER_UNCLASSIFIED
summer-S26-1075,summer,1042,S26-1075,Pablo Martínez,Levante,Málaga,2026-08-21,,GBP,,Midfielder — source label,,Evidence needed,"Buyer-specific role, production, availability, signing age and total fee evidence are needed before assigning a deal-value score. A zero base fee does not represent wages or signing costs.",Source broad position and transfer quote only; detailed role and buyer-specific production not validated.,Free transfer,Not assessed,https://www.theguardian.com/football/ng-interactive/2026/sep/01/mens-transfer-window-summer-2026-all-deals-from-europes-top-five-leagues,MIDFIELD_UNCLASSIFIED
summer-S26-1076,summer,1043,S26-1076,Fedde Leysen,Union St-Gilloise,Sassuolo,2026-08-21,,GBP,,Defender — source label,,Evidence needed,"Buyer-specific role, production, availability, signing age and total fee evidence are needed before assigning a deal-value score. Loan/swap costs must be treated separately.",Source broad position and transfer quote only; detailed role and buyer-specific production not validated.,Loan fee not stated,Not assessed,https://www.theguardian.com/football/ng-interactive/2026/sep/01/mens-transfer-window-summer-2026-all-deals-from-europes-top-five-leagues,DEFENDER_UNCLASSIFIED
summer-S26-1077,summer,1044,S26-1077,Tommy Marqués,Barcelona,Braga,2026-08-20,,GBP,,Midfielder — source label,,Evidence needed,"Buyer-specific role, production, availability, signing age and total fee evidence are needed before assigning a deal-value score.",Source broad position and transfer quote only; detailed role and buyer-specific production not validated.,Undisclosed,Not assessed,https://www.theguardian.com/football/ng-interactive/2026/sep/01/mens-transfer-window-summer-2026-all-deals-from-europes-top-five-leagues,MIDFIELD_UNCLASSIFIED
summer-S26-1078,summer,1045,S26-1078,Lutsharel Geertruida,RB Leipzig,PSV Eindhoven,2026-08-21,,GBP,,Defender — source label,,Evidence needed,"Buyer-specific role, production, availability, signing age and total fee evidence are needed before assigning a deal-value score. Loan/swap costs must be treated separately.",Source broad position and transfer quote only; detailed role and buyer-specific production not validated.,Loan fee not stated,Not assessed,https://www.theguardian.com/football/ng-interactive/2026/sep/01/mens-transfer-window-summer-2026-all-deals-from-europes-top-five-leagues,DEFENDER_UNCLASSIFIED
summer-S26-1079,summer,1046,S26-1079,Iván Martín,Girona,Racing Santander,2026-08-20,2570000.0,GBP,,Midfielder — source label,,Evidence needed,"Buyer-specific role, production, availability, signing age and total fee evidence are needed before assigning a deal-value score.",Source broad position and transfer quote only; detailed role and buyer-specific production not validated.,Reported fee,Not assessed,https://www.theguardian.com/football/ng-interactive/2026/sep/01/mens-transfer-window-summer-2026-all-deals-from-europes-top-five-leagues,MIDFIELD_UNCLASSIFIED
summer-S26-1082,summer,1049,S26-1082,Josh Stephenson,Brentford,Crewe,2026-08-21,,GBP,,Defender — source label,,Evidence needed,"Buyer-specific role, production, availability, signing age and total fee evidence are needed before assigning a deal-value score. Loan/swap costs must be treated separately.",Source broad position and transfer quote only; detailed role and buyer-specific production not validated.,Loan fee not stated,Not assessed,https://www.theguardian.com/football/ng-interactive/2026/sep/01/mens-transfer-window-summer-2026-all-deals-from-europes-top-five-leagues,DEFENDER_UNCLASSIFIED
summer-S26-1083,summer,1050,S26-1083,Omar Richards,Nottingham Forest,Aris Saloniki,2026-08-21,,GBP,,Defender — source label,,Evidence needed,"Buyer-specific role, production, availability, signing age and total fee evidence are needed before assigning a deal-value score.",Source broad position and transfer quote only; detailed role and buyer-specific production not validated.,Undisclosed,Not assessed,https://www.theguardian.com/football/ng-interactive/2026/sep/01/mens-transfer-window-summer-2026-all-deals-from-europes-top-five-leagues,DEFENDER_UNCLASSIFIED
summer-S26-1085,summer,1052,S26-1085,Giorgi Kochorashvili,Sporting,Sevilla,2026-08-21,3900000.0,GBP,,Midfielder — source label,,Evidence needed,"Buyer-specific role, production, availability, signing age and total fee evidence are needed before assigning a deal-value score.",Source broad position and transfer quote only; detailed role and buyer-specific production not validated.,Reported fee,Not assessed,https://www.theguardian.com/football/ng-interactive/2026/sep/01/mens-transfer-window-summer-2026-all-deals-from-europes-top-five-leagues,MIDFIELD_UNCLASSIFIED
summer-S26-1087,summer,1054,S26-1087,Jeyland Mitchell,Sturm Graz,Strasbourg,2026-08-19,6900000.0,GBP,,Defender — source label,,Evidence needed,"Buyer-specific role, production, availability, signing age and total fee evidence are needed before assigning a deal-value score.",Source broad position and transfer quote only; detailed role and buyer-specific production not validated.,Reported fee,Not assessed,https://www.theguardian.com/football/ng-interactive/2026/sep/01/mens-transfer-window-summer-2026-all-deals-from-europes-top-five-leagues,DEFENDER_UNCLASSIFIED
summer-S26-1088,summer,1055,S26-1088,Juanpe Jiménez,Málaga,Gamba Osaka,2026-08-23,,GBP,,Midfielder — source label,,Evidence needed,"Buyer-specific role, production, availability, signing age and total fee evidence are needed before assigning a deal-value score.",Source broad position and transfer quote only; detailed role and buyer-specific production not validated.,Undisclosed,Not assessed,https://www.theguardian.com/football/ng-interactive/2026/sep/01/mens-transfer-window-summer-2026-all-deals-from-europes-top-five-leagues,MIDFIELD_UNCLASSIFIED
summer-S26-1092,summer,1058,S26-1092,Manu Fernández,Celta Vigo,Cádiz,2026-08-21,,GBP,,Defender — source label,,Evidence needed,"Buyer-specific role, production, availability, signing age and total fee evidence are needed before assigning a deal-value score.",Source broad position and transfer quote only; detailed role and buyer-specific production not validated.,Undisclosed,Not assessed,https://www.theguardian.com/football/ng-interactive/2026/sep/01/mens-transfer-window-summer-2026-all-deals-from-europes-top-five-leagues,DEFENDER_UNCLASSIFIED
summer-S26-1093,summer,1059,S26-1093,Aron Yaakobishvili,Barcelona,Almería,2026-08-20,,GBP,,Goalkeeper — source label,,Evidence needed,"Buyer-specific shot-stopping, distribution, aerial command, sweeping, signing age and total fee evidence are needed before scoring. Loan/swap costs must be treated separately.",Source broad position and transfer quote only; detailed role and buyer-specific production not validated.,Loan fee not stated,Not assessed,https://www.theguardian.com/football/ng-interactive/2026/sep/01/mens-transfer-window-summer-2026-all-deals-from-europes-top-five-leagues,GK
summer-S26-1094,summer,1060,S26-1094,Dani Budesca,Villarreal,Córdoba,2026-08-19,,GBP,,Defender — source label,,Evidence needed,"Buyer-specific role, production, availability, signing age and total fee evidence are needed before assigning a deal-value score. Loan/swap costs must be treated separately.",Source broad position and transfer quote only; detailed role and buyer-specific production not validated.,Loan fee not stated,Not assessed,https://www.theguardian.com/football/ng-interactive/2026/sep/01/mens-transfer-window-summer-2026-all-deals-from-europes-top-five-leagues,DEFENDER_UNCLASSIFIED
summer-S26-1095,summer,1061,S26-1095,Moussa Diarra,Alavés,Al-Wahda,2026-08-19,1000000.0,GBP,,Defender — source label,,Evidence needed,"Buyer-specific role, production, availability, signing age and total fee evidence are needed before assigning a deal-value score.",Source broad position and transfer quote only; detailed role and buyer-specific production not validated.,Reported fee,Not assessed,https://www.theguardian.com/football/ng-interactive/2026/sep/01/mens-transfer-window-summer-2026-all-deals-from-europes-top-five-leagues,DEFENDER_UNCLASSIFIED
summer-S26-1097,summer,1063,S26-1097,Rockson Yeboah,IFK Göteborg,Osasuna,2026-08-12,2600000.0,GBP,,Defender — source label,,Evidence needed,"Buyer-specific role, production, availability, signing age and total fee evidence are needed before assigning a deal-value score.",Source broad position and transfer quote only; detailed role and buyer-specific production not validated.,Reported fee,Not assessed,https://www.theguardian.com/football/ng-interactive/2026/sep/01/mens-transfer-window-summer-2026-all-deals-from-europes-top-five-leagues,DEFENDER_UNCLASSIFIED
summer-S26-1098,summer,1064,S26-1098,Jacob Devaney,Manchester United,Hibernian,2026-08-23,,GBP,,Midfielder — source label,,Evidence needed,"Buyer-specific role, production, availability, signing age and total fee evidence are needed before assigning a deal-value score. Loan/swap costs must be treated separately.",Source broad position and transfer quote only; detailed role and buyer-specific production not validated.,Loan fee not stated,Not assessed,https://www.theguardian.com/football/ng-interactive/2026/sep/01/mens-transfer-window-summer-2026-all-deals-from-europes-top-five-leagues,MIDFIELD_UNCLASSIFIED
summer-S26-1099,summer,1065,S26-1099,Mofe Jemide,Crystal Palace,Alverca,2026-08-20,,GBP,,Defender — source label,,Evidence needed,"Buyer-specific role, production, availability, signing age and total fee evidence are needed before assigning a deal-value score. Loan/swap costs must be treated separately.",Source broad position and transfer quote only; detailed role and buyer-specific production not validated.,Loan fee not stated,Not assessed,https://www.theguardian.com/football/ng-interactive/2026/sep/01/mens-transfer-window-summer-2026-all-deals-from-europes-top-five-leagues,DEFENDER_UNCLASSIFIED
summer-S26-1100,summer,1066,S26-1100,Darwin Guagua,Independiente del Valle,Brentford,2026-08-15,,GBP,,Midfielder — source label,,Evidence needed,"Buyer-specific role, production, availability, signing age and total fee evidence are needed before assigning a deal-value score.",Source broad position and transfer quote only; detailed role and buyer-specific production not validated.,Undisclosed,Not assessed,https://www.theguardian.com/football/ng-interactive/2026/sep/01/mens-transfer-window-summer-2026-all-deals-from-europes-top-five-leagues,MIDFIELD_UNCLASSIFIED
summer-S26-1101,summer,1067,S26-1101,Cathal McCarthy,Hull City,Kilmarnock,2026-08-18,,GBP,,Defender — source label,,Evidence needed,"Buyer-specific role, production, availability, signing age and total fee evidence are needed before assigning a deal-value score. Loan/swap costs must be treated separately.",Source broad position and transfer quote only; detailed role and buyer-specific production not validated.,Loan fee not stated,Not assessed,https://www.theguardian.com/football/ng-interactive/2026/sep/01/mens-transfer-window-summer-2026-all-deals-from-europes-top-five-leagues,DEFENDER_UNCLASSIFIED
summer-S26-1102,summer,1068,S26-1102,Tayo Adaramola,Crystal Palace,Cercle Brugge,2026-08-17,,GBP,,Defender — source label,,Evidence needed,"Buyer-specific role, production, availability, signing age and total fee evidence are needed before assigning a deal-value score. Loan/swap costs must be treated separately.",Source broad position and transfer quote only; detailed role and buyer-specific production not validated.,Loan fee not stated,Not assessed,https://www.theguardian.com/football/ng-interactive/2026/sep/01/mens-transfer-window-summer-2026-all-deals-from-europes-top-five-leagues,DEFENDER_UNCLASSIFIED
summer-S26-1105,summer,1071,S26-1105,Alberto Moreno,Como 1907,Mallorca,2026-08-24,,GBP,,Defender — source label,,Evidence needed,"Buyer-specific role, production, availability, signing age and total fee evidence are needed before assigning a deal-value score. A zero base fee does not represent wages or signing costs.",Source broad position and transfer quote only; detailed role and buyer-specific production not validated.,Free transfer,Not assessed,https://www.theguardian.com/football/ng-interactive/2026/sep/01/mens-transfer-window-summer-2026-all-deals-from-europes-top-five-leagues,DEFENDER_UNCLASSIFIED
summer-S26-1106,summer,1072,S26-1106,Mads Valentin Pedersen,Augsburg,Hertha Berlin,2026-08-24,100000.0,GBP,,Defender — source label,,Evidence needed,"Buyer-specific role, production, availability, signing age and total fee evidence are needed before assigning a deal-value score.",Source broad position and transfer quote only; detailed role and buyer-specific production not validated.,Reported fee,Not assessed,https://www.theguardian.com/football/ng-interactive/2026/sep/01/mens-transfer-window-summer-2026-all-deals-from-europes-top-five-leagues,DEFENDER_UNCLASSIFIED
summer-S26-1107,summer,1073,S26-1107,Sam Byram,Leeds United,Middlesbrough,2026-08-24,,GBP,,Defender — source label,,Evidence needed,"Buyer-specific role, production, availability, signing age and total fee evidence are needed before assigning a deal-value score. A zero base fee does not represent wages or signing costs.",Source broad position and transfer quote only; detailed role and buyer-specific production not validated.,Free transfer,Not assessed,https://www.theguardian.com/football/ng-interactive/2026/sep/01/mens-transfer-window-summer-2026-all-deals-from-europes-top-five-leagues,DEFENDER_UNCLASSIFIED
summer-S26-1108,summer,1074,S26-1108,Kayne van Oevelen,Ipswich Town,Valencia,2026-08-24,,GBP,,Goalkeeper — source label,,Evidence needed,"Buyer-specific shot-stopping, distribution, aerial command, sweeping, signing age and total fee evidence are needed before scoring. Loan/swap costs must be treated separately.",Source broad position and transfer quote only; detailed role and buyer-specific production not validated.,Loan fee not stated,Not assessed,https://www.theguardian.com/football/ng-interactive/2026/sep/01/mens-transfer-window-summer-2026-all-deals-from-europes-top-five-leagues,GK
summer-S26-1111,summer,1077,S26-1111,Omari Kellyman,Chelsea,Strasbourg,2026-08-25,5100000.0,GBP,,Midfielder — source label,,Evidence needed,"Buyer-specific role, production, availability, signing age and total fee evidence are needed before assigning a deal-value score.",Source broad position and transfer quote only; detailed role and buyer-specific production not validated.,Reported fee,Not assessed,https://www.theguardian.com/football/ng-interactive/2026/sep/01/mens-transfer-window-summer-2026-all-deals-from-europes-top-five-leagues,MIDFIELD_UNCLASSIFIED
summer-S26-1115,summer,1081,S26-1115,Marco Dalla Vecchia,Torino,Cesena,2026-08-25,,GBP,,Midfielder — source label,,Evidence needed,"Buyer-specific role, production, availability, signing age and total fee evidence are needed before assigning a deal-value score. Loan/swap costs must be treated separately.",Source broad position and transfer quote only; detailed role and buyer-specific production not validated.,Loan fee not stated,Not assessed,https://www.theguardian.com/football/ng-interactive/2026/sep/01/mens-transfer-window-summer-2026-all-deals-from-europes-top-five-leagues,MIDFIELD_UNCLASSIFIED
summer-S26-1116,summer,1082,S26-1116,Michele Di Gregorio,Juventus,Bournemouth,2026-08-25,,GBP,,Goalkeeper — source label,,Evidence needed,"Buyer-specific shot-stopping, distribution, aerial command, sweeping, signing age and total fee evidence are needed before scoring. Loan/swap costs must be treated separately.",Source broad position and transfer quote only; detailed role and buyer-specific production not validated.,Loan fee not stated,Not assessed,https://www.theguardian.com/football/ng-interactive/2026/sep/01/mens-transfer-window-summer-2026-all-deals-from-europes-top-five-leagues,GK
summer-S26-1120,summer,1085,S26-1120,Axel Disasi,Chelsea,Crystal Palace,2026-08-26,,GBP,,Defender — source label,,Evidence needed,"Buyer-specific role, production, availability, signing age and total fee evidence are needed before assigning a deal-value score. Loan/swap costs must be treated separately.",Source broad position and transfer quote only; detailed role and buyer-specific production not validated.,Loan fee not stated,Not assessed,https://www.theguardian.com/football/ng-interactive/2026/sep/01/mens-transfer-window-summer-2026-all-deals-from-europes-top-five-leagues,DEFENDER_UNCLASSIFIED
summer-S26-1121,summer,1086,S26-1121,Calvin Ramsay,Liverpool,St Mirren,2026-08-25,,GBP,,Defender — source label,,Evidence needed,"Buyer-specific role, production, availability, signing age and total fee evidence are needed before assigning a deal-value score. Loan/swap costs must be treated separately.",Source broad position and transfer quote only; detailed role and buyer-specific production not validated.,Loan fee not stated,Not assessed,https://www.theguardian.com/football/ng-interactive/2026/sep/01/mens-transfer-window-summer-2026-all-deals-from-europes-top-five-leagues,DEFENDER_UNCLASSIFIED
summer-S26-1122,summer,1087,S26-1122,Jaouen Hadjam,Young Boys,Brighton,2026-08-25,11100000.0,GBP,,Defender — source label,,Evidence needed,"Buyer-specific role, production, availability, signing age and total fee evidence are needed before assigning a deal-value score.",Source broad position and transfer quote only; detailed role and buyer-specific production not validated.,Reported fee,Not assessed,https://www.theguardian.com/football/ng-interactive/2026/sep/01/mens-transfer-window-summer-2026-all-deals-from-europes-top-five-leagues,DEFENDER_UNCLASSIFIED
summer-S26-1123,summer,1088,S26-1123,Eric da Silva Moreira,Nottingham Forest,Excelsior,2026-08-26,,GBP,,Defender — source label,,Evidence needed,"Buyer-specific role, production, availability, signing age and total fee evidence are needed before assigning a deal-value score. Loan/swap costs must be treated separately.",Source broad position and transfer quote only; detailed role and buyer-specific production not validated.,Loan fee not stated,Not assessed,https://www.theguardian.com/football/ng-interactive/2026/sep/01/mens-transfer-window-summer-2026-all-deals-from-europes-top-five-leagues,DEFENDER_UNCLASSIFIED
summer-S26-1126,summer,1091,S26-1126,Ethan Pinnock,Brentford,Coventry City,2026-08-26,6000000.0,GBP,,Defender — source label,,Evidence needed,"Buyer-specific role, production, availability, signing age and total fee evidence are needed before assigning a deal-value score.",Source broad position and transfer quote only; detailed role and buyer-specific production not validated.,Reported fee,Not assessed,https://www.theguardian.com/football/ng-interactive/2026/sep/01/mens-transfer-window-summer-2026-all-deals-from-europes-top-five-leagues,DEFENDER_UNCLASSIFIED
summer-S26-1127,summer,1092,S26-1127,Nathan Saliba,Anderlecht,Villarreal,2026-08-26,12900000.0,GBP,,Midfielder — source label,,Evidence needed,"Buyer-specific role, production, availability, signing age and total fee evidence are needed before assigning a deal-value score.",Source broad position and transfer quote only; detailed role and buyer-specific production not validated.,Reported fee,Not assessed,https://www.theguardian.com/football/ng-interactive/2026/sep/01/mens-transfer-window-summer-2026-all-deals-from-europes-top-five-leagues,MIDFIELD_UNCLASSIFIED
summer-S26-1129,summer,1094,S26-1129,Orlando Gill,San Lorenzo,Lille,2026-08-26,3100000.0,GBP,,Goalkeeper — source label,,Evidence needed,"Buyer-specific shot-stopping, distribution, aerial command, sweeping, signing age and total fee evidence are needed before scoring.",Source broad position and transfer quote only; detailed role and buyer-specific production not validated.,Reported fee,Not assessed,https://www.theguardian.com/football/ng-interactive/2026/sep/01/mens-transfer-window-summer-2026-all-deals-from-europes-top-five-leagues,GK
summer-S26-1130,summer,1095,S26-1130,Seko Fofana,Rennes,Porto,2026-08-26,,GBP,,Midfielder — source label,,Evidence needed,"Buyer-specific role, production, availability, signing age and total fee evidence are needed before assigning a deal-value score. Loan/swap costs must be treated separately.",Source broad position and transfer quote only; detailed role and buyer-specific production not validated.,Loan fee not stated,Not assessed,https://www.theguardian.com/football/ng-interactive/2026/sep/01/mens-transfer-window-summer-2026-all-deals-from-europes-top-five-leagues,MIDFIELD_UNCLASSIFIED
summer-S26-1132,summer,1097,S26-1132,Mario Sauer,Toulouse,Kaiserslautern,2026-08-26,,GBP,,Midfielder — source label,,Evidence needed,"Buyer-specific role, production, availability, signing age and total fee evidence are needed before assigning a deal-value score. Loan/swap costs must be treated separately.",Source broad position and transfer quote only; detailed role and buyer-specific production not validated.,Loan fee not stated,Not assessed,https://www.theguardian.com/football/ng-interactive/2026/sep/01/mens-transfer-window-summer-2026-all-deals-from-europes-top-five-leagues,MIDFIELD_UNCLASSIFIED
summer-S26-1134,summer,1099,S26-1134,Arnau Martínez,Girona,Valencia,2026-08-26,4300000.0,GBP,,Defender — source label,,Evidence needed,"Buyer-specific role, production, availability, signing age and total fee evidence are needed before assigning a deal-value score.",Source broad position and transfer quote only; detailed role and buyer-specific production not validated.,Reported fee,Not assessed,https://www.theguardian.com/football/ng-interactive/2026/sep/01/mens-transfer-window-summer-2026-all-deals-from-europes-top-five-leagues,DEFENDER_UNCLASSIFIED
summer-S26-1135,summer,1100,S26-1135,Jesús Owono,Alavés,FC Andorra,2026-08-26,,GBP,,Goalkeeper — source label,,Evidence needed,"Buyer-specific shot-stopping, distribution, aerial command, sweeping, signing age and total fee evidence are needed before scoring.",Source broad position and transfer quote only; detailed role and buyer-specific production not validated.,Undisclosed,Not assessed,https://www.theguardian.com/football/ng-interactive/2026/sep/01/mens-transfer-window-summer-2026-all-deals-from-europes-top-five-leagues,GK
summer-S26-1136,summer,1101,S26-1136,Niccolò Corrado,Frosinone,Empoli,2026-08-26,,GBP,,Defender — source label,,Evidence needed,"Buyer-specific role, production, availability, signing age and total fee evidence are needed before assigning a deal-value score. Loan/swap costs must be treated separately.",Source broad position and transfer quote only; detailed role and buyer-specific production not validated.,Loan fee not stated,Not assessed,https://www.theguardian.com/football/ng-interactive/2026/sep/01/mens-transfer-window-summer-2026-all-deals-from-europes-top-five-leagues,DEFENDER_UNCLASSIFIED
summer-S26-1137,summer,1102,S26-1137,Mattia Perin,Juventus,Palermo,2026-08-26,430000.0,GBP,,Goalkeeper — source label,,Evidence needed,"Buyer-specific shot-stopping, distribution, aerial command, sweeping, signing age and total fee evidence are needed before scoring.",Source broad position and transfer quote only; detailed role and buyer-specific production not validated.,Reported fee,Not assessed,https://www.theguardian.com/football/ng-interactive/2026/sep/01/mens-transfer-window-summer-2026-all-deals-from-europes-top-five-leagues,GK
summer-S26-1139,summer,1104,S26-1139,Willy Kambwala,Villarreal,Como 1907,2026-08-26,,GBP,,Defender — source label,,Evidence needed,"Buyer-specific role, production, availability, signing age and total fee evidence are needed before assigning a deal-value score. Loan/swap costs must be treated separately.",Source broad position and transfer quote only; detailed role and buyer-specific production not validated.,Loan fee not stated,Not assessed,https://www.theguardian.com/football/ng-interactive/2026/sep/01/mens-transfer-window-summer-2026-all-deals-from-europes-top-five-leagues,DEFENDER_UNCLASSIFIED
summer-S26-1142,summer,1107,S26-1142,John Ruddy,Newcastle United,Wolverhampton Wanderers,2026-08-27,,GBP,,Goalkeeper — source label,,Evidence needed,"Buyer-specific shot-stopping, distribution, aerial command, sweeping, signing age and total fee evidence are needed before scoring. A zero base fee does not represent wages or signing costs.",Source broad position and transfer quote only; detailed role and buyer-specific production not validated.,Free transfer,Not assessed,https://www.theguardian.com/football/ng-interactive/2026/sep/01/mens-transfer-window-summer-2026-all-deals-from-europes-top-five-leagues,GK
summer-S26-1143,summer,1108,S26-1143,Jenson Seelt,Sunderland,Swansea,2026-08-27,,GBP,,Defender — source label,,Evidence needed,"Buyer-specific role, production, availability, signing age and total fee evidence are needed before assigning a deal-value score. Loan/swap costs must be treated separately.",Source broad position and transfer quote only; detailed role and buyer-specific production not validated.,Loan fee not stated,Not assessed,https://www.theguardian.com/football/ng-interactive/2026/sep/01/mens-transfer-window-summer-2026-all-deals-from-europes-top-five-leagues,DEFENDER_UNCLASSIFIED
summer-S26-1147,summer,1112,S26-1147,Adrià Pedrosa,Sevilla,Rayo Vallecano,2026-08-27,,GBP,,Defender — source label,,Evidence needed,"Buyer-specific role, production, availability, signing age and total fee evidence are needed before assigning a deal-value score. Loan/swap costs must be treated separately.",Source broad position and transfer quote only; detailed role and buyer-specific production not validated.,Loan fee not stated,Not assessed,https://www.theguardian.com/football/ng-interactive/2026/sep/01/mens-transfer-window-summer-2026-all-deals-from-europes-top-five-leagues,DEFENDER_UNCLASSIFIED
summer-S26-1149,summer,1114,S26-1149,Keven Schlotterbeck,Augsburg,Southampton,2026-08-27,3300000.0,GBP,,Defender — source label,,Evidence needed,"Buyer-specific role, production, availability, signing age and total fee evidence are needed before assigning a deal-value score.",Source broad position and transfer quote only; detailed role and buyer-specific production not validated.,Reported fee,Not assessed,https://www.theguardian.com/football/ng-interactive/2026/sep/01/mens-transfer-window-summer-2026-all-deals-from-europes-top-five-leagues,DEFENDER_UNCLASSIFIED
summer-S26-1150,summer,1115,S26-1150,Exequiel Palacios,Bayer Leverkusen,Ipswich Town,2026-08-27,23500000.0,GBP,,Midfielder — source label,,Evidence needed,"Buyer-specific role, production, availability, signing age and total fee evidence are needed before assigning a deal-value score.",Source broad position and transfer quote only; detailed role and buyer-specific production not validated.,Reported fee,Not assessed,https://www.theguardian.com/football/ng-interactive/2026/sep/01/mens-transfer-window-summer-2026-all-deals-from-europes-top-five-leagues,MIDFIELD_UNCLASSIFIED
summer-S26-1151,summer,1116,S26-1151,Mamadou Sarr,Chelsea,Real Sociedad,2026-08-28,,GBP,,Defender — source label,,Evidence needed,"Buyer-specific role, production, availability, signing age and total fee evidence are needed before assigning a deal-value score. Loan/swap costs must be treated separately.",Source broad position and transfer quote only; detailed role and buyer-specific production not validated.,Loan fee not stated,Not assessed,https://www.theguardian.com/football/ng-interactive/2026/sep/01/mens-transfer-window-summer-2026-all-deals-from-europes-top-five-leagues,DEFENDER_UNCLASSIFIED
summer-S26-1152,summer,1117,S26-1152,El Hadji Malick Diouf,West Ham United,Brentford,2026-08-28,35000000.0,GBP,,Defender — source label,,Evidence needed,"Buyer-specific role, production, availability, signing age and total fee evidence are needed before assigning a deal-value score.",Source broad position and transfer quote only; detailed role and buyer-specific production not validated.,Reported fee,Not assessed,https://www.theguardian.com/football/ng-interactive/2026/sep/01/mens-transfer-window-summer-2026-all-deals-from-europes-top-five-leagues,DEFENDER_UNCLASSIFIED
summer-S26-1153,summer,1118,S26-1153,Noah Atubolu,Freiburg,Eintracht Frankfurt,2026-08-28,,GBP,,Goalkeeper — source label,,Evidence needed,"Buyer-specific shot-stopping, distribution, aerial command, sweeping, signing age and total fee evidence are needed before scoring. Loan/swap costs must be treated separately.",Source broad position and transfer quote only; detailed role and buyer-specific production not validated.,Loan fee not stated,Not assessed,https://www.theguardian.com/football/ng-interactive/2026/sep/01/mens-transfer-window-summer-2026-all-deals-from-europes-top-five-leagues,GK
summer-S26-1155,summer,1120,S26-1155,Caleb Wiley,Chelsea,Preston,2026-08-28,,GBP,,Defender — source label,,Evidence needed,"Buyer-specific role, production, availability, signing age and total fee evidence are needed before assigning a deal-value score. Loan/swap costs must be treated separately.",Source broad position and transfer quote only; detailed role and buyer-specific production not validated.,Loan fee not stated,Not assessed,https://www.theguardian.com/football/ng-interactive/2026/sep/01/mens-transfer-window-summer-2026-all-deals-from-europes-top-five-leagues,DEFENDER_UNCLASSIFIED
summer-S26-1156,summer,1121,S26-1156,Miguel Ángel Brau,Coventry City,Académico Viseu,2026-08-28,,GBP,,Defender — source label,,Evidence needed,"Buyer-specific role, production, availability, signing age and total fee evidence are needed before assigning a deal-value score. Loan/swap costs must be treated separately.",Source broad position and transfer quote only; detailed role and buyer-specific production not validated.,Loan fee not stated,Not assessed,https://www.theguardian.com/football/ng-interactive/2026/sep/01/mens-transfer-window-summer-2026-all-deals-from-europes-top-five-leagues,DEFENDER_UNCLASSIFIED
summer-S26-1158,summer,1123,S26-1158,Giovanni Fabbian,Fiorentina,Parma,2026-08-28,,GBP,,Midfielder — source label,,Evidence needed,"Buyer-specific role, production, availability, signing age and total fee evidence are needed before assigning a deal-value score. Loan/swap costs must be treated separately.",Source broad position and transfer quote only; detailed role and buyer-specific production not validated.,Loan fee not stated,Not assessed,https://www.theguardian.com/football/ng-interactive/2026/sep/01/mens-transfer-window-summer-2026-all-deals-from-europes-top-five-leagues,MIDFIELD_UNCLASSIFIED
summer-S26-1162,summer,1127,S26-1162,Fabio Miretti,Juventus,Besiktas,2026-08-28,,GBP,,Midfielder — source label,,Evidence needed,"Buyer-specific role, production, availability, signing age and total fee evidence are needed before assigning a deal-value score. Loan/swap costs must be treated separately.",Source broad position and transfer quote only; detailed role and buyer-specific production not validated.,Loan fee not stated,Not assessed,https://www.theguardian.com/football/ng-interactive/2026/sep/01/mens-transfer-window-summer-2026-all-deals-from-europes-top-five-leagues,MIDFIELD_UNCLASSIFIED
summer-S26-1163,summer,1128,S26-1163,Kojo Peprah Oppong,Nice,Fenerbahce,2026-08-28,10270000.0,GBP,,Defender — source label,,Evidence needed,"Buyer-specific role, production, availability, signing age and total fee evidence are needed before assigning a deal-value score.",Source broad position and transfer quote only; detailed role and buyer-specific production not validated.,Reported fee,Not assessed,https://www.theguardian.com/football/ng-interactive/2026/sep/01/mens-transfer-window-summer-2026-all-deals-from-europes-top-five-leagues,DEFENDER_UNCLASSIFIED
summer-S26-1164,summer,1129,S26-1164,Bartosz Mrozek,Lech Poznan,Udinese,2026-08-28,1280000.0,GBP,,Goalkeeper — source label,,Evidence needed,"Buyer-specific shot-stopping, distribution, aerial command, sweeping, signing age and total fee evidence are needed before scoring.",Source broad position and transfer quote only; detailed role and buyer-specific production not validated.,Reported fee,Not assessed,https://www.theguardian.com/football/ng-interactive/2026/sep/01/mens-transfer-window-summer-2026-all-deals-from-europes-top-five-leagues,GK
summer-S26-1165,summer,1130,S26-1165,Gabriele Zappa,Cagliari,Verona,2026-08-28,,GBP,,Defender — source label,,Evidence needed,"Buyer-specific role, production, availability, signing age and total fee evidence are needed before assigning a deal-value score. Loan/swap costs must be treated separately.",Source broad position and transfer quote only; detailed role and buyer-specific production not validated.,Loan fee not stated,Not assessed,https://www.theguardian.com/football/ng-interactive/2026/sep/01/mens-transfer-window-summer-2026-all-deals-from-europes-top-five-leagues,DEFENDER_UNCLASSIFIED
summer-S26-1168,summer,1133,S26-1168,Javi Montero,Málaga,Leganés,2026-08-29,,GBP,,Defender — source label,,Evidence needed,"Buyer-specific role, production, availability, signing age and total fee evidence are needed before assigning a deal-value score. A zero base fee does not represent wages or signing costs.",Source broad position and transfer quote only; detailed role and buyer-specific production not validated.,Free transfer,Not assessed,https://www.theguardian.com/football/ng-interactive/2026/sep/01/mens-transfer-window-summer-2026-all-deals-from-europes-top-five-leagues,DEFENDER_UNCLASSIFIED
summer-S26-1170,summer,1135,S26-1170,Patrick Nuamah,Sassuolo,Sabadell,2026-08-28,,GBP,,Midfielder — source label,,Evidence needed,"Buyer-specific role, production, availability, signing age and total fee evidence are needed before assigning a deal-value score. Loan/swap costs must be treated separately.",Source broad position and transfer quote only; detailed role and buyer-specific production not validated.,Loan fee not stated,Not assessed,https://www.theguardian.com/football/ng-interactive/2026/sep/01/mens-transfer-window-summer-2026-all-deals-from-europes-top-five-leagues,MIDFIELD_UNCLASSIFIED
summer-S26-1171,summer,1136,S26-1171,Issa Kaboré,Manchester City,Wrexham,2026-08-26,2000000.0,GBP,,Defender — source label,,Evidence needed,"Buyer-specific role, production, availability, signing age and total fee evidence are needed before assigning a deal-value score.",Source broad position and transfer quote only; detailed role and buyer-specific production not validated.,Reported fee,Not assessed,https://www.theguardian.com/football/ng-interactive/2026/sep/01/mens-transfer-window-summer-2026-all-deals-from-europes-top-five-leagues,DEFENDER_UNCLASSIFIED
summer-S26-1172,summer,1137,S26-1172,Matai Akinmboni,Bournemouth,Dundee,2026-08-27,,GBP,,Defender — source label,,Evidence needed,"Buyer-specific role, production, availability, signing age and total fee evidence are needed before assigning a deal-value score. Loan/swap costs must be treated separately.",Source broad position and transfer quote only; detailed role and buyer-specific production not validated.,Loan fee not stated,Not assessed,https://www.theguardian.com/football/ng-interactive/2026/sep/01/mens-transfer-window-summer-2026-all-deals-from-europes-top-five-leagues,DEFENDER_UNCLASSIFIED
summer-S26-1173,summer,1138,S26-1173,Yanis Zouaoui,Le Havre,Montpellier,2026-08-28,,GBP,,Defender — source label,,Evidence needed,"Buyer-specific role, production, availability, signing age and total fee evidence are needed before assigning a deal-value score.",Source broad position and transfer quote only; detailed role and buyer-specific production not validated.,Undisclosed,Not assessed,https://www.theguardian.com/football/ng-interactive/2026/sep/01/mens-transfer-window-summer-2026-all-deals-from-europes-top-five-leagues,DEFENDER_UNCLASSIFIED
summer-S26-1174,summer,1139,S26-1174,Michael Folorunsho,Napoli,Monza,2026-08-28,,GBP,,Midfielder — source label,,Evidence needed,"Buyer-specific role, production, availability, signing age and total fee evidence are needed before assigning a deal-value score. Loan/swap costs must be treated separately.",Source broad position and transfer quote only; detailed role and buyer-specific production not validated.,Loan fee not stated,Not assessed,https://www.theguardian.com/football/ng-interactive/2026/sep/01/mens-transfer-window-summer-2026-all-deals-from-europes-top-five-leagues,MIDFIELD_UNCLASSIFIED
summer-S26-1177,summer,1142,S26-1177,Javi Muñoz,Getafe,Almería,2026-08-28,,GBP,,Midfielder — source label,,Evidence needed,"Buyer-specific role, production, availability, signing age and total fee evidence are needed before assigning a deal-value score. A zero base fee does not represent wages or signing costs.",Source broad position and transfer quote only; detailed role and buyer-specific production not validated.,Free transfer,Not assessed,https://www.theguardian.com/football/ng-interactive/2026/sep/01/mens-transfer-window-summer-2026-all-deals-from-europes-top-five-leagues,MIDFIELD_UNCLASSIFIED
summer-S26-1178,summer,1143,S26-1178,Rachid Kouda,Parma,Mantova,2026-08-27,,GBP,,Midfielder — source label,,Evidence needed,"Buyer-specific role, production, availability, signing age and total fee evidence are needed before assigning a deal-value score. Loan/swap costs must be treated separately.",Source broad position and transfer quote only; detailed role and buyer-specific production not validated.,Loan fee not stated,Not assessed,https://www.theguardian.com/football/ng-interactive/2026/sep/01/mens-transfer-window-summer-2026-all-deals-from-europes-top-five-leagues,MIDFIELD_UNCLASSIFIED
summer-S26-1179,summer,1144,S26-1179,Dominik Livakovic,Fenerbahce,Barcelona,2026-08-27,1700000.0,GBP,,Goalkeeper — source label,,Evidence needed,"Buyer-specific shot-stopping, distribution, aerial command, sweeping, signing age and total fee evidence are needed before scoring.",Source broad position and transfer quote only; detailed role and buyer-specific production not validated.,Reported fee,Not assessed,https://www.theguardian.com/football/ng-interactive/2026/sep/01/mens-transfer-window-summer-2026-all-deals-from-europes-top-five-leagues,GK
summer-S26-1180,summer,1145,S26-1180,Kai Andrews,Coventry City,Oxford United,2026-08-28,,GBP,,Midfielder — source label,,Evidence needed,"Buyer-specific role, production, availability, signing age and total fee evidence are needed before assigning a deal-value score. Loan/swap costs must be treated separately.",Source broad position and transfer quote only; detailed role and buyer-specific production not validated.,Loan fee not stated,Not assessed,https://www.theguardian.com/football/ng-interactive/2026/sep/01/mens-transfer-window-summer-2026-all-deals-from-europes-top-five-leagues,MIDFIELD_UNCLASSIFIED
summer-S26-1185,summer,1150,S26-1185,Felix Uduokhai,Besiktas,Union Berlin,2026-08-27,1300000.0,GBP,,Defender — source label,,Evidence needed,"Buyer-specific role, production, availability, signing age and total fee evidence are needed before assigning a deal-value score.",Source broad position and transfer quote only; detailed role and buyer-specific production not validated.,Reported fee,Not assessed,https://www.theguardian.com/football/ng-interactive/2026/sep/01/mens-transfer-window-summer-2026-all-deals-from-europes-top-five-leagues,DEFENDER_UNCLASSIFIED
summer-S26-1186,summer,1151,S26-1186,Seol Young-woo,Red Star Belgrade,Augsburg,2026-08-27,3200000.0,GBP,,Defender — source label,,Evidence needed,"Buyer-specific role, production, availability, signing age and total fee evidence are needed before assigning a deal-value score.",Source broad position and transfer quote only; detailed role and buyer-specific production not validated.,Reported fee,Not assessed,https://www.theguardian.com/football/ng-interactive/2026/sep/01/mens-transfer-window-summer-2026-all-deals-from-europes-top-five-leagues,DEFENDER_UNCLASSIFIED
summer-S26-1188,summer,1153,S26-1188,Felipe Chávez,Bayern Munich,Magdeburg,2026-08-27,,GBP,,Midfielder — source label,,Evidence needed,"Buyer-specific role, production, availability, signing age and total fee evidence are needed before assigning a deal-value score. Loan/swap costs must be treated separately.",Source broad position and transfer quote only; detailed role and buyer-specific production not validated.,Loan fee not stated,Not assessed,https://www.theguardian.com/football/ng-interactive/2026/sep/01/mens-transfer-window-summer-2026-all-deals-from-europes-top-five-leagues,MIDFIELD_UNCLASSIFIED
summer-S26-1194,summer,1159,S26-1194,Semuel Pizzignacco,Monza,Carrarese,2026-08-28,,GBP,,Goalkeeper — source label,,Evidence needed,"Buyer-specific shot-stopping, distribution, aerial command, sweeping, signing age and total fee evidence are needed before scoring. Loan/swap costs must be treated separately.",Source broad position and transfer quote only; detailed role and buyer-specific production not validated.,Loan fee not stated,Not assessed,https://www.theguardian.com/football/ng-interactive/2026/sep/01/mens-transfer-window-summer-2026-all-deals-from-europes-top-five-leagues,GK
summer-S26-1198,summer,1163,S26-1198,Ivan Ilic,Torino,Lecce,2026-08-27,,GBP,,Midfielder — source label,,Evidence needed,"Buyer-specific role, production, availability, signing age and total fee evidence are needed before assigning a deal-value score. Loan/swap costs must be treated separately.",Source broad position and transfer quote only; detailed role and buyer-specific production not validated.,Loan fee not stated,Not assessed,https://www.theguardian.com/football/ng-interactive/2026/sep/01/mens-transfer-window-summer-2026-all-deals-from-europes-top-five-leagues,MIDFIELD_UNCLASSIFIED
summer-S26-1199,summer,1164,S26-1199,Filippo Grosso,Frosinone,Crotone,2026-08-27,,GBP,,Midfielder — source label,,Evidence needed,"Buyer-specific role, production, availability, signing age and total fee evidence are needed before assigning a deal-value score. Loan/swap costs must be treated separately.",Source broad position and transfer quote only; detailed role and buyer-specific production not validated.,Loan fee not stated,Not assessed,https://www.theguardian.com/football/ng-interactive/2026/sep/01/mens-transfer-window-summer-2026-all-deals-from-europes-top-five-leagues,MIDFIELD_UNCLASSIFIED
summer-S26-1200,summer,1165,S26-1200,Alan Matturro,Genoa,Shakhtar Donetsk,2026-08-26,4300000.0,GBP,,Defender — source label,,Evidence needed,"Buyer-specific role, production, availability, signing age and total fee evidence are needed before assigning a deal-value score.",Source broad position and transfer quote only; detailed role and buyer-specific production not validated.,Reported fee,Not assessed,https://www.theguardian.com/football/ng-interactive/2026/sep/01/mens-transfer-window-summer-2026-all-deals-from-europes-top-five-leagues,DEFENDER_UNCLASSIFIED
summer-S26-1201,summer,1166,S26-1201,Emiliano Martínez,Aston Villa,Chelsea,2026-08-30,7500000.0,GBP,,Goalkeeper — source label,,Evidence needed,"Buyer-specific shot-stopping, distribution, aerial command, sweeping, signing age and total fee evidence are needed before scoring.",Source broad position and transfer quote only; detailed role and buyer-specific production not validated.,Reported fee,Not assessed,https://www.theguardian.com/football/ng-interactive/2026/sep/01/mens-transfer-window-summer-2026-all-deals-from-europes-top-five-leagues,GK
summer-S26-1203,summer,1168,S26-1203,Jamie Donley,Tottenham Hotspur,Luton Town,2026-08-29,,GBP,,Midfielder — source label,,Evidence needed,"Buyer-specific role, production, availability, signing age and total fee evidence are needed before assigning a deal-value score. Loan/swap costs must be treated separately.",Source broad position and transfer quote only; detailed role and buyer-specific production not validated.,Loan fee not stated,Not assessed,https://www.theguardian.com/football/ng-interactive/2026/sep/01/mens-transfer-window-summer-2026-all-deals-from-europes-top-five-leagues,MIDFIELD_UNCLASSIFIED
summer-S26-1204,summer,1169,S26-1204,William Mikelbrencis,Hamburg,Darmstadt,2026-08-29,,GBP,,Defender — source label,,Evidence needed,"Buyer-specific role, production, availability, signing age and total fee evidence are needed before assigning a deal-value score. A zero base fee does not represent wages or signing costs.",Source broad position and transfer quote only; detailed role and buyer-specific production not validated.,Free transfer,Not assessed,https://www.theguardian.com/football/ng-interactive/2026/sep/01/mens-transfer-window-summer-2026-all-deals-from-europes-top-five-leagues,DEFENDER_UNCLASSIFIED
summer-S26-1205,summer,1170,S26-1205,Marcus Pedersen,Torino,Olympiakos,2026-08-29,5100000.0,GBP,,Defender — source label,,Evidence needed,"Buyer-specific role, production, availability, signing age and total fee evidence are needed before assigning a deal-value score.",Source broad position and transfer quote only; detailed role and buyer-specific production not validated.,Reported fee,Not assessed,https://www.theguardian.com/football/ng-interactive/2026/sep/01/mens-transfer-window-summer-2026-all-deals-from-europes-top-five-leagues,DEFENDER_UNCLASSIFIED
summer-S26-1206,summer,1171,S26-1206,Lucas Perri,Leeds United,Torino,2026-08-29,,GBP,,Goalkeeper — source label,,Evidence needed,"Buyer-specific shot-stopping, distribution, aerial command, sweeping, signing age and total fee evidence are needed before scoring. Loan/swap costs must be treated separately.",Source broad position and transfer quote only; detailed role and buyer-specific production not validated.,Loan fee not stated,Not assessed,https://www.theguardian.com/football/ng-interactive/2026/sep/01/mens-transfer-window-summer-2026-all-deals-from-europes-top-five-leagues,GK
summer-S26-1208,summer,1173,S26-1208,Arthur Theate,Eintracht Frankfurt,Bologna,2026-08-30,,GBP,,Defender — source label,,Evidence needed,"Buyer-specific role, production, availability, signing age and total fee evidence are needed before assigning a deal-value score. Loan/swap costs must be treated separately.",Source broad position and transfer quote only; detailed role and buyer-specific production not validated.,Loan fee not stated,Not assessed,https://www.theguardian.com/football/ng-interactive/2026/sep/01/mens-transfer-window-summer-2026-all-deals-from-europes-top-five-leagues,DEFENDER_UNCLASSIFIED
summer-S26-1209,summer,1174,S26-1209,Leonardo Balerdi,Marseille,Roma,2026-08-30,,GBP,,Defender — source label,,Evidence needed,"Buyer-specific role, production, availability, signing age and total fee evidence are needed before assigning a deal-value score. Loan/swap costs must be treated separately.",Source broad position and transfer quote only; detailed role and buyer-specific production not validated.,Loan fee not stated,Not assessed,https://www.theguardian.com/football/ng-interactive/2026/sep/01/mens-transfer-window-summer-2026-all-deals-from-europes-top-five-leagues,DEFENDER_UNCLASSIFIED
summer-S26-1210,summer,1175,S26-1210,Tyler Bindon,Nottingham Forest,Charlton Athletic,2026-08-30,,GBP,,Defender — source label,,Evidence needed,"Buyer-specific role, production, availability, signing age and total fee evidence are needed before assigning a deal-value score. Loan/swap costs must be treated separately.",Source broad position and transfer quote only; detailed role and buyer-specific production not validated.,Loan fee not stated,Not assessed,https://www.theguardian.com/football/ng-interactive/2026/sep/01/mens-transfer-window-summer-2026-all-deals-from-europes-top-five-leagues,DEFENDER_UNCLASSIFIED
summer-S26-1211,summer,1176,S26-1211,Nick Bätzner,Paderborn,RW Essen,2026-08-30,106500.0,GBP,,Midfielder — source label,,Evidence needed,"Buyer-specific role, production, availability, signing age and total fee evidence are needed before assigning a deal-value score.",Source broad position and transfer quote only; detailed role and buyer-specific production not validated.,Reported fee,Not assessed,https://www.theguardian.com/football/ng-interactive/2026/sep/01/mens-transfer-window-summer-2026-all-deals-from-europes-top-five-leagues,MIDFIELD_UNCLASSIFIED
summer-S26-1213,summer,1178,S26-1213,Ernestas Lysionok,Genoa,Dolomiti,2026-08-30,,GBP,,Goalkeeper — source label,,Evidence needed,"Buyer-specific shot-stopping, distribution, aerial command, sweeping, signing age and total fee evidence are needed before scoring. Loan/swap costs must be treated separately.",Source broad position and transfer quote only; detailed role and buyer-specific production not validated.,Loan fee not stated,Not assessed,https://www.theguardian.com/football/ng-interactive/2026/sep/01/mens-transfer-window-summer-2026-all-deals-from-europes-top-five-leagues,GK
summer-S26-1215,summer,1180,S26-1215,Stephen Mfuni,Manchester City,Coventry City,2026-08-30,,GBP,,Defender — source label,,Evidence needed,"Buyer-specific role, production, availability, signing age and total fee evidence are needed before assigning a deal-value score. Loan/swap costs must be treated separately.",Source broad position and transfer quote only; detailed role and buyer-specific production not validated.,Loan fee not stated,Not assessed,https://www.theguardian.com/football/ng-interactive/2026/sep/01/mens-transfer-window-summer-2026-all-deals-from-europes-top-five-leagues,DEFENDER_UNCLASSIFIED
summer-S26-1218,summer,1183,S26-1218,Matías Orozco,Deportivo Cali,Brighton,2026-08-30,3500000.0,GBP,,Midfielder — source label,,Evidence needed,"Buyer-specific role, production, availability, signing age and total fee evidence are needed before assigning a deal-value score.",Source broad position and transfer quote only; detailed role and buyer-specific production not validated.,Reported fee,Not assessed,https://www.theguardian.com/football/ng-interactive/2026/sep/01/mens-transfer-window-summer-2026-all-deals-from-europes-top-five-leagues,MIDFIELD_UNCLASSIFIED
summer-S26-1219,summer,1184,S26-1219,Ignace Van Der Brempt,Como 1907,Sassuolo,2026-08-30,,GBP,,Defender — source label,,Evidence needed,"Buyer-specific role, production, availability, signing age and total fee evidence are needed before assigning a deal-value score. Loan/swap costs must be treated separately.",Source broad position and transfer quote only; detailed role and buyer-specific production not validated.,Loan fee not stated,Not assessed,https://www.theguardian.com/football/ng-interactive/2026/sep/01/mens-transfer-window-summer-2026-all-deals-from-europes-top-five-leagues,DEFENDER_UNCLASSIFIED
summer-S26-1221,summer,1186,S26-1221,Axel Tape,Bayer Leverkusen,Levante,2026-08-30,,GBP,,Defender — source label,,Evidence needed,"Buyer-specific role, production, availability, signing age and total fee evidence are needed before assigning a deal-value score. Loan/swap costs must be treated separately.",Source broad position and transfer quote only; detailed role and buyer-specific production not validated.,Loan fee not stated,Not assessed,https://www.theguardian.com/football/ng-interactive/2026/sep/01/mens-transfer-window-summer-2026-all-deals-from-europes-top-five-leagues,DEFENDER_UNCLASSIFIED
summer-S26-1223,summer,1188,S26-1223,Ali Dembélé,Torino,Lecce,2026-08-30,,GBP,,Defender — source label,,Evidence needed,"Buyer-specific role, production, availability, signing age and total fee evidence are needed before assigning a deal-value score. Loan/swap costs must be treated separately.",Source broad position and transfer quote only; detailed role and buyer-specific production not validated.,Loan fee not stated,Not assessed,https://www.theguardian.com/football/ng-interactive/2026/sep/01/mens-transfer-window-summer-2026-all-deals-from-europes-top-five-leagues,DEFENDER_UNCLASSIFIED
summer-S26-1225,summer,1190,S26-1225,Sergio Martínez,Racing Santander,Real Madrid,2026-08-31,2600000.0,GBP,,Midfielder — source label,,Evidence needed,"Buyer-specific role, production, availability, signing age and total fee evidence are needed before assigning a deal-value score.",Source broad position and transfer quote only; detailed role and buyer-specific production not validated.,Reported fee,Not assessed,https://www.theguardian.com/football/ng-interactive/2026/sep/01/mens-transfer-window-summer-2026-all-deals-from-europes-top-five-leagues,MIDFIELD_UNCLASSIFIED
summer-S26-1226,summer,1191,S26-1226,Yanis Massolin,Inter,Cagliari,2026-08-30,,GBP,,Midfielder — source label,,Evidence needed,"Buyer-specific role, production, availability, signing age and total fee evidence are needed before assigning a deal-value score. Loan/swap costs must be treated separately.",Source broad position and transfer quote only; detailed role and buyer-specific production not validated.,Loan fee not stated,Not assessed,https://www.theguardian.com/football/ng-interactive/2026/sep/01/mens-transfer-window-summer-2026-all-deals-from-europes-top-five-leagues,MIDFIELD_UNCLASSIFIED
summer-S26-1227,summer,1192,S26-1227,Jayce Fitzgerald,Manchester United,Rotherham,2026-08-31,,GBP,,Midfielder — source label,,Evidence needed,"Buyer-specific role, production, availability, signing age and total fee evidence are needed before assigning a deal-value score. Loan/swap costs must be treated separately.",Source broad position and transfer quote only; detailed role and buyer-specific production not validated.,Loan fee not stated,Not assessed,https://www.theguardian.com/football/ng-interactive/2026/sep/01/mens-transfer-window-summer-2026-all-deals-from-europes-top-five-leagues,MIDFIELD_UNCLASSIFIED
summer-S26-1228,summer,1193,S26-1228,Daniel Muñoz,Crystal Palace,Nottingham Forest,2026-08-31,22000000.0,GBP,,Defender — source label,,Evidence needed,"Buyer-specific role, production, availability, signing age and total fee evidence are needed before assigning a deal-value score.",Source broad position and transfer quote only; detailed role and buyer-specific production not validated.,Reported fee,Not assessed,https://www.theguardian.com/football/ng-interactive/2026/sep/01/mens-transfer-window-summer-2026-all-deals-from-europes-top-five-leagues,DEFENDER_UNCLASSIFIED
summer-S26-1231,summer,1195,S26-1231,Filippo Missori,Sassuolo,Avellino,2026-08-31,,GBP,,Defender — source label,,Evidence needed,"Buyer-specific role, production, availability, signing age and total fee evidence are needed before assigning a deal-value score. Loan/swap costs must be treated separately.",Source broad position and transfer quote only; detailed role and buyer-specific production not validated.,Loan fee not stated,Not assessed,https://www.theguardian.com/football/ng-interactive/2026/sep/01/mens-transfer-window-summer-2026-all-deals-from-europes-top-five-leagues,DEFENDER_UNCLASSIFIED
summer-S26-1233,summer,1197,S26-1233,Lino Sousa,Aston Villa,Shrewsbury Town,2026-08-31,,GBP,,Defender — source label,,Evidence needed,"Buyer-specific role, production, availability, signing age and total fee evidence are needed before assigning a deal-value score. Loan/swap costs must be treated separately.",Source broad position and transfer quote only; detailed role and buyer-specific production not validated.,Loan fee not stated,Not assessed,https://www.theguardian.com/football/ng-interactive/2026/sep/01/mens-transfer-window-summer-2026-all-deals-from-europes-top-five-leagues,DEFENDER_UNCLASSIFIED
summer-S26-1234,summer,1198,S26-1234,Josh Feeney,Aston Villa,Peterborough,2026-08-31,,GBP,,Defender — source label,,Evidence needed,"Buyer-specific role, production, availability, signing age and total fee evidence are needed before assigning a deal-value score. Loan/swap costs must be treated separately.",Source broad position and transfer quote only; detailed role and buyer-specific production not validated.,Loan fee not stated,Not assessed,https://www.theguardian.com/football/ng-interactive/2026/sep/01/mens-transfer-window-summer-2026-all-deals-from-europes-top-five-leagues,DEFENDER_UNCLASSIFIED
summer-S26-1238,summer,1202,S26-1238,Adam Aznou,Everton,Málaga,2026-08-31,,GBP,,Defender — source label,,Evidence needed,"Buyer-specific role, production, availability, signing age and total fee evidence are needed before assigning a deal-value score. Loan/swap costs must be treated separately.",Source broad position and transfer quote only; detailed role and buyer-specific production not validated.,Loan fee not stated,Not assessed,https://www.theguardian.com/football/ng-interactive/2026/sep/01/mens-transfer-window-summer-2026-all-deals-from-europes-top-five-leagues,DEFENDER_UNCLASSIFIED
summer-S26-1243,summer,1207,S26-1243,Pasquale Mazzocchi,Napoli,Venezia,2026-08-31,,GBP,,Defender — source label,,Evidence needed,"Buyer-specific role, production, availability, signing age and total fee evidence are needed before assigning a deal-value score. Loan/swap costs must be treated separately.",Source broad position and transfer quote only; detailed role and buyer-specific production not validated.,Loan fee not stated,Not assessed,https://www.theguardian.com/football/ng-interactive/2026/sep/01/mens-transfer-window-summer-2026-all-deals-from-europes-top-five-leagues,DEFENDER_UNCLASSIFIED
summer-S26-1245,summer,1209,S26-1245,Duje Caleta-Car,Lyon,Sassuolo,2026-09-01,,GBP,,Defender — source label,,Evidence needed,"Buyer-specific role, production, availability, signing age and total fee evidence are needed before assigning a deal-value score. A zero base fee does not represent wages or signing costs.",Source broad position and transfer quote only; detailed role and buyer-specific production not validated.,Free transfer,Not assessed,https://www.theguardian.com/football/ng-interactive/2026/sep/01/mens-transfer-window-summer-2026-all-deals-from-europes-top-five-leagues,DEFENDER_UNCLASSIFIED
summer-S26-1246,summer,1210,S26-1246,Zakaria El Ouahdi,Genk,Hamburg,2026-09-01,6850000.0,GBP,,Defender — source label,,Evidence needed,"Buyer-specific role, production, availability, signing age and total fee evidence are needed before assigning a deal-value score.",Source broad position and transfer quote only; detailed role and buyer-specific production not validated.,Reported fee,Not assessed,https://www.theguardian.com/football/ng-interactive/2026/sep/01/mens-transfer-window-summer-2026-all-deals-from-europes-top-five-leagues,DEFENDER_UNCLASSIFIED
summer-S26-1247,summer,1211,S26-1247,Aarón Martín,Genoa,Racing Santander,2026-09-01,1700000.0,GBP,,Defender — source label,,Evidence needed,"Buyer-specific role, production, availability, signing age and total fee evidence are needed before assigning a deal-value score.",Source broad position and transfer quote only; detailed role and buyer-specific production not validated.,Reported fee,Not assessed,https://www.theguardian.com/football/ng-interactive/2026/sep/01/mens-transfer-window-summer-2026-all-deals-from-europes-top-five-leagues,DEFENDER_UNCLASSIFIED
summer-S26-1249,summer,1213,S26-1249,Souza,Tottenham Hotspur,Porto,2026-08-31,,GBP,,Defender — source label,,Evidence needed,"Buyer-specific role, production, availability, signing age and total fee evidence are needed before assigning a deal-value score. Loan/swap costs must be treated separately.",Source broad position and transfer quote only; detailed role and buyer-specific production not validated.,Loan fee not stated,Not assessed,https://www.theguardian.com/football/ng-interactive/2026/sep/01/mens-transfer-window-summer-2026-all-deals-from-europes-top-five-leagues,DEFENDER_UNCLASSIFIED
summer-S26-1250,summer,1214,S26-1250,Nicolas Galazzi,Monza,Padova,2026-09-01,,GBP,,Midfielder — source label,,Evidence needed,"Buyer-specific role, production, availability, signing age and total fee evidence are needed before assigning a deal-value score. Loan/swap costs must be treated separately.",Source broad position and transfer quote only; detailed role and buyer-specific production not validated.,Loan fee not stated,Not assessed,https://www.theguardian.com/football/ng-interactive/2026/sep/01/mens-transfer-window-summer-2026-all-deals-from-europes-top-five-leagues,MIDFIELD_UNCLASSIFIED
summer-S26-1251,summer,1215,S26-1251,John Chetauya,Elche,Mallorca,2026-08-31,,GBP,,Defender — source label,,Evidence needed,"Buyer-specific role, production, availability, signing age and total fee evidence are needed before assigning a deal-value score. Loan/swap costs must be treated separately.",Source broad position and transfer quote only; detailed role and buyer-specific production not validated.,Loan fee not stated,Not assessed,https://www.theguardian.com/football/ng-interactive/2026/sep/01/mens-transfer-window-summer-2026-all-deals-from-europes-top-five-leagues,DEFENDER_UNCLASSIFIED
summer-S26-1253,summer,1217,S26-1253,Mathis Amougou,Strasbourg,Toulouse,2026-09-01,,GBP,,Midfielder — source label,,Evidence needed,"Buyer-specific role, production, availability, signing age and total fee evidence are needed before assigning a deal-value score. Loan/swap costs must be treated separately.",Source broad position and transfer quote only; detailed role and buyer-specific production not validated.,Loan fee not stated,Not assessed,https://www.theguardian.com/football/ng-interactive/2026/sep/01/mens-transfer-window-summer-2026-all-deals-from-europes-top-five-leagues,MIDFIELD_UNCLASSIFIED
summer-S26-1255,summer,1218,S26-1255,Fábio Vieira,Arsenal,Hamburg,2026-09-01,7700000.0,GBP,,Midfielder — source label,,Evidence needed,"Buyer-specific role, production, availability, signing age and total fee evidence are needed before assigning a deal-value score.",Source broad position and transfer quote only; detailed role and buyer-specific production not validated.,Reported fee,Not assessed,https://www.theguardian.com/football/ng-interactive/2026/sep/01/mens-transfer-window-summer-2026-all-deals-from-europes-top-five-leagues,MIDFIELD_UNCLASSIFIED
summer-S26-1256,summer,1219,S26-1256,Kota Takai,Tottenham Hotspur,Sint-Truiden,2026-09-01,,GBP,,Defender — source label,,Evidence needed,"Buyer-specific role, production, availability, signing age and total fee evidence are needed before assigning a deal-value score. Loan/swap costs must be treated separately.",Source broad position and transfer quote only; detailed role and buyer-specific production not validated.,Loan fee not stated,Not assessed,https://www.theguardian.com/football/ng-interactive/2026/sep/01/mens-transfer-window-summer-2026-all-deals-from-europes-top-five-leagues,DEFENDER_UNCLASSIFIED
summer-S26-1257,summer,1220,S26-1257,Kastriot Imeri,Young Boys,Union Berlin,2026-09-01,2140000.0,GBP,,Midfielder — source label,,Evidence needed,"Buyer-specific role, production, availability, signing age and total fee evidence are needed before assigning a deal-value score.",Source broad position and transfer quote only; detailed role and buyer-specific production not validated.,Reported fee,Not assessed,https://www.theguardian.com/football/ng-interactive/2026/sep/01/mens-transfer-window-summer-2026-all-deals-from-europes-top-five-leagues,MIDFIELD_UNCLASSIFIED
summer-S26-1258,summer,1221,S26-1258,Taylor Harwood-Bellis,Southampton,Aston Villa,2026-09-01,25000000.0,GBP,,Defender — source label,,Evidence needed,"Buyer-specific role, production, availability, signing age and total fee evidence are needed before assigning a deal-value score.",Source broad position and transfer quote only; detailed role and buyer-specific production not validated.,Reported fee,Not assessed,https://www.theguardian.com/football/ng-interactive/2026/sep/01/mens-transfer-window-summer-2026-all-deals-from-europes-top-five-leagues,DEFENDER_UNCLASSIFIED
summer-S26-1260,summer,1223,S26-1260,Maurits Kjaergaard,Red Bull Salzburg,Lille,2026-09-01,6850000.0,GBP,,Midfielder — source label,,Evidence needed,"Buyer-specific role, production, availability, signing age and total fee evidence are needed before assigning a deal-value score.",Source broad position and transfer quote only; detailed role and buyer-specific production not validated.,Reported fee,Not assessed,https://www.theguardian.com/football/ng-interactive/2026/sep/01/mens-transfer-window-summer-2026-all-deals-from-europes-top-five-leagues,MIDFIELD_UNCLASSIFIED
summer-S26-1264,summer,1226,S26-1264,Dylan Leonard,Schalke 04,Alemannia Aachen,2026-09-01,,GBP,,Defender — source label,,Evidence needed,"Buyer-specific role, production, availability, signing age and total fee evidence are needed before assigning a deal-value score. Loan/swap costs must be treated separately.",Source broad position and transfer quote only; detailed role and buyer-specific production not validated.,Loan fee not stated,Not assessed,https://www.theguardian.com/football/ng-interactive/2026/sep/01/mens-transfer-window-summer-2026-all-deals-from-europes-top-five-leagues,DEFENDER_UNCLASSIFIED
summer-S26-1265,summer,1227,S26-1265,Mahamadou Diawara,Lyon,Red Star,2026-09-01,,GBP,,Midfielder — source label,,Evidence needed,"Buyer-specific role, production, availability, signing age and total fee evidence are needed before assigning a deal-value score. Loan/swap costs must be treated separately.",Source broad position and transfer quote only; detailed role and buyer-specific production not validated.,Loan fee not stated,Not assessed,https://www.theguardian.com/football/ng-interactive/2026/sep/01/mens-transfer-window-summer-2026-all-deals-from-europes-top-five-leagues,MIDFIELD_UNCLASSIFIED
summer-S26-1266,summer,1228,S26-1266,Honest Ahanor,Atalanta,Crystal Palace,2026-09-01,,GBP,,Defender — source label,,Evidence needed,"Buyer-specific role, production, availability, signing age and total fee evidence are needed before assigning a deal-value score. Loan/swap costs must be treated separately.",Source broad position and transfer quote only; detailed role and buyer-specific production not validated.,Loan fee not stated,Not assessed,https://www.theguardian.com/football/ng-interactive/2026/sep/01/mens-transfer-window-summer-2026-all-deals-from-europes-top-five-leagues,DEFENDER_UNCLASSIFIED
summer-S26-1268,summer,1230,S26-1268,Cameron Humphreys,Ipswich Town,Huddersfield,2026-09-01,,GBP,,Midfielder — source label,,Evidence needed,"Buyer-specific role, production, availability, signing age and total fee evidence are needed before assigning a deal-value score. Loan/swap costs must be treated separately.",Source broad position and transfer quote only; detailed role and buyer-specific production not validated.,Loan fee not stated,Not assessed,https://www.theguardian.com/football/ng-interactive/2026/sep/01/mens-transfer-window-summer-2026-all-deals-from-europes-top-five-leagues,MIDFIELD_UNCLASSIFIED
summer-S26-1269,summer,1231,S26-1269,Botond Balogh,Parma,Westerlo,2026-09-01,428000.0,GBP,,Defender — source label,,Evidence needed,"Buyer-specific role, production, availability, signing age and total fee evidence are needed before assigning a deal-value score.",Source broad position and transfer quote only; detailed role and buyer-specific production not validated.,Reported fee,Not assessed,https://www.theguardian.com/football/ng-interactive/2026/sep/01/mens-transfer-window-summer-2026-all-deals-from-europes-top-five-leagues,DEFENDER_UNCLASSIFIED
summer-S26-1272,summer,1234,S26-1272,Moussa N'Diaye,Anderlecht,Werder Bremen,2026-09-01,,GBP,,Defender — source label,,Evidence needed,"Buyer-specific role, production, availability, signing age and total fee evidence are needed before assigning a deal-value score. Loan/swap costs must be treated separately.",Source broad position and transfer quote only; detailed role and buyer-specific production not validated.,Loan fee not stated,Not assessed,https://www.theguardian.com/football/ng-interactive/2026/sep/01/mens-transfer-window-summer-2026-all-deals-from-europes-top-five-leagues,DEFENDER_UNCLASSIFIED
summer-S26-1273,summer,1235,S26-1273,Juan Berrocal,Getafe,Málaga,2026-09-01,,GBP,,Defender — source label,,Evidence needed,"Buyer-specific role, production, availability, signing age and total fee evidence are needed before assigning a deal-value score. A zero base fee does not represent wages or signing costs.",Source broad position and transfer quote only; detailed role and buyer-specific production not validated.,Free transfer,Not assessed,https://www.theguardian.com/football/ng-interactive/2026/sep/01/mens-transfer-window-summer-2026-all-deals-from-europes-top-five-leagues,DEFENDER_UNCLASSIFIED
summer-S26-1275,summer,1237,S26-1275,Edoardo Iannoni,Sassuolo,Verona,2026-09-01,,GBP,,Midfielder — source label,,Evidence needed,"Buyer-specific role, production, availability, signing age and total fee evidence are needed before assigning a deal-value score.",Source broad position and transfer quote only; detailed role and buyer-specific production not validated.,Undisclosed,Not assessed,https://www.theguardian.com/football/ng-interactive/2026/sep/01/mens-transfer-window-summer-2026-all-deals-from-europes-top-five-leagues,MIDFIELD_UNCLASSIFIED
summer-S26-1276,summer,1238,S26-1276,Branimir Mlacic,Udinese,Watford,2026-09-01,,GBP,,Defender — source label,,Evidence needed,"Buyer-specific role, production, availability, signing age and total fee evidence are needed before assigning a deal-value score. Loan/swap costs must be treated separately.",Source broad position and transfer quote only; detailed role and buyer-specific production not validated.,Loan fee not stated,Not assessed,https://www.theguardian.com/football/ng-interactive/2026/sep/01/mens-transfer-window-summer-2026-all-deals-from-europes-top-five-leagues,DEFENDER_UNCLASSIFIED
summer-S26-1277,summer,1239,S26-1277,Filippo Delli Carri,Monza,Sampdoria,2026-09-01,,GBP,,Defender — source label,,Evidence needed,"Buyer-specific role, production, availability, signing age and total fee evidence are needed before assigning a deal-value score. Loan/swap costs must be treated separately.",Source broad position and transfer quote only; detailed role and buyer-specific production not validated.,Loan fee not stated,Not assessed,https://www.theguardian.com/football/ng-interactive/2026/sep/01/mens-transfer-window-summer-2026-all-deals-from-europes-top-five-leagues,DEFENDER_UNCLASSIFIED
summer-S26-1279,summer,1241,S26-1279,Joe Whitworth,Crystal Palace,Wigan Athletic,2026-09-01,,GBP,,Goalkeeper — source label,,Evidence needed,"Buyer-specific shot-stopping, distribution, aerial command, sweeping, signing age and total fee evidence are needed before scoring. A zero base fee does not represent wages or signing costs.",Source broad position and transfer quote only; detailed role and buyer-specific production not validated.,Free transfer,Not assessed,https://www.theguardian.com/football/ng-interactive/2026/sep/01/mens-transfer-window-summer-2026-all-deals-from-europes-top-five-leagues,GK
summer-S26-1281,summer,1243,S26-1281,Rui Modesto,Udinese,Vancouver Whitecaps,2026-09-01,,GBP,,Defender — source label,,Evidence needed,"Buyer-specific role, production, availability, signing age and total fee evidence are needed before assigning a deal-value score.",Source broad position and transfer quote only; detailed role and buyer-specific production not validated.,Undisclosed,Not assessed,https://www.theguardian.com/football/ng-interactive/2026/sep/01/mens-transfer-window-summer-2026-all-deals-from-europes-top-five-leagues,DEFENDER_UNCLASSIFIED
summer-S26-1285,summer,1247,S26-1285,Paolo Vismara,Atalanta,Juve Stabia,2026-09-01,,GBP,,Goalkeeper — source label,,Evidence needed,"Buyer-specific shot-stopping, distribution, aerial command, sweeping, signing age and total fee evidence are needed before scoring.",Source broad position and transfer quote only; detailed role and buyer-specific production not validated.,Undisclosed,Not assessed,https://www.theguardian.com/football/ng-interactive/2026/sep/01/mens-transfer-window-summer-2026-all-deals-from-europes-top-five-leagues,GK
summer-S26-1286,summer,1248,S26-1286,Mattia Mannini,Roma,Benevento,2026-09-01,,GBP,,Defender — source label,,Evidence needed,"Buyer-specific role, production, availability, signing age and total fee evidence are needed before assigning a deal-value score. Loan/swap costs must be treated separately.",Source broad position and transfer quote only; detailed role and buyer-specific production not validated.,Loan fee not stated,Not assessed,https://www.theguardian.com/football/ng-interactive/2026/sep/01/mens-transfer-window-summer-2026-all-deals-from-europes-top-five-leagues,DEFENDER_UNCLASSIFIED
summer-S26-1287,summer,1249,S26-1287,Pape Matar Sarr,Tottenham Hotspur,Juventus,2026-09-01,,GBP,,Midfielder — source label,,Evidence needed,"Buyer-specific role, production, availability, signing age and total fee evidence are needed before assigning a deal-value score. Loan/swap costs must be treated separately.",Source broad position and transfer quote only; detailed role and buyer-specific production not validated.,Loan fee not stated,Not assessed,https://www.theguardian.com/football/ng-interactive/2026/sep/01/mens-transfer-window-summer-2026-all-deals-from-europes-top-five-leagues,MIDFIELD_UNCLASSIFIED
summer-S26-1290,summer,1252,S26-1290,Jeanuël Belocian,Bayer Leverkusen,Racing Santander,2026-09-01,,GBP,,Defender — source label,,Evidence needed,"Buyer-specific role, production, availability, signing age and total fee evidence are needed before assigning a deal-value score. Loan/swap costs must be treated separately.",Source broad position and transfer quote only; detailed role and buyer-specific production not validated.,Loan fee not stated,Not assessed,https://www.theguardian.com/football/ng-interactive/2026/sep/01/mens-transfer-window-summer-2026-all-deals-from-europes-top-five-leagues,DEFENDER_UNCLASSIFIED
summer-S26-1291,summer,1253,S26-1291,Jean-Clair Todibo,West Ham United,Lens,2026-09-01,,GBP,,Defender — source label,,Evidence needed,"Buyer-specific role, production, availability, signing age and total fee evidence are needed before assigning a deal-value score. Loan/swap costs must be treated separately.",Source broad position and transfer quote only; detailed role and buyer-specific production not validated.,Loan fee not stated,Not assessed,https://www.theguardian.com/football/ng-interactive/2026/sep/01/mens-transfer-window-summer-2026-all-deals-from-europes-top-five-leagues,DEFENDER_UNCLASSIFIED
summer-S26-1293,summer,1255,S26-1293,Harvey Elliott,Liverpool,Valencia,2026-09-01,,GBP,,Midfielder — source label,,Evidence needed,"Buyer-specific role, production, availability, signing age and total fee evidence are needed before assigning a deal-value score. Loan/swap costs must be treated separately.",Source broad position and transfer quote only; detailed role and buyer-specific production not validated.,Loan fee not stated,Not assessed,https://www.theguardian.com/football/ng-interactive/2026/sep/01/mens-transfer-window-summer-2026-all-deals-from-europes-top-five-leagues,MIDFIELD_UNCLASSIFIED
summer-S26-1294,summer,1256,S26-1294,Joyeux Masanka Bungi,RB Leipzig,Stuttgart,2026-09-01,,GBP,,Defender — source label,,Evidence needed,"Buyer-specific role, production, availability, signing age and total fee evidence are needed before assigning a deal-value score. Loan/swap costs must be treated separately.",Source broad position and transfer quote only; detailed role and buyer-specific production not validated.,Loan fee not stated,Not assessed,https://www.theguardian.com/football/ng-interactive/2026/sep/01/mens-transfer-window-summer-2026-all-deals-from-europes-top-five-leagues,DEFENDER_UNCLASSIFIED
summer-S26-1296,summer,1258,S26-1296,Oliver Sørensen,Parma,Celtic,2026-09-01,,GBP,,Midfielder — source label,,Evidence needed,"Buyer-specific role, production, availability, signing age and total fee evidence are needed before assigning a deal-value score. Loan/swap costs must be treated separately.",Source broad position and transfer quote only; detailed role and buyer-specific production not validated.,Loan fee not stated,Not assessed,https://www.theguardian.com/football/ng-interactive/2026/sep/01/mens-transfer-window-summer-2026-all-deals-from-europes-top-five-leagues,MIDFIELD_UNCLASSIFIED
summer-S26-1297,summer,1259,S26-1297,Arthur,Bayer Leverkusen,Werder Bremen,2026-09-01,,GBP,,Defender — source label,,Evidence needed,"Buyer-specific role, production, availability, signing age and total fee evidence are needed before assigning a deal-value score. Loan/swap costs must be treated separately.",Source broad position and transfer quote only; detailed role and buyer-specific production not validated.,Loan fee not stated,Not assessed,https://www.theguardian.com/football/ng-interactive/2026/sep/01/mens-transfer-window-summer-2026-all-deals-from-europes-top-five-leagues,DEFENDER_UNCLASSIFIED
summer-S26-1301,summer,1263,S26-1301,Freddie Simmonds,Brighton,Wimbledon,2026-09-01,,GBP,,Defender — source label,,Evidence needed,"Buyer-specific role, production, availability, signing age and total fee evidence are needed before assigning a deal-value score. Loan/swap costs must be treated separately.",Source broad position and transfer quote only; detailed role and buyer-specific production not validated.,Loan fee not stated,Not assessed,https://www.theguardian.com/football/ng-interactive/2026/sep/01/mens-transfer-window-summer-2026-all-deals-from-europes-top-five-leagues,DEFENDER_UNCLASSIFIED
summer-S26-1304,summer,1266,S26-1304,Jaden Heskey,Manchester City,Sheffield Wednesday,2026-09-01,,GBP,,Midfielder — source label,,Evidence needed,"Buyer-specific role, production, availability, signing age and total fee evidence are needed before assigning a deal-value score. Loan/swap costs must be treated separately.",Source broad position and transfer quote only; detailed role and buyer-specific production not validated.,Loan fee not stated,Not assessed,https://www.theguardian.com/football/ng-interactive/2026/sep/01/mens-transfer-window-summer-2026-all-deals-from-europes-top-five-leagues,MIDFIELD_UNCLASSIFIED
summer-S26-1305,summer,1267,S26-1305,Sam Chambers,Leeds United,Northampton,2026-09-01,,GBP,,Midfielder — source label,,Evidence needed,"Buyer-specific role, production, availability, signing age and total fee evidence are needed before assigning a deal-value score. Loan/swap costs must be treated separately.",Source broad position and transfer quote only; detailed role and buyer-specific production not validated.,Loan fee not stated,Not assessed,https://www.theguardian.com/football/ng-interactive/2026/sep/01/mens-transfer-window-summer-2026-all-deals-from-europes-top-five-leagues,MIDFIELD_UNCLASSIFIED
summer-S26-1306,summer,1268,S26-1306,Josh Powell,Nottingham Forest,Northampton,2026-09-01,,GBP,,Defender — source label,,Evidence needed,"Buyer-specific role, production, availability, signing age and total fee evidence are needed before assigning a deal-value score. Loan/swap costs must be treated separately.",Source broad position and transfer quote only; detailed role and buyer-specific production not validated.,Loan fee not stated,Not assessed,https://www.theguardian.com/football/ng-interactive/2026/sep/01/mens-transfer-window-summer-2026-all-deals-from-europes-top-five-leagues,DEFENDER_UNCLASSIFIED
summer-S26-1309,summer,1270,S26-1309,Dan Gore,Manchester United,Luton Town,2026-08-31,,GBP,,Midfielder — source label,,Evidence needed,"Buyer-specific role, production, availability, signing age and total fee evidence are needed before assigning a deal-value score. Loan/swap costs must be treated separately.",Source broad position and transfer quote only; detailed role and buyer-specific production not validated.,Loan fee not stated,Not assessed,https://www.theguardian.com/football/ng-interactive/2026/sep/01/mens-transfer-window-summer-2026-all-deals-from-europes-top-five-leagues,MIDFIELD_UNCLASSIFIED
summer-S26-1312,summer,1273,S26-1312,Diego Carlos,Fenerbahce,Parma,2026-09-01,,GBP,,Defender — source label,,Evidence needed,"Buyer-specific role, production, availability, signing age and total fee evidence are needed before assigning a deal-value score. Loan/swap costs must be treated separately.",Source broad position and transfer quote only; detailed role and buyer-specific production not validated.,Loan fee not stated,Not assessed,https://www.theguardian.com/football/ng-interactive/2026/sep/01/mens-transfer-window-summer-2026-all-deals-from-europes-top-five-leagues,DEFENDER_UNCLASSIFIED
summer-S26-1313,summer,1274,S26-1313,Andreas Hanche-Olsen,Mainz 05,Chicago Fire,2026-09-01,,GBP,,Defender — source label,,Evidence needed,"Buyer-specific role, production, availability, signing age and total fee evidence are needed before assigning a deal-value score.",Source broad position and transfer quote only; detailed role and buyer-specific production not validated.,Undisclosed,Not assessed,https://www.theguardian.com/football/ng-interactive/2026/sep/01/mens-transfer-window-summer-2026-all-deals-from-europes-top-five-leagues,DEFENDER_UNCLASSIFIED
summer-S26-1315,summer,1276,S26-1315,David Møller Wolfe,Wolverhampton Wanderers,Hamburg,2026-09-01,,GBP,,Defender — source label,,Evidence needed,"Buyer-specific role, production, availability, signing age and total fee evidence are needed before assigning a deal-value score. Loan/swap costs must be treated separately.",Source broad position and transfer quote only; detailed role and buyer-specific production not validated.,Loan fee not stated,Not assessed,https://www.theguardian.com/football/ng-interactive/2026/sep/01/mens-transfer-window-summer-2026-all-deals-from-europes-top-five-leagues,DEFENDER_UNCLASSIFIED
summer-S26-1319,summer,1280,S26-1319,André Almeida,Valencia,Racing Santander,2026-09-01,,GBP,,Midfielder — source label,,Evidence needed,"Buyer-specific role, production, availability, signing age and total fee evidence are needed before assigning a deal-value score. Loan/swap costs must be treated separately.",Source broad position and transfer quote only; detailed role and buyer-specific production not validated.,Loan fee not stated,Not assessed,https://www.theguardian.com/football/ng-interactive/2026/sep/01/mens-transfer-window-summer-2026-all-deals-from-europes-top-five-leagues,MIDFIELD_UNCLASSIFIED
summer-S26-1322,summer,1283,S26-1322,Guéla Doué,Strasbourg,Bayer Leverkusen,2026-09-01,25700000.0,GBP,,Defender — source label,,Evidence needed,"Buyer-specific role, production, availability, signing age and total fee evidence are needed before assigning a deal-value score.",Source broad position and transfer quote only; detailed role and buyer-specific production not validated.,Reported fee,Not assessed,https://www.theguardian.com/football/ng-interactive/2026/sep/01/mens-transfer-window-summer-2026-all-deals-from-europes-top-five-leagues,DEFENDER_UNCLASSIFIED
summer-S26-1325,summer,1286,S26-1325,Yukinari Sugawara,Southampton,Cagliari,2026-09-01,,GBP,,Defender — source label,,Evidence needed,"Buyer-specific role, production, availability, signing age and total fee evidence are needed before assigning a deal-value score. Loan/swap costs must be treated separately.",Source broad position and transfer quote only; detailed role and buyer-specific production not validated.,Loan fee not stated,Not assessed,https://www.theguardian.com/football/ng-interactive/2026/sep/01/mens-transfer-window-summer-2026-all-deals-from-europes-top-five-leagues,DEFENDER_UNCLASSIFIED
summer-S26-1326,summer,1287,S26-1326,Axel Tuanzebe,Burnley,Auxerre,2026-09-01,,GBP,,Defender — source label,,Evidence needed,"Buyer-specific role, production, availability, signing age and total fee evidence are needed before assigning a deal-value score. A zero base fee does not represent wages or signing costs.",Source broad position and transfer quote only; detailed role and buyer-specific production not validated.,Free transfer,Not assessed,https://www.theguardian.com/football/ng-interactive/2026/sep/01/mens-transfer-window-summer-2026-all-deals-from-europes-top-five-leagues,DEFENDER_UNCLASSIFIED
summer-S26-1327,summer,1288,S26-1327,Jesper Lindstrøm,Napoli,Red Bull Salzburg,2026-09-01,,GBP,,Midfielder — source label,,Evidence needed,"Buyer-specific role, production, availability, signing age and total fee evidence are needed before assigning a deal-value score. Loan/swap costs must be treated separately.",Source broad position and transfer quote only; detailed role and buyer-specific production not validated.,Loan fee not stated,Not assessed,https://www.theguardian.com/football/ng-interactive/2026/sep/01/mens-transfer-window-summer-2026-all-deals-from-europes-top-five-leagues,MIDFIELD_UNCLASSIFIED
summer-S26-1330,summer,1291,S26-1330,Mikel Goti,Real Sociedad,Real Oviedo,2026-09-01,,GBP,,Midfielder — source label,,Evidence needed,"Buyer-specific role, production, availability, signing age and total fee evidence are needed before assigning a deal-value score. Loan/swap costs must be treated separately.",Source broad position and transfer quote only; detailed role and buyer-specific production not validated.,Loan fee not stated,Not assessed,https://www.theguardian.com/football/ng-interactive/2026/sep/01/mens-transfer-window-summer-2026-all-deals-from-europes-top-five-leagues,MIDFIELD_UNCLASSIFIED
summer-S26-1331,summer,1292,S26-1331,Guille Fernández,Barcelona,Mallorca,2026-09-01,3400000.0,GBP,,Midfielder — source label,,Evidence needed,"Buyer-specific role, production, availability, signing age and total fee evidence are needed before assigning a deal-value score.",Source broad position and transfer quote only; detailed role and buyer-specific production not validated.,Reported fee,Not assessed,https://www.theguardian.com/football/ng-interactive/2026/sep/01/mens-transfer-window-summer-2026-all-deals-from-europes-top-five-leagues,MIDFIELD_UNCLASSIFIED
summer-S26-1334,summer,1295,S26-1334,Fodé Doucouré,Le Havre,Nantes,2026-09-01,,GBP,,Defender — source label,,Evidence needed,"Buyer-specific role, production, availability, signing age and total fee evidence are needed before assigning a deal-value score.",Source broad position and transfer quote only; detailed role and buyer-specific production not validated.,Undisclosed,Not assessed,https://www.theguardian.com/football/ng-interactive/2026/sep/01/mens-transfer-window-summer-2026-all-deals-from-europes-top-five-leagues,DEFENDER_UNCLASSIFIED
summer-S26-1336,summer,1297,S26-1336,Rubén Sánchez,Espanyol,Elche,2026-09-01,,GBP,,Defender — source label,,Evidence needed,"Buyer-specific role, production, availability, signing age and total fee evidence are needed before assigning a deal-value score.",Source broad position and transfer quote only; detailed role and buyer-specific production not validated.,Undisclosed,Not assessed,https://www.theguardian.com/football/ng-interactive/2026/sep/01/mens-transfer-window-summer-2026-all-deals-from-europes-top-five-leagues,DEFENDER_UNCLASSIFIED
summer-S26-1337,summer,1298,S26-1337,Zach Abbott,Nottingham Forest,Southampton,2026-09-01,,GBP,,Defender — source label,,Evidence needed,"Buyer-specific role, production, availability, signing age and total fee evidence are needed before assigning a deal-value score. Loan/swap costs must be treated separately.",Source broad position and transfer quote only; detailed role and buyer-specific production not validated.,Loan fee not stated,Not assessed,https://www.theguardian.com/football/ng-interactive/2026/sep/01/mens-transfer-window-summer-2026-all-deals-from-europes-top-five-leagues,DEFENDER_UNCLASSIFIED
summer-S26-1338,summer,1299,S26-1338,Lucca Brughmans,Genk,Liverpool,2026-09-01,30000000.0,GBP,,Goalkeeper — source label,,Evidence needed,"Buyer-specific shot-stopping, distribution, aerial command, sweeping, signing age and total fee evidence are needed before scoring.",Source broad position and transfer quote only; detailed role and buyer-specific production not validated.,Reported fee,Not assessed,https://www.theguardian.com/football/ng-interactive/2026/sep/01/mens-transfer-window-summer-2026-all-deals-from-europes-top-five-leagues,GK
summer-S26-1339,summer,1300,S26-1339,Ethan Nwaneri,Arsenal,Borussia Dortmund,2026-09-01,,GBP,,Midfielder — source label,,Evidence needed,"Buyer-specific role, production, availability, signing age and total fee evidence are needed before assigning a deal-value score. Loan/swap costs must be treated separately.",Source broad position and transfer quote only; detailed role and buyer-specific production not validated.,Loan fee not stated,Not assessed,https://www.theguardian.com/football/ng-interactive/2026/sep/01/mens-transfer-window-summer-2026-all-deals-from-europes-top-five-leagues,MIDFIELD_UNCLASSIFIED
summer-S26-1340,summer,1301,S26-1340,Oluwaseun Ogbemudia,Union Berlin,Waldhof Mannheim,2026-09-01,,GBP,,Defender — source label,,Evidence needed,"Buyer-specific role, production, availability, signing age and total fee evidence are needed before assigning a deal-value score. Loan/swap costs must be treated separately.",Source broad position and transfer quote only; detailed role and buyer-specific production not validated.,Loan fee not stated,Not assessed,https://www.theguardian.com/football/ng-interactive/2026/sep/01/mens-transfer-window-summer-2026-all-deals-from-europes-top-five-leagues,DEFENDER_UNCLASSIFIED
summer-S26-1345,summer,1306,S26-1345,Robert Sánchez,Chelsea,Como 1907,2026-09-01,,GBP,,Goalkeeper — source label,,Evidence needed,"Buyer-specific shot-stopping, distribution, aerial command, sweeping, signing age and total fee evidence are needed before scoring. Loan/swap costs must be treated separately.",Source broad position and transfer quote only; detailed role and buyer-specific production not validated.,Loan fee not stated,Not assessed,https://www.theguardian.com/football/ng-interactive/2026/sep/01/mens-transfer-window-summer-2026-all-deals-from-europes-top-five-leagues,GK
summer-S26-1346,summer,1307,S26-1346,Eiran Cashin,Brighton,Derby County,2026-09-01,,GBP,,Defender — source label,,Evidence needed,"Buyer-specific role, production, availability, signing age and total fee evidence are needed before assigning a deal-value score. A zero base fee does not represent wages or signing costs.",Source broad position and transfer quote only; detailed role and buyer-specific production not validated.,Free transfer,Not assessed,https://www.theguardian.com/football/ng-interactive/2026/sep/01/mens-transfer-window-summer-2026-all-deals-from-europes-top-five-leagues,DEFENDER_UNCLASSIFIED
summer-S26-1349,summer,1310,S26-1349,Andoni Gorosabel,Athletic Club,Espanyol,2026-09-01,,GBP,,Defender — source label,,Evidence needed,"Buyer-specific role, production, availability, signing age and total fee evidence are needed before assigning a deal-value score. Loan/swap costs must be treated separately.",Source broad position and transfer quote only; detailed role and buyer-specific production not validated.,Loan fee not stated,Not assessed,https://www.theguardian.com/football/ng-interactive/2026/sep/01/mens-transfer-window-summer-2026-all-deals-from-europes-top-five-leagues,DEFENDER_UNCLASSIFIED
summer-S26-1352,summer,1313,S26-1352,Kevin Danso,Tottenham Hotspur,Sunderland,2026-09-01,,GBP,,Defender — source label,,Evidence needed,"Buyer-specific role, production, availability, signing age and total fee evidence are needed before assigning a deal-value score. Loan/swap costs must be treated separately.",Source broad position and transfer quote only; detailed role and buyer-specific production not validated.,Loan fee not stated,Not assessed,https://www.theguardian.com/football/ng-interactive/2026/sep/01/mens-transfer-window-summer-2026-all-deals-from-europes-top-five-leagues,DEFENDER_UNCLASSIFIED
summer-S26-1353,summer,1314,S26-1353,Igor Julio,Brighton,Burnley,2026-09-01,3000000.0,GBP,,Defender — source label,,Evidence needed,"Buyer-specific role, production, availability, signing age and total fee evidence are needed before assigning a deal-value score.",Source broad position and transfer quote only; detailed role and buyer-specific production not validated.,Reported fee,Not assessed,https://www.theguardian.com/football/ng-interactive/2026/sep/01/mens-transfer-window-summer-2026-all-deals-from-europes-top-five-leagues,DEFENDER_UNCLASSIFIED
summer-S26-1355,summer,1316,S26-1355,Liam Kitching,Coventry City,Sheffield United,2026-09-01,,GBP,,Defender — source label,,Evidence needed,"Buyer-specific role, production, availability, signing age and total fee evidence are needed before assigning a deal-value score. Loan/swap costs must be treated separately.",Source broad position and transfer quote only; detailed role and buyer-specific production not validated.,Loan fee not stated,Not assessed,https://www.theguardian.com/football/ng-interactive/2026/sep/01/mens-transfer-window-summer-2026-all-deals-from-europes-top-five-leagues,DEFENDER_UNCLASSIFIED
summer-S26-1356,summer,1317,S26-1356,Borna Sosa,Crystal Palace,Cologne,2026-09-01,,GBP,,Defender — source label,,Evidence needed,"Buyer-specific role, production, availability, signing age and total fee evidence are needed before assigning a deal-value score. Loan/swap costs must be treated separately.",Source broad position and transfer quote only; detailed role and buyer-specific production not validated.,Loan fee not stated,Not assessed,https://www.theguardian.com/football/ng-interactive/2026/sep/01/mens-transfer-window-summer-2026-all-deals-from-europes-top-five-leagues,DEFENDER_UNCLASSIFIED
summer-S26-1358,summer,1319,S26-1358,Roy Revivo,Maccabi Tel Aviv,Elche,2026-09-01,2100000.0,GBP,,Defender — source label,,Evidence needed,"Buyer-specific role, production, availability, signing age and total fee evidence are needed before assigning a deal-value score.",Source broad position and transfer quote only; detailed role and buyer-specific production not validated.,Reported fee,Not assessed,https://www.theguardian.com/football/ng-interactive/2026/sep/01/mens-transfer-window-summer-2026-all-deals-from-europes-top-five-leagues,DEFENDER_UNCLASSIFIED
summer-S26-1359,summer,1320,S26-1359,Morato,Nottingham Forest,West Ham United,2026-09-01,,GBP,,Defender — source label,,Evidence needed,"Buyer-specific role, production, availability, signing age and total fee evidence are needed before assigning a deal-value score. Loan/swap costs must be treated separately.",Source broad position and transfer quote only; detailed role and buyer-specific production not validated.,Loan fee not stated,Not assessed,https://www.theguardian.com/football/ng-interactive/2026/sep/01/mens-transfer-window-summer-2026-all-deals-from-europes-top-five-leagues,DEFENDER_UNCLASSIFIED
summer-S26-1362,summer,1323,S26-1362,Elijah Campbell,Everton,MK Dons,2026-09-01,,GBP,,Defender — source label,,Evidence needed,"Buyer-specific role, production, availability, signing age and total fee evidence are needed before assigning a deal-value score. Loan/swap costs must be treated separately.",Source broad position and transfer quote only; detailed role and buyer-specific production not validated.,Loan fee not stated,Not assessed,https://www.theguardian.com/football/ng-interactive/2026/sep/01/mens-transfer-window-summer-2026-all-deals-from-europes-top-five-leagues,DEFENDER_UNCLASSIFIED
summer-S26-1363,summer,1324,S26-1363,Brad Burrowes,Aston Villa,Wigan Athletic,2026-09-01,,GBP,,Midfielder — source label,,Evidence needed,"Buyer-specific role, production, availability, signing age and total fee evidence are needed before assigning a deal-value score. Loan/swap costs must be treated separately.",Source broad position and transfer quote only; detailed role and buyer-specific production not validated.,Loan fee not stated,Not assessed,https://www.theguardian.com/football/ng-interactive/2026/sep/01/mens-transfer-window-summer-2026-all-deals-from-europes-top-five-leagues,MIDFIELD_UNCLASSIFIED
summer-S26-1366,summer,1326,S26-1366,Neil El Aynaoui,Roma,RB Leipzig,2026-09-01,,GBP,,Midfielder — source label,,Evidence needed,"Buyer-specific role, production, availability, signing age and total fee evidence are needed before assigning a deal-value score. Loan/swap costs must be treated separately.",Source broad position and transfer quote only; detailed role and buyer-specific production not validated.,Loan fee not stated,Not assessed,https://www.theguardian.com/football/ng-interactive/2026/sep/01/mens-transfer-window-summer-2026-all-deals-from-europes-top-five-leagues,MIDFIELD_UNCLASSIFIED
summer-S26-1367,summer,1327,S26-1367,Federico Cassa,Atalanta,Bologna,2026-09-01,,GBP,,Midfielder — source label,,Evidence needed,"Buyer-specific role, production, availability, signing age and total fee evidence are needed before assigning a deal-value score.",Source broad position and transfer quote only; detailed role and buyer-specific production not validated.,Undisclosed,Not assessed,https://www.theguardian.com/football/ng-interactive/2026/sep/01/mens-transfer-window-summer-2026-all-deals-from-europes-top-five-leagues,MIDFIELD_UNCLASSIFIED
summer-S26-1368,summer,1328,S26-1368,George Abbott,Tottenham Hotspur,Mansfield Town,2026-09-01,,GBP,,Midfielder — source label,,Evidence needed,"Buyer-specific role, production, availability, signing age and total fee evidence are needed before assigning a deal-value score. Loan/swap costs must be treated separately.",Source broad position and transfer quote only; detailed role and buyer-specific production not validated.,Loan fee not stated,Not assessed,https://www.theguardian.com/football/ng-interactive/2026/sep/01/mens-transfer-window-summer-2026-all-deals-from-europes-top-five-leagues,MIDFIELD_UNCLASSIFIED
summer-S26-1369,summer,1329,S26-1369,Sebastián Cáceres,Club América,Celta Vigo,2026-09-01,3900000.0,GBP,,Defender — source label,,Evidence needed,"Buyer-specific role, production, availability, signing age and total fee evidence are needed before assigning a deal-value score.",Source broad position and transfer quote only; detailed role and buyer-specific production not validated.,Reported fee,Not assessed,https://www.theguardian.com/football/ng-interactive/2026/sep/01/mens-transfer-window-summer-2026-all-deals-from-europes-top-five-leagues,DEFENDER_UNCLASSIFIED
summer-S26-1370,summer,1330,S26-1370,Mujaid Sadick,Genk,Rayo Vallecano,2026-09-01,,GBP,,Defender — source label,,Evidence needed,"Buyer-specific role, production, availability, signing age and total fee evidence are needed before assigning a deal-value score. Loan/swap costs must be treated separately.",Source broad position and transfer quote only; detailed role and buyer-specific production not validated.,Loan fee not stated,Not assessed,https://www.theguardian.com/football/ng-interactive/2026/sep/01/mens-transfer-window-summer-2026-all-deals-from-europes-top-five-leagues,DEFENDER_UNCLASSIFIED
summer-S26-1371,summer,1331,S26-1371,Tom Wisbereit,Union Berlin,Augsburg,2026-07-14,,GBP,,Goalkeeper — source label,,Evidence needed,"Buyer-specific shot-stopping, distribution, aerial command, sweeping, signing age and total fee evidence are needed before scoring. A zero base fee does not represent wages or signing costs.",Source broad position and transfer quote only; detailed role and buyer-specific production not validated.,Free transfer,Not assessed,https://www.theguardian.com/football/ng-interactive/2026/sep/01/mens-transfer-window-summer-2026-all-deals-from-europes-top-five-leagues,GK
summer-S26-1373,summer,1333,S26-1373,Álvaro Cortés,Barcelona,Royal Antwerp,2026-09-01,3000000.0,GBP,,Defender — source label,,Evidence needed,"Buyer-specific role, production, availability, signing age and total fee evidence are needed before assigning a deal-value score.",Source broad position and transfer quote only; detailed role and buyer-specific production not validated.,Reported fee,Not assessed,https://www.theguardian.com/football/ng-interactive/2026/sep/01/mens-transfer-window-summer-2026-all-deals-from-europes-top-five-leagues,DEFENDER_UNCLASSIFIED
summer-S26-1374,summer,1334,S26-1374,Manuel Ángel,Real Madrid,Fulham,2026-09-01,3400000.0,GBP,,Midfielder — source label,,Evidence needed,"Buyer-specific role, production, availability, signing age and total fee evidence are needed before assigning a deal-value score.",Source broad position and transfer quote only; detailed role and buyer-specific production not validated.,Reported fee,Not assessed,https://www.theguardian.com/football/ng-interactive/2026/sep/01/mens-transfer-window-summer-2026-all-deals-from-europes-top-five-leagues,MIDFIELD_UNCLASSIFIED
summer-S26-1375,summer,1335,S26-1375,Lilian Brassier,Rennes,Eintracht Frankfurt,2026-09-01,8500000.0,GBP,,Defender — source label,,Evidence needed,"Buyer-specific role, production, availability, signing age and total fee evidence are needed before assigning a deal-value score.",Source broad position and transfer quote only; detailed role and buyer-specific production not validated.,Reported fee,Not assessed,https://www.theguardian.com/football/ng-interactive/2026/sep/01/mens-transfer-window-summer-2026-all-deals-from-europes-top-five-leagues,DEFENDER_UNCLASSIFIED
summer-S26-1377,summer,1337,S26-1377,Alessandro Di Bitonto,Sassuolo,Avellino,2026-09-01,,GBP,,Defender — source label,,Evidence needed,"Buyer-specific role, production, availability, signing age and total fee evidence are needed before assigning a deal-value score. Loan/swap costs must be treated separately.",Source broad position and transfer quote only; detailed role and buyer-specific production not validated.,Loan fee not stated,Not assessed,https://www.theguardian.com/football/ng-interactive/2026/sep/01/mens-transfer-window-summer-2026-all-deals-from-europes-top-five-leagues,DEFENDER_UNCLASSIFIED
summer-S26-1379,summer,1339,S26-1379,Rolando Mandragora,Fiorentina,Torino,2026-09-01,4300000.0,GBP,,Midfielder — source label,,Evidence needed,"Buyer-specific role, production, availability, signing age and total fee evidence are needed before assigning a deal-value score.",Source broad position and transfer quote only; detailed role and buyer-specific production not validated.,Reported fee,Not assessed,https://www.theguardian.com/football/ng-interactive/2026/sep/01/mens-transfer-window-summer-2026-all-deals-from-europes-top-five-leagues,MIDFIELD_UNCLASSIFIED
summer-S26-1381,summer,1341,S26-1381,Jeremiah Mensah,Bayer Leverkusen,Roda JC,2026-08-12,,GBP,,Midfielder — source label,,Evidence needed,"Buyer-specific role, production, availability, signing age and total fee evidence are needed before assigning a deal-value score. Loan/swap costs must be treated separately.",Source broad position and transfer quote only; detailed role and buyer-specific production not validated.,Loan fee not stated,Not assessed,https://www.theguardian.com/football/ng-interactive/2026/sep/01/mens-transfer-window-summer-2026-all-deals-from-europes-top-five-leagues,MIDFIELD_UNCLASSIFIED
summer-S26-1383,summer,1343,S26-1383,Andrea Natali,Bayer Leverkusen,AZ Alkmaar,2026-07-28,2000000.0,GBP,,Defender — source label,,Evidence needed,"Buyer-specific role, production, availability, signing age and total fee evidence are needed before assigning a deal-value score.",Source broad position and transfer quote only; detailed role and buyer-specific production not validated.,Reported fee,Not assessed,https://www.theguardian.com/football/ng-interactive/2026/sep/01/mens-transfer-window-summer-2026-all-deals-from-europes-top-five-leagues,DEFENDER_UNCLASSIFIED
summer-S26-1385,summer,1345,S26-1385,Hugo Larsson,Eintracht Frankfurt,Fulham,2026-09-01,,GBP,,Midfielder — source label,,Evidence needed,"Buyer-specific role, production, availability, signing age and total fee evidence are needed before assigning a deal-value score. Loan/swap costs must be treated separately.",Source broad position and transfer quote only; detailed role and buyer-specific production not validated.,Loan fee not stated,Not assessed,https://www.theguardian.com/football/ng-interactive/2026/sep/01/mens-transfer-window-summer-2026-all-deals-from-europes-top-five-leagues,MIDFIELD_UNCLASSIFIED
summer-S26-1388,summer,1348,S26-1388,Javier Fernández,Bayern Munich,Nuremberg,2026-06-13,,GBP,,Midfielder — source label,,Evidence needed,"Buyer-specific role, production, availability, signing age and total fee evidence are needed before assigning a deal-value score.",Source broad position and transfer quote only; detailed role and buyer-specific production not validated.,Loan fee not stated,Not assessed,https://www.theguardian.com/football/ng-interactive/2026/sep/01/mens-transfer-window-summer-2026-all-deals-from-europes-top-five-leagues,MIDFIELD_UNCLASSIFIED
summer-S26-1391,summer,1351,S26-1391,Brooke Norton-Cuffy,Genoa,Hull City,2026-09-01,12000000.0,GBP,,Defender — source label,,Evidence needed,"Buyer-specific role, production, availability, signing age and total fee evidence are needed before assigning a deal-value score.",Source broad position and transfer quote only; detailed role and buyer-specific production not validated.,Reported fee,Not assessed,https://www.theguardian.com/football/ng-interactive/2026/sep/01/mens-transfer-window-summer-2026-all-deals-from-europes-top-five-leagues,DEFENDER_UNCLASSIFIED
summer-S26-1392,summer,1352,S26-1392,Cody Drameh,Hull City,Genoa,2026-09-01,3850000.0,GBP,,Defender — source label,,Evidence needed,"Buyer-specific role, production, availability, signing age and total fee evidence are needed before assigning a deal-value score.",Source broad position and transfer quote only; detailed role and buyer-specific production not validated.,Reported fee,Not assessed,https://www.theguardian.com/football/ng-interactive/2026/sep/01/mens-transfer-window-summer-2026-all-deals-from-europes-top-five-leagues,DEFENDER_UNCLASSIFIED
summer-S26-1393,summer,1353,S26-1393,Joane Gadou,Red Bull Salzburg,Borussia Dortmund,2026-07-01,16700000.0,GBP,,Defender — source label,,Evidence needed,"Buyer-specific role, production, availability, signing age and total fee evidence are needed before assigning a deal-value score.",Source broad position and transfer quote only; detailed role and buyer-specific production not validated.,Reported fee,Not assessed,https://www.theguardian.com/football/ng-interactive/2026/sep/01/mens-transfer-window-summer-2026-all-deals-from-europes-top-five-leagues,DEFENDER_UNCLASSIFIED
summer-S26-1394,summer,1354,S26-1394,Justin Lerma,Independiente del Valle,Borussia Dortmund,2026-07-01,3000000.0,GBP,,Midfielder — source label,,Evidence needed,"Buyer-specific role, production, availability, signing age and total fee evidence are needed before assigning a deal-value score.",Source broad position and transfer quote only; detailed role and buyer-specific production not validated.,Reported fee,Not assessed,https://www.theguardian.com/football/ng-interactive/2026/sep/01/mens-transfer-window-summer-2026-all-deals-from-europes-top-five-leagues,MIDFIELD_UNCLASSIFIED
summer-S26-1395,summer,1355,S26-1395,Elias Benkara,Borussia Dortmund,Greuther Fürth,2026-08-28,,GBP,,Defender — source label,,Evidence needed,"Buyer-specific role, production, availability, signing age and total fee evidence are needed before assigning a deal-value score. Loan/swap costs must be treated separately.",Source broad position and transfer quote only; detailed role and buyer-specific production not validated.,Loan fee not stated,Not assessed,https://www.theguardian.com/football/ng-interactive/2026/sep/01/mens-transfer-window-summer-2026-all-deals-from-europes-top-five-leagues,DEFENDER_UNCLASSIFIED
summer-S26-1398,summer,1358,S26-1398,Thomas Lemar,Atlético Madrid,Elche,2026-09-01,,GBP,,Midfielder — source label,,Evidence needed,"Buyer-specific role, production, availability, signing age and total fee evidence are needed before assigning a deal-value score. Loan/swap costs must be treated separately.",Source broad position and transfer quote only; detailed role and buyer-specific production not validated.,Loan fee not stated,Not assessed,https://www.theguardian.com/football/ng-interactive/2026/sep/01/mens-transfer-window-summer-2026-all-deals-from-europes-top-five-leagues,MIDFIELD_UNCLASSIFIED
summer-S26-1400,summer,1360,S26-1400,Niklas Süle,Borussia Dortmund,SV Tiefenbach,2026-07-05,,GBP,,Defender — source label,,Evidence needed,"Buyer-specific role, production, availability, signing age and total fee evidence are needed before assigning a deal-value score. A zero base fee does not represent wages or signing costs.",Source broad position and transfer quote only; detailed role and buyer-specific production not validated.,Free transfer,Not assessed,https://www.theguardian.com/football/ng-interactive/2026/sep/01/mens-transfer-window-summer-2026-all-deals-from-europes-top-five-leagues,DEFENDER_UNCLASSIFIED
summer-S26-1401,summer,1361,S26-1401,Nathan Patterson,Everton,Torino,2026-09-01,,GBP,,Defender — source label,,Evidence needed,"Buyer-specific role, production, availability, signing age and total fee evidence are needed before assigning a deal-value score. A zero base fee does not represent wages or signing costs.",Source broad position and transfer quote only; detailed role and buyer-specific production not validated.,Free transfer,Not assessed,https://www.theguardian.com/football/ng-interactive/2026/sep/01/mens-transfer-window-summer-2026-all-deals-from-europes-top-five-leagues,DEFENDER_UNCLASSIFIED
summer-S26-1403,summer,1362,S26-1403,Tommy Setford,Arsenal,Stevenage,2026-09-01,,GBP,,Goalkeeper — source label,,Evidence needed,"Buyer-specific shot-stopping, distribution, aerial command, sweeping, signing age and total fee evidence are needed before scoring. Loan/swap costs must be treated separately.",Source broad position and transfer quote only; detailed role and buyer-specific production not validated.,Loan fee not stated,Not assessed,https://www.theguardian.com/football/ng-interactive/2026/sep/01/mens-transfer-window-summer-2026-all-deals-from-europes-top-five-leagues,GK
summer-S26-1404,summer,1363,S26-1404,Jayden Meghoma,Brentford,Portsmouth,2026-09-01,,GBP,,Defender — source label,,Evidence needed,"Buyer-specific role, production, availability, signing age and total fee evidence are needed before assigning a deal-value score. Loan/swap costs must be treated separately.",Source broad position and transfer quote only; detailed role and buyer-specific production not validated.,Loan fee not stated,Not assessed,https://www.theguardian.com/football/ng-interactive/2026/sep/01/mens-transfer-window-summer-2026-all-deals-from-europes-top-five-leagues,DEFENDER_UNCLASSIFIED
summer-S26-1406,summer,1365,S26-1406,Daniel Batz,Mainz 05,Borussia Mönchengladbach,2026-07-01,,GBP,,Goalkeeper — source label,,Evidence needed,"Buyer-specific shot-stopping, distribution, aerial command, sweeping, signing age and total fee evidence are needed before scoring. A zero base fee does not represent wages or signing costs.",Source broad position and transfer quote only; detailed role and buyer-specific production not validated.,Free transfer,Not assessed,https://www.theguardian.com/football/ng-interactive/2026/sep/01/mens-transfer-window-summer-2026-all-deals-from-europes-top-five-leagues,GK
summer-S26-1407,summer,1366,S26-1407,Melvin Bard,Nice,Leeds United,2026-09-01,,GBP,,Defender — source label,,Evidence needed,"Buyer-specific role, production, availability, signing age and total fee evidence are needed before assigning a deal-value score. Loan/swap costs must be treated separately.",Source broad position and transfer quote only; detailed role and buyer-specific production not validated.,Loan fee not stated,Not assessed,https://www.theguardian.com/football/ng-interactive/2026/sep/01/mens-transfer-window-summer-2026-all-deals-from-europes-top-five-leagues,DEFENDER_UNCLASSIFIED
summer-S26-1408,summer,1367,S26-1408,Hugo Bolin,Malmö FF,Borussia Mönchengladbach,2026-07-01,1500000.0,GBP,,Midfielder — source label,,Evidence needed,"Buyer-specific role, production, availability, signing age and total fee evidence are needed before assigning a deal-value score.",Source broad position and transfer quote only; detailed role and buyer-specific production not validated.,Reported fee,Not assessed,https://www.theguardian.com/football/ng-interactive/2026/sep/01/mens-transfer-window-summer-2026-all-deals-from-europes-top-five-leagues,MIDFIELD_UNCLASSIFIED
summer-S26-1409,summer,1368,S26-1409,David Herold,Karlsruhe,Borussia Mönchengladbach,2026-07-01,,GBP,,Defender — source label,,Evidence needed,"Buyer-specific role, production, availability, signing age and total fee evidence are needed before assigning a deal-value score.",Source broad position and transfer quote only; detailed role and buyer-specific production not validated.,Fee amount not stated,Not assessed,https://www.theguardian.com/football/ng-interactive/2026/sep/01/mens-transfer-window-summer-2026-all-deals-from-europes-top-five-leagues,DEFENDER_UNCLASSIFIED
summer-S26-1410,summer,1369,S26-1410,Tosin Adarabioyo,Chelsea,Tottenham Hotspur,2026-09-01,7000000.0,GBP,,Defender — source label,,Evidence needed,"Buyer-specific role, production, availability, signing age and total fee evidence are needed before assigning a deal-value score.",Source broad position and transfer quote only; detailed role and buyer-specific production not validated.,Reported fee,Not assessed,https://www.theguardian.com/football/ng-interactive/2026/sep/01/mens-transfer-window-summer-2026-all-deals-from-europes-top-five-leagues,DEFENDER_UNCLASSIFIED
summer-S26-1411,summer,1370,S26-1411,Yukhym Konoplia,Shakhtar Donetsk,Borussia Mönchengladbach,2026-07-01,,GBP,,Defender — source label,,Evidence needed,"Buyer-specific role, production, availability, signing age and total fee evidence are needed before assigning a deal-value score. A zero base fee does not represent wages or signing costs.",Source broad position and transfer quote only; detailed role and buyer-specific production not validated.,Free transfer,Not assessed,https://www.theguardian.com/football/ng-interactive/2026/sep/01/mens-transfer-window-summer-2026-all-deals-from-europes-top-five-leagues,DEFENDER_UNCLASSIFIED
summer-S26-1415,summer,1374,S26-1415,Emil Audero,Como 1907,Rayo Vallecano,2026-09-01,,GBP,,Goalkeeper — source label,,Evidence needed,"Buyer-specific shot-stopping, distribution, aerial command, sweeping, signing age and total fee evidence are needed before scoring. Loan/swap costs must be treated separately.",Source broad position and transfer quote only; detailed role and buyer-specific production not validated.,Loan fee not stated,Not assessed,https://www.theguardian.com/football/ng-interactive/2026/sep/01/mens-transfer-window-summer-2026-all-deals-from-europes-top-five-leagues,GK
summer-S26-1417,summer,1376,S26-1417,Soumaïla Coulibaly,Strasbourg,Watford,2026-09-01,,GBP,,Defender — source label,,Evidence needed,"Buyer-specific role, production, availability, signing age and total fee evidence are needed before assigning a deal-value score. Loan/swap costs must be treated separately.",Source broad position and transfer quote only; detailed role and buyer-specific production not validated.,Loan fee not stated,Not assessed,https://www.theguardian.com/football/ng-interactive/2026/sep/01/mens-transfer-window-summer-2026-all-deals-from-europes-top-five-leagues,DEFENDER_UNCLASSIFIED
summer-S26-1421,summer,1379,S26-1421,José María Giménez,Atlético Madrid,Deportivo La Coruña,2026-09-01,,GBP,,Defender — source label,,Evidence needed,"Buyer-specific role, production, availability, signing age and total fee evidence are needed before assigning a deal-value score. Loan/swap costs must be treated separately.",Source broad position and transfer quote only; detailed role and buyer-specific production not validated.,Loan fee not stated,Not assessed,https://www.theguardian.com/football/ng-interactive/2026/sep/01/mens-transfer-window-summer-2026-all-deals-from-europes-top-five-leagues,DEFENDER_UNCLASSIFIED
summer-S26-1424,summer,1382,S26-1424,Ben Chilwell,Strasbourg,Crystal Palace,2026-09-01,,GBP,,Defender — source label,,Evidence needed,"Buyer-specific role, production, availability, signing age and total fee evidence are needed before assigning a deal-value score.",Source broad position and transfer quote only; detailed role and buyer-specific production not validated.,Undisclosed,Not assessed,https://www.theguardian.com/football/ng-interactive/2026/sep/01/mens-transfer-window-summer-2026-all-deals-from-europes-top-five-leagues,DEFENDER_UNCLASSIFIED
summer-S26-1425,summer,1383,S26-1425,Christos Mouzakitis,Olympiakos,Hull City,2026-09-01,12900000.0,GBP,,Midfielder — source label,,Evidence needed,"Buyer-specific role, production, availability, signing age and total fee evidence are needed before assigning a deal-value score.",Source broad position and transfer quote only; detailed role and buyer-specific production not validated.,Reported fee,Not assessed,https://www.theguardian.com/football/ng-interactive/2026/sep/01/mens-transfer-window-summer-2026-all-deals-from-europes-top-five-leagues,MIDFIELD_UNCLASSIFIED
summer-S26-1426,summer,1384,S26-1426,Kevin Lomónaco,Independiente,Elche,2026-09-01,4000000.0,GBP,,Defender — source label,,Evidence needed,"Buyer-specific role, production, availability, signing age and total fee evidence are needed before assigning a deal-value score.",Source broad position and transfer quote only; detailed role and buyer-specific production not validated.,Reported fee,Not assessed,https://www.theguardian.com/football/ng-interactive/2026/sep/01/mens-transfer-window-summer-2026-all-deals-from-europes-top-five-leagues,DEFENDER_UNCLASSIFIED
summer-S26-1427,summer,1385,S26-1427,Mirza Catovic,Stuttgart,Barcelona,2026-09-01,,GBP,,Midfielder — source label,,Evidence needed,"Buyer-specific role, production, availability, signing age and total fee evidence are needed before assigning a deal-value score. Loan/swap costs must be treated separately.",Source broad position and transfer quote only; detailed role and buyer-specific production not validated.,Loan fee not stated,Not assessed,https://www.theguardian.com/football/ng-interactive/2026/sep/01/mens-transfer-window-summer-2026-all-deals-from-europes-top-five-leagues,MIDFIELD_UNCLASSIFIED
summer-S26-1429,summer,1387,S26-1429,David Affengruber,Elche,Fulham,2026-09-01,10300000.0,GBP,,Defender — source label,,Evidence needed,"Buyer-specific role, production, availability, signing age and total fee evidence are needed before assigning a deal-value score.",Source broad position and transfer quote only; detailed role and buyer-specific production not validated.,Reported fee,Not assessed,https://www.theguardian.com/football/ng-interactive/2026/sep/01/mens-transfer-window-summer-2026-all-deals-from-europes-top-five-leagues,DEFENDER_UNCLASSIFIED
summer-S26-1430,summer,1388,S26-1430,Ainsley Maitland-Niles,Lyon,Everton,2026-09-01,4300000.0,GBP,,Defender — source label,,Evidence needed,"Buyer-specific role, production, availability, signing age and total fee evidence are needed before assigning a deal-value score.",Source broad position and transfer quote only; detailed role and buyer-specific production not validated.,Reported fee,Not assessed,https://www.theguardian.com/football/ng-interactive/2026/sep/01/mens-transfer-window-summer-2026-all-deals-from-europes-top-five-leagues,DEFENDER_UNCLASSIFIED
summer-S26-1433,summer,1391,S26-1433,Quinten Timber,Marseille,Crystal Palace,2026-09-02,15000000.0,GBP,,Midfielder — source label,,Evidence needed,"Buyer-specific role, production, availability, signing age and total fee evidence are needed before assigning a deal-value score.",Source broad position and transfer quote only; detailed role and buyer-specific production not validated.,Reported fee,Not assessed,https://www.theguardian.com/football/ng-interactive/2026/sep/01/mens-transfer-window-summer-2026-all-deals-from-europes-top-five-leagues,MIDFIELD_UNCLASSIFIED
summer-S26-1436,summer,1394,S26-1436,Michael Zetterer,Eintracht Frankfurt,Leeds United,2026-07-29,4000000.0,GBP,,Goalkeeper — source label,,Evidence needed,"Buyer-specific shot-stopping, distribution, aerial command, sweeping, signing age and total fee evidence are needed before scoring.",Source broad position and transfer quote only; detailed role and buyer-specific production not validated.,Reported fee,Not assessed,https://www.theguardian.com/football/ng-interactive/2026/sep/01/mens-transfer-window-summer-2026-all-deals-from-europes-top-five-leagues,GK
summer-S26-1437,summer,1395,S26-1437,Femi Azeez,Millwall,Brighton,2026-09-02,15000000.0,GBP,,Midfielder — source label,,Evidence needed,"Buyer-specific role, production, availability, signing age and total fee evidence are needed before assigning a deal-value score.",Source broad position and transfer quote only; detailed role and buyer-specific production not validated.,Reported fee,Not assessed,https://www.theguardian.com/football/ng-interactive/2026/sep/01/mens-transfer-window-summer-2026-all-deals-from-europes-top-five-leagues,MIDFIELD_UNCLASSIFIED
summer-S26-1439,summer,1397,S26-1439,Kamari Doyle,Brighton,Leicester City,2026-09-01,,GBP,,Midfielder — source label,,Evidence needed,"Buyer-specific role, production, availability, signing age and total fee evidence are needed before assigning a deal-value score. Loan/swap costs must be treated separately.",Source broad position and transfer quote only; detailed role and buyer-specific production not validated.,Loan fee not stated,Not assessed,https://www.theguardian.com/football/ng-interactive/2026/sep/01/mens-transfer-window-summer-2026-all-deals-from-europes-top-five-leagues,MIDFIELD_UNCLASSIFIED
summer-S26-1440,summer,1398,S26-1440,Adama Boiro,Athletic Club,West Ham United,2026-09-02,,GBP,,Defender — source label,,Evidence needed,"Buyer-specific role, production, availability, signing age and total fee evidence are needed before assigning a deal-value score. Loan/swap costs must be treated separately.",Source broad position and transfer quote only; detailed role and buyer-specific production not validated.,Loan fee not stated,Not assessed,https://www.theguardian.com/football/ng-interactive/2026/sep/01/mens-transfer-window-summer-2026-all-deals-from-europes-top-five-leagues,DEFENDER_UNCLASSIFIED
summer-S26-1441,summer,1399,S26-1441,Yvan Neyou,Getafe,Volos,2026-09-02,,GBP,,Midfielder — source label,,Evidence needed,"Buyer-specific role, production, availability, signing age and total fee evidence are needed before assigning a deal-value score. Loan/swap costs must be treated separately.",Source broad position and transfer quote only; detailed role and buyer-specific production not validated.,Loan fee not stated,Not assessed,https://www.theguardian.com/football/ng-interactive/2026/sep/01/mens-transfer-window-summer-2026-all-deals-from-europes-top-five-leagues,MIDFIELD_UNCLASSIFIED
summer-S26-1443,summer,1401,S26-1443,Julian Pauli,Cologne,Odense,2026-09-02,,GBP,,Defender — source label,,Evidence needed,"Buyer-specific role, production, availability, signing age and total fee evidence are needed before assigning a deal-value score. Loan/swap costs must be treated separately.",Source broad position and transfer quote only; detailed role and buyer-specific production not validated.,Loan fee not stated,Not assessed,https://www.theguardian.com/football/ng-interactive/2026/sep/01/mens-transfer-window-summer-2026-all-deals-from-europes-top-five-leagues,DEFENDER_UNCLASSIFIED
summer-S26-1444,summer,1402,S26-1444,Thilo Kehrer,Monaco,Ajax,2026-09-02,,GBP,,Defender — source label,,Evidence needed,"Buyer-specific role, production, availability, signing age and total fee evidence are needed before assigning a deal-value score. Loan/swap costs must be treated separately.",Source broad position and transfer quote only; detailed role and buyer-specific production not validated.,Loan fee not stated,Not assessed,https://www.theguardian.com/football/ng-interactive/2026/sep/01/mens-transfer-window-summer-2026-all-deals-from-europes-top-five-leagues,DEFENDER_UNCLASSIFIED
summer-S26-1445,summer,1403,S26-1445,El Chadaille Bitshiabu,RB Leipzig,Galatasaray,2026-09-02,,GBP,,Defender — source label,,Evidence needed,"Buyer-specific role, production, availability, signing age and total fee evidence are needed before assigning a deal-value score. Loan/swap costs must be treated separately.",Source broad position and transfer quote only; detailed role and buyer-specific production not validated.,Loan fee not stated,Not assessed,https://www.theguardian.com/football/ng-interactive/2026/sep/01/mens-transfer-window-summer-2026-all-deals-from-europes-top-five-leagues,DEFENDER_UNCLASSIFIED
summer-S26-1447,summer,1404,S26-1447,Juma Bah,Manchester City,Augsburg,2026-09-01,,GBP,,Defender — source label,,Evidence needed,"Buyer-specific role, production, availability, signing age and total fee evidence are needed before assigning a deal-value score. Loan/swap costs must be treated separately.",Source broad position and transfer quote only; detailed role and buyer-specific production not validated.,Loan fee not stated,Not assessed,https://www.theguardian.com/football/ng-interactive/2026/sep/01/mens-transfer-window-summer-2026-all-deals-from-europes-top-five-leagues,DEFENDER_UNCLASSIFIED
summer-S26-1449,summer,1406,S26-1449,Justin Devenny,Crystal Palace,Stoke City,2026-09-01,5000000.0,GBP,,Midfielder — source label,,Evidence needed,"Buyer-specific role, production, availability, signing age and total fee evidence are needed before assigning a deal-value score.",Source broad position and transfer quote only; detailed role and buyer-specific production not validated.,Reported fee,Not assessed,https://www.theguardian.com/football/ng-interactive/2026/sep/01/mens-transfer-window-summer-2026-all-deals-from-europes-top-five-leagues,MIDFIELD_UNCLASSIFIED
summer-S26-1451,summer,1408,S26-1451,Oliver Dovin,Coventry City,Leyton Orient,2026-09-01,,GBP,,Goalkeeper — source label,,Evidence needed,"Buyer-specific shot-stopping, distribution, aerial command, sweeping, signing age and total fee evidence are needed before scoring. Loan/swap costs must be treated separately.",Source broad position and transfer quote only; detailed role and buyer-specific production not validated.,Loan fee not stated,Not assessed,https://www.theguardian.com/football/ng-interactive/2026/sep/01/mens-transfer-window-summer-2026-all-deals-from-europes-top-five-leagues,GK
summer-S26-1453,summer,1409,S26-1453,Enzo Leopold,Hannover 96,Borussia Mönchengladbach,2026-05-27,,GBP,,Midfielder — source label,,Evidence needed,"Buyer-specific role, production, availability, signing age and total fee evidence are needed before assigning a deal-value score. A zero base fee does not represent wages or signing costs.",Source broad position and transfer quote only; detailed role and buyer-specific production not validated.,Free transfer,Not assessed,https://www.theguardian.com/football/ng-interactive/2026/sep/01/mens-transfer-window-summer-2026-all-deals-from-europes-top-five-leagues,MIDFIELD_UNCLASSIFIED
summer-S26-1454,summer,1410,S26-1454,Jan Leszczynski,Legia Warsaw,Borussia Mönchengladbach,2026-07-03,2000000.0,GBP,,Defender — source label,,Evidence needed,"Buyer-specific role, production, availability, signing age and total fee evidence are needed before assigning a deal-value score.",Source broad position and transfer quote only; detailed role and buyer-specific production not validated.,Reported fee,Not assessed,https://www.theguardian.com/football/ng-interactive/2026/sep/01/mens-transfer-window-summer-2026-all-deals-from-europes-top-five-leagues,DEFENDER_UNCLASSIFIED
summer-S26-1455,summer,1411,S26-1455,Niko Horvat,Borussia Mönchengladbach,Zulte Waregem,2026-08-27,,GBP,,Midfielder — source label,,Evidence needed,"Buyer-specific role, production, availability, signing age and total fee evidence are needed before assigning a deal-value score. Loan/swap costs must be treated separately.",Source broad position and transfer quote only; detailed role and buyer-specific production not validated.,Loan fee not stated,Not assessed,https://www.theguardian.com/football/ng-interactive/2026/sep/01/mens-transfer-window-summer-2026-all-deals-from-europes-top-five-leagues,MIDFIELD_UNCLASSIFIED
summer-S26-1456,summer,1412,S26-1456,Rocco Reitz,Borussia Mönchengladbach,RB Leipzig,2026-03-16,15000000.0,GBP,,Midfielder — source label,,Evidence needed,"Buyer-specific role, production, availability, signing age and total fee evidence are needed before assigning a deal-value score.",Source broad position and transfer quote only; detailed role and buyer-specific production not validated.,Reported fee,Not assessed,https://www.theguardian.com/football/ng-interactive/2026/sep/01/mens-transfer-window-summer-2026-all-deals-from-europes-top-five-leagues,MIDFIELD_UNCLASSIFIED
summer-S26-1457,summer,1413,S26-1457,Niklas Swider,Borussia Mönchengladbach,Viktoria Köln,2026-07-01,,GBP,,Defender — source label,,Evidence needed,"Buyer-specific role, production, availability, signing age and total fee evidence are needed before assigning a deal-value score. Loan/swap costs must be treated separately.",Source broad position and transfer quote only; detailed role and buyer-specific production not validated.,Loan fee not stated,Not assessed,https://www.theguardian.com/football/ng-interactive/2026/sep/01/mens-transfer-window-summer-2026-all-deals-from-europes-top-five-leagues,DEFENDER_UNCLASSIFIED
summer-S26-1462,summer,1418,S26-1462,Claudio Echeverri,Manchester City,Benfica,2026-09-02,,GBP,,Midfielder — source label,,Evidence needed,"Buyer-specific role, production, availability, signing age and total fee evidence are needed before assigning a deal-value score. Loan/swap costs must be treated separately.",Source broad position and transfer quote only; detailed role and buyer-specific production not validated.,Loan fee not stated,Not assessed,https://www.theguardian.com/football/ng-interactive/2026/sep/01/mens-transfer-window-summer-2026-all-deals-from-europes-top-five-leagues,MIDFIELD_UNCLASSIFIED
summer-S26-1466,summer,1422,S26-1466,Martin James,Paris Saint-Germain,Cologne,2026-07-24,,GBP,,Goalkeeper — source label,,Evidence needed,"Buyer-specific shot-stopping, distribution, aerial command, sweeping, signing age and total fee evidence are needed before scoring. A zero base fee does not represent wages or signing costs.",Source broad position and transfer quote only; detailed role and buyer-specific production not validated.,Free transfer,Not assessed,https://www.theguardian.com/football/ng-interactive/2026/sep/01/mens-transfer-window-summer-2026-all-deals-from-europes-top-five-leagues,GK
summer-S26-1468,summer,1424,S26-1468,Elias Bakatukanda,Cologne,Osnabrück,2026-09-01,,GBP,,Defender — source label,,Evidence needed,"Buyer-specific role, production, availability, signing age and total fee evidence are needed before assigning a deal-value score. Loan/swap costs must be treated separately.",Source broad position and transfer quote only; detailed role and buyer-specific production not validated.,Loan fee not stated,Not assessed,https://www.theguardian.com/football/ng-interactive/2026/sep/01/mens-transfer-window-summer-2026-all-deals-from-europes-top-five-leagues,DEFENDER_UNCLASSIFIED
summer-S26-1470,summer,1425,S26-1470,Patrik Kristal,Cologne,Thun,2026-09-01,,GBP,,Midfielder — source label,,Evidence needed,"Buyer-specific role, production, availability, signing age and total fee evidence are needed before assigning a deal-value score. Loan/swap costs must be treated separately.",Source broad position and transfer quote only; detailed role and buyer-specific production not validated.,Loan fee not stated,Not assessed,https://www.theguardian.com/football/ng-interactive/2026/sep/01/mens-transfer-window-summer-2026-all-deals-from-europes-top-five-leagues,MIDFIELD_UNCLASSIFIED
summer-S26-1473,summer,1427,S26-1473,Rayane Belaid,Atlético Madrid,Rayo Vallecano,2026-09-03,450000.0,GBP,,Midfielder — source label,,Evidence needed,"Buyer-specific role, production, availability, signing age and total fee evidence are needed before assigning a deal-value score.",Source broad position and transfer quote only; detailed role and buyer-specific production not validated.,Reported fee,Not assessed,https://www.theguardian.com/football/ng-interactive/2026/sep/01/mens-transfer-window-summer-2026-all-deals-from-europes-top-five-leagues,MIDFIELD_UNCLASSIFIED
summer-S26-1474,summer,1428,S26-1474,Carlos Álvarez,Levante,Club América,2026-09-02,5200000.0,GBP,,Midfielder — source label,,Evidence needed,"Buyer-specific role, production, availability, signing age and total fee evidence are needed before assigning a deal-value score.",Source broad position and transfer quote only; detailed role and buyer-specific production not validated.,Reported fee,Not assessed,https://www.theguardian.com/football/ng-interactive/2026/sep/01/mens-transfer-window-summer-2026-all-deals-from-europes-top-five-leagues,MIDFIELD_UNCLASSIFIED
summer-S26-1477,summer,1431,S26-1477,Brad Mantsounga,Nice,RE Virton,2026-09-03,,GBP,,Defender — source label,,Evidence needed,"Buyer-specific role, production, availability, signing age and total fee evidence are needed before assigning a deal-value score. Loan/swap costs must be treated separately.",Source broad position and transfer quote only; detailed role and buyer-specific production not validated.,Loan fee not stated,Not assessed,https://www.theguardian.com/football/ng-interactive/2026/sep/01/mens-transfer-window-summer-2026-all-deals-from-europes-top-five-leagues,DEFENDER_UNCLASSIFIED
summer-S26-1479,summer,1433,S26-1479,Xavi Grande,Levante,Académica de Coimbra,2026-09-04,,GBP,,Defender — source label,,Evidence needed,"Buyer-specific role, production, availability, signing age and total fee evidence are needed before assigning a deal-value score. A zero base fee does not represent wages or signing costs.",Source broad position and transfer quote only; detailed role and buyer-specific production not validated.,Free transfer,Not assessed,https://www.theguardian.com/football/ng-interactive/2026/sep/01/mens-transfer-window-summer-2026-all-deals-from-europes-top-five-leagues,DEFENDER_UNCLASSIFIED
summer-S26-1483,summer,1437,S26-1483,Gerónimo Spina,Atlético Madrid,Ajax,2026-09-02,340000.0,GBP,,Defender — source label,,Evidence needed,"Buyer-specific role, production, availability, signing age and total fee evidence are needed before assigning a deal-value score.",Source broad position and transfer quote only; detailed role and buyer-specific production not validated.,Reported fee,Not assessed,https://www.theguardian.com/football/ng-interactive/2026/sep/01/mens-transfer-window-summer-2026-all-deals-from-europes-top-five-leagues,DEFENDER_UNCLASSIFIED
summer-S26-1485,summer,1439,S26-1485,Charlie Patiño,Deportivo La Coruña,Bochum,2026-09-01,,GBP,,Midfielder — source label,,Evidence needed,"Buyer-specific role, production, availability, signing age and total fee evidence are needed before assigning a deal-value score. Loan/swap costs must be treated separately.",Source broad position and transfer quote only; detailed role and buyer-specific production not validated.,Loan fee not stated,Not assessed,https://www.theguardian.com/football/ng-interactive/2026/sep/01/mens-transfer-window-summer-2026-all-deals-from-europes-top-five-leagues,MIDFIELD_UNCLASSIFIED
summer-S26-1486,summer,1440,S26-1486,Héctor Fort,Barcelona,Real Sociedad,2026-08-30,7200000.0,GBP,,Defender — source label,,Evidence needed,"Buyer-specific role, production, availability, signing age and total fee evidence are needed before assigning a deal-value score.",Source broad position and transfer quote only; detailed role and buyer-specific production not validated.,Reported fee,Not assessed,https://www.theguardian.com/football/ng-interactive/2026/sep/01/mens-transfer-window-summer-2026-all-deals-from-europes-top-five-leagues,DEFENDER_UNCLASSIFIED
summer-S26-1487,summer,1441,S26-1487,Oscar Naasei,Granada,Real Madrid,2026-08-27,1700000.0,GBP,,Defender — source label,,Evidence needed,"Buyer-specific role, production, availability, signing age and total fee evidence are needed before assigning a deal-value score.",Source broad position and transfer quote only; detailed role and buyer-specific production not validated.,Reported fee,Not assessed,https://www.theguardian.com/football/ng-interactive/2026/sep/01/mens-transfer-window-summer-2026-all-deals-from-europes-top-five-leagues,DEFENDER_UNCLASSIFIED
summer-S26-1488,summer,1442,S26-1488,Javier Boñar,Atlético Madrid,Girona,2026-08-27,1700000.0,GBP,,Defender — source label,,Evidence needed,"Buyer-specific role, production, availability, signing age and total fee evidence are needed before assigning a deal-value score.",Source broad position and transfer quote only; detailed role and buyer-specific production not validated.,Reported fee,Not assessed,https://www.theguardian.com/football/ng-interactive/2026/sep/01/mens-transfer-window-summer-2026-all-deals-from-europes-top-five-leagues,DEFENDER_UNCLASSIFIED
summer-S26-1491,summer,1445,S26-1491,Srdjan Kuzmic,Viborg,Lorient,2026-08-31,2600000.0,GBP,,Defender — source label,,Evidence needed,"Buyer-specific role, production, availability, signing age and total fee evidence are needed before assigning a deal-value score.",Source broad position and transfer quote only; detailed role and buyer-specific production not validated.,Reported fee,Not assessed,https://www.theguardian.com/football/ng-interactive/2026/sep/01/mens-transfer-window-summer-2026-all-deals-from-europes-top-five-leagues,DEFENDER_UNCLASSIFIED
summer-S26-1493,summer,1447,S26-1493,Pape Diong,Strasbourg,Westerlo,2026-07-27,1300000.0,GBP,,Midfielder — source label,,Evidence needed,"Buyer-specific role, production, availability, signing age and total fee evidence are needed before assigning a deal-value score.",Source broad position and transfer quote only; detailed role and buyer-specific production not validated.,Reported fee,Not assessed,https://www.theguardian.com/football/ng-interactive/2026/sep/01/mens-transfer-window-summer-2026-all-deals-from-europes-top-five-leagues,MIDFIELD_UNCLASSIFIED
summer-S26-1494,summer,1448,S26-1494,Jacques Ekomié,Angers,Wrexham,2026-07-27,6900000.0,GBP,,Defender — source label,,Evidence needed,"Buyer-specific role, production, availability, signing age and total fee evidence are needed before assigning a deal-value score.",Source broad position and transfer quote only; detailed role and buyer-specific production not validated.,Reported fee,Not assessed,https://www.theguardian.com/football/ng-interactive/2026/sep/01/mens-transfer-window-summer-2026-all-deals-from-europes-top-five-leagues,DEFENDER_UNCLASSIFIED
summer-S26-1496,summer,1450,S26-1496,Mory Diaw,Le Havre,Al-Shabab,2026-08-25,,GBP,,Goalkeeper — source label,,Evidence needed,"Buyer-specific shot-stopping, distribution, aerial command, sweeping, signing age and total fee evidence are needed before scoring.",Source broad position and transfer quote only; detailed role and buyer-specific production not validated.,Undisclosed,Not assessed,https://www.theguardian.com/football/ng-interactive/2026/sep/01/mens-transfer-window-summer-2026-all-deals-from-europes-top-five-leagues,GK
summer-S26-1497,summer,1451,S26-1497,Joseph Kalulu,Pau,Angers,2026-08-20,1700000.0,GBP,,Defender — source label,,Evidence needed,"Buyer-specific role, production, availability, signing age and total fee evidence are needed before assigning a deal-value score.",Source broad position and transfer quote only; detailed role and buyer-specific production not validated.,Reported fee,Not assessed,https://www.theguardian.com/football/ng-interactive/2026/sep/01/mens-transfer-window-summer-2026-all-deals-from-europes-top-five-leagues,DEFENDER_UNCLASSIFIED
summer-S26-1499,summer,1452,S26-1499,Kiano Dyer,Chelsea,Chesterfield,2026-09-02,,GBP,,Midfielder — source label,,Evidence needed,"Buyer-specific role, production, availability, signing age and total fee evidence are needed before assigning a deal-value score. Loan/swap costs must be treated separately.",Source broad position and transfer quote only; detailed role and buyer-specific production not validated.,Loan fee not stated,Not assessed,https://www.theguardian.com/football/ng-interactive/2026/sep/01/mens-transfer-window-summer-2026-all-deals-from-europes-top-five-leagues,MIDFIELD_UNCLASSIFIED
summer-S26-1500,summer,1453,S26-1500,Mathys De Carvalho,Lyon,Al-Diriyah,2026-09-07,900000.0,GBP,,Midfielder — source label,,Evidence needed,"Buyer-specific role, production, availability, signing age and total fee evidence are needed before assigning a deal-value score.",Source broad position and transfer quote only; detailed role and buyer-specific production not validated.,Reported fee,Not assessed,https://www.theguardian.com/football/ng-interactive/2026/sep/01/mens-transfer-window-summer-2026-all-deals-from-europes-top-five-leagues,MIDFIELD_UNCLASSIFIED
summer-S26-1501,summer,1454,S26-1501,Matty Jacob,Hull City,Newport County,2026-09-02,,GBP,,Defender — source label,,Evidence needed,"Buyer-specific role, production, availability, signing age and total fee evidence are needed before assigning a deal-value score. Loan/swap costs must be treated separately.",Source broad position and transfer quote only; detailed role and buyer-specific production not validated.,Loan fee not stated,Not assessed,https://www.theguardian.com/football/ng-interactive/2026/sep/01/mens-transfer-window-summer-2026-all-deals-from-europes-top-five-leagues,DEFENDER_UNCLASSIFIED
summer-S26-1503,summer,1456,S26-1503,Francisco Sierralta,Auxerre,Piast Gliwice,2026-09-09,,GBP,,Defender — source label,,Evidence needed,"Buyer-specific role, production, availability, signing age and total fee evidence are needed before assigning a deal-value score. Loan/swap costs must be treated separately.",Source broad position and transfer quote only; detailed role and buyer-specific production not validated.,Loan fee not stated,Not assessed,https://www.theguardian.com/football/ng-interactive/2026/sep/01/mens-transfer-window-summer-2026-all-deals-from-europes-top-five-leagues,DEFENDER_UNCLASSIFIED
summer-S26-1504,summer,1457,S26-1504,Kristijan Jakic,Augsburg,PAOK,2026-09-09,,GBP,,Defender — source label,,Evidence needed,"Buyer-specific role, production, availability, signing age and total fee evidence are needed before assigning a deal-value score. Loan/swap costs must be treated separately.",Source broad position and transfer quote only; detailed role and buyer-specific production not validated.,Loan fee not stated,Not assessed,https://www.theguardian.com/football/ng-interactive/2026/sep/01/mens-transfer-window-summer-2026-all-deals-from-europes-top-five-leagues,DEFENDER_UNCLASSIFIED
summer-S26-1506,summer,1459,S26-1506,Edoardo Piana,Udinese,Koper,2026-09-08,,GBP,,Goalkeeper — source label,,Evidence needed,"Buyer-specific shot-stopping, distribution, aerial command, sweeping, signing age and total fee evidence are needed before scoring.",Source broad position and transfer quote only; detailed role and buyer-specific production not validated.,Undisclosed,Not assessed,https://www.theguardian.com/football/ng-interactive/2026/sep/01/mens-transfer-window-summer-2026-all-deals-from-europes-top-five-leagues,GK
summer-S26-1508,summer,1461,S26-1508,Josh Robertson,Brighton,Fleetwood Town,2026-09-02,,GBP,,Midfielder — source label,,Evidence needed,"Buyer-specific role, production, availability, signing age and total fee evidence are needed before assigning a deal-value score. Loan/swap costs must be treated separately.",Source broad position and transfer quote only; detailed role and buyer-specific production not validated.,Loan fee not stated,Not assessed,https://www.theguardian.com/football/ng-interactive/2026/sep/01/mens-transfer-window-summer-2026-all-deals-from-europes-top-five-leagues,MIDFIELD_UNCLASSIFIED
summer-S26-1509,summer,1462,S26-1509,Cristian Perea,Real Madrid,CFR Cluj,2026-09-08,,GBP,,Midfielder — source label,,Evidence needed,"Buyer-specific role, production, availability, signing age and total fee evidence are needed before assigning a deal-value score. A zero base fee does not represent wages or signing costs.",Source broad position and transfer quote only; detailed role and buyer-specific production not validated.,Free transfer,Not assessed,https://www.theguardian.com/football/ng-interactive/2026/sep/01/mens-transfer-window-summer-2026-all-deals-from-europes-top-five-leagues,MIDFIELD_UNCLASSIFIED
summer-S26-1510,summer,1463,S26-1510,Diogo Leite,Free agent,Lazio,2026-09-08,,GBP,,Defender — source label,,Evidence needed,"Buyer-specific role, production, availability, signing age and total fee evidence are needed before assigning a deal-value score. A zero base fee does not represent wages or signing costs.",Source broad position and transfer quote only; detailed role and buyer-specific production not validated.,Free transfer,Not assessed,https://www.theguardian.com/football/ng-interactive/2026/sep/01/mens-transfer-window-summer-2026-all-deals-from-europes-top-five-leagues,DEFENDER_UNCLASSIFIED
summer-S26-1511,summer,1464,S26-1511,Harry Vaughan,Hull City,Bohemians,2026-06-29,,GBP,,Midfielder — source label,,Evidence needed,"Buyer-specific role, production, availability, signing age and total fee evidence are needed before assigning a deal-value score. A zero base fee does not represent wages or signing costs.",Source broad position and transfer quote only; detailed role and buyer-specific production not validated.,Free transfer,Not assessed,https://www.theguardian.com/football/ng-interactive/2026/sep/01/mens-transfer-window-summer-2026-all-deals-from-europes-top-five-leagues,MIDFIELD_UNCLASSIFIED
summer-S26-1512,summer,1465,S26-1512,Ryan Trevitt,Brentford,Wigan Athletic,2026-07-21,,GBP,,Midfielder — source label,,Evidence needed,"Buyer-specific role, production, availability, signing age and total fee evidence are needed before assigning a deal-value score. A zero base fee does not represent wages or signing costs.",Source broad position and transfer quote only; detailed role and buyer-specific production not validated.,Free transfer,Not assessed,https://www.theguardian.com/football/ng-interactive/2026/sep/01/mens-transfer-window-summer-2026-all-deals-from-europes-top-five-leagues,MIDFIELD_UNCLASSIFIED
summer-S26-1513,summer,1466,S26-1513,Benjamin Arthur,Brentford,Portsmouth,2026-08-12,,GBP,,Defender — source label,,Evidence needed,"Buyer-specific role, production, availability, signing age and total fee evidence are needed before assigning a deal-value score. Loan/swap costs must be treated separately.",Source broad position and transfer quote only; detailed role and buyer-specific production not validated.,Loan fee not stated,Not assessed,https://www.theguardian.com/football/ng-interactive/2026/sep/01/mens-transfer-window-summer-2026-all-deals-from-europes-top-five-leagues,DEFENDER_UNCLASSIFIED
summer-S26-1514,summer,1467,S26-1514,Julian Eyestone,Brentford,Rotherham,2026-08-11,,GBP,,Goalkeeper — source label,,Evidence needed,"Buyer-specific shot-stopping, distribution, aerial command, sweeping, signing age and total fee evidence are needed before scoring. Loan/swap costs must be treated separately.",Source broad position and transfer quote only; detailed role and buyer-specific production not validated.,Loan fee not stated,Not assessed,https://www.theguardian.com/football/ng-interactive/2026/sep/01/mens-transfer-window-summer-2026-all-deals-from-europes-top-five-leagues,GK
summer-S26-1515,summer,1468,S26-1515,Leo Shahar,Newcastle United,Arouca,2026-09-04,,GBP,,Defender — source label,,Evidence needed,"Buyer-specific role, production, availability, signing age and total fee evidence are needed before assigning a deal-value score. Loan/swap costs must be treated separately.",Source broad position and transfer quote only; detailed role and buyer-specific production not validated.,Loan fee not stated,Not assessed,https://www.theguardian.com/football/ng-interactive/2026/sep/01/mens-transfer-window-summer-2026-all-deals-from-europes-top-five-leagues,DEFENDER_UNCLASSIFIED
summer-S26-1517,summer,1470,S26-1517,Josué Casimir,Auxerre,Dinamo Moscow,2026-09-10,,GBP,,Defender — source label,,Evidence needed,"Buyer-specific role, production, availability, signing age and total fee evidence are needed before assigning a deal-value score. Loan/swap costs must be treated separately.",Source broad position and transfer quote only; detailed role and buyer-specific production not validated.,Loan fee not stated,Not assessed,https://www.theguardian.com/football/ng-interactive/2026/sep/01/mens-transfer-window-summer-2026-all-deals-from-europes-top-five-leagues,DEFENDER_UNCLASSIFIED
summer-S26-1518,summer,1471,S26-1518,Nikola Maras,Alavés,OFK Beograd,2026-09-11,,GBP,,Defender — source label,,Evidence needed,"Buyer-specific role, production, availability, signing age and total fee evidence are needed before assigning a deal-value score. A zero base fee does not represent wages or signing costs.",Source broad position and transfer quote only; detailed role and buyer-specific production not validated.,Free transfer,Not assessed,https://www.theguardian.com/football/ng-interactive/2026/sep/01/mens-transfer-window-summer-2026-all-deals-from-europes-top-five-leagues,DEFENDER_UNCLASSIFIED
summer-S26-1520,summer,1473,S26-1520,Luc De Fougerolles,Fulham,Real Salt Lake,2026-09-02,,GBP,,Defender — source label,,Evidence needed,"Buyer-specific role, production, availability, signing age and total fee evidence are needed before assigning a deal-value score. Loan/swap costs must be treated separately.",Source broad position and transfer quote only; detailed role and buyer-specific production not validated.,Loan fee not stated,Not assessed,https://www.theguardian.com/football/ng-interactive/2026/sep/01/mens-transfer-window-summer-2026-all-deals-from-europes-top-five-leagues,DEFENDER_UNCLASSIFIED
summer-S26-1521,summer,1474,S26-1521,Will Dennis,Bournemouth,MK Dons,2026-08-26,,GBP,,Goalkeeper — source label,,Evidence needed,"Buyer-specific shot-stopping, distribution, aerial command, sweeping, signing age and total fee evidence are needed before scoring.",Source broad position and transfer quote only; detailed role and buyer-specific production not validated.,Undisclosed,Not assessed,https://www.theguardian.com/football/ng-interactive/2026/sep/01/mens-transfer-window-summer-2026-all-deals-from-europes-top-five-leagues,GK
summer-S26-0007,summer,1475,S26-0007,Jérémy Jacquet,Rennes,Liverpool,2026-07-01,55000000.0,GBP,,Defender — source label,,Evidence needed,"Buyer-specific role, production, availability, signing age and total fee evidence are needed before assigning a deal-value score.",Source broad position and transfer quote only; detailed role and buyer-specific production not validated.,Reported fee,Not assessed,https://www.theguardian.com/football/ng-interactive/2026/sep/01/mens-transfer-window-summer-2026-all-deals-from-europes-top-five-leagues,DEFENDER_UNCLASSIFIED
summer-S26-0095,summer,1478,S26-0095,Jan Paul van Hecke,Brighton,Tottenham Hotspur,2026-06-18,52000000.0,GBP,,Defender — source label,,Evidence needed,"Buyer-specific role, production, availability, signing age and total fee evidence are needed before assigning a deal-value score.",Source broad position and transfer quote only; detailed role and buyer-specific production not validated.,Reported fee,Not assessed,https://www.theguardian.com/football/ng-interactive/2026/sep/01/mens-transfer-window-summer-2026-all-deals-from-europes-top-five-leagues,DEFENDER_UNCLASSIFIED
summer-S26-0130,summer,1479,S26-0130,Piero Hincapié,Bayer Leverkusen,Arsenal,2026-06-25,45000000.0,GBP,,Defender — source label,,Evidence needed,"Buyer-specific role, production, availability, signing age and total fee evidence are needed before assigning a deal-value score.",Source broad position and transfer quote only; detailed role and buyer-specific production not validated.,Reported fee,Not assessed,https://www.theguardian.com/football/ng-interactive/2026/sep/01/mens-transfer-window-summer-2026-all-deals-from-europes-top-five-leagues,DEFENDER_UNCLASSIFIED
summer-S26-0196,summer,1480,S26-0196,Mateus Fernandes,West Ham United,Tottenham Hotspur,2026-07-02,85000000.0,GBP,,Midfielder — source label,,Evidence needed,"Buyer-specific role, production, availability, signing age and total fee evidence are needed before assigning a deal-value score.",Source broad position and transfer quote only; detailed role and buyer-specific production not validated.,Reported fee,Not assessed,https://www.theguardian.com/football/ng-interactive/2026/sep/01/mens-transfer-window-summer-2026-all-deals-from-europes-top-five-leagues,MIDFIELD_UNCLASSIFIED
summer-S26-1058,summer,1487,S26-1058,Ezri Konsa,Aston Villa,Arsenal,2026-08-21,51000000.0,GBP,,Defender — source label,,Evidence needed,"Buyer-specific role, production, availability, signing age and total fee evidence are needed before assigning a deal-value score.",Source broad position and transfer quote only; detailed role and buyer-specific production not validated.,Reported fee,Not assessed,https://www.theguardian.com/football/ng-interactive/2026/sep/01/mens-transfer-window-summer-2026-all-deals-from-europes-top-five-leagues,DEFENDER_UNCLASSIFIED
