rating_id,dataset,source_index,record_id,player_name,from_club,to_club,transfer_date,fee_amount,currency,age_at_transfer,role,rating,rating_status,rationale,evidence_status,fee_status,confidence,source_url
historical-1,historical,1,,Kylian Mbappé,Monaco,PSG,2018-07-01,180000000.0,EUR,20,Striker,9.4,Assistant draft,Exceptional attacking quality and long developmental runway justify much of the unusually high investment.,Editorial assessment; transfer facts from workbook. Detailed comparable production and availability not fully verified. User concerns are attributed opinions.,Workbook quote,Low,https://github.com/CopiousHighlights/football-transfer-market-analysis
historical-3,historical,3,,Alexander Isak,Newcastle,Liverpool,2025-09-01,145000000.0,EUR,26,Striker,7.1,Your rating,"Very good player, but very expensive. Injury concerns and limited production reduce value.",Editorial assessment; transfer facts from workbook. Detailed comparable production and availability not fully verified. User concerns are attributed opinions.,Workbook quote,Low,https://github.com/CopiousHighlights/football-transfer-market-analysis
historical-8,historical,8,,João Félix,Benfica,Atlético,2019-07-03,127200000.0,EUR,20,Striker / mixed forward,5.9,Assistant draft,Very high investment depended heavily on potential. My retrospective judgment is that the return did not justify that price.,Editorial assessment; transfer facts from workbook. Detailed comparable production and availability not fully verified. User concerns are attributed opinions.,Workbook quote,Low,https://github.com/CopiousHighlights/football-transfer-market-analysis
historical-14,historical,14,,Antoine Griezmann,Atlético,Barcelona,2019-07-14,120000000.0,EUR,28,Striker / mixed forward,6.3,Assistant draft,"Established quality, but the expensive deal offered limited age-related upside and a less convincing fit.",Editorial assessment; transfer facts from workbook. Detailed comparable production and availability not fully verified. User concerns are attributed opinions.,Workbook quote,Low,https://github.com/CopiousHighlights/football-transfer-market-analysis
historical-16,historical,16,,Cristiano Ronaldo,Real Madrid,Juventus,2018-07-10,117000000.0,EUR,33,Striker,8.5,Assistant draft,"Strong scoring return in my assessment, offset by a large investment late in his career.",Editorial assessment; transfer facts from workbook. Detailed comparable production and availability not fully verified. User concerns are attributed opinions.,Workbook quote,Low,https://github.com/CopiousHighlights/football-transfer-market-analysis
historical-19,historical,19,,Romelu Lukaku,Inter,Chelsea,2021-08-12,113000000.0,EUR,28,Striker,4.9,Assistant draft,"In my assessment, the expensive return delivered too little sustained value for the buying club.",Editorial assessment; transfer facts from workbook. Detailed comparable production and availability not fully verified. User concerns are attributed opinions.,Workbook quote,Low,https://github.com/CopiousHighlights/football-transfer-market-analysis
historical-22,historical,22,,Kai Havertz,Leverkusen,Chelsea,2020-09-04,100000000.0,EUR,21,Striker / mixed forward,6.8,Assistant draft,"Youth and versatility support some value, but the substantial fee raises the required production.",Editorial assessment; transfer facts from workbook. Detailed comparable production and availability not fully verified. User concerns are attributed opinions.,Workbook quote,Low,https://github.com/CopiousHighlights/football-transfer-market-analysis
historical-25,historical,25,,Hugo Ekitiké,Frankfurt,Liverpool,2025-07-23,95000000.0,EUR,23,Striker,8.8,Your rating,"Young, good production, good price and great overall value.",Editorial assessment; transfer facts from workbook. Detailed comparable production and availability not fully verified. User concerns are attributed opinions.,Workbook quote,Low,https://github.com/CopiousHighlights/football-transfer-market-analysis
historical-26,historical,26,,Harry Kane,Tottenham,Bayern Munich,2023-08-12,95000000.0,EUR,30,Striker,9.5,Your rating,"Exceptional production and a comparatively lower price, with age limiting runway.",Editorial assessment; transfer facts from workbook. Detailed comparable production and availability not fully verified. User concerns are attributed opinions.,Workbook quote,Low,https://github.com/CopiousHighlights/football-transfer-market-analysis
historical-28,historical,28,,Randal Kolo Muani,Frankfurt,PSG,2023-09-01,95000000.0,EUR,25,Striker,5.8,Assistant draft,My assessment is that the substantial fee was not matched by a convincing sustained return.,Editorial assessment; transfer facts from workbook. Detailed comparable production and availability not fully verified. User concerns are attributed opinions.,Workbook quote,Low,https://github.com/CopiousHighlights/football-transfer-market-analysis
historical-29,historical,29,,Cristiano Ronaldo,Man Utd,Real Madrid,2009-07-06,94000000.0,EUR,24,Striker,9.9,Assistant draft,My exceptional-value benchmark: sustained elite production and useful seasons justify a major fee.,Editorial assessment; transfer facts from workbook. Detailed comparable production and availability not fully verified. User concerns are attributed opinions.,Workbook quote,Low,https://github.com/CopiousHighlights/football-transfer-market-analysis
historical-37,historical,37,,Dušan Vlahović,Fiorentina,Juventus,2022-01-28,85400000.0,EUR,22,Striker,7.2,Assistant draft,"Young at signing with scoring upside, but the large fee limits the value assessment.",Editorial assessment; transfer facts from workbook. Detailed comparable production and availability not fully verified. User concerns are attributed opinions.,Workbook quote,Low,https://github.com/CopiousHighlights/football-transfer-market-analysis
historical-39,historical,39,,Darwin Núñez,Benfica,Liverpool,2022-07-01,85000000.0,EUR,23,Striker,6.8,Assistant draft,"Meaningful contribution, but the expensive Liverpool deal delivered less consistent scoring value than stronger deals.",Editorial assessment; transfer facts from workbook. Detailed comparable production and availability not fully verified. User concerns are attributed opinions.,Workbook quote,Low,https://github.com/CopiousHighlights/football-transfer-market-analysis
historical-40,historical,40,,Romelu Lukaku,Everton,Man Utd,2017-07-10,84700000.0,EUR,24,Striker,7.2,Assistant draft,"Useful attacking contribution in my assessment, with a high fee and a relatively short stay reducing value.",Editorial assessment; transfer facts from workbook. Detailed comparable production and availability not fully verified. User concerns are attributed opinions.,Workbook quote,Low,https://github.com/CopiousHighlights/football-transfer-market-analysis
historical-42,historical,42,,Luis Suárez,Liverpool,Barcelona,2014-07-11,81720000.0,EUR,27,Striker,9.8,Assistant draft,My assessment is that exceptional scoring and attacking contribution delivered outstanding value despite a substantial fee.,Editorial assessment; transfer facts from workbook. Detailed comparable production and availability not fully verified. User concerns are attributed opinions.,Workbook quote,Low,https://github.com/CopiousHighlights/football-transfer-market-analysis
historical-51,historical,51,,Rasmus Højlund,Atalanta,Man Utd,2023-08-05,79800000.0,EUR,20,Striker,6.2,Assistant draft,"Young with development potential, but the large initial investment demanded more immediate production.",Editorial assessment; transfer facts from workbook. Detailed comparable production and availability not fully verified. User concerns are attributed opinions.,Workbook quote,Low,https://github.com/CopiousHighlights/football-transfer-market-analysis
historical-52,historical,52,,Victor Osimhen,Lille,Napoli,2020-09-01,78900000.0,EUR,22,Striker,9.3,Assistant draft,My assessment is that high-level scoring and a strong age profile delivered substantial value for this deal.,Editorial assessment; transfer facts from workbook. Detailed comparable production and availability not fully verified. User concerns are attributed opinions.,Workbook quote,Low,https://github.com/CopiousHighlights/football-transfer-market-analysis
historical-53,historical,53,,Alexander Isak,Real Sociedad,Newcastle,2022-08-26,77500000.0,EUR,23,Striker,9.0,Assistant draft,My assessment is that the Newcastle deal provided a stronger production-to-price return than the separate Liverpool move.,Editorial assessment; transfer facts from workbook. Detailed comparable production and availability not fully verified. User concerns are attributed opinions.,Workbook quote,Low,https://github.com/CopiousHighlights/football-transfer-market-analysis
historical-54,historical,54,,Jhon Durán,Aston Villa,Al-Nassr,2025-01-31,77000000.0,EUR,22,Striker,7.0,Assistant draft,"Youth and upside help, but the fee is high and the competition context calls for a cautious value assessment.",Editorial assessment; transfer facts from workbook. Detailed comparable production and availability not fully verified. User concerns are attributed opinions.,Workbook quote,Low,https://github.com/CopiousHighlights/football-transfer-market-analysis
historical-56,historical,56,,Benjamin Sesko,Leipzig,Man Utd,2025-08-09,76500000.0,EUR,22,Striker,8.0,Assistant draft,"Age and potential help, but a substantial fee buys upside as well as established production.",Editorial assessment; transfer facts from workbook. Detailed comparable production and availability not fully verified. User concerns are attributed opinions.,Workbook quote,Low,https://github.com/CopiousHighlights/football-transfer-market-analysis
historical-58,historical,58,,Nick Woltemade,Stuttgart,Newcastle,2025-08-30,75000000.0,EUR,23,Striker,6.9,Assistant draft,The workbook price requires a strong immediate return. Potential helps but does not remove the cost risk.,Editorial assessment; transfer facts from workbook. Detailed comparable production and availability not fully verified. User concerns are attributed opinions.,Workbook quote,Low,https://github.com/CopiousHighlights/football-transfer-market-analysis
historical-59,historical,59,,Omar Marmoush,Frankfurt,Man City,2025-01-23,75000000.0,EUR,26,Striker / mixed forward,7.7,Assistant draft,"Attacking versatility and quality support the deal, but the fee leaves less room for an outstanding-value judgment.",Editorial assessment; transfer facts from workbook. Detailed comparable production and availability not fully verified. User concerns are attributed opinions.,Workbook quote,Low,https://github.com/CopiousHighlights/football-transfer-market-analysis
historical-60,historical,60,,Victor Osimhen,Napoli,Galatasaray,2025-07-31,75000000.0,EUR,27,Striker,8.7,Assistant draft,"My assessment is that established scoring quality supports the fee, with competition strength limiting the comparison to elite-league deals.",Editorial assessment; transfer facts from workbook. Detailed comparable production and availability not fully verified. User concerns are attributed opinions.,Workbook quote,Low,https://github.com/CopiousHighlights/football-transfer-market-analysis
historical-62,historical,62,,Julián Alvarez,Man City,Atlético,2024-08-12,75000000.0,EUR,24,Striker,9.0,Assistant draft,"Scoring, versatility, age and potential support the investment.",Editorial assessment; transfer facts from workbook. Detailed comparable production and availability not fully verified. User concerns are attributed opinions.,Workbook quote,Low,https://github.com/CopiousHighlights/football-transfer-market-analysis
historical-65,historical,65,,Kai Havertz,Chelsea,Arsenal,2023-07-01,75000000.0,EUR,24,Striker / mixed forward,7.9,Assistant draft,"Versatility and attacking contribution support value, but the fee and striker-role uncertainty limit the score.",Editorial assessment; transfer facts from workbook. Detailed comparable production and availability not fully verified. User concerns are attributed opinions.,Workbook quote,Low,https://github.com/CopiousHighlights/football-transfer-market-analysis
historical-67,historical,67,,Matheus Cunha,Wolves,Man Utd,2025-07-01,74200000.0,EUR,26,Striker / mixed forward,8.0,Assistant draft,"Useful creation and scoring profile in my assessment, but a substantial fee and mixed forward role require review.",Editorial assessment; transfer facts from workbook. Detailed comparable production and availability not fully verified. User concerns are attributed opinions.,Workbook quote,Low,https://github.com/CopiousHighlights/football-transfer-market-analysis
historical-68,historical,68,,Romelu Lukaku,Man Utd,Inter,2019-08-08,74000000.0,EUR,26,Striker,9.2,Assistant draft,My assessment is that strong production and an appropriate role delivered an excellent return on the fee.,Editorial assessment; transfer facts from workbook. Detailed comparable production and availability not fully verified. User concerns are attributed opinions.,Workbook quote,Low,https://github.com/CopiousHighlights/football-transfer-market-analysis
historical-84,historical,84,,Viktor Gyökeres,Sporting,Arsenal,2025-07-26,66900000.0,EUR,27,Striker,8.6,Assistant draft,"Strong scoring profile supports the fee, tempered by competition adjustment and remaining developmental runway.",Editorial assessment; transfer facts from workbook. Detailed comparable production and availability not fully verified. User concerns are attributed opinions.,Workbook quote,Low,https://github.com/CopiousHighlights/football-transfer-market-analysis
historical-85,historical,85,,Álvaro Morata,Real Madrid,Chelsea,2017-07-21,66000000.0,EUR,25,Striker,5.9,Assistant draft,The high price required a more convincing sustained attacking return in my assessment.,Editorial assessment; transfer facts from workbook. Detailed comparable production and availability not fully verified. User concerns are attributed opinions.,Workbook quote,Low,https://github.com/CopiousHighlights/football-transfer-market-analysis
historical-88,historical,88,,Gonçalo Ramos,Benfica,PSG,2024-01-01,65000000.0,EUR,23,Striker,7.1,Assistant draft,"Age and scoring potential support value, but the substantial investment requires more convincing consistent output.",Editorial assessment; transfer facts from workbook. Detailed comparable production and availability not fully verified. User concerns are attributed opinions.,Workbook quote,Low,https://github.com/CopiousHighlights/football-transfer-market-analysis
historical-93,historical,93,,Edinson Cavani,Napoli,PSG,2013-07-16,64500000.0,EUR,26,Striker,9.6,Assistant draft,My assessment is that sustained scoring and useful seasons delivered outstanding value for the investment.,Editorial assessment; transfer facts from workbook. Detailed comparable production and availability not fully verified. User concerns are attributed opinions.,Workbook quote,Low,https://github.com/CopiousHighlights/football-transfer-market-analysis
historical-94,historical,94,,Dominic Solanke,Bournemouth,Tottenham,2024-08-10,64300000.0,EUR,27,Striker,6.7,Your rating,Poor production relative to a fairly expensive fee.,Editorial assessment; transfer facts from workbook. Detailed comparable production and availability not fully verified. User concerns are attributed opinions.,Workbook quote,Low,https://github.com/CopiousHighlights/football-transfer-market-analysis
historical-97,historical,97,,Pierre-Emerick Aubameyang,Dortmund,Arsenal,2018-01-31,63750000.0,EUR,29,Striker,9.1,Assistant draft,My assessment is that strong immediate scoring outweighed a shorter developmental runway at signing.,Editorial assessment; transfer facts from workbook. Detailed comparable production and availability not fully verified. User concerns are attributed opinions.,Workbook quote,Low,https://github.com/CopiousHighlights/football-transfer-market-analysis
historical-98,historical,98,,João Pedro,Brighton,Chelsea,2025-07-02,63700000.0,EUR,24,Striker / mixed forward,8.6,Assistant draft,"Youth, scoring and link-up potential support value, with the substantial fee preventing a higher draft rating.",Editorial assessment; transfer facts from workbook. Detailed comparable production and availability not fully verified. User concerns are attributed opinions.,Workbook quote,Low,https://github.com/CopiousHighlights/football-transfer-market-analysis
historical-102,historical,102,,Luka Jović,Frankfurt,Real Madrid,2019-07-02,63000000.0,EUR,22,Striker,4.3,Assistant draft,"My retrospective assessment is that the fee was poorly matched by the attacking return, despite youth at signing.",Editorial assessment; transfer facts from workbook. Detailed comparable production and availability not fully verified. User concerns are attributed opinions.,Workbook quote,Low,https://github.com/CopiousHighlights/football-transfer-market-analysis
historical-109,historical,109,,Mateo Retegui,Atalanta,Al-Qadsiah,2025-07-21,61750000.0,EUR,26,Striker,7.5,Assistant draft,"Scoring ability supports some value, but the fee and competition context temper the assessment.",Editorial assessment; transfer facts from workbook. Detailed comparable production and availability not fully verified. User concerns are attributed opinions.,Workbook quote,Low,https://github.com/CopiousHighlights/football-transfer-market-analysis
historical-117,historical,117,,Erling Haaland,Dortmund,Man City,2022-07-01,60000000.0,EUR,22,Striker,9.8,Your rating,"Great value, exceptional production and a strong age profile.",Editorial assessment; transfer facts from workbook. Detailed comparable production and availability not fully verified. User concerns are attributed opinions.,Workbook quote,Low,https://github.com/CopiousHighlights/football-transfer-market-analysis
historical-119,historical,119,,Anthony Martial,Monaco,Man Utd,2015-09-01,60000000.0,EUR,20,Striker,7.0,Assistant draft,"Youth and promising attacking quality support the deal, but inconsistent availability and return reduce my retrospective assessment.",Editorial assessment; transfer facts from workbook. Detailed comparable production and availability not fully verified. User concerns are attributed opinions.,Workbook quote,Low,https://github.com/CopiousHighlights/football-transfer-market-analysis
historical-122,historical,122,,Christopher Nkunku,Leipzig,Chelsea,2023-07-01,60000000.0,EUR,26,Striker / mixed forward,5.8,Assistant draft,"Quality and versatility help, but availability and a limited sustained return weaken my assessment of the fee.",Editorial assessment; transfer facts from workbook. Detailed comparable production and availability not fully verified. User concerns are attributed opinions.,Workbook quote,Low,https://github.com/CopiousHighlights/football-transfer-market-analysis
historical-131,historical,131,,Richarlison,Everton,Tottenham,2022-07-01,58000000.0,EUR,25,Striker,5.7,Assistant draft,"A substantial fee, availability concerns and limited consistent output reduce my retrospective value assessment.",Editorial assessment; transfer facts from workbook. Detailed comparable production and availability not fully verified. User concerns are attributed opinions.,Workbook quote,Low,https://github.com/CopiousHighlights/football-transfer-market-analysis
historical-133,historical,133,,Yoane Wissa,Brentford,Newcastle,2025-09-01,57700000.0,EUR,29,Striker,7.2,Assistant draft,"Established scoring profile supports value, but a substantial fee offers less developmental upside.",Editorial assessment; transfer facts from workbook. Detailed comparable production and availability not fully verified. User concerns are attributed opinions.,Workbook quote,Low,https://github.com/CopiousHighlights/football-transfer-market-analysis
historical-147,historical,147,,Ferran Torres,Man City,Barcelona,2022-01-01,55000000.0,EUR,22,Striker / mixed forward,7.4,Assistant draft,"Age and forward versatility support the deal, but the fee and mixed role limit my value assessment.",Editorial assessment; transfer facts from workbook. Detailed comparable production and availability not fully verified. User concerns are attributed opinions.,Workbook quote,Low,https://github.com/CopiousHighlights/football-transfer-market-analysis
historical-149,historical,149,,Antoine Griezmann,Real Sociedad,Atlético,2014-07-28,54000000.0,EUR,23,Striker / mixed forward,9.2,Assistant draft,My assessment is that attacking quality and sustained contribution make this a strong value deal.,Editorial assessment; transfer facts from workbook. Detailed comparable production and availability not fully verified. User concerns are attributed opinions.,Workbook quote,Low,https://github.com/CopiousHighlights/football-transfer-market-analysis
historical-151,historical,151,,Alexandre Lacazette,Lyon,Arsenal,2017-07-05,53000000.0,EUR,26,Striker,7.6,Assistant draft,"Useful scoring and link-up contribution support value, though the fee prevents an exceptional rating.",Editorial assessment; transfer facts from workbook. Detailed comparable production and availability not fully verified. User concerns are attributed opinions.,Workbook quote,Low,https://github.com/CopiousHighlights/football-transfer-market-analysis
historical-153,historical,153,,Darwin Núñez,Liverpool,Al-Hilal,2025-08-09,53000000.0,EUR,26,Striker,7.3,Assistant draft,A lower fee than the Liverpool purchase changes the value case. This remains a cautious draft with limited buyer-specific production evidence.,Editorial assessment; transfer facts from workbook. Detailed comparable production and availability not fully verified. User concerns are attributed opinions.,Workbook quote,Low,https://github.com/CopiousHighlights/football-transfer-market-analysis
historical-154,historical,154,,Timo Werner,Leipzig,Chelsea,2020-07-01,53000000.0,EUR,24,Striker,6.2,Assistant draft,"Useful movement and work rate in my assessment, but a weaker scoring return reduces value at the price.",Editorial assessment; transfer facts from workbook. Detailed comparable production and availability not fully verified. User concerns are attributed opinions.,Workbook quote,Low,https://github.com/CopiousHighlights/football-transfer-market-analysis
historical-156,historical,156,,Aleksandar Mitrović,Fulham,Al-Hilal,2023-08-19,52600000.0,EUR,29,Striker,8.4,Assistant draft,"My assessment is that a strong scoring profile supports the price, tempered by age and competition context.",Editorial assessment; transfer facts from workbook. Detailed comparable production and availability not fully verified. User concerns are attributed opinions.,Workbook quote,Low,https://github.com/CopiousHighlights/football-transfer-market-analysis
historical-157,historical,157,,Gabriel Jesus,Man City,Arsenal,2022-07-04,52200000.0,EUR,25,Striker,7.1,Assistant draft,"Link-up quality supports value, but availability and scoring consistency reduce my assessment.",Editorial assessment; transfer facts from workbook. Detailed comparable production and availability not fully verified. User concerns are attributed opinions.,Workbook quote,Low,https://github.com/CopiousHighlights/football-transfer-market-analysis
historical-158,historical,158,,João Félix,Atlético,Chelsea,2024-08-21,52000000.0,EUR,25,Striker / mixed forward,5.8,Assistant draft,"The fee still requires a stronger sustained return in my assessment, even though it was lower than the Atlético investment.",Editorial assessment; transfer facts from workbook. Detailed comparable production and availability not fully verified. User concerns are attributed opinions.,Workbook quote,Low,https://github.com/CopiousHighlights/football-transfer-market-analysis
historical-173,historical,173,,Mauro Icardi,Inter,PSG,2020-07-01,50000000.0,EUR,27,Striker,6.1,Assistant draft,"Scoring quality provides some value, but my assessment of the sustained return is weak relative to the price.",Editorial assessment; transfer facts from workbook. Detailed comparable production and availability not fully verified. User concerns are attributed opinions.,Workbook quote,Low,https://github.com/CopiousHighlights/football-transfer-market-analysis
historical-175,historical,175,,Sébastien Haller,Frankfurt,West Ham,2019-07-17,50000000.0,EUR,25,Striker,5.6,Assistant draft,My assessment is that the expensive deal did not deliver a strong sustained return in that role.,Editorial assessment; transfer facts from workbook. Detailed comparable production and availability not fully verified. User concerns are attributed opinions.,Workbook quote,Low,https://github.com/CopiousHighlights/football-transfer-market-analysis
historical-177,historical,177,,Matheus Cunha,Atlético,Wolves,2023-07-01,50000000.0,EUR,24,Striker / mixed forward,8.8,Assistant draft,"My assessment is that scoring, creation and room to develop made the lower-priced Wolves deal stronger value.",Editorial assessment; transfer facts from workbook. Detailed comparable production and availability not fully verified. User concerns are attributed opinions.,Workbook quote,Low,https://github.com/CopiousHighlights/football-transfer-market-analysis
historical-183,historical,183,,Jørgen Strand Larsen,Wolves,Crystal Palace,2026-02-02,49700000.0,EUR,26,Striker,7.3,Assistant draft,"A useful centre-forward profile supports the deal, but the workbook price requires stronger production evidence.",Editorial assessment; transfer facts from workbook. Detailed comparable production and availability not fully verified. User concerns are attributed opinions.,Workbook quote,Low,https://github.com/CopiousHighlights/football-transfer-market-analysis
historical-190,historical,190,,Endrick,Palmeiras,Real Madrid,2024-07-21,47500000.0,EUR,18,Striker,7.0,Assistant draft,"Long developmental runway and potential help, but this fee buys uncertain future production. Evidence remains limited.",Editorial assessment; transfer facts from workbook. Detailed comparable production and availability not fully verified. User concerns are attributed opinions.,Workbook quote,Low,https://github.com/CopiousHighlights/football-transfer-market-analysis
historical-196,historical,196,,Georginio Rutter,Leeds,Brighton,2024-08-19,46700000.0,EUR,22,Striker / mixed forward,7.6,Assistant draft,"Creation and versatility support value, with the substantial price and mixed role keeping the assessment cautious.",Editorial assessment; transfer facts from workbook. Detailed comparable production and availability not fully verified. User concerns are attributed opinions.,Workbook quote,Low,https://github.com/CopiousHighlights/football-transfer-market-analysis
summer-S26-0021,summer,14,S26-0021,Emmanuel Emegha,Strasbourg,Chelsea,2026-06-01,21600000.0,GBP,,Forward — striker role unverified,,Evidence needed,"Reported fee available; verify striker role, production, age, availability and transfer before assigning a score.",Broad Forward label only; not a certified striker cohort. No comparable production supplied for this deal.,Reported fee,Not assessed,https://www.theguardian.com/football/ng-interactive/2026/sep/01/mens-transfer-window-summer-2026-all-deals-from-europes-top-five-leagues
summer-S26-0028,summer,21,S26-0028,Kingstone Mutandwa,SV Ried,Cagliari,2026-06-05,,GBP,,Forward — striker role unverified,,Evidence needed,Undisclosed fee: cannot assess fee versus worth.,Broad Forward label only; not a certified striker cohort. No comparable production supplied for this deal.,Undisclosed,Not assessed,https://www.theguardian.com/football/ng-interactive/2026/sep/01/mens-transfer-window-summer-2026-all-deals-from-europes-top-five-leagues
summer-S26-0031,summer,24,S26-0031,Raúl Jiménez,Fulham,Wolverhampton Wanderers,2026-06-09,,GBP,,Forward — striker role unverified,,Evidence needed,Free base fee excludes wages and other costs; role and production evidence needed.,Broad Forward label only; not a certified striker cohort. No comparable production supplied for this deal.,Free transfer,Not assessed,https://www.theguardian.com/football/ng-interactive/2026/sep/01/mens-transfer-window-summer-2026-all-deals-from-europes-top-five-leagues
summer-S26-0032,summer,25,S26-0032,Rasmus Højlund,Manchester United,Napoli,2026-06-03,43200000.0,GBP,,Forward — striker role unverified,,Evidence needed,"Reported fee available; verify striker role, production, age, availability and transfer before assigning a score.",Broad Forward label only; not a certified striker cohort. No comparable production supplied for this deal.,Reported fee,Not assessed,https://www.theguardian.com/football/ng-interactive/2026/sep/01/mens-transfer-window-summer-2026-all-deals-from-europes-top-five-leagues
summer-S26-0033,summer,26,S26-0033,Donyell Malen,Aston Villa,Roma,2026-05-26,21600000.0,GBP,,Forward — striker role unverified,,Evidence needed,"Reported fee available; verify striker role, production, age, availability and transfer before assigning a score.",Broad Forward label only; not a certified striker cohort. No comparable production supplied for this deal.,Reported fee,Not assessed,https://www.theguardian.com/football/ng-interactive/2026/sep/01/mens-transfer-window-summer-2026-all-deals-from-europes-top-five-leagues
summer-S26-0042,summer,35,S26-0042,Isac Lidberg,Darmstadt,Borussia Mönchengladbach,2026-06-09,3000000.0,GBP,,Forward — striker role unverified,,Evidence needed,"Reported fee available; verify striker role, production, age, availability and transfer before assigning a score.",Broad Forward label only; not a certified striker cohort. No comparable production supplied for this deal.,Reported fee,Not assessed,https://www.theguardian.com/football/ng-interactive/2026/sep/01/mens-transfer-window-summer-2026-all-deals-from-europes-top-five-leagues
summer-S26-0052,summer,45,S26-0052,Hamza Abdelkarim,Al Ahly,Barcelona,2026-06-10,1300000.0,GBP,,Forward — striker role unverified,,Evidence needed,"Reported fee available; verify striker role, production, age, availability and transfer before assigning a score.",Broad Forward label only; not a certified striker cohort. No comparable production supplied for this deal.,Reported fee,Not assessed,https://www.theguardian.com/football/ng-interactive/2026/sep/01/mens-transfer-window-summer-2026-all-deals-from-europes-top-five-leagues
summer-S26-0053,summer,46,S26-0053,Keisuke Goto,Anderlecht,Freiburg,2026-06-11,11200000.0,GBP,,Forward — striker role unverified,,Evidence needed,"Reported fee available; verify striker role, production, age, availability and transfer before assigning a score.",Broad Forward label only; not a certified striker cohort. No comparable production supplied for this deal.,Reported fee,Not assessed,https://www.theguardian.com/football/ng-interactive/2026/sep/01/mens-transfer-window-summer-2026-all-deals-from-europes-top-five-leagues
summer-S26-0056,summer,49,S26-0056,Shio Fukuda,Borussia Mönchengladbach,Karlsruhe,2026-06-11,600000.0,GBP,,Forward — striker role unverified,,Evidence needed,"Reported fee available; verify striker role, production, age, availability and transfer before assigning a score.",Broad Forward label only; not a certified striker cohort. No comparable production supplied for this deal.,Reported fee,Not assessed,https://www.theguardian.com/football/ng-interactive/2026/sep/01/mens-transfer-window-summer-2026-all-deals-from-europes-top-five-leagues
summer-S26-0058,summer,51,S26-0058,Junior Adamu,Freiburg,Schalke 04,2026-06-11,700000.0,GBP,,Forward — striker role unverified,,Evidence needed,"Reported fee available; verify striker role, production, age, availability and transfer before assigning a score.",Broad Forward label only; not a certified striker cohort. No comparable production supplied for this deal.,Reported fee,Not assessed,https://www.theguardian.com/football/ng-interactive/2026/sep/01/mens-transfer-window-summer-2026-all-deals-from-europes-top-five-leagues
summer-S26-0059,summer,52,S26-0059,Michael Gregoritsch,Brøndby,Augsburg,2026-06-12,,GBP,,Forward — striker role unverified,,Evidence needed,Undisclosed fee: cannot assess fee versus worth.,Broad Forward label only; not a certified striker cohort. No comparable production supplied for this deal.,Undisclosed,Not assessed,https://www.theguardian.com/football/ng-interactive/2026/sep/01/mens-transfer-window-summer-2026-all-deals-from-europes-top-five-leagues
summer-S26-0063,summer,56,S26-0063,André Silva,Elche,Porto,2026-06-12,,GBP,,Forward — striker role unverified,,Evidence needed,Free base fee excludes wages and other costs; role and production evidence needed.,Broad Forward label only; not a certified striker cohort. No comparable production supplied for this deal.,Free transfer,Not assessed,https://www.theguardian.com/football/ng-interactive/2026/sep/01/mens-transfer-window-summer-2026-all-deals-from-europes-top-five-leagues
summer-S26-0064,summer,57,S26-0064,Olly Sanderson,Fulham,Stevenage,2026-06-13,,GBP,,Forward — striker role unverified,,Evidence needed,Undisclosed fee: cannot assess fee versus worth.,Broad Forward label only; not a certified striker cohort. No comparable production supplied for this deal.,Undisclosed,Not assessed,https://www.theguardian.com/football/ng-interactive/2026/sep/01/mens-transfer-window-summer-2026-all-deals-from-europes-top-five-leagues
summer-S26-0077,summer,70,S26-0077,Francesco Camarda,Milan,Lecce,2026-06-16,2600000.0,GBP,,Forward — striker role unverified,,Evidence needed,"Reported fee available; verify striker role, production, age, availability and transfer before assigning a score.",Broad Forward label only; not a certified striker cohort. No comparable production supplied for this deal.,Reported fee,Not assessed,https://www.theguardian.com/football/ng-interactive/2026/sep/01/mens-transfer-window-summer-2026-all-deals-from-europes-top-five-leagues
summer-S26-0092,summer,85,S26-0092,Chaka Traorè,Milan,Partizan Belgrade,2026-06-18,,GBP,,Forward — striker role unverified,,Evidence needed,Undisclosed fee: cannot assess fee versus worth.,Broad Forward label only; not a certified striker cohort. No comparable production supplied for this deal.,Undisclosed,Not assessed,https://www.theguardian.com/football/ng-interactive/2026/sep/01/mens-transfer-window-summer-2026-all-deals-from-europes-top-five-leagues
summer-S26-0094,summer,87,S26-0094,Víctor Muñoz,Osasuna,Liverpool,2026-06-18,34500000.0,GBP,,Forward — striker role unverified,,Evidence needed,"Reported fee available; verify striker role, production, age, availability and transfer before assigning a score.",Broad Forward label only; not a certified striker cohort. No comparable production supplied for this deal.,Reported fee,Not assessed,https://www.theguardian.com/football/ng-interactive/2026/sep/01/mens-transfer-window-summer-2026-all-deals-from-europes-top-five-leagues
summer-S26-0109,summer,101,S26-0109,Jimmy-Jay Morgan,Chelsea,West Bromwich Albion,2026-06-18,4000000.0,GBP,,Forward — striker role unverified,,Evidence needed,"Reported fee available; verify striker role, production, age, availability and transfer before assigning a score.",Broad Forward label only; not a certified striker cohort. No comparable production supplied for this deal.,Reported fee,Not assessed,https://www.theguardian.com/football/ng-interactive/2026/sep/01/mens-transfer-window-summer-2026-all-deals-from-europes-top-five-leagues
summer-S26-0110,summer,102,S26-0110,Cedric Itten,Fortuna Düsseldorf,Werder Bremen,2026-06-21,,GBP,,Forward — striker role unverified,,Evidence needed,Free base fee excludes wages and other costs; role and production evidence needed.,Broad Forward label only; not a certified striker cohort. No comparable production supplied for this deal.,Free transfer,Not assessed,https://www.theguardian.com/football/ng-interactive/2026/sep/01/mens-transfer-window-summer-2026-all-deals-from-europes-top-five-leagues
summer-S26-0118,summer,109,S26-0118,Chuba Akpom,Ajax,Ipswich Town,2026-05-05,7000000.0,GBP,,Forward — striker role unverified,,Evidence needed,"Reported fee available; verify striker role, production, age, availability and transfer before assigning a score.",Broad Forward label only; not a certified striker cohort. No comparable production supplied for this deal.,Reported fee,Not assessed,https://www.theguardian.com/football/ng-interactive/2026/sep/01/mens-transfer-window-summer-2026-all-deals-from-europes-top-five-leagues
summer-S26-0124,summer,114,S26-0124,Robert Glatzel,Hamburg,Wolfsburg,2026-06-23,1300000.0,GBP,,Forward — striker role unverified,,Evidence needed,"Reported fee available; verify striker role, production, age, availability and transfer before assigning a score.",Broad Forward label only; not a certified striker cohort. No comparable production supplied for this deal.,Reported fee,Not assessed,https://www.theguardian.com/football/ng-interactive/2026/sep/01/mens-transfer-window-summer-2026-all-deals-from-europes-top-five-leagues
summer-S26-0127,summer,117,S26-0127,Pierre Mounguengue,Paris Saint-Germain,Dynamo Kyiv,2026-06-24,,GBP,,Forward — striker role unverified,,Evidence needed,Free base fee excludes wages and other costs; role and production evidence needed.,Broad Forward label only; not a certified striker cohort. No comparable production supplied for this deal.,Free transfer,Not assessed,https://www.theguardian.com/football/ng-interactive/2026/sep/01/mens-transfer-window-summer-2026-all-deals-from-europes-top-five-leagues
summer-S26-0129,summer,119,S26-0129,Ilyes Housni,Paris Saint-Germain,Nancy,2026-06-24,,GBP,,Forward — striker role unverified,,Evidence needed,Free base fee excludes wages and other costs; role and production evidence needed.,Broad Forward label only; not a certified striker cohort. No comparable production supplied for this deal.,Free transfer,Not assessed,https://www.theguardian.com/football/ng-interactive/2026/sep/01/mens-transfer-window-summer-2026-all-deals-from-europes-top-five-leagues
summer-S26-0138,summer,127,S26-0138,Frankie Okoronkwo,Everton,Doncaster,2026-06-26,,GBP,,Forward — striker role unverified,,Evidence needed,Free base fee excludes wages and other costs; role and production evidence needed.,Broad Forward label only; not a certified striker cohort. No comparable production supplied for this deal.,Free transfer,Not assessed,https://www.theguardian.com/football/ng-interactive/2026/sep/01/mens-transfer-window-summer-2026-all-deals-from-europes-top-five-leagues
summer-S26-0145,summer,133,S26-0145,Alejo Véliz,Tottenham Hotspur,Bahia,2026-06-26,7800000.0,GBP,,Forward — striker role unverified,,Evidence needed,"Reported fee available; verify striker role, production, age, availability and transfer before assigning a score.",Broad Forward label only; not a certified striker cohort. No comparable production supplied for this deal.,Reported fee,Not assessed,https://www.theguardian.com/football/ng-interactive/2026/sep/01/mens-transfer-window-summer-2026-all-deals-from-europes-top-five-leagues
summer-S26-0146,summer,134,S26-0146,Jonah Kusi-Asare,Bayern Munich,Fulham,2026-06-27,5200000.0,GBP,,Forward — striker role unverified,,Evidence needed,"Reported fee available; verify striker role, production, age, availability and transfer before assigning a score.",Broad Forward label only; not a certified striker cohort. No comparable production supplied for this deal.,Reported fee,Not assessed,https://www.theguardian.com/football/ng-interactive/2026/sep/01/mens-transfer-window-summer-2026-all-deals-from-europes-top-five-leagues
summer-S26-0147,summer,135,S26-0147,Alexander Staff,Eintracht Frankfurt,Saarbrücken,2026-06-27,,GBP,,Forward — striker role unverified,,Evidence needed,Loan/swap terms and buyer-specific production evidence needed.,Broad Forward label only; not a certified striker cohort. No comparable production supplied for this deal.,Loan fee not stated,Not assessed,https://www.theguardian.com/football/ng-interactive/2026/sep/01/mens-transfer-window-summer-2026-all-deals-from-europes-top-five-leagues
summer-S26-0159,summer,146,S26-0159,Gonçalo Ramos,Paris Saint-Germain,Milan,2026-06-30,60200000.0,GBP,,Forward — striker role unverified,,Evidence needed,"Reported fee available; verify striker role, production, age, availability and transfer before assigning a score.",Broad Forward label only; not a certified striker cohort. No comparable production supplied for this deal.,Reported fee,Not assessed,https://www.theguardian.com/football/ng-interactive/2026/sep/01/mens-transfer-window-summer-2026-all-deals-from-europes-top-five-leagues
summer-S26-0162,summer,149,S26-0162,Peter Remmert,Schalke 04,Duisburg,2026-06-30,,GBP,,Forward — striker role unverified,,Evidence needed,Loan/swap terms and buyer-specific production evidence needed.,Broad Forward label only; not a certified striker cohort. No comparable production supplied for this deal.,Loan fee not stated,Not assessed,https://www.theguardian.com/football/ng-interactive/2026/sep/01/mens-transfer-window-summer-2026-all-deals-from-europes-top-five-leagues
summer-S26-0168,summer,155,S26-0168,Ismael Saibari,PSV Eindhoven,Bayern Munich,2026-07-01,43000000.0,GBP,,Forward — striker role unverified,,Evidence needed,"Reported fee available; verify striker role, production, age, availability and transfer before assigning a score.",Broad Forward label only; not a certified striker cohort. No comparable production supplied for this deal.,Reported fee,Not assessed,https://www.theguardian.com/football/ng-interactive/2026/sep/01/mens-transfer-window-summer-2026-all-deals-from-europes-top-five-leagues
summer-S26-0171,summer,158,S26-0171,Jeff Ekhator,Genoa,Juventus,2026-07-01,14100000.0,GBP,,Forward — striker role unverified,,Evidence needed,"Reported fee available; verify striker role, production, age, availability and transfer before assigning a score.",Broad Forward label only; not a certified striker cohort. No comparable production supplied for this deal.,Reported fee,Not assessed,https://www.theguardian.com/football/ng-interactive/2026/sep/01/mens-transfer-window-summer-2026-all-deals-from-europes-top-five-leagues
summer-S26-0173,summer,160,S26-0173,Nazariy Rusyn,Sunderland,Karpaty Lviv,2026-07-01,,GBP,,Forward — striker role unverified,,Evidence needed,Free base fee excludes wages and other costs; role and production evidence needed.,Broad Forward label only; not a certified striker cohort. No comparable production supplied for this deal.,Free transfer,Not assessed,https://www.theguardian.com/football/ng-interactive/2026/sep/01/mens-transfer-window-summer-2026-all-deals-from-europes-top-five-leagues
summer-S26-0183,summer,170,S26-0183,Robert Lewandowski,Barcelona,Chicago Fire,2026-06-29,,GBP,,Forward — striker role unverified,,Evidence needed,Free base fee excludes wages and other costs; role and production evidence needed.,Broad Forward label only; not a certified striker cohort. No comparable production supplied for this deal.,Free transfer,Not assessed,https://www.theguardian.com/football/ng-interactive/2026/sep/01/mens-transfer-window-summer-2026-all-deals-from-europes-top-five-leagues
summer-S26-0199,summer,185,S26-0199,Jan Urbich,Borussia Mönchengladbach,Eintracht Braunschweig,2026-06-11,,GBP,,Forward — striker role unverified,,Evidence needed,Loan/swap terms and buyer-specific production evidence needed.,Broad Forward label only; not a certified striker cohort. No comparable production supplied for this deal.,Loan fee not stated,Not assessed,https://www.theguardian.com/football/ng-interactive/2026/sep/01/mens-transfer-window-summer-2026-all-deals-from-europes-top-five-leagues
summer-S26-0206,summer,191,S26-0206,Lucas Copado,Paderborn,Energie Cottbus,2026-07-02,,GBP,,Forward — striker role unverified,,Evidence needed,Undisclosed fee: cannot assess fee versus worth.,Broad Forward label only; not a certified striker cohort. No comparable production supplied for this deal.,Undisclosed,Not assessed,https://www.theguardian.com/football/ng-interactive/2026/sep/01/mens-transfer-window-summer-2026-all-deals-from-europes-top-five-leagues
summer-S26-0207,summer,192,S26-0207,Lucas Beltrán,Fiorentina,River Plate,2026-07-02,,GBP,,Forward — striker role unverified,,Evidence needed,Loan/swap terms and buyer-specific production evidence needed.,Broad Forward label only; not a certified striker cohort. No comparable production supplied for this deal.,Loan fee not stated,Not assessed,https://www.theguardian.com/football/ng-interactive/2026/sep/01/mens-transfer-window-summer-2026-all-deals-from-europes-top-five-leagues
summer-S26-0208,summer,193,S26-0208,Julien Duranville,Borussia Dortmund,Lyon,2026-07-02,4300000.0,GBP,,Forward — striker role unverified,,Evidence needed,"Reported fee available; verify striker role, production, age, availability and transfer before assigning a score.",Broad Forward label only; not a certified striker cohort. No comparable production supplied for this deal.,Reported fee,Not assessed,https://www.theguardian.com/football/ng-interactive/2026/sep/01/mens-transfer-window-summer-2026-all-deals-from-europes-top-five-leagues
summer-S26-0228,summer,213,S26-0228,Danny Namaso,Porto,Auxerre,2026-07-02,4300000.0,GBP,,Forward — striker role unverified,,Evidence needed,"Reported fee available; verify striker role, production, age, availability and transfer before assigning a score.",Broad Forward label only; not a certified striker cohort. No comparable production supplied for this deal.,Reported fee,Not assessed,https://www.theguardian.com/football/ng-interactive/2026/sep/01/mens-transfer-window-summer-2026-all-deals-from-europes-top-five-leagues
summer-S26-0229,summer,214,S26-0229,Víctor Barberá,Barcelona,Real Valladolid,2026-07-01,,GBP,,Forward — striker role unverified,,Evidence needed,Free base fee excludes wages and other costs; role and production evidence needed.,Broad Forward label only; not a certified striker cohort. No comparable production supplied for this deal.,Free transfer,Not assessed,https://www.theguardian.com/football/ng-interactive/2026/sep/01/mens-transfer-window-summer-2026-all-deals-from-europes-top-five-leagues
summer-S26-0237,summer,222,S26-0237,Usman Simbakoli,RWDM Brussels,Angers,2026-07-03,200000.0,GBP,,Forward — striker role unverified,,Evidence needed,"Reported fee available; verify striker role, production, age, availability and transfer before assigning a score.",Broad Forward label only; not a certified striker cohort. No comparable production supplied for this deal.,Reported fee,Not assessed,https://www.theguardian.com/football/ng-interactive/2026/sep/01/mens-transfer-window-summer-2026-all-deals-from-europes-top-five-leagues
summer-S26-0246,summer,231,S26-0246,Hindolo Mustapha,Crystal Palace,Wigan Athletic,2026-07-04,,GBP,,Forward — striker role unverified,,Evidence needed,Loan/swap terms and buyer-specific production evidence needed.,Broad Forward label only; not a certified striker cohort. No comparable production supplied for this deal.,Loan fee not stated,Not assessed,https://www.theguardian.com/football/ng-interactive/2026/sep/01/mens-transfer-window-summer-2026-all-deals-from-europes-top-five-leagues
summer-S26-0253,summer,237,S26-0253,Eliezer Mayenda,Sunderland,Rennes,2026-07-06,17100000.0,GBP,,Forward — striker role unverified,,Evidence needed,"Reported fee available; verify striker role, production, age, availability and transfer before assigning a score.",Broad Forward label only; not a certified striker cohort. No comparable production supplied for this deal.,Reported fee,Not assessed,https://www.theguardian.com/football/ng-interactive/2026/sep/01/mens-transfer-window-summer-2026-all-deals-from-europes-top-five-leagues
summer-S26-0268,summer,252,S26-0268,Sambou Soumano,Lorient,Reims,2026-07-07,,GBP,,Forward — striker role unverified,,Evidence needed,Free base fee excludes wages and other costs; role and production evidence needed.,Broad Forward label only; not a certified striker cohort. No comparable production supplied for this deal.,Free transfer,Not assessed,https://www.theguardian.com/football/ng-interactive/2026/sep/01/mens-transfer-window-summer-2026-all-deals-from-europes-top-five-leagues
summer-S26-0269,summer,253,S26-0269,Harry Gray,Leeds United,Sheffield Wednesday,2026-07-07,,GBP,,Forward — striker role unverified,,Evidence needed,Loan/swap terms and buyer-specific production evidence needed.,Broad Forward label only; not a certified striker cohort. No comparable production supplied for this deal.,Loan fee not stated,Not assessed,https://www.theguardian.com/football/ng-interactive/2026/sep/01/mens-transfer-window-summer-2026-all-deals-from-europes-top-five-leagues
summer-S26-0275,summer,259,S26-0275,Emersonn,Toulouse,Ipswich Town,2026-07-08,24000000.0,GBP,,Forward — striker role unverified,,Evidence needed,"Reported fee available; verify striker role, production, age, availability and transfer before assigning a score.",Broad Forward label only; not a certified striker cohort. No comparable production supplied for this deal.,Reported fee,Not assessed,https://www.theguardian.com/football/ng-interactive/2026/sep/01/mens-transfer-window-summer-2026-all-deals-from-europes-top-five-leagues
summer-S26-0278,summer,262,S26-0278,Romelle Donovan,Brentford,Sheffield United,2026-07-08,,GBP,,Forward — striker role unverified,,Evidence needed,Loan/swap terms and buyer-specific production evidence needed.,Broad Forward label only; not a certified striker cohort. No comparable production supplied for this deal.,Loan fee not stated,Not assessed,https://www.theguardian.com/football/ng-interactive/2026/sep/01/mens-transfer-window-summer-2026-all-deals-from-europes-top-five-leagues
summer-S26-0287,summer,271,S26-0287,Omar Sadik,Espanyol,Ceuta,2026-07-08,,GBP,,Forward — striker role unverified,,Evidence needed,Loan/swap terms and buyer-specific production evidence needed.,Broad Forward label only; not a certified striker cohort. No comparable production supplied for this deal.,Loan fee not stated,Not assessed,https://www.theguardian.com/football/ng-interactive/2026/sep/01/mens-transfer-window-summer-2026-all-deals-from-europes-top-five-leagues
summer-S26-0294,summer,278,S26-0294,Callum Wilson,West Ham United,Brentford,2026-07-09,,GBP,,Forward — striker role unverified,,Evidence needed,Free base fee excludes wages and other costs; role and production evidence needed.,Broad Forward label only; not a certified striker cohort. No comparable production supplied for this deal.,Free transfer,Not assessed,https://www.theguardian.com/football/ng-interactive/2026/sep/01/mens-transfer-window-summer-2026-all-deals-from-europes-top-five-leagues
summer-S26-0303,summer,287,S26-0303,Jota Silva,Nottingham Forest,Olympiakos,2026-07-09,,GBP,,Forward — striker role unverified,,Evidence needed,Loan/swap terms and buyer-specific production evidence needed.,Broad Forward label only; not a certified striker cohort. No comparable production supplied for this deal.,Loan fee not stated,Not assessed,https://www.theguardian.com/football/ng-interactive/2026/sep/01/mens-transfer-window-summer-2026-all-deals-from-europes-top-five-leagues
summer-S26-0306,summer,290,S26-0306,Albion Rrahmani,Sparta Prague,Venezia,2026-07-09,6400000.0,GBP,,Forward — striker role unverified,,Evidence needed,"Reported fee available; verify striker role, production, age, availability and transfer before assigning a score.",Broad Forward label only; not a certified striker cohort. No comparable production supplied for this deal.,Reported fee,Not assessed,https://www.theguardian.com/football/ng-interactive/2026/sep/01/mens-transfer-window-summer-2026-all-deals-from-europes-top-five-leagues
summer-S26-0307,summer,291,S26-0307,Kyle Joseph,Hull City,Middlesbrough,2026-07-10,,GBP,,Forward — striker role unverified,,Evidence needed,Undisclosed fee: cannot assess fee versus worth.,Broad Forward label only; not a certified striker cohort. No comparable production supplied for this deal.,Undisclosed,Not assessed,https://www.theguardian.com/football/ng-interactive/2026/sep/01/mens-transfer-window-summer-2026-all-deals-from-europes-top-five-leagues
summer-S26-0317,summer,301,S26-0317,Elias Havel,TSV Hartberg,Genoa,2026-07-10,1700000.0,GBP,,Forward — striker role unverified,,Evidence needed,"Reported fee available; verify striker role, production, age, availability and transfer before assigning a score.",Broad Forward label only; not a certified striker cohort. No comparable production supplied for this deal.,Reported fee,Not assessed,https://www.theguardian.com/football/ng-interactive/2026/sep/01/mens-transfer-window-summer-2026-all-deals-from-europes-top-five-leagues
summer-S26-0322,summer,306,S26-0322,Tommaso Rubino,Fiorentina,Carrarese,2026-07-10,,GBP,,Forward — striker role unverified,,Evidence needed,Loan/swap terms and buyer-specific production evidence needed.,Broad Forward label only; not a certified striker cohort. No comparable production supplied for this deal.,Loan fee not stated,Not assessed,https://www.theguardian.com/football/ng-interactive/2026/sep/01/mens-transfer-window-summer-2026-all-deals-from-europes-top-five-leagues
summer-S26-0325,summer,309,S26-0325,Giacomo Marconi,Parma,Carrarese,2026-07-10,,GBP,,Forward — striker role unverified,,Evidence needed,Loan/swap terms and buyer-specific production evidence needed.,Broad Forward label only; not a certified striker cohort. No comparable production supplied for this deal.,Loan fee not stated,Not assessed,https://www.theguardian.com/football/ng-interactive/2026/sep/01/mens-transfer-window-summer-2026-all-deals-from-europes-top-five-leagues
summer-S26-0334,summer,318,S26-0334,Haris Tabakovic,Hoffenheim,Red Bull Salzburg,2026-07-11,4300000.0,GBP,,Forward — striker role unverified,,Evidence needed,"Reported fee available; verify striker role, production, age, availability and transfer before assigning a score.",Broad Forward label only; not a certified striker cohort. No comparable production supplied for this deal.,Reported fee,Not assessed,https://www.theguardian.com/football/ng-interactive/2026/sep/01/mens-transfer-window-summer-2026-all-deals-from-europes-top-five-leagues
summer-S26-0341,summer,325,S26-0341,Urko Izeta,Athletic Club,Cádiz,2026-07-11,,GBP,,Forward — striker role unverified,,Evidence needed,Undisclosed fee: cannot assess fee versus worth.,Broad Forward label only; not a certified striker cohort. No comparable production supplied for this deal.,Undisclosed,Not assessed,https://www.theguardian.com/football/ng-interactive/2026/sep/01/mens-transfer-window-summer-2026-all-deals-from-europes-top-five-leagues
summer-S26-0345,summer,329,S26-0345,Louis Mafouta,Guingamp,Le Mans,2026-07-11,,GBP,,Forward — striker role unverified,,Evidence needed,Undisclosed fee: cannot assess fee versus worth.,Broad Forward label only; not a certified striker cohort. No comparable production supplied for this deal.,Undisclosed,Not assessed,https://www.theguardian.com/football/ng-interactive/2026/sep/01/mens-transfer-window-summer-2026-all-deals-from-europes-top-five-leagues
summer-S26-0356,summer,340,S26-0356,Rodrigo Ribeiro,Sporting,Augsburg,2026-05-27,4300000.0,GBP,,Forward — striker role unverified,,Evidence needed,"Reported fee available; verify striker role, production, age, availability and transfer before assigning a score.",Broad Forward label only; not a certified striker cohort. No comparable production supplied for this deal.,Reported fee,Not assessed,https://www.theguardian.com/football/ng-interactive/2026/sep/01/mens-transfer-window-summer-2026-all-deals-from-europes-top-five-leagues
summer-S26-0364,summer,348,S26-0364,Antoine Griezmann,Atlético Madrid,Orlando City,2026-07-08,,GBP,,Forward — striker role unverified,,Evidence needed,Free base fee excludes wages and other costs; role and production evidence needed.,Broad Forward label only; not a certified striker cohort. No comparable production supplied for this deal.,Free transfer,Not assessed,https://www.theguardian.com/football/ng-interactive/2026/sep/01/mens-transfer-window-summer-2026-all-deals-from-europes-top-five-leagues
summer-S26-0366,summer,350,S26-0366,Matteo Spinaccè,Inter,Mantova,2026-07-13,,GBP,,Forward — striker role unverified,,Evidence needed,Loan/swap terms and buyer-specific production evidence needed.,Broad Forward label only; not a certified striker cohort. No comparable production supplied for this deal.,Loan fee not stated,Not assessed,https://www.theguardian.com/football/ng-interactive/2026/sep/01/mens-transfer-window-summer-2026-all-deals-from-europes-top-five-leagues
summer-S26-0372,summer,356,S26-0372,Moustapha Cissé,Atalanta,Carrarese,2026-07-13,,GBP,,Forward — striker role unverified,,Evidence needed,Loan/swap terms and buyer-specific production evidence needed.,Broad Forward label only; not a certified striker cohort. No comparable production supplied for this deal.,Loan fee not stated,Not assessed,https://www.theguardian.com/football/ng-interactive/2026/sep/01/mens-transfer-window-summer-2026-all-deals-from-europes-top-five-leagues
summer-S26-0381,summer,365,S26-0381,Álvaro Rodríguez,Elche,Bournemouth,2026-07-14,21300000.0,GBP,,Forward — striker role unverified,,Evidence needed,"Reported fee available; verify striker role, production, age, availability and transfer before assigning a score.",Broad Forward label only; not a certified striker cohort. No comparable production supplied for this deal.,Reported fee,Not assessed,https://www.theguardian.com/football/ng-interactive/2026/sep/01/mens-transfer-window-summer-2026-all-deals-from-europes-top-five-leagues
summer-S26-0388,summer,372,S26-0388,Ismaël Konaté,Empoli,Juventus,2026-07-15,,GBP,,Forward — striker role unverified,,Evidence needed,Undisclosed fee: cannot assess fee versus worth.,Broad Forward label only; not a certified striker cohort. No comparable production supplied for this deal.,Undisclosed,Not assessed,https://www.theguardian.com/football/ng-interactive/2026/sep/01/mens-transfer-window-summer-2026-all-deals-from-europes-top-five-leagues
summer-S26-0389,summer,373,S26-0389,Lewis Dobbin,Aston Villa,Southampton,2026-07-15,9000000.0,GBP,,Forward — striker role unverified,,Evidence needed,"Reported fee available; verify striker role, production, age, availability and transfer before assigning a score.",Broad Forward label only; not a certified striker cohort. No comparable production supplied for this deal.,Reported fee,Not assessed,https://www.theguardian.com/football/ng-interactive/2026/sep/01/mens-transfer-window-summer-2026-all-deals-from-europes-top-five-leagues
summer-S26-0391,summer,375,S26-0391,Mason Greenwood,Marseille,Fenerbahce,2026-07-15,33000000.0,GBP,,Forward — striker role unverified,,Evidence needed,"Reported fee available; verify striker role, production, age, availability and transfer before assigning a score.",Broad Forward label only; not a certified striker cohort. No comparable production supplied for this deal.,Reported fee,Not assessed,https://www.theguardian.com/football/ng-interactive/2026/sep/01/mens-transfer-window-summer-2026-all-deals-from-europes-top-five-leagues
summer-S26-0396,summer,380,S26-0396,Maat Daniel Caprini,Fiorentina,Cesena,2026-07-14,,GBP,,Forward — striker role unverified,,Evidence needed,Loan/swap terms and buyer-specific production evidence needed.,Broad Forward label only; not a certified striker cohort. No comparable production supplied for this deal.,Loan fee not stated,Not assessed,https://www.theguardian.com/football/ng-interactive/2026/sep/01/mens-transfer-window-summer-2026-all-deals-from-europes-top-five-leagues
summer-S26-0398,summer,382,S26-0398,Leandro Trossard,Arsenal,Besiktas,2026-07-15,15300000.0,GBP,,Forward — striker role unverified,,Evidence needed,"Reported fee available; verify striker role, production, age, availability and transfer before assigning a score.",Broad Forward label only; not a certified striker cohort. No comparable production supplied for this deal.,Reported fee,Not assessed,https://www.theguardian.com/football/ng-interactive/2026/sep/01/mens-transfer-window-summer-2026-all-deals-from-europes-top-five-leagues
summer-S26-0408,summer,392,S26-0408,Goduine Koyalipou,Lens,KV Kortrijk,2026-07-16,,GBP,,Forward — striker role unverified,,Evidence needed,Loan/swap terms and buyer-specific production evidence needed.,Broad Forward label only; not a certified striker cohort. No comparable production supplied for this deal.,Loan fee not stated,Not assessed,https://www.theguardian.com/football/ng-interactive/2026/sep/01/mens-transfer-window-summer-2026-all-deals-from-europes-top-five-leagues
summer-S26-0417,summer,401,S26-0417,Conor Chaplin,Ipswich Town,Leicester City,2026-07-16,,GBP,,Forward — striker role unverified,,Evidence needed,Free base fee excludes wages and other costs; role and production evidence needed.,Broad Forward label only; not a certified striker cohort. No comparable production supplied for this deal.,Free transfer,Not assessed,https://www.theguardian.com/football/ng-interactive/2026/sep/01/mens-transfer-window-summer-2026-all-deals-from-europes-top-five-leagues
summer-S26-0433,summer,417,S26-0433,Nelson Weiper,Mainz 05,Sturm Graz,2026-07-17,,GBP,,Forward — striker role unverified,,Evidence needed,Loan/swap terms and buyer-specific production evidence needed.,Broad Forward label only; not a certified striker cohort. No comparable production supplied for this deal.,Loan fee not stated,Not assessed,https://www.theguardian.com/football/ng-interactive/2026/sep/01/mens-transfer-window-summer-2026-all-deals-from-europes-top-five-leagues
summer-S26-0435,summer,419,S26-0435,Reigan Heskey,Manchester City,Cologne,2026-07-17,2000000.0,GBP,,Forward — striker role unverified,,Evidence needed,"Reported fee available; verify striker role, production, age, availability and transfer before assigning a score.",Broad Forward label only; not a certified striker cohort. No comparable production supplied for this deal.,Reported fee,Not assessed,https://www.theguardian.com/football/ng-interactive/2026/sep/01/mens-transfer-window-summer-2026-all-deals-from-europes-top-five-leagues
summer-S26-0437,summer,421,S26-0437,Grant-Leon Ranos,Borussia Mönchengladbach,CD Tenerife,2026-07-17,,GBP,,Forward — striker role unverified,,Evidence needed,Undisclosed fee: cannot assess fee versus worth.,Broad Forward label only; not a certified striker cohort. No comparable production supplied for this deal.,Undisclosed,Not assessed,https://www.theguardian.com/football/ng-interactive/2026/sep/01/mens-transfer-window-summer-2026-all-deals-from-europes-top-five-leagues
summer-S26-0440,summer,424,S26-0440,Pierre-Emerick Aubameyang,Marseille,Deportivo La Coruña,2026-07-16,1300000.0,GBP,,Forward — striker role unverified,,Evidence needed,"Reported fee available; verify striker role, production, age, availability and transfer before assigning a score.",Broad Forward label only; not a certified striker cohort. No comparable production supplied for this deal.,Reported fee,Not assessed,https://www.theguardian.com/football/ng-interactive/2026/sep/01/mens-transfer-window-summer-2026-all-deals-from-europes-top-five-leagues
summer-S26-0444,summer,428,S26-0444,Erencan Yardimci,Hoffenheim,Kaiserslautern,2026-07-18,,GBP,,Forward — striker role unverified,,Evidence needed,Loan/swap terms and buyer-specific production evidence needed.,Broad Forward label only; not a certified striker cohort. No comparable production supplied for this deal.,Loan fee not stated,Not assessed,https://www.theguardian.com/football/ng-interactive/2026/sep/01/mens-transfer-window-summer-2026-all-deals-from-europes-top-five-leagues
summer-S26-0450,summer,433,S26-0450,Aleksa Damjanovic,Red Star Belgrade,Bayer Leverkusen,2026-02-13,,GBP,,Forward — striker role unverified,,Evidence needed,Undisclosed fee: cannot assess fee versus worth.,Broad Forward label only; not a certified striker cohort. No comparable production supplied for this deal.,Undisclosed,Not assessed,https://www.theguardian.com/football/ng-interactive/2026/sep/01/mens-transfer-window-summer-2026-all-deals-from-europes-top-five-leagues
summer-S26-0455,summer,438,S26-0455,Filip Marchwinski,Lecce,Cracovia,2026-07-18,,GBP,,Forward — striker role unverified,,Evidence needed,Loan/swap terms and buyer-specific production evidence needed.,Broad Forward label only; not a certified striker cohort. No comparable production supplied for this deal.,Loan fee not stated,Not assessed,https://www.theguardian.com/football/ng-interactive/2026/sep/01/mens-transfer-window-summer-2026-all-deals-from-europes-top-five-leagues
summer-S26-0468,summer,450,S26-0468,Matty Warhurst,Manchester City,Northampton,2026-07-21,,GBP,,Forward — striker role unverified,,Evidence needed,Undisclosed fee: cannot assess fee versus worth.,Broad Forward label only; not a certified striker cohort. No comparable production supplied for this deal.,Undisclosed,Not assessed,https://www.theguardian.com/football/ng-interactive/2026/sep/01/mens-transfer-window-summer-2026-all-deals-from-europes-top-five-leagues
summer-S26-0469,summer,451,S26-0469,Lassine Sinayoko,Auxerre,Paris FC,2026-07-21,6820000.0,GBP,,Forward — striker role unverified,,Evidence needed,"Reported fee available; verify striker role, production, age, availability and transfer before assigning a score.",Broad Forward label only; not a certified striker cohort. No comparable production supplied for this deal.,Reported fee,Not assessed,https://www.theguardian.com/football/ng-interactive/2026/sep/01/mens-transfer-window-summer-2026-all-deals-from-europes-top-five-leagues
summer-S26-0470,summer,452,S26-0470,Alejo Sarco,Bayer Leverkusen,Sporting Gijón,2026-07-21,,GBP,,Forward — striker role unverified,,Evidence needed,Undisclosed fee: cannot assess fee versus worth.,Broad Forward label only; not a certified striker cohort. No comparable production supplied for this deal.,Undisclosed,Not assessed,https://www.theguardian.com/football/ng-interactive/2026/sep/01/mens-transfer-window-summer-2026-all-deals-from-europes-top-five-leagues
summer-S26-0471,summer,453,S26-0471,Yannick Eduardo,Hoffenheim,ADO Den Haag,2026-07-21,,GBP,,Forward — striker role unverified,,Evidence needed,Loan/swap terms and buyer-specific production evidence needed.,Broad Forward label only; not a certified striker cohort. No comparable production supplied for this deal.,Loan fee not stated,Not assessed,https://www.theguardian.com/football/ng-interactive/2026/sep/01/mens-transfer-window-summer-2026-all-deals-from-europes-top-five-leagues
summer-S26-0474,summer,456,S26-0474,Amine El Ouazzani,Braga,Angers,2026-07-20,,GBP,,Forward — striker role unverified,,Evidence needed,Loan/swap terms and buyer-specific production evidence needed.,Broad Forward label only; not a certified striker cohort. No comparable production supplied for this deal.,Loan fee not stated,Not assessed,https://www.theguardian.com/football/ng-interactive/2026/sep/01/mens-transfer-window-summer-2026-all-deals-from-europes-top-five-leagues
summer-S26-0488,summer,470,S26-0488,Daniel Fila,Venezia,Avellino,2026-07-21,,GBP,,Forward — striker role unverified,,Evidence needed,Loan/swap terms and buyer-specific production evidence needed.,Broad Forward label only; not a certified striker cohort. No comparable production supplied for this deal.,Loan fee not stated,Not assessed,https://www.theguardian.com/football/ng-interactive/2026/sep/01/mens-transfer-window-summer-2026-all-deals-from-europes-top-five-leagues
summer-S26-0489,summer,471,S26-0489,Filippo Distefano,Fiorentina,Empoli,2026-07-21,,GBP,,Forward — striker role unverified,,Evidence needed,Undisclosed fee: cannot assess fee versus worth.,Broad Forward label only; not a certified striker cohort. No comparable production supplied for this deal.,Undisclosed,Not assessed,https://www.theguardian.com/football/ng-interactive/2026/sep/01/mens-transfer-window-summer-2026-all-deals-from-europes-top-five-leagues
summer-S26-0494,summer,475,S26-0494,Patson Daka,Leicester City,Hamburg,2026-07-22,,GBP,,Forward — striker role unverified,,Evidence needed,Free base fee excludes wages and other costs; role and production evidence needed.,Broad Forward label only; not a certified striker cohort. No comparable production supplied for this deal.,Free transfer,Not assessed,https://www.theguardian.com/football/ng-interactive/2026/sep/01/mens-transfer-window-summer-2026-all-deals-from-europes-top-five-leagues
summer-S26-0499,summer,480,S26-0499,Will Lankshear,Tottenham Hotspur,Middlesbrough,2026-07-22,20000000.0,GBP,,Forward — striker role unverified,,Evidence needed,"Reported fee available; verify striker role, production, age, availability and transfer before assigning a score.",Broad Forward label only; not a certified striker cohort. No comparable production supplied for this deal.,Reported fee,Not assessed,https://www.theguardian.com/football/ng-interactive/2026/sep/01/mens-transfer-window-summer-2026-all-deals-from-europes-top-five-leagues
summer-S26-0503,summer,484,S26-0503,Luigi Caccavo,Lumezzane,Bologna,2026-07-01,300000.0,GBP,,Forward — striker role unverified,,Evidence needed,"Reported fee available; verify striker role, production, age, availability and transfer before assigning a score.",Broad Forward label only; not a certified striker cohort. No comparable production supplied for this deal.,Reported fee,Not assessed,https://www.theguardian.com/football/ng-interactive/2026/sep/01/mens-transfer-window-summer-2026-all-deals-from-europes-top-five-leagues
summer-S26-0504,summer,485,S26-0504,Luigi Caccavo,Bologna,Juve Stabia,2026-07-18,,GBP,,Forward — striker role unverified,,Evidence needed,Loan/swap terms and buyer-specific production evidence needed.,Broad Forward label only; not a certified striker cohort. No comparable production supplied for this deal.,Loan fee not stated,Not assessed,https://www.theguardian.com/football/ng-interactive/2026/sep/01/mens-transfer-window-summer-2026-all-deals-from-europes-top-five-leagues
summer-S26-0512,summer,493,S26-0512,Kevin Cannavò,Venezia,Spezia,2026-07-13,,GBP,,Forward — striker role unverified,,Evidence needed,Loan/swap terms and buyer-specific production evidence needed.,Broad Forward label only; not a certified striker cohort. No comparable production supplied for this deal.,Loan fee not stated,Not assessed,https://www.theguardian.com/football/ng-interactive/2026/sep/01/mens-transfer-window-summer-2026-all-deals-from-europes-top-five-leagues
summer-S26-0516,summer,497,S26-0516,Alessandro Selvini,Frosinone,Pineto,2026-07-05,,GBP,,Forward — striker role unverified,,Evidence needed,Undisclosed fee: cannot assess fee versus worth.,Broad Forward label only; not a certified striker cohort. No comparable production supplied for this deal.,Undisclosed,Not assessed,https://www.theguardian.com/football/ng-interactive/2026/sep/01/mens-transfer-window-summer-2026-all-deals-from-europes-top-five-leagues
summer-S26-0517,summer,498,S26-0517,Lorenzo Gori,Frosinone,Grosseto,2026-07-14,,GBP,,Forward — striker role unverified,,Evidence needed,Loan/swap terms and buyer-specific production evidence needed.,Broad Forward label only; not a certified striker cohort. No comparable production supplied for this deal.,Loan fee not stated,Not assessed,https://www.theguardian.com/football/ng-interactive/2026/sep/01/mens-transfer-window-summer-2026-all-deals-from-europes-top-five-leagues
summer-S26-0520,summer,501,S26-0520,Ibrahim Cissoko,Toulouse,PEC Zwolle,2026-07-22,,GBP,,Forward — striker role unverified,,Evidence needed,Undisclosed fee: cannot assess fee versus worth.,Broad Forward label only; not a certified striker cohort. No comparable production supplied for this deal.,Undisclosed,Not assessed,https://www.theguardian.com/football/ng-interactive/2026/sep/01/mens-transfer-window-summer-2026-all-deals-from-europes-top-five-leagues
summer-S26-0523,summer,504,S26-0523,Akor Adams,Sevilla,Venezia,2026-07-22,14500000.0,GBP,,Forward — striker role unverified,,Evidence needed,"Reported fee available; verify striker role, production, age, availability and transfer before assigning a score.",Broad Forward label only; not a certified striker cohort. No comparable production supplied for this deal.,Reported fee,Not assessed,https://www.theguardian.com/football/ng-interactive/2026/sep/01/mens-transfer-window-summer-2026-all-deals-from-europes-top-five-leagues
summer-S26-0528,summer,509,S26-0528,Norman Bassette,Coventry City,Westerlo,2026-07-22,,GBP,,Forward — striker role unverified,,Evidence needed,Loan/swap terms and buyer-specific production evidence needed.,Broad Forward label only; not a certified striker cohort. No comparable production supplied for this deal.,Loan fee not stated,Not assessed,https://www.theguardian.com/football/ng-interactive/2026/sep/01/mens-transfer-window-summer-2026-all-deals-from-europes-top-five-leagues
summer-S26-0542,summer,523,S26-0542,Zépiqueno Redmond,Aston Villa,Annecy,2026-07-07,,GBP,,Forward — striker role unverified,,Evidence needed,Loan/swap terms and buyer-specific production evidence needed.,Broad Forward label only; not a certified striker cohort. No comparable production supplied for this deal.,Loan fee not stated,Not assessed,https://www.theguardian.com/football/ng-interactive/2026/sep/01/mens-transfer-window-summer-2026-all-deals-from-europes-top-five-leagues
summer-S26-0555,summer,534,S26-0555,Sota Nakamura,Sanfrecce Hiroshima,Le Havre,2026-07-18,,GBP,,Forward — striker role unverified,,Evidence needed,Loan/swap terms and buyer-specific production evidence needed.,Broad Forward label only; not a certified striker cohort. No comparable production supplied for this deal.,Loan fee not stated,Not assessed,https://www.theguardian.com/football/ng-interactive/2026/sep/01/mens-transfer-window-summer-2026-all-deals-from-europes-top-five-leagues
summer-S26-0559,summer,538,S26-0559,Iker Bravo,Udinese,Watford,2026-07-24,,GBP,,Forward — striker role unverified,,Evidence needed,Undisclosed fee: cannot assess fee versus worth.,Broad Forward label only; not a certified striker cohort. No comparable production supplied for this deal.,Undisclosed,Not assessed,https://www.theguardian.com/football/ng-interactive/2026/sep/01/mens-transfer-window-summer-2026-all-deals-from-europes-top-five-leagues
summer-S26-0561,summer,540,S26-0561,Francesco Camarda,Lecce,Milan,2026-07-01,3400000.0,GBP,,Forward — striker role unverified,,Evidence needed,"Reported fee available; verify striker role, production, age, availability and transfer before assigning a score.",Broad Forward label only; not a certified striker cohort. No comparable production supplied for this deal.,Reported fee,Not assessed,https://www.theguardian.com/football/ng-interactive/2026/sep/01/mens-transfer-window-summer-2026-all-deals-from-europes-top-five-leagues
summer-S26-0567,summer,546,S26-0567,Luca Kjerrumgaard,Udinese,Watford,2026-07-24,,GBP,,Forward — striker role unverified,,Evidence needed,Undisclosed fee: cannot assess fee versus worth.,Broad Forward label only; not a certified striker cohort. No comparable production supplied for this deal.,Undisclosed,Not assessed,https://www.theguardian.com/football/ng-interactive/2026/sep/01/mens-transfer-window-summer-2026-all-deals-from-europes-top-five-leagues
summer-S26-0569,summer,548,S26-0569,Alessio Vacca,Juventus,Caratese,2026-07-24,,GBP,,Forward — striker role unverified,,Evidence needed,Loan/swap terms and buyer-specific production evidence needed.,Broad Forward label only; not a certified striker cohort. No comparable production supplied for this deal.,Loan fee not stated,Not assessed,https://www.theguardian.com/football/ng-interactive/2026/sep/01/mens-transfer-window-summer-2026-all-deals-from-europes-top-five-leagues
summer-S26-0575,summer,554,S26-0575,Daizen Maeda,Celtic,Ipswich Town,2026-07-25,10000000.0,GBP,,Forward — striker role unverified,,Evidence needed,"Reported fee available; verify striker role, production, age, availability and transfer before assigning a score.",Broad Forward label only; not a certified striker cohort. No comparable production supplied for this deal.,Reported fee,Not assessed,https://www.theguardian.com/football/ng-interactive/2026/sep/01/mens-transfer-window-summer-2026-all-deals-from-europes-top-five-leagues
summer-S26-0578,summer,557,S26-0578,Carlos Fernández,Real Sociedad,Real Oviedo,2026-07-25,,GBP,,Forward — striker role unverified,,Evidence needed,Undisclosed fee: cannot assess fee versus worth.,Broad Forward label only; not a certified striker cohort. No comparable production supplied for this deal.,Undisclosed,Not assessed,https://www.theguardian.com/football/ng-interactive/2026/sep/01/mens-transfer-window-summer-2026-all-deals-from-europes-top-five-leagues
summer-S26-0595,summer,574,S26-0595,Wesley Saïd,Lens,Al-Shamal,2026-07-19,,GBP,,Forward — striker role unverified,,Evidence needed,Free base fee excludes wages and other costs; role and production evidence needed.,Broad Forward label only; not a certified striker cohort. No comparable production supplied for this deal.,Free transfer,Not assessed,https://www.theguardian.com/football/ng-interactive/2026/sep/01/mens-transfer-window-summer-2026-all-deals-from-europes-top-five-leagues
summer-S26-0603,summer,581,S26-0603,Gift Orban,Hoffenheim,Amedspor,2026-07-27,,GBP,,Forward — striker role unverified,,Evidence needed,Loan/swap terms and buyer-specific production evidence needed.,Broad Forward label only; not a certified striker cohort. No comparable production supplied for this deal.,Loan fee not stated,Not assessed,https://www.theguardian.com/football/ng-interactive/2026/sep/01/mens-transfer-window-summer-2026-all-deals-from-europes-top-five-leagues
summer-S26-0604,summer,582,S26-0604,Gustavo Varela,Benfica,Monza,2026-07-27,1700000.0,GBP,,Forward — striker role unverified,,Evidence needed,"Reported fee available; verify striker role, production, age, availability and transfer before assigning a score.",Broad Forward label only; not a certified striker cohort. No comparable production supplied for this deal.,Reported fee,Not assessed,https://www.theguardian.com/football/ng-interactive/2026/sep/01/mens-transfer-window-summer-2026-all-deals-from-europes-top-five-leagues
summer-S26-0605,summer,583,S26-0605,Lanroy Machine,Angers,Heerenveen,2026-07-27,,GBP,,Forward — striker role unverified,,Evidence needed,Loan/swap terms and buyer-specific production evidence needed.,Broad Forward label only; not a certified striker cohort. No comparable production supplied for this deal.,Loan fee not stated,Not assessed,https://www.theguardian.com/football/ng-interactive/2026/sep/01/mens-transfer-window-summer-2026-all-deals-from-europes-top-five-leagues
summer-S26-0613,summer,591,S26-0613,Fynn Schenten,Cologne,Roda JC,2026-07-28,,GBP,,Forward — striker role unverified,,Evidence needed,Loan/swap terms and buyer-specific production evidence needed.,Broad Forward label only; not a certified striker cohort. No comparable production supplied for this deal.,Loan fee not stated,Not assessed,https://www.theguardian.com/football/ng-interactive/2026/sep/01/mens-transfer-window-summer-2026-all-deals-from-europes-top-five-leagues
summer-S26-0616,summer,594,S26-0616,Loïs Openda,Juventus,Lyon,2026-07-28,,GBP,,Forward — striker role unverified,,Evidence needed,Loan/swap terms and buyer-specific production evidence needed.,Broad Forward label only; not a certified striker cohort. No comparable production supplied for this deal.,Loan fee not stated,Not assessed,https://www.theguardian.com/football/ng-interactive/2026/sep/01/mens-transfer-window-summer-2026-all-deals-from-europes-top-five-leagues
summer-S26-0617,summer,595,S26-0617,Adrian Benedyczak,Parma,Kasimpasa,2026-07-28,3400000.0,GBP,,Forward — striker role unverified,,Evidence needed,"Reported fee available; verify striker role, production, age, availability and transfer before assigning a score.",Broad Forward label only; not a certified striker cohort. No comparable production supplied for this deal.,Reported fee,Not assessed,https://www.theguardian.com/football/ng-interactive/2026/sep/01/mens-transfer-window-summer-2026-all-deals-from-europes-top-five-leagues
summer-S26-0622,summer,600,S26-0622,Rémy Labeau-Lascary,Lens,Auxerre,2026-07-27,,GBP,,Forward — striker role unverified,,Evidence needed,Loan/swap terms and buyer-specific production evidence needed.,Broad Forward label only; not a certified striker cohort. No comparable production supplied for this deal.,Loan fee not stated,Not assessed,https://www.theguardian.com/football/ng-interactive/2026/sep/01/mens-transfer-window-summer-2026-all-deals-from-europes-top-five-leagues
summer-S26-0635,summer,613,S26-0635,Unai Ropero,Alavés,Racing Ferrol,2026-07-08,,GBP,,Forward — striker role unverified,,Evidence needed,Loan/swap terms and buyer-specific production evidence needed.,Broad Forward label only; not a certified striker cohort. No comparable production supplied for this deal.,Loan fee not stated,Not assessed,https://www.theguardian.com/football/ng-interactive/2026/sep/01/mens-transfer-window-summer-2026-all-deals-from-europes-top-five-leagues
summer-S26-0636,summer,614,S26-0636,Hamza Bellari,Valencia,Castellón,2026-07-08,,GBP,,Forward — striker role unverified,,Evidence needed,Free base fee excludes wages and other costs; role and production evidence needed.,Broad Forward label only; not a certified striker cohort. No comparable production supplied for this deal.,Free transfer,Not assessed,https://www.theguardian.com/football/ng-interactive/2026/sep/01/mens-transfer-window-summer-2026-all-deals-from-europes-top-five-leagues
summer-S26-0653,summer,630,S26-0653,Carlos Lumbreras,Osasuna,Eibar,2026-07-01,,GBP,,Forward — striker role unverified,,Evidence needed,Free base fee excludes wages and other costs; role and production evidence needed.,Broad Forward label only; not a certified striker cohort. No comparable production supplied for this deal.,Free transfer,Not assessed,https://www.theguardian.com/football/ng-interactive/2026/sep/01/mens-transfer-window-summer-2026-all-deals-from-europes-top-five-leagues
summer-S26-0657,summer,634,S26-0657,Diego Morcillo,Alavés,Real Jaén,2026-06-29,,GBP,,Forward — striker role unverified,,Evidence needed,Free base fee excludes wages and other costs; role and production evidence needed.,Broad Forward label only; not a certified striker cohort. No comparable production supplied for this deal.,Free transfer,Not assessed,https://www.theguardian.com/football/ng-interactive/2026/sep/01/mens-transfer-window-summer-2026-all-deals-from-europes-top-five-leagues
summer-S26-0665,summer,642,S26-0665,Damián Pizarro,Udinese,Audax Italiano,2026-07-29,,GBP,,Forward — striker role unverified,,Evidence needed,Loan/swap terms and buyer-specific production evidence needed.,Broad Forward label only; not a certified striker cohort. No comparable production supplied for this deal.,Loan fee not stated,Not assessed,https://www.theguardian.com/football/ng-interactive/2026/sep/01/mens-transfer-window-summer-2026-all-deals-from-europes-top-five-leagues
summer-S26-0670,summer,647,S26-0670,Gennaro Anatriello,Bologna,Lumezzane,2026-07-27,,GBP,,Forward — striker role unverified,,Evidence needed,Loan/swap terms and buyer-specific production evidence needed.,Broad Forward label only; not a certified striker cohort. No comparable production supplied for this deal.,Loan fee not stated,Not assessed,https://www.theguardian.com/football/ng-interactive/2026/sep/01/mens-transfer-window-summer-2026-all-deals-from-europes-top-five-leagues
summer-S26-0673,summer,650,S26-0673,Santiago Castro,Bologna,Roma,2026-07-30,29980000.0,GBP,,Forward — striker role unverified,,Evidence needed,"Reported fee available; verify striker role, production, age, availability and transfer before assigning a score.",Broad Forward label only; not a certified striker cohort. No comparable production supplied for this deal.,Reported fee,Not assessed,https://www.theguardian.com/football/ng-interactive/2026/sep/01/mens-transfer-window-summer-2026-all-deals-from-europes-top-five-leagues
summer-S26-0678,summer,655,S26-0678,Matthis Abline,Nantes,Monaco,2026-07-30,21400000.0,GBP,,Forward — striker role unverified,,Evidence needed,"Reported fee available; verify striker role, production, age, availability and transfer before assigning a score.",Broad Forward label only; not a certified striker cohort. No comparable production supplied for this deal.,Reported fee,Not assessed,https://www.theguardian.com/football/ng-interactive/2026/sep/01/mens-transfer-window-summer-2026-all-deals-from-europes-top-five-leagues
summer-S26-0680,summer,657,S26-0680,Joan Tincres,Monaco,Le Havre,2026-07-30,,GBP,,Forward — striker role unverified,,Evidence needed,Undisclosed fee: cannot assess fee versus worth.,Broad Forward label only; not a certified striker cohort. No comparable production supplied for this deal.,Undisclosed,Not assessed,https://www.theguardian.com/football/ng-interactive/2026/sep/01/mens-transfer-window-summer-2026-all-deals-from-europes-top-five-leagues
summer-S26-0682,summer,659,S26-0682,Rares Burnete,Lecce,Südtirol,2026-07-30,,GBP,,Forward — striker role unverified,,Evidence needed,Loan/swap terms and buyer-specific production evidence needed.,Broad Forward label only; not a certified striker cohort. No comparable production supplied for this deal.,Loan fee not stated,Not assessed,https://www.theguardian.com/football/ng-interactive/2026/sep/01/mens-transfer-window-summer-2026-all-deals-from-europes-top-five-leagues
summer-S26-0683,summer,660,S26-0683,Artem Dovbyk,Roma,Bologna,2026-07-30,,GBP,,Forward — striker role unverified,,Evidence needed,Loan/swap terms and buyer-specific production evidence needed.,Broad Forward label only; not a certified striker cohort. No comparable production supplied for this deal.,Loan fee not stated,Not assessed,https://www.theguardian.com/football/ng-interactive/2026/sep/01/mens-transfer-window-summer-2026-all-deals-from-europes-top-five-leagues
summer-S26-0684,summer,661,S26-0684,Carlos Espí,Levante,Real Madrid,2026-07-31,21400000.0,GBP,,Forward — striker role unverified,,Evidence needed,"Reported fee available; verify striker role, production, age, availability and transfer before assigning a score.",Broad Forward label only; not a certified striker cohort. No comparable production supplied for this deal.,Reported fee,Not assessed,https://www.theguardian.com/football/ng-interactive/2026/sep/01/mens-transfer-window-summer-2026-all-deals-from-europes-top-five-leagues
summer-S26-0686,summer,663,S26-0686,Lucas Michal,Monaco,Cercle Brugge,2026-07-30,,GBP,,Forward — striker role unverified,,Evidence needed,Loan/swap terms and buyer-specific production evidence needed.,Broad Forward label only; not a certified striker cohort. No comparable production supplied for this deal.,Loan fee not stated,Not assessed,https://www.theguardian.com/football/ng-interactive/2026/sep/01/mens-transfer-window-summer-2026-all-deals-from-europes-top-five-leagues
summer-S26-0689,summer,666,S26-0689,Kieron Bowie,Verona,Sassuolo,2026-07-31,,GBP,,Forward — striker role unverified,,Evidence needed,Loan/swap terms and buyer-specific production evidence needed.,Broad Forward label only; not a certified striker cohort. No comparable production supplied for this deal.,Loan fee not stated,Not assessed,https://www.theguardian.com/football/ng-interactive/2026/sep/01/mens-transfer-window-summer-2026-all-deals-from-europes-top-five-leagues
summer-S26-0691,summer,668,S26-0691,Josh Maja,West Bromwich Albion,Le Havre,2026-07-31,,GBP,,Forward — striker role unverified,,Evidence needed,Free base fee excludes wages and other costs; role and production evidence needed.,Broad Forward label only; not a certified striker cohort. No comparable production supplied for this deal.,Free transfer,Not assessed,https://www.theguardian.com/football/ng-interactive/2026/sep/01/mens-transfer-window-summer-2026-all-deals-from-europes-top-five-leagues
summer-S26-0693,summer,670,S26-0693,Mason Burstow,Hull City,Sheffield Wednesday,2026-07-31,,GBP,,Forward — striker role unverified,,Evidence needed,Loan/swap terms and buyer-specific production evidence needed.,Broad Forward label only; not a certified striker cohort. No comparable production supplied for this deal.,Loan fee not stated,Not assessed,https://www.theguardian.com/football/ng-interactive/2026/sep/01/mens-transfer-window-summer-2026-all-deals-from-europes-top-five-leagues
summer-S26-0700,summer,677,S26-0700,Samuele Mulattieri,Sassuolo,Verona,2026-07-31,,GBP,,Forward — striker role unverified,,Evidence needed,Loan/swap terms and buyer-specific production evidence needed.,Broad Forward label only; not a certified striker cohort. No comparable production supplied for this deal.,Loan fee not stated,Not assessed,https://www.theguardian.com/football/ng-interactive/2026/sep/01/mens-transfer-window-summer-2026-all-deals-from-europes-top-five-leagues
summer-S26-0704,summer,681,S26-0704,Sam Szmodics,Ipswich Town,Derby County,2026-08-01,,GBP,,Forward — striker role unverified,,Evidence needed,Loan/swap terms and buyer-specific production evidence needed.,Broad Forward label only; not a certified striker cohort. No comparable production supplied for this deal.,Loan fee not stated,Not assessed,https://www.theguardian.com/football/ng-interactive/2026/sep/01/mens-transfer-window-summer-2026-all-deals-from-europes-top-five-leagues
summer-S26-0709,summer,686,S26-0709,Danny Welbeck,Brighton,Chelsea,2026-08-01,5000000.0,GBP,,Forward — striker role unverified,,Evidence needed,"Reported fee available; verify striker role, production, age, availability and transfer before assigning a score.",Broad Forward label only; not a certified striker cohort. No comparable production supplied for this deal.,Reported fee,Not assessed,https://www.theguardian.com/football/ng-interactive/2026/sep/01/mens-transfer-window-summer-2026-all-deals-from-europes-top-five-leagues
summer-S26-0720,summer,697,S26-0720,Willem Geubbels,Paris FC,Lecce,2026-08-02,4300000.0,GBP,,Forward — striker role unverified,,Evidence needed,"Reported fee available; verify striker role, production, age, availability and transfer before assigning a score.",Broad Forward label only; not a certified striker cohort. No comparable production supplied for this deal.,Reported fee,Not assessed,https://www.theguardian.com/football/ng-interactive/2026/sep/01/mens-transfer-window-summer-2026-all-deals-from-europes-top-five-leagues
summer-S26-0722,summer,699,S26-0722,Emmanuel Latte Lath,Atlanta United,Union Berlin,2026-08-02,,GBP,,Forward — striker role unverified,,Evidence needed,Loan/swap terms and buyer-specific production evidence needed.,Broad Forward label only; not a certified striker cohort. No comparable production supplied for this deal.,Loan fee not stated,Not assessed,https://www.theguardian.com/football/ng-interactive/2026/sep/01/mens-transfer-window-summer-2026-all-deals-from-europes-top-five-leagues
summer-S26-0724,summer,701,S26-0724,Randal Kolo Muani,Paris Saint-Germain,Juventus,2026-08-02,32500000.0,GBP,,Forward — striker role unverified,,Evidence needed,"Reported fee available; verify striker role, production, age, availability and transfer before assigning a score.",Broad Forward label only; not a certified striker cohort. No comparable production supplied for this deal.,Reported fee,Not assessed,https://www.theguardian.com/football/ng-interactive/2026/sep/01/mens-transfer-window-summer-2026-all-deals-from-europes-top-five-leagues
summer-S26-0729,summer,706,S26-0729,Konstantinos Karetsas,Genk,Borussia Dortmund,2026-08-03,25700000.0,GBP,,Forward — striker role unverified,,Evidence needed,"Reported fee available; verify striker role, production, age, availability and transfer before assigning a score.",Broad Forward label only; not a certified striker cohort. No comparable production supplied for this deal.,Reported fee,Not assessed,https://www.theguardian.com/football/ng-interactive/2026/sep/01/mens-transfer-window-summer-2026-all-deals-from-europes-top-five-leagues
summer-S26-0733,summer,710,S26-0733,Dominic Vavassori,Atalanta,Palermo,2026-08-01,,GBP,,Forward — striker role unverified,,Evidence needed,Loan/swap terms and buyer-specific production evidence needed.,Broad Forward label only; not a certified striker cohort. No comparable production supplied for this deal.,Loan fee not stated,Not assessed,https://www.theguardian.com/football/ng-interactive/2026/sep/01/mens-transfer-window-summer-2026-all-deals-from-europes-top-five-leagues
summer-S26-0741,summer,718,S26-0741,Gonzalo García,Real Madrid,Fulham,2026-08-03,34280000.0,GBP,,Forward — striker role unverified,,Evidence needed,"Reported fee available; verify striker role, production, age, availability and transfer before assigning a score.",Broad Forward label only; not a certified striker cohort. No comparable production supplied for this deal.,Reported fee,Not assessed,https://www.theguardian.com/football/ng-interactive/2026/sep/01/mens-transfer-window-summer-2026-all-deals-from-europes-top-five-leagues
summer-S26-0748,summer,725,S26-0748,Ahmed Abdullahi,Sunderland,Eyupspor,2026-08-04,,GBP,,Forward — striker role unverified,,Evidence needed,Undisclosed fee: cannot assess fee versus worth.,Broad Forward label only; not a certified striker cohort. No comparable production supplied for this deal.,Undisclosed,Not assessed,https://www.theguardian.com/football/ng-interactive/2026/sep/01/mens-transfer-window-summer-2026-all-deals-from-europes-top-five-leagues
summer-S26-0749,summer,726,S26-0749,Leonardo Cerri,Juventus,Grenoble,2026-08-03,,GBP,,Forward — striker role unverified,,Evidence needed,Loan/swap terms and buyer-specific production evidence needed.,Broad Forward label only; not a certified striker cohort. No comparable production supplied for this deal.,Loan fee not stated,Not assessed,https://www.theguardian.com/football/ng-interactive/2026/sep/01/mens-transfer-window-summer-2026-all-deals-from-europes-top-five-leagues
summer-S26-0752,summer,729,S26-0752,Rafa Mir,Sevilla,Aris Saloniki,2026-08-04,,GBP,,Forward — striker role unverified,,Evidence needed,Loan/swap terms and buyer-specific production evidence needed.,Broad Forward label only; not a certified striker cohort. No comparable production supplied for this deal.,Loan fee not stated,Not assessed,https://www.theguardian.com/football/ng-interactive/2026/sep/01/mens-transfer-window-summer-2026-all-deals-from-europes-top-five-leagues
summer-S26-0758,summer,735,S26-0758,Alessandro Debenedetti,Genoa,Cesena,2026-08-04,,GBP,,Forward — striker role unverified,,Evidence needed,Loan/swap terms and buyer-specific production evidence needed.,Broad Forward label only; not a certified striker cohort. No comparable production supplied for this deal.,Loan fee not stated,Not assessed,https://www.theguardian.com/football/ng-interactive/2026/sep/01/mens-transfer-window-summer-2026-all-deals-from-europes-top-five-leagues
summer-S26-0761,summer,738,S26-0761,Mohamed Salah,Liverpool,Trabzonspor,2026-08-05,,GBP,,Forward — striker role unverified,,Evidence needed,Free base fee excludes wages and other costs; role and production evidence needed.,Broad Forward label only; not a certified striker cohort. No comparable production supplied for this deal.,Free transfer,Not assessed,https://www.theguardian.com/football/ng-interactive/2026/sep/01/mens-transfer-window-summer-2026-all-deals-from-europes-top-five-leagues
summer-S26-0762,summer,739,S26-0762,Yassir Zabiri,Rennes,Racing Santander,2026-07-29,,GBP,,Forward — striker role unverified,,Evidence needed,Loan/swap terms and buyer-specific production evidence needed.,Broad Forward label only; not a certified striker cohort. No comparable production supplied for this deal.,Loan fee not stated,Not assessed,https://www.theguardian.com/football/ng-interactive/2026/sep/01/mens-transfer-window-summer-2026-all-deals-from-europes-top-five-leagues
summer-S26-0770,summer,747,S26-0770,David Ankeye,Genoa,Zeleznicar Pancevo,2026-07-04,400000.0,GBP,,Forward — striker role unverified,,Evidence needed,"Reported fee available; verify striker role, production, age, availability and transfer before assigning a score.",Broad Forward label only; not a certified striker cohort. No comparable production supplied for this deal.,Reported fee,Not assessed,https://www.theguardian.com/football/ng-interactive/2026/sep/01/mens-transfer-window-summer-2026-all-deals-from-europes-top-five-leagues
summer-S26-0774,summer,751,S26-0774,Gabriele Pessolani,Genoa,Crema,2026-07-27,,GBP,,Forward — striker role unverified,,Evidence needed,Loan/swap terms and buyer-specific production evidence needed.,Broad Forward label only; not a certified striker cohort. No comparable production supplied for this deal.,Loan fee not stated,Not assessed,https://www.theguardian.com/football/ng-interactive/2026/sep/01/mens-transfer-window-summer-2026-all-deals-from-europes-top-five-leagues
summer-S26-0790,summer,766,S26-0790,Kevin Fustini,Bologna,Como 1907,2026-08-04,,GBP,,Forward — striker role unverified,,Evidence needed,Undisclosed fee: cannot assess fee versus worth.,Broad Forward label only; not a certified striker cohort. No comparable production supplied for this deal.,Undisclosed,Not assessed,https://www.theguardian.com/football/ng-interactive/2026/sep/01/mens-transfer-window-summer-2026-all-deals-from-europes-top-five-leagues
summer-S26-0803,summer,779,S26-0803,El Bilal Touré,Atalanta,Parma,2026-08-07,,GBP,,Forward — striker role unverified,,Evidence needed,Loan/swap terms and buyer-specific production evidence needed.,Broad Forward label only; not a certified striker cohort. No comparable production supplied for this deal.,Loan fee not stated,Not assessed,https://www.theguardian.com/football/ng-interactive/2026/sep/01/mens-transfer-window-summer-2026-all-deals-from-europes-top-five-leagues
summer-S26-0830,summer,804,S26-0830,Yanis Musuayi,Club Brugge,Levante,2026-08-02,2100000.0,GBP,,Forward — striker role unverified,,Evidence needed,"Reported fee available; verify striker role, production, age, availability and transfer before assigning a score.",Broad Forward label only; not a certified striker cohort. No comparable production supplied for this deal.,Reported fee,Not assessed,https://www.theguardian.com/football/ng-interactive/2026/sep/01/mens-transfer-window-summer-2026-all-deals-from-europes-top-five-leagues
summer-S26-0834,summer,808,S26-0834,Álex Forés,Villarreal,Burgos,2026-08-07,300000.0,GBP,,Forward — striker role unverified,,Evidence needed,"Reported fee available; verify striker role, production, age, availability and transfer before assigning a score.",Broad Forward label only; not a certified striker cohort. No comparable production supplied for this deal.,Reported fee,Not assessed,https://www.theguardian.com/football/ng-interactive/2026/sep/01/mens-transfer-window-summer-2026-all-deals-from-europes-top-five-leagues
summer-S26-0835,summer,809,S26-0835,Pau Cabanes,Villarreal,Eldense,2026-08-05,,GBP,,Forward — striker role unverified,,Evidence needed,Free base fee excludes wages and other costs; role and production evidence needed.,Broad Forward label only; not a certified striker cohort. No comparable production supplied for this deal.,Free transfer,Not assessed,https://www.theguardian.com/football/ng-interactive/2026/sep/01/mens-transfer-window-summer-2026-all-deals-from-europes-top-five-leagues
summer-S26-0836,summer,810,S26-0836,Iwan Morgan,Brentford,Grimsby Town,2026-08-07,,GBP,,Forward — striker role unverified,,Evidence needed,Undisclosed fee: cannot assess fee versus worth.,Broad Forward label only; not a certified striker cohort. No comparable production supplied for this deal.,Undisclosed,Not assessed,https://www.theguardian.com/football/ng-interactive/2026/sep/01/mens-transfer-window-summer-2026-all-deals-from-europes-top-five-leagues
summer-S26-0841,summer,815,S26-0841,Sion Oppong,Brommapojkarna,Toulouse,2026-08-07,3400000.0,GBP,,Forward — striker role unverified,,Evidence needed,"Reported fee available; verify striker role, production, age, availability and transfer before assigning a score.",Broad Forward label only; not a certified striker cohort. No comparable production supplied for this deal.,Reported fee,Not assessed,https://www.theguardian.com/football/ng-interactive/2026/sep/01/mens-transfer-window-summer-2026-all-deals-from-europes-top-five-leagues
summer-S26-0848,summer,821,S26-0848,Daniel Mikolajewski,Parma,FC Luzern,2026-08-06,,GBP,,Forward — striker role unverified,,Evidence needed,Loan/swap terms and buyer-specific production evidence needed.,Broad Forward label only; not a certified striker cohort. No comparable production supplied for this deal.,Loan fee not stated,Not assessed,https://www.theguardian.com/football/ng-interactive/2026/sep/01/mens-transfer-window-summer-2026-all-deals-from-europes-top-five-leagues
summer-S26-0859,summer,831,S26-0859,Mario Domínguez,Valencia,Excelsior,2026-08-08,,GBP,,Forward — striker role unverified,,Evidence needed,Loan/swap terms and buyer-specific production evidence needed.,Broad Forward label only; not a certified striker cohort. No comparable production supplied for this deal.,Loan fee not stated,Not assessed,https://www.theguardian.com/football/ng-interactive/2026/sep/01/mens-transfer-window-summer-2026-all-deals-from-europes-top-five-leagues
summer-S26-0866,summer,838,S26-0866,Deniz Zeitler,Hoffenheim,Paderborn,2026-08-10,,GBP,,Forward — striker role unverified,,Evidence needed,Loan/swap terms and buyer-specific production evidence needed.,Broad Forward label only; not a certified striker cohort. No comparable production supplied for this deal.,Loan fee not stated,Not assessed,https://www.theguardian.com/football/ng-interactive/2026/sep/01/mens-transfer-window-summer-2026-all-deals-from-europes-top-five-leagues
summer-S26-0868,summer,840,S26-0868,Dzenan Pejcinovic,Wolfsburg,Stuttgart,2026-08-10,21400000.0,GBP,,Forward — striker role unverified,,Evidence needed,"Reported fee available; verify striker role, production, age, availability and transfer before assigning a score.",Broad Forward label only; not a certified striker cohort. No comparable production supplied for this deal.,Reported fee,Not assessed,https://www.theguardian.com/football/ng-interactive/2026/sep/01/mens-transfer-window-summer-2026-all-deals-from-europes-top-five-leagues
summer-S26-0869,summer,841,S26-0869,Kevin Carlos,Nice,Cagliari,2026-08-10,,GBP,,Forward — striker role unverified,,Evidence needed,Loan/swap terms and buyer-specific production evidence needed.,Broad Forward label only; not a certified striker cohort. No comparable production supplied for this deal.,Loan fee not stated,Not assessed,https://www.theguardian.com/football/ng-interactive/2026/sep/01/mens-transfer-window-summer-2026-all-deals-from-europes-top-five-leagues
summer-S26-0871,summer,843,S26-0871,Mansour Ouro-Tagba,Cologne,Bochum,2026-08-10,,GBP,,Forward — striker role unverified,,Evidence needed,Undisclosed fee: cannot assess fee versus worth.,Broad Forward label only; not a certified striker cohort. No comparable production supplied for this deal.,Undisclosed,Not assessed,https://www.theguardian.com/football/ng-interactive/2026/sep/01/mens-transfer-window-summer-2026-all-deals-from-europes-top-five-leagues
summer-S26-0873,summer,845,S26-0873,Valdrin Mustafa,Kickers Offenbach,Elversberg,2026-08-10,,GBP,,Forward — striker role unverified,,Evidence needed,Free base fee excludes wages and other costs; role and production evidence needed.,Broad Forward label only; not a certified striker cohort. No comparable production supplied for this deal.,Free transfer,Not assessed,https://www.theguardian.com/football/ng-interactive/2026/sep/01/mens-transfer-window-summer-2026-all-deals-from-europes-top-five-leagues
summer-S26-0877,summer,849,S26-0877,Aymen Zouin,Inter,Parma,2026-08-10,,GBP,,Forward — striker role unverified,,Evidence needed,Undisclosed fee: cannot assess fee versus worth.,Broad Forward label only; not a certified striker cohort. No comparable production supplied for this deal.,Undisclosed,Not assessed,https://www.theguardian.com/football/ng-interactive/2026/sep/01/mens-transfer-window-summer-2026-all-deals-from-europes-top-five-leagues
summer-S26-0886,summer,858,S26-0886,Brennan Johnson,Crystal Palace,Everton,2026-08-11,,GBP,,Forward — striker role unverified,,Evidence needed,Loan/swap terms and buyer-specific production evidence needed.,Broad Forward label only; not a certified striker cohort. No comparable production supplied for this deal.,Swap,Not assessed,https://www.theguardian.com/football/ng-interactive/2026/sep/01/mens-transfer-window-summer-2026-all-deals-from-europes-top-five-leagues
summer-S26-0889,summer,861,S26-0889,Divin Mubama,Manchester City,Southampton,2026-08-11,,GBP,,Forward — striker role unverified,,Evidence needed,Loan/swap terms and buyer-specific production evidence needed.,Broad Forward label only; not a certified striker cohort. No comparable production supplied for this deal.,Loan fee not stated,Not assessed,https://www.theguardian.com/football/ng-interactive/2026/sep/01/mens-transfer-window-summer-2026-all-deals-from-europes-top-five-leagues
summer-S26-0891,summer,863,S26-0891,Robbie Ure,Sirius,Sevilla,2026-08-11,5600000.0,GBP,,Forward — striker role unverified,,Evidence needed,"Reported fee available; verify striker role, production, age, availability and transfer before assigning a score.",Broad Forward label only; not a certified striker cohort. No comparable production supplied for this deal.,Reported fee,Not assessed,https://www.theguardian.com/football/ng-interactive/2026/sep/01/mens-transfer-window-summer-2026-all-deals-from-europes-top-five-leagues
summer-S26-0897,summer,868,S26-0897,Christian Corradi,Verona,Juventus,2026-08-11,,GBP,,Forward — striker role unverified,,Evidence needed,Loan/swap terms and buyer-specific production evidence needed.,Broad Forward label only; not a certified striker cohort. No comparable production supplied for this deal.,Loan fee not stated,Not assessed,https://www.theguardian.com/football/ng-interactive/2026/sep/01/mens-transfer-window-summer-2026-all-deals-from-europes-top-five-leagues
summer-S26-0898,summer,869,S26-0898,Hugo López,Villarreal,FC Andorra,2026-08-11,,GBP,,Forward — striker role unverified,,Evidence needed,Loan/swap terms and buyer-specific production evidence needed.,Broad Forward label only; not a certified striker cohort. No comparable production supplied for this deal.,Loan fee not stated,Not assessed,https://www.theguardian.com/football/ng-interactive/2026/sep/01/mens-transfer-window-summer-2026-all-deals-from-europes-top-five-leagues
summer-S26-0902,summer,873,S26-0902,Evann Guessand,Aston Villa,Crystal Palace,2026-08-12,,GBP,,Forward — striker role unverified,,Evidence needed,Loan/swap terms and buyer-specific production evidence needed.,Broad Forward label only; not a certified striker cohort. No comparable production supplied for this deal.,Loan fee not stated,Not assessed,https://www.theguardian.com/football/ng-interactive/2026/sep/01/mens-transfer-window-summer-2026-all-deals-from-europes-top-five-leagues
summer-S26-0908,summer,879,S26-0908,Romelu Lukaku,Napoli,Fenerbahce,2026-08-12,5100000.0,GBP,,Forward — striker role unverified,,Evidence needed,"Reported fee available; verify striker role, production, age, availability and transfer before assigning a score.",Broad Forward label only; not a certified striker cohort. No comparable production supplied for this deal.,Reported fee,Not assessed,https://www.theguardian.com/football/ng-interactive/2026/sep/01/mens-transfer-window-summer-2026-all-deals-from-europes-top-five-leagues
summer-S26-0913,summer,884,S26-0913,Alexis Sánchez,Sevilla,CF Montréal,2026-08-11,,GBP,,Forward — striker role unverified,,Evidence needed,Free base fee excludes wages and other costs; role and production evidence needed.,Broad Forward label only; not a certified striker cohort. No comparable production supplied for this deal.,Free transfer,Not assessed,https://www.theguardian.com/football/ng-interactive/2026/sep/01/mens-transfer-window-summer-2026-all-deals-from-europes-top-five-leagues
summer-S26-0917,summer,888,S26-0917,Riccardo Braschi,Fiorentina,Thun,2026-08-11,900000.0,GBP,,Forward — striker role unverified,,Evidence needed,"Reported fee available; verify striker role, production, age, availability and transfer before assigning a score.",Broad Forward label only; not a certified striker cohort. No comparable production supplied for this deal.,Reported fee,Not assessed,https://www.theguardian.com/football/ng-interactive/2026/sep/01/mens-transfer-window-summer-2026-all-deals-from-europes-top-five-leagues
summer-S26-0919,summer,890,S26-0919,Enzo Molebe,Lyon,Lausanne,2026-08-11,,GBP,,Forward — striker role unverified,,Evidence needed,Loan/swap terms and buyer-specific production evidence needed.,Broad Forward label only; not a certified striker cohort. No comparable production supplied for this deal.,Loan fee not stated,Not assessed,https://www.theguardian.com/football/ng-interactive/2026/sep/01/mens-transfer-window-summer-2026-all-deals-from-europes-top-five-leagues
summer-S26-0920,summer,891,S26-0920,Dusan Vlahovic,Juventus,Besiktas,2026-08-12,,GBP,,Forward — striker role unverified,,Evidence needed,Free base fee excludes wages and other costs; role and production evidence needed.,Broad Forward label only; not a certified striker cohort. No comparable production supplied for this deal.,Free transfer,Not assessed,https://www.theguardian.com/football/ng-interactive/2026/sep/01/mens-transfer-window-summer-2026-all-deals-from-europes-top-five-leagues
summer-S26-0925,summer,896,S26-0925,Franjo Ivanovic,Benfica,Lens,2026-08-12,,GBP,,Forward — striker role unverified,,Evidence needed,Loan/swap terms and buyer-specific production evidence needed.,Broad Forward label only; not a certified striker cohort. No comparable production supplied for this deal.,Loan fee not stated,Not assessed,https://www.theguardian.com/football/ng-interactive/2026/sep/01/mens-transfer-window-summer-2026-all-deals-from-europes-top-five-leagues
summer-S26-0927,summer,898,S26-0927,Federico Gattoni,Sevilla,Ascoli,2026-08-12,,GBP,,Forward — striker role unverified,,Evidence needed,Undisclosed fee: cannot assess fee versus worth.,Broad Forward label only; not a certified striker cohort. No comparable production supplied for this deal.,Undisclosed,Not assessed,https://www.theguardian.com/football/ng-interactive/2026/sep/01/mens-transfer-window-summer-2026-all-deals-from-europes-top-five-leagues
summer-S26-0928,summer,899,S26-0928,Noam Obougou,Le Havre,Nancy,2026-08-12,,GBP,,Forward — striker role unverified,,Evidence needed,Loan/swap terms and buyer-specific production evidence needed.,Broad Forward label only; not a certified striker cohort. No comparable production supplied for this deal.,Loan fee not stated,Not assessed,https://www.theguardian.com/football/ng-interactive/2026/sep/01/mens-transfer-window-summer-2026-all-deals-from-europes-top-five-leagues
summer-S26-0933,summer,904,S26-0933,Enes Unal,Bournemouth,Getafe,2026-08-13,,GBP,,Forward — striker role unverified,,Evidence needed,Free base fee excludes wages and other costs; role and production evidence needed.,Broad Forward label only; not a certified striker cohort. No comparable production supplied for this deal.,Free transfer,Not assessed,https://www.theguardian.com/football/ng-interactive/2026/sep/01/mens-transfer-window-summer-2026-all-deals-from-europes-top-five-leagues
summer-S26-0934,summer,905,S26-0934,Roberto Piccoli,Fiorentina,Bologna,2026-08-13,,GBP,,Forward — striker role unverified,,Evidence needed,Loan/swap terms and buyer-specific production evidence needed.,Broad Forward label only; not a certified striker cohort. No comparable production supplied for this deal.,Loan fee not stated,Not assessed,https://www.theguardian.com/football/ng-interactive/2026/sep/01/mens-transfer-window-summer-2026-all-deals-from-europes-top-five-leagues
summer-S26-0935,summer,906,S26-0935,Mateo Pellegrino,Parma,Fiorentina,2026-08-13,19200000.0,GBP,,Forward — striker role unverified,,Evidence needed,"Reported fee available; verify striker role, production, age, availability and transfer before assigning a score.",Broad Forward label only; not a certified striker cohort. No comparable production supplied for this deal.,Reported fee,Not assessed,https://www.theguardian.com/football/ng-interactive/2026/sep/01/mens-transfer-window-summer-2026-all-deals-from-europes-top-five-leagues
summer-S26-0942,summer,913,S26-0942,Tiziano Perrotta,Banfield,Elche,2026-08-13,,GBP,,Forward — striker role unverified,,Evidence needed,Undisclosed fee: cannot assess fee versus worth.,Broad Forward label only; not a certified striker cohort. No comparable production supplied for this deal.,Undisclosed,Not assessed,https://www.theguardian.com/football/ng-interactive/2026/sep/01/mens-transfer-window-summer-2026-all-deals-from-europes-top-five-leagues
summer-S26-0943,summer,914,S26-0943,Tiziano Perrotta,Elche,Defensa y Justicia,2026-08-13,,GBP,,Forward — striker role unverified,,Evidence needed,Loan/swap terms and buyer-specific production evidence needed.,Broad Forward label only; not a certified striker cohort. No comparable production supplied for this deal.,Loan fee not stated,Not assessed,https://www.theguardian.com/football/ng-interactive/2026/sep/01/mens-transfer-window-summer-2026-all-deals-from-europes-top-five-leagues
summer-S26-0945,summer,916,S26-0945,Armindo Sieb,Bayern Munich,Los Angeles FC,2026-08-13,430000.0,GBP,,Forward — striker role unverified,,Evidence needed,"Reported fee available; verify striker role, production, age, availability and transfer before assigning a score.",Broad Forward label only; not a certified striker cohort. No comparable production supplied for this deal.,Reported fee,Not assessed,https://www.theguardian.com/football/ng-interactive/2026/sep/01/mens-transfer-window-summer-2026-all-deals-from-europes-top-five-leagues
summer-S26-0950,summer,921,S26-0950,Enis Destan,Hull City,Konyaspor,2026-08-14,,GBP,,Forward — striker role unverified,,Evidence needed,Undisclosed fee: cannot assess fee versus worth.,Broad Forward label only; not a certified striker cohort. No comparable production supplied for this deal.,Undisclosed,Not assessed,https://www.theguardian.com/football/ng-interactive/2026/sep/01/mens-transfer-window-summer-2026-all-deals-from-europes-top-five-leagues
summer-S26-0952,summer,923,S26-0952,Flavio Russo,Sassuolo,Catania,2026-08-14,,GBP,,Forward — striker role unverified,,Evidence needed,Loan/swap terms and buyer-specific production evidence needed.,Broad Forward label only; not a certified striker cohort. No comparable production supplied for this deal.,Loan fee not stated,Not assessed,https://www.theguardian.com/football/ng-interactive/2026/sep/01/mens-transfer-window-summer-2026-all-deals-from-europes-top-five-leagues
summer-S26-0955,summer,926,S26-0955,David Romero,Club Atlético Tigre,Parma,2026-08-14,6000000.0,GBP,,Forward — striker role unverified,,Evidence needed,"Reported fee available; verify striker role, production, age, availability and transfer before assigning a score.",Broad Forward label only; not a certified striker cohort. No comparable production supplied for this deal.,Reported fee,Not assessed,https://www.theguardian.com/football/ng-interactive/2026/sep/01/mens-transfer-window-summer-2026-all-deals-from-europes-top-five-leagues
summer-S26-0961,summer,932,S26-0961,Dastan Satpayev,Chelsea,Burnley,2026-08-14,,GBP,,Forward — striker role unverified,,Evidence needed,Loan/swap terms and buyer-specific production evidence needed.,Broad Forward label only; not a certified striker cohort. No comparable production supplied for this deal.,Loan fee not stated,Not assessed,https://www.theguardian.com/football/ng-interactive/2026/sep/01/mens-transfer-window-summer-2026-all-deals-from-europes-top-five-leagues
summer-S26-0971,summer,940,S26-0971,Ferran Torres,Barcelona,Paris Saint-Germain,2026-08-15,42800000.0,GBP,,Forward — striker role unverified,,Evidence needed,"Reported fee available; verify striker role, production, age, availability and transfer before assigning a score.",Broad Forward label only; not a certified striker cohort. No comparable production supplied for this deal.,Reported fee,Not assessed,https://www.theguardian.com/football/ng-interactive/2026/sep/01/mens-transfer-window-summer-2026-all-deals-from-europes-top-five-leagues
summer-S26-0974,summer,943,S26-0974,Joe Gelhardt,Leeds United,Hull City,2026-08-15,6500000.0,GBP,,Forward — striker role unverified,,Evidence needed,"Reported fee available; verify striker role, production, age, availability and transfer before assigning a score.",Broad Forward label only; not a certified striker cohort. No comparable production supplied for this deal.,Reported fee,Not assessed,https://www.theguardian.com/football/ng-interactive/2026/sep/01/mens-transfer-window-summer-2026-all-deals-from-europes-top-five-leagues
summer-S26-0975,summer,944,S26-0975,Janis Antiste,Sassuolo,Gornik Zabrze,2026-08-15,,GBP,,Forward — striker role unverified,,Evidence needed,Loan/swap terms and buyer-specific production evidence needed.,Broad Forward label only; not a certified striker cohort. No comparable production supplied for this deal.,Loan fee not stated,Not assessed,https://www.theguardian.com/football/ng-interactive/2026/sep/01/mens-transfer-window-summer-2026-all-deals-from-europes-top-five-leagues
summer-S26-0978,summer,947,S26-0978,Agustín Álvarez,Sassuolo,Talleres,2026-08-14,,GBP,,Forward — striker role unverified,,Evidence needed,Loan/swap terms and buyer-specific production evidence needed.,Broad Forward label only; not a certified striker cohort. No comparable production supplied for this deal.,Loan fee not stated,Not assessed,https://www.theguardian.com/football/ng-interactive/2026/sep/01/mens-transfer-window-summer-2026-all-deals-from-europes-top-five-leagues
summer-S26-0982,summer,951,S26-0982,Noel Futkeu,Eintracht Frankfurt,Elversberg,2026-08-15,,GBP,,Forward — striker role unverified,,Evidence needed,Loan/swap terms and buyer-specific production evidence needed.,Broad Forward label only; not a certified striker cohort. No comparable production supplied for this deal.,Loan fee not stated,Not assessed,https://www.theguardian.com/football/ng-interactive/2026/sep/01/mens-transfer-window-summer-2026-all-deals-from-europes-top-five-leagues
summer-S26-0989,summer,958,S26-0989,Julio Enciso,Strasbourg,Ipswich Town,2026-08-17,26000000.0,GBP,,Forward — striker role unverified,,Evidence needed,"Reported fee available; verify striker role, production, age, availability and transfer before assigning a score.",Broad Forward label only; not a certified striker cohort. No comparable production supplied for this deal.,Reported fee,Not assessed,https://www.theguardian.com/football/ng-interactive/2026/sep/01/mens-transfer-window-summer-2026-all-deals-from-europes-top-five-leagues
summer-S26-0990,summer,959,S26-0990,Taiwo Awoniyi,Nottingham Forest,Coventry City,2026-08-17,9000000.0,GBP,,Forward — striker role unverified,,Evidence needed,"Reported fee available; verify striker role, production, age, availability and transfer before assigning a score.",Broad Forward label only; not a certified striker cohort. No comparable production supplied for this deal.,Reported fee,Not assessed,https://www.theguardian.com/football/ng-interactive/2026/sep/01/mens-transfer-window-summer-2026-all-deals-from-europes-top-five-leagues
summer-S26-0991,summer,960,S26-0991,Michy Batshuayi,Eintracht Frankfurt,Abha Club,2026-08-17,,GBP,,Forward — striker role unverified,,Evidence needed,Undisclosed fee: cannot assess fee versus worth.,Broad Forward label only; not a certified striker cohort. No comparable production supplied for this deal.,Undisclosed,Not assessed,https://www.theguardian.com/football/ng-interactive/2026/sep/01/mens-transfer-window-summer-2026-all-deals-from-europes-top-five-leagues
summer-S26-0994,summer,963,S26-0994,Jacobo Ortega,Real Madrid,Strasbourg,2026-08-17,8600000.0,GBP,,Forward — striker role unverified,,Evidence needed,"Reported fee available; verify striker role, production, age, availability and transfer before assigning a score.",Broad Forward label only; not a certified striker cohort. No comparable production supplied for this deal.,Reported fee,Not assessed,https://www.theguardian.com/football/ng-interactive/2026/sep/01/mens-transfer-window-summer-2026-all-deals-from-europes-top-five-leagues
summer-S26-1000,summer,969,S26-1000,Thijs Dallinga,Bologna,Cologne,2026-08-17,,GBP,,Forward — striker role unverified,,Evidence needed,Loan/swap terms and buyer-specific production evidence needed.,Broad Forward label only; not a certified striker cohort. No comparable production supplied for this deal.,Loan fee not stated,Not assessed,https://www.theguardian.com/football/ng-interactive/2026/sep/01/mens-transfer-window-summer-2026-all-deals-from-europes-top-five-leagues
summer-S26-1010,summer,979,S26-1010,Niclas Füllkrug,West Ham United,Werder Bremen,2026-08-18,,GBP,,Forward — striker role unverified,,Evidence needed,Loan/swap terms and buyer-specific production evidence needed.,Broad Forward label only; not a certified striker cohort. No comparable production supplied for this deal.,Loan fee not stated,Not assessed,https://www.theguardian.com/football/ng-interactive/2026/sep/01/mens-transfer-window-summer-2026-all-deals-from-europes-top-five-leagues
summer-S26-1024,summer,992,S26-1024,Promise David,Union St-Gilloise,Brighton,2026-08-18,,GBP,,Forward — striker role unverified,,Evidence needed,Loan/swap terms and buyer-specific production evidence needed.,Broad Forward label only; not a certified striker cohort. No comparable production supplied for this deal.,Loan fee not stated,Not assessed,https://www.theguardian.com/football/ng-interactive/2026/sep/01/mens-transfer-window-summer-2026-all-deals-from-europes-top-five-leagues
summer-S26-1026,summer,994,S26-1026,Thomás De Martis,Lanús,Parma,2026-08-18,,GBP,,Forward — striker role unverified,,Evidence needed,Loan/swap terms and buyer-specific production evidence needed.,Broad Forward label only; not a certified striker cohort. No comparable production supplied for this deal.,Loan fee not stated,Not assessed,https://www.theguardian.com/football/ng-interactive/2026/sep/01/mens-transfer-window-summer-2026-all-deals-from-europes-top-five-leagues
summer-S26-1027,summer,995,S26-1027,Joël Piroe,Leeds United,West Ham United,2026-08-19,,GBP,,Forward — striker role unverified,,Evidence needed,Loan/swap terms and buyer-specific production evidence needed.,Broad Forward label only; not a certified striker cohort. No comparable production supplied for this deal.,Loan fee not stated,Not assessed,https://www.theguardian.com/football/ng-interactive/2026/sep/01/mens-transfer-window-summer-2026-all-deals-from-europes-top-five-leagues
summer-S26-1040,summer,1008,S26-1040,Sidiki Cherif,Fenerbahce,Coventry City,2026-08-19,20500000.0,GBP,,Forward — striker role unverified,,Evidence needed,"Reported fee available; verify striker role, production, age, availability and transfer before assigning a score.",Broad Forward label only; not a certified striker cohort. No comparable production supplied for this deal.,Reported fee,Not assessed,https://www.theguardian.com/football/ng-interactive/2026/sep/01/mens-transfer-window-summer-2026-all-deals-from-europes-top-five-leagues
summer-S26-1050,summer,1018,S26-1050,Troy Parrott,AZ Alkmaar,Real Betis,2026-08-20,17100000.0,GBP,,Forward — striker role unverified,,Evidence needed,"Reported fee available; verify striker role, production, age, availability and transfer before assigning a score.",Broad Forward label only; not a certified striker cohort. No comparable production supplied for this deal.,Reported fee,Not assessed,https://www.theguardian.com/football/ng-interactive/2026/sep/01/mens-transfer-window-summer-2026-all-deals-from-europes-top-five-leagues
summer-S26-1055,summer,1023,S26-1055,George Hirst,Ipswich Town,Stoke City,2026-08-20,6000000.0,GBP,,Forward — striker role unverified,,Evidence needed,"Reported fee available; verify striker role, production, age, availability and transfer before assigning a score.",Broad Forward label only; not a certified striker cohort. No comparable production supplied for this deal.,Reported fee,Not assessed,https://www.theguardian.com/football/ng-interactive/2026/sep/01/mens-transfer-window-summer-2026-all-deals-from-europes-top-five-leagues
summer-S26-1056,summer,1024,S26-1056,Divine Mukasa,Manchester City,West Ham United,2026-08-21,,GBP,,Forward — striker role unverified,,Evidence needed,Loan/swap terms and buyer-specific production evidence needed.,Broad Forward label only; not a certified striker cohort. No comparable production supplied for this deal.,Loan fee not stated,Not assessed,https://www.theguardian.com/football/ng-interactive/2026/sep/01/mens-transfer-window-summer-2026-all-deals-from-europes-top-five-leagues
summer-S26-1080,summer,1047,S26-1080,Adam Buksa,Udinese,Mallorca,2026-08-23,,GBP,,Forward — striker role unverified,,Evidence needed,Loan/swap terms and buyer-specific production evidence needed.,Broad Forward label only; not a certified striker cohort. No comparable production supplied for this deal.,Loan fee not stated,Not assessed,https://www.theguardian.com/football/ng-interactive/2026/sep/01/mens-transfer-window-summer-2026-all-deals-from-europes-top-five-leagues
summer-S26-1081,summer,1048,S26-1081,Antonio Casas,Venezia,Sporting Gijón,2026-08-23,,GBP,,Forward — striker role unverified,,Evidence needed,Loan/swap terms and buyer-specific production evidence needed.,Broad Forward label only; not a certified striker cohort. No comparable production supplied for this deal.,Loan fee not stated,Not assessed,https://www.theguardian.com/football/ng-interactive/2026/sep/01/mens-transfer-window-summer-2026-all-deals-from-europes-top-five-leagues
summer-S26-1086,summer,1053,S26-1086,Vanja Vlahovic,Atalanta,Mantova,2026-08-21,,GBP,,Forward — striker role unverified,,Evidence needed,Loan/swap terms and buyer-specific production evidence needed.,Broad Forward label only; not a certified striker cohort. No comparable production supplied for this deal.,Loan fee not stated,Not assessed,https://www.theguardian.com/football/ng-interactive/2026/sep/01/mens-transfer-window-summer-2026-all-deals-from-europes-top-five-leagues
summer-S26-1089,summer,1056,S26-1089,Breel Embolo,Rennes,Atlanta United,2026-08-23,14600000.0,GBP,,Forward — striker role unverified,,Evidence needed,"Reported fee available; verify striker role, production, age, availability and transfer before assigning a score.",Broad Forward label only; not a certified striker cohort. No comparable production supplied for this deal.,Reported fee,Not assessed,https://www.theguardian.com/football/ng-interactive/2026/sep/01/mens-transfer-window-summer-2026-all-deals-from-europes-top-five-leagues
summer-S26-1090,summer,1057,S26-1090,Terem Moffi,Nice,Hamburg,2026-08-24,1700000.0,GBP,,Forward — striker role unverified,,Evidence needed,"Reported fee available; verify striker role, production, age, availability and transfer before assigning a score.",Broad Forward label only; not a certified striker cohort. No comparable production supplied for this deal.,Reported fee,Not assessed,https://www.theguardian.com/football/ng-interactive/2026/sep/01/mens-transfer-window-summer-2026-all-deals-from-europes-top-five-leagues
summer-S26-1096,summer,1062,S26-1096,Ezequiel Ponce,Houston Dynamo,Elche,2026-08-14,1700000.0,GBP,,Forward — striker role unverified,,Evidence needed,"Reported fee available; verify striker role, production, age, availability and transfer before assigning a score.",Broad Forward label only; not a certified striker cohort. No comparable production supplied for this deal.,Reported fee,Not assessed,https://www.theguardian.com/football/ng-interactive/2026/sep/01/mens-transfer-window-summer-2026-all-deals-from-europes-top-five-leagues
summer-S26-1104,summer,1070,S26-1104,Jovan Milosevic,Stuttgart,Braga,2026-08-20,6900000.0,GBP,,Forward — striker role unverified,,Evidence needed,"Reported fee available; verify striker role, production, age, availability and transfer before assigning a score.",Broad Forward label only; not a certified striker cohort. No comparable production supplied for this deal.,Reported fee,Not assessed,https://www.theguardian.com/football/ng-interactive/2026/sep/01/mens-transfer-window-summer-2026-all-deals-from-europes-top-five-leagues
summer-S26-1109,summer,1075,S26-1109,Elye Wahi,Eintracht Frankfurt,Nice,2026-08-24,,GBP,,Forward — striker role unverified,,Evidence needed,Loan/swap terms and buyer-specific production evidence needed.,Broad Forward label only; not a certified striker cohort. No comparable production supplied for this deal.,Loan fee not stated,Not assessed,https://www.theguardian.com/football/ng-interactive/2026/sep/01/mens-transfer-window-summer-2026-all-deals-from-europes-top-five-leagues
summer-S26-1112,summer,1078,S26-1112,Agustín Albarracín,Cagliari,Albacete,2026-08-25,,GBP,,Forward — striker role unverified,,Evidence needed,Loan/swap terms and buyer-specific production evidence needed.,Broad Forward label only; not a certified striker cohort. No comparable production supplied for this deal.,Loan fee not stated,Not assessed,https://www.theguardian.com/football/ng-interactive/2026/sep/01/mens-transfer-window-summer-2026-all-deals-from-europes-top-five-leagues
summer-S26-1113,summer,1079,S26-1113,Milutin Osmajic,Preston,Genoa,2026-08-24,2100000.0,GBP,,Forward — striker role unverified,,Evidence needed,"Reported fee available; verify striker role, production, age, availability and transfer before assigning a score.",Broad Forward label only; not a certified striker cohort. No comparable production supplied for this deal.,Reported fee,Not assessed,https://www.theguardian.com/football/ng-interactive/2026/sep/01/mens-transfer-window-summer-2026-all-deals-from-europes-top-five-leagues
summer-S26-1118,summer,1084,S26-1118,Christopher Nkunku,Milan,RB Leipzig,2026-08-25,,GBP,,Forward — striker role unverified,,Evidence needed,Loan/swap terms and buyer-specific production evidence needed.,Broad Forward label only; not a certified striker cohort. No comparable production supplied for this deal.,Loan fee not stated,Not assessed,https://www.theguardian.com/football/ng-interactive/2026/sep/01/mens-transfer-window-summer-2026-all-deals-from-europes-top-five-leagues
summer-S26-1124,summer,1089,S26-1124,Ali al-Hamadi,Ipswich Town,Sheffield Wednesday,2026-08-26,,GBP,,Forward — striker role unverified,,Evidence needed,Loan/swap terms and buyer-specific production evidence needed.,Broad Forward label only; not a certified striker cohort. No comparable production supplied for this deal.,Loan fee not stated,Not assessed,https://www.theguardian.com/football/ng-interactive/2026/sep/01/mens-transfer-window-summer-2026-all-deals-from-europes-top-five-leagues
summer-S26-1133,summer,1098,S26-1133,Marvin Pieringer,Heidenheim,Paderborn,2026-08-26,2570000.0,GBP,,Forward — striker role unverified,,Evidence needed,"Reported fee available; verify striker role, production, age, availability and transfer before assigning a score.",Broad Forward label only; not a certified striker cohort. No comparable production supplied for this deal.,Reported fee,Not assessed,https://www.theguardian.com/football/ng-interactive/2026/sep/01/mens-transfer-window-summer-2026-all-deals-from-europes-top-five-leagues
summer-S26-1140,summer,1105,S26-1140,Liam Delap,Chelsea,Nottingham Forest,2026-08-27,45000000.0,GBP,,Forward — striker role unverified,,Evidence needed,"Reported fee available; verify striker role, production, age, availability and transfer before assigning a score.",Broad Forward label only; not a certified striker cohort. No comparable production supplied for this deal.,Reported fee,Not assessed,https://www.theguardian.com/football/ng-interactive/2026/sep/01/mens-transfer-window-summer-2026-all-deals-from-europes-top-five-leagues
summer-S26-1144,summer,1109,S26-1144,Lamin Sillah,Nottingham Forest,Gillingham,2026-08-27,,GBP,,Forward — striker role unverified,,Evidence needed,Loan/swap terms and buyer-specific production evidence needed.,Broad Forward label only; not a certified striker cohort. No comparable production supplied for this deal.,Loan fee not stated,Not assessed,https://www.theguardian.com/football/ng-interactive/2026/sep/01/mens-transfer-window-summer-2026-all-deals-from-europes-top-five-leagues
summer-S26-1146,summer,1111,S26-1146,Omar Marmoush,Manchester City,Tottenham Hotspur,2026-08-27,,GBP,,Forward — striker role unverified,,Evidence needed,Loan/swap terms and buyer-specific production evidence needed.,Broad Forward label only; not a certified striker cohort. No comparable production supplied for this deal.,Loan fee not stated,Not assessed,https://www.theguardian.com/football/ng-interactive/2026/sep/01/mens-transfer-window-summer-2026-all-deals-from-europes-top-five-leagues
summer-S26-1157,summer,1122,S26-1157,Nicolas Jackson,Chelsea,Aston Villa,2026-08-28,47500000.0,GBP,,Forward — striker role unverified,,Evidence needed,"Reported fee available; verify striker role, production, age, availability and transfer before assigning a score.",Broad Forward label only; not a certified striker cohort. No comparable production supplied for this deal.,Reported fee,Not assessed,https://www.theguardian.com/football/ng-interactive/2026/sep/01/mens-transfer-window-summer-2026-all-deals-from-europes-top-five-leagues
summer-S26-1160,summer,1125,S26-1160,Tomas Bobcek,Lechia Gdansk,Frosinone,2026-08-28,9160000.0,GBP,,Forward — striker role unverified,,Evidence needed,"Reported fee available; verify striker role, production, age, availability and transfer before assigning a score.",Broad Forward label only; not a certified striker cohort. No comparable production supplied for this deal.,Reported fee,Not assessed,https://www.theguardian.com/football/ng-interactive/2026/sep/01/mens-transfer-window-summer-2026-all-deals-from-europes-top-five-leagues
summer-S26-1161,summer,1126,S26-1161,Álvaro Morata,Como 1907,Leganés,2026-08-28,,GBP,,Forward — striker role unverified,,Evidence needed,Loan/swap terms and buyer-specific production evidence needed.,Broad Forward label only; not a certified striker cohort. No comparable production supplied for this deal.,Loan fee not stated,Not assessed,https://www.theguardian.com/football/ng-interactive/2026/sep/01/mens-transfer-window-summer-2026-all-deals-from-europes-top-five-leagues
summer-S26-1166,summer,1131,S26-1166,Walid Cheddira,Napoli,Avellino,2026-08-28,3000000.0,GBP,,Forward — striker role unverified,,Evidence needed,"Reported fee available; verify striker role, production, age, availability and transfer before assigning a score.",Broad Forward label only; not a certified striker cohort. No comparable production supplied for this deal.,Reported fee,Not assessed,https://www.theguardian.com/football/ng-interactive/2026/sep/01/mens-transfer-window-summer-2026-all-deals-from-europes-top-five-leagues
summer-S26-1167,summer,1132,S26-1167,William Bøving,Mainz 05,Nuremberg,2026-08-28,,GBP,,Forward — striker role unverified,,Evidence needed,Loan/swap terms and buyer-specific production evidence needed.,Broad Forward label only; not a certified striker cohort. No comparable production supplied for this deal.,Loan fee not stated,Not assessed,https://www.theguardian.com/football/ng-interactive/2026/sep/01/mens-transfer-window-summer-2026-all-deals-from-europes-top-five-leagues
summer-S26-1169,summer,1134,S26-1169,Jon Karrikaburu,Real Sociedad,Burgos,2026-08-28,,GBP,,Forward — striker role unverified,,Evidence needed,Free base fee excludes wages and other costs; role and production evidence needed.,Broad Forward label only; not a certified striker cohort. No comparable production supplied for this deal.,Free transfer,Not assessed,https://www.theguardian.com/football/ng-interactive/2026/sep/01/mens-transfer-window-summer-2026-all-deals-from-europes-top-five-leagues
summer-S26-1192,summer,1157,S26-1192,Alvin Okoro,Venezia,Südtirol,2026-08-29,,GBP,,Forward — striker role unverified,,Evidence needed,Loan/swap terms and buyer-specific production evidence needed.,Broad Forward label only; not a certified striker cohort. No comparable production supplied for this deal.,Loan fee not stated,Not assessed,https://www.theguardian.com/football/ng-interactive/2026/sep/01/mens-transfer-window-summer-2026-all-deals-from-europes-top-five-leagues
summer-S26-1193,summer,1158,S26-1193,Sebastiano Esposito,Cagliari,Sassuolo,2026-08-29,,GBP,,Forward — striker role unverified,,Evidence needed,Loan/swap terms and buyer-specific production evidence needed.,Broad Forward label only; not a certified striker cohort. No comparable production supplied for this deal.,Loan fee not stated,Not assessed,https://www.theguardian.com/football/ng-interactive/2026/sep/01/mens-transfer-window-summer-2026-all-deals-from-europes-top-five-leagues
summer-S26-1195,summer,1160,S26-1195,Gabriele Artistico,Lazio,Padova,2026-08-27,2600000.0,GBP,,Forward — striker role unverified,,Evidence needed,"Reported fee available; verify striker role, production, age, availability and transfer before assigning a score.",Broad Forward label only; not a certified striker cohort. No comparable production supplied for this deal.,Reported fee,Not assessed,https://www.theguardian.com/football/ng-interactive/2026/sep/01/mens-transfer-window-summer-2026-all-deals-from-europes-top-five-leagues
summer-S26-1196,summer,1161,S26-1196,Daniel Birligea,FCSB,Frosinone,2026-08-27,,GBP,,Forward — striker role unverified,,Evidence needed,Loan/swap terms and buyer-specific production evidence needed.,Broad Forward label only; not a certified striker cohort. No comparable production supplied for this deal.,Loan fee not stated,Not assessed,https://www.theguardian.com/football/ng-interactive/2026/sep/01/mens-transfer-window-summer-2026-all-deals-from-europes-top-five-leagues
summer-S26-1197,summer,1162,S26-1197,Andrea Pinamonti,Sassuolo,Lazio,2026-08-27,2600000.0,GBP,,Forward — striker role unverified,,Evidence needed,"Reported fee available; verify striker role, production, age, availability and transfer before assigning a score.",Broad Forward label only; not a certified striker cohort. No comparable production supplied for this deal.,Reported fee,Not assessed,https://www.theguardian.com/football/ng-interactive/2026/sep/01/mens-transfer-window-summer-2026-all-deals-from-europes-top-five-leagues
summer-S26-1216,summer,1181,S26-1216,Ollie Watkins,Aston Villa,Al-Hilal,2026-08-30,51000000.0,GBP,,Forward — striker role unverified,,Evidence needed,"Reported fee available; verify striker role, production, age, availability and transfer before assigning a score.",Broad Forward label only; not a certified striker cohort. No comparable production supplied for this deal.,Reported fee,Not assessed,https://www.theguardian.com/football/ng-interactive/2026/sep/01/mens-transfer-window-summer-2026-all-deals-from-europes-top-five-leagues
summer-S26-1220,summer,1185,S26-1220,Alieu Njie,Torino,Fiorentina,2026-08-30,,GBP,,Forward — striker role unverified,,Evidence needed,Loan/swap terms and buyer-specific production evidence needed.,Broad Forward label only; not a certified striker cohort. No comparable production supplied for this deal.,Loan fee not stated,Not assessed,https://www.theguardian.com/football/ng-interactive/2026/sep/01/mens-transfer-window-summer-2026-all-deals-from-europes-top-five-leagues
summer-S26-1224,summer,1189,S26-1224,Eman Kospo,Fiorentina,Mantova,2026-08-30,,GBP,,Forward — striker role unverified,,Evidence needed,Loan/swap terms and buyer-specific production evidence needed.,Broad Forward label only; not a certified striker cohort. No comparable production supplied for this deal.,Loan fee not stated,Not assessed,https://www.theguardian.com/football/ng-interactive/2026/sep/01/mens-transfer-window-summer-2026-all-deals-from-europes-top-five-leagues
summer-S26-1232,summer,1196,S26-1232,Alessandro Vogt,Hoffenheim,Heidenheim,2026-08-31,,GBP,,Forward — striker role unverified,,Evidence needed,Loan/swap terms and buyer-specific production evidence needed.,Broad Forward label only; not a certified striker cohort. No comparable production supplied for this deal.,Loan fee not stated,Not assessed,https://www.theguardian.com/football/ng-interactive/2026/sep/01/mens-transfer-window-summer-2026-all-deals-from-europes-top-five-leagues
summer-S26-1239,summer,1203,S26-1239,David Datro Fofana,Chelsea,Servette,2026-08-31,,GBP,,Forward — striker role unverified,,Evidence needed,Undisclosed fee: cannot assess fee versus worth.,Broad Forward label only; not a certified striker cohort. No comparable production supplied for this deal.,Undisclosed,Not assessed,https://www.theguardian.com/football/ng-interactive/2026/sep/01/mens-transfer-window-summer-2026-all-deals-from-europes-top-five-leagues
summer-S26-1240,summer,1204,S26-1240,Conrad Harder,RB Leipzig,Strasbourg,2026-09-01,,GBP,,Forward — striker role unverified,,Evidence needed,Loan/swap terms and buyer-specific production evidence needed.,Broad Forward label only; not a certified striker cohort. No comparable production supplied for this deal.,Loan fee not stated,Not assessed,https://www.theguardian.com/football/ng-interactive/2026/sep/01/mens-transfer-window-summer-2026-all-deals-from-europes-top-five-leagues
summer-S26-1241,summer,1205,S26-1241,Luís Semedo,Sunderland,Clermont Foot,2026-09-01,,GBP,,Forward — striker role unverified,,Evidence needed,Undisclosed fee: cannot assess fee versus worth.,Broad Forward label only; not a certified striker cohort. No comparable production supplied for this deal.,Undisclosed,Not assessed,https://www.theguardian.com/football/ng-interactive/2026/sep/01/mens-transfer-window-summer-2026-all-deals-from-europes-top-five-leagues
summer-S26-1242,summer,1206,S26-1242,Marc Guiu,Chelsea,RB Leipzig,2026-09-01,14500000.0,GBP,,Forward — striker role unverified,,Evidence needed,"Reported fee available; verify striker role, production, age, availability and transfer before assigning a score.",Broad Forward label only; not a certified striker cohort. No comparable production supplied for this deal.,Reported fee,Not assessed,https://www.theguardian.com/football/ng-interactive/2026/sep/01/mens-transfer-window-summer-2026-all-deals-from-europes-top-five-leagues
summer-S26-1248,summer,1212,S26-1248,Ilyas Ansah,Union Berlin,Hull City,2026-09-01,14500000.0,GBP,,Forward — striker role unverified,,Evidence needed,"Reported fee available; verify striker role, production, age, availability and transfer before assigning a score.",Broad Forward label only; not a certified striker cohort. No comparable production supplied for this deal.,Reported fee,Not assessed,https://www.theguardian.com/football/ng-interactive/2026/sep/01/mens-transfer-window-summer-2026-all-deals-from-europes-top-five-leagues
summer-S26-1252,summer,1216,S26-1252,Gonzalo Petit,Real Betis,Cádiz,2026-09-01,,GBP,,Forward — striker role unverified,,Evidence needed,Loan/swap terms and buyer-specific production evidence needed.,Broad Forward label only; not a certified striker cohort. No comparable production supplied for this deal.,Loan fee not stated,Not assessed,https://www.theguardian.com/football/ng-interactive/2026/sep/01/mens-transfer-window-summer-2026-all-deals-from-europes-top-five-leagues
summer-S26-1259,summer,1222,S26-1259,Lazar Jovanovic,Stuttgart,Udinese,2026-09-01,5500000.0,GBP,,Forward — striker role unverified,,Evidence needed,"Reported fee available; verify striker role, production, age, availability and transfer before assigning a score.",Broad Forward label only; not a certified striker cohort. No comparable production supplied for this deal.,Reported fee,Not assessed,https://www.theguardian.com/football/ng-interactive/2026/sep/01/mens-transfer-window-summer-2026-all-deals-from-europes-top-five-leagues
summer-S26-1262,summer,1225,S26-1262,Christian Gomis,Schalke 04,CD Tenerife,2026-09-01,,GBP,,Forward — striker role unverified,,Evidence needed,Loan/swap terms and buyer-specific production evidence needed.,Broad Forward label only; not a certified striker cohort. No comparable production supplied for this deal.,Loan fee not stated,Not assessed,https://www.theguardian.com/football/ng-interactive/2026/sep/01/mens-transfer-window-summer-2026-all-deals-from-europes-top-five-leagues
summer-S26-1267,summer,1229,S26-1267,Gabriel Jesus,Arsenal,Barcelona,2026-09-01,8600000.0,GBP,,Forward — striker role unverified,,Evidence needed,"Reported fee available; verify striker role, production, age, availability and transfer before assigning a score.",Broad Forward label only; not a certified striker cohort. No comparable production supplied for this deal.,Reported fee,Not assessed,https://www.theguardian.com/football/ng-interactive/2026/sep/01/mens-transfer-window-summer-2026-all-deals-from-europes-top-five-leagues
summer-S26-1270,summer,1232,S26-1270,Rayan Philippe,Hamburg,Paderborn,2026-09-01,,GBP,,Forward — striker role unverified,,Evidence needed,Loan/swap terms and buyer-specific production evidence needed.,Broad Forward label only; not a certified striker cohort. No comparable production supplied for this deal.,Loan fee not stated,Not assessed,https://www.theguardian.com/football/ng-interactive/2026/sep/01/mens-transfer-window-summer-2026-all-deals-from-europes-top-five-leagues
summer-S26-1280,summer,1242,S26-1280,Matias Fernandez-Pardo,Lille,Newcastle United,2026-09-01,51000000.0,GBP,,Forward — striker role unverified,,Evidence needed,"Reported fee available; verify striker role, production, age, availability and transfer before assigning a score.",Broad Forward label only; not a certified striker cohort. No comparable production supplied for this deal.,Reported fee,Not assessed,https://www.theguardian.com/football/ng-interactive/2026/sep/01/mens-transfer-window-summer-2026-all-deals-from-europes-top-five-leagues
summer-S26-1282,summer,1244,S26-1282,Arijon Ibrahimović,Bayern Munich,Augsburg,2026-09-01,,GBP,,Forward — striker role unverified,,Evidence needed,Loan/swap terms and buyer-specific production evidence needed.,Broad Forward label only; not a certified striker cohort. No comparable production supplied for this deal.,Loan fee not stated,Not assessed,https://www.theguardian.com/football/ng-interactive/2026/sep/01/mens-transfer-window-summer-2026-all-deals-from-europes-top-five-leagues
summer-S26-1283,summer,1245,S26-1283,Timothé Nkada,Standard Liège,Troyes,2026-09-01,,GBP,,Forward — striker role unverified,,Evidence needed,Loan/swap terms and buyer-specific production evidence needed.,Broad Forward label only; not a certified striker cohort. No comparable production supplied for this deal.,Loan fee not stated,Not assessed,https://www.theguardian.com/football/ng-interactive/2026/sep/01/mens-transfer-window-summer-2026-all-deals-from-europes-top-five-leagues
summer-S26-1288,summer,1250,S26-1288,Louey Ben Farhat,Karlsruhe,Freiburg,2026-09-01,6400000.0,GBP,,Forward — striker role unverified,,Evidence needed,"Reported fee available; verify striker role, production, age, availability and transfer before assigning a score.",Broad Forward label only; not a certified striker cohort. No comparable production supplied for this deal.,Reported fee,Not assessed,https://www.theguardian.com/football/ng-interactive/2026/sep/01/mens-transfer-window-summer-2026-all-deals-from-europes-top-five-leagues
summer-S26-1289,summer,1251,S26-1289,Habib Diallo,Metz,Le Mans,2026-09-01,,GBP,,Forward — striker role unverified,,Evidence needed,Undisclosed fee: cannot assess fee versus worth.,Broad Forward label only; not a certified striker cohort. No comparable production supplied for this deal.,Undisclosed,Not assessed,https://www.theguardian.com/football/ng-interactive/2026/sep/01/mens-transfer-window-summer-2026-all-deals-from-europes-top-five-leagues
summer-S26-1295,summer,1257,S26-1295,Caleb Ekuban,Genoa,Verona,2026-09-01,,GBP,,Forward — striker role unverified,,Evidence needed,Free base fee excludes wages and other costs; role and production evidence needed.,Broad Forward label only; not a certified striker cohort. No comparable production supplied for this deal.,Free transfer,Not assessed,https://www.theguardian.com/football/ng-interactive/2026/sep/01/mens-transfer-window-summer-2026-all-deals-from-europes-top-five-leagues
summer-S26-1300,summer,1262,S26-1300,Cameron Archer,Southampton,Auxerre,2026-09-01,,GBP,,Forward — striker role unverified,,Evidence needed,Loan/swap terms and buyer-specific production evidence needed.,Broad Forward label only; not a certified striker cohort. No comparable production supplied for this deal.,Loan fee not stated,Not assessed,https://www.theguardian.com/football/ng-interactive/2026/sep/01/mens-transfer-window-summer-2026-all-deals-from-europes-top-five-leagues
summer-S26-1310,summer,1271,S26-1310,David Obou,Crystal Palace,Örgryte,2026-08-31,,GBP,,Forward — striker role unverified,,Evidence needed,Free base fee excludes wages and other costs; role and production evidence needed.,Broad Forward label only; not a certified striker cohort. No comparable production supplied for this deal.,Free transfer,Not assessed,https://www.theguardian.com/football/ng-interactive/2026/sep/01/mens-transfer-window-summer-2026-all-deals-from-europes-top-five-leagues
summer-S26-1311,summer,1272,S26-1311,Kennedy Okpala,Paderborn,Dynamo Dresden,2026-09-01,,GBP,,Forward — striker role unverified,,Evidence needed,Loan/swap terms and buyer-specific production evidence needed.,Broad Forward label only; not a certified striker cohort. No comparable production supplied for this deal.,Loan fee not stated,Not assessed,https://www.theguardian.com/football/ng-interactive/2026/sep/01/mens-transfer-window-summer-2026-all-deals-from-europes-top-five-leagues
summer-S26-1314,summer,1275,S26-1314,Jonathan Rowe,Bologna,Atalanta,2026-09-01,,GBP,,Forward — striker role unverified,,Evidence needed,Loan/swap terms and buyer-specific production evidence needed.,Broad Forward label only; not a certified striker cohort. No comparable production supplied for this deal.,Loan fee not stated,Not assessed,https://www.theguardian.com/football/ng-interactive/2026/sep/01/mens-transfer-window-summer-2026-all-deals-from-europes-top-five-leagues
summer-S26-1317,summer,1278,S26-1317,Theo Bair,Auxerre,Bolton,2026-09-01,,GBP,,Forward — striker role unverified,,Evidence needed,Loan/swap terms and buyer-specific production evidence needed.,Broad Forward label only; not a certified striker cohort. No comparable production supplied for this deal.,Loan fee not stated,Not assessed,https://www.theguardian.com/football/ng-interactive/2026/sep/01/mens-transfer-window-summer-2026-all-deals-from-europes-top-five-leagues
summer-S26-1320,summer,1281,S26-1320,Santiago Gimenez,Milan,Porto,2026-08-31,,GBP,,Forward — striker role unverified,,Evidence needed,Loan/swap terms and buyer-specific production evidence needed.,Broad Forward label only; not a certified striker cohort. No comparable production supplied for this deal.,Loan fee not stated,Not assessed,https://www.theguardian.com/football/ng-interactive/2026/sep/01/mens-transfer-window-summer-2026-all-deals-from-europes-top-five-leagues
summer-S26-1321,summer,1282,S26-1321,Jay Enem,Red Star Belgrade,Bologna,2026-09-01,5150000.0,GBP,,Forward — striker role unverified,,Evidence needed,"Reported fee available; verify striker role, production, age, availability and transfer before assigning a score.",Broad Forward label only; not a certified striker cohort. No comparable production supplied for this deal.,Reported fee,Not assessed,https://www.theguardian.com/football/ng-interactive/2026/sep/01/mens-transfer-window-summer-2026-all-deals-from-europes-top-five-leagues
summer-S26-1323,summer,1284,S26-1323,Beto,Everton,Fiorentina,2026-09-01,15440000.0,GBP,,Forward — striker role unverified,,Evidence needed,"Reported fee available; verify striker role, production, age, availability and transfer before assigning a score.",Broad Forward label only; not a certified striker cohort. No comparable production supplied for this deal.,Reported fee,Not assessed,https://www.theguardian.com/football/ng-interactive/2026/sep/01/mens-transfer-window-summer-2026-all-deals-from-europes-top-five-leagues
summer-S26-1328,summer,1289,S26-1328,Nick Woltemade,Newcastle United,Juventus,2026-09-01,,GBP,,Forward — striker role unverified,,Evidence needed,Loan/swap terms and buyer-specific production evidence needed.,Broad Forward label only; not a certified striker cohort. No comparable production supplied for this deal.,Loan fee not stated,Not assessed,https://www.theguardian.com/football/ng-interactive/2026/sep/01/mens-transfer-window-summer-2026-all-deals-from-europes-top-five-leagues
summer-S26-1329,summer,1290,S26-1329,Deivid Washington,Chelsea,Strasbourg,2026-09-01,6900000.0,GBP,,Forward — striker role unverified,,Evidence needed,"Reported fee available; verify striker role, production, age, availability and transfer before assigning a score.",Broad Forward label only; not a certified striker cohort. No comparable production supplied for this deal.,Reported fee,Not assessed,https://www.theguardian.com/football/ng-interactive/2026/sep/01/mens-transfer-window-summer-2026-all-deals-from-europes-top-five-leagues
summer-S26-1332,summer,1293,S26-1332,Moise Kean,Fiorentina,Como 1907,2026-09-01,,GBP,,Forward — striker role unverified,,Evidence needed,Loan/swap terms and buyer-specific production evidence needed.,Broad Forward label only; not a certified striker cohort. No comparable production supplied for this deal.,Loan fee not stated,Not assessed,https://www.theguardian.com/football/ng-interactive/2026/sep/01/mens-transfer-window-summer-2026-all-deals-from-europes-top-five-leagues
summer-S26-1333,summer,1294,S26-1333,Albert Gudmundsson,Fiorentina,Lazio,2026-09-01,,GBP,,Forward — striker role unverified,,Evidence needed,Loan/swap terms and buyer-specific production evidence needed.,Broad Forward label only; not a certified striker cohort. No comparable production supplied for this deal.,Loan fee not stated,Not assessed,https://www.theguardian.com/football/ng-interactive/2026/sep/01/mens-transfer-window-summer-2026-all-deals-from-europes-top-five-leagues
summer-S26-1335,summer,1296,S26-1335,Iván Azón,Como 1907,Getafe,2026-09-01,,GBP,,Forward — striker role unverified,,Evidence needed,Loan/swap terms and buyer-specific production evidence needed.,Broad Forward label only; not a certified striker cohort. No comparable production supplied for this deal.,Loan fee not stated,Not assessed,https://www.theguardian.com/football/ng-interactive/2026/sep/01/mens-transfer-window-summer-2026-all-deals-from-europes-top-five-leagues
summer-S26-1344,summer,1305,S26-1344,Jonathan David,Juventus,Atlético Madrid,2026-09-01,,GBP,,Forward — striker role unverified,,Evidence needed,Loan/swap terms and buyer-specific production evidence needed.,Broad Forward label only; not a certified striker cohort. No comparable production supplied for this deal.,Loan fee not stated,Not assessed,https://www.theguardian.com/football/ng-interactive/2026/sep/01/mens-transfer-window-summer-2026-all-deals-from-europes-top-five-leagues
summer-S26-1351,summer,1312,S26-1351,Lucas Stassin,Saint-Etienne,Sevilla,2026-09-01,,GBP,,Forward — striker role unverified,,Evidence needed,Loan/swap terms and buyer-specific production evidence needed.,Broad Forward label only; not a certified striker cohort. No comparable production supplied for this deal.,Loan fee not stated,Not assessed,https://www.theguardian.com/football/ng-interactive/2026/sep/01/mens-transfer-window-summer-2026-all-deals-from-europes-top-five-leagues
summer-S26-1354,summer,1315,S26-1354,Boulaye Dia,Lazio,Rennes,2026-09-01,,GBP,,Forward — striker role unverified,,Evidence needed,Loan/swap terms and buyer-specific production evidence needed.,Broad Forward label only; not a certified striker cohort. No comparable production supplied for this deal.,Loan fee not stated,Not assessed,https://www.theguardian.com/football/ng-interactive/2026/sep/01/mens-transfer-window-summer-2026-all-deals-from-europes-top-five-leagues
summer-S26-1361,summer,1322,S26-1361,Dujuan Richards,Chelsea,Wimbledon,2026-09-01,,GBP,,Forward — striker role unverified,,Evidence needed,Loan/swap terms and buyer-specific production evidence needed.,Broad Forward label only; not a certified striker cohort. No comparable production supplied for this deal.,Loan fee not stated,Not assessed,https://www.theguardian.com/football/ng-interactive/2026/sep/01/mens-transfer-window-summer-2026-all-deals-from-europes-top-five-leagues
summer-S26-1365,summer,1325,S26-1365,Hwang Hee-chan,Wolverhampton Wanderers,Schalke 04,2026-09-01,,GBP,,Forward — striker role unverified,,Evidence needed,Loan/swap terms and buyer-specific production evidence needed.,Broad Forward label only; not a certified striker cohort. No comparable production supplied for this deal.,Loan fee not stated,Not assessed,https://www.theguardian.com/football/ng-interactive/2026/sep/01/mens-transfer-window-summer-2026-all-deals-from-europes-top-five-leagues
summer-S26-1372,summer,1332,S26-1372,Ibrahima Baldé,Rodez,Lorient,2026-09-01,,GBP,,Forward — striker role unverified,,Evidence needed,Loan/swap terms and buyer-specific production evidence needed.,Broad Forward label only; not a certified striker cohort. No comparable production supplied for this deal.,Loan fee not stated,Not assessed,https://www.theguardian.com/football/ng-interactive/2026/sep/01/mens-transfer-window-summer-2026-all-deals-from-europes-top-five-leagues
summer-S26-1378,summer,1338,S26-1378,Mark O'Mahony,Brighton,Burton Albion,2026-09-01,,GBP,,Forward — striker role unverified,,Evidence needed,Loan/swap terms and buyer-specific production evidence needed.,Broad Forward label only; not a certified striker cohort. No comparable production supplied for this deal.,Loan fee not stated,Not assessed,https://www.theguardian.com/football/ng-interactive/2026/sep/01/mens-transfer-window-summer-2026-all-deals-from-europes-top-five-leagues
summer-S26-1380,summer,1340,S26-1380,Ndjicoura Bomba,CS Bamako,Bayer Leverkusen,2026-04-17,,GBP,,Forward — striker role unverified,,Evidence needed,Undisclosed fee: cannot assess fee versus worth.,Broad Forward label only; not a certified striker cohort. No comparable production supplied for this deal.,Undisclosed,Not assessed,https://www.theguardian.com/football/ng-interactive/2026/sep/01/mens-transfer-window-summer-2026-all-deals-from-europes-top-five-leagues
summer-S26-1386,summer,1346,S26-1386,Toni Fernández,Barcelona,Venezia,2026-09-01,,GBP,,Forward — striker role unverified,,Evidence needed,Loan/swap terms and buyer-specific production evidence needed.,Broad Forward label only; not a certified striker cohort. No comparable production supplied for this deal.,Loan fee not stated,Not assessed,https://www.theguardian.com/football/ng-interactive/2026/sep/01/mens-transfer-window-summer-2026-all-deals-from-europes-top-five-leagues
summer-S26-1399,summer,1359,S26-1399,Petar Ratkov,Lazio,Levante,2026-09-01,,GBP,,Forward — striker role unverified,,Evidence needed,Loan/swap terms and buyer-specific production evidence needed.,Broad Forward label only; not a certified striker cohort. No comparable production supplied for this deal.,Loan fee not stated,Not assessed,https://www.theguardian.com/football/ng-interactive/2026/sep/01/mens-transfer-window-summer-2026-all-deals-from-europes-top-five-leagues
summer-S26-1413,summer,1372,S26-1413,Zian Flemming,Burnley,Ipswich Town,2026-09-01,20000000.0,GBP,,Forward — striker role unverified,,Evidence needed,"Reported fee available; verify striker role, production, age, availability and transfer before assigning a score.",Broad Forward label only; not a certified striker cohort. No comparable production supplied for this deal.,Reported fee,Not assessed,https://www.theguardian.com/football/ng-interactive/2026/sep/01/mens-transfer-window-summer-2026-all-deals-from-europes-top-five-leagues
summer-S26-1416,summer,1375,S26-1416,Robinio Vaz,Roma,Hull City,2026-09-01,,GBP,,Forward — striker role unverified,,Evidence needed,Loan/swap terms and buyer-specific production evidence needed.,Broad Forward label only; not a certified striker cohort. No comparable production supplied for this deal.,Loan fee not stated,Not assessed,https://www.theguardian.com/football/ng-interactive/2026/sep/01/mens-transfer-window-summer-2026-all-deals-from-europes-top-five-leagues
summer-S26-1434,summer,1392,S26-1434,Jean-Mattéo Bahoya,Eintracht Frankfurt,Leeds United,2026-09-02,,GBP,,Forward — striker role unverified,,Evidence needed,Loan/swap terms and buyer-specific production evidence needed.,Broad Forward label only; not a certified striker cohort. No comparable production supplied for this deal.,Loan fee not stated,Not assessed,https://www.theguardian.com/football/ng-interactive/2026/sep/01/mens-transfer-window-summer-2026-all-deals-from-europes-top-five-leagues
summer-S26-1442,summer,1400,S26-1442,Kingstone Mutandwa,Cagliari,Servette,2026-09-02,,GBP,,Forward — striker role unverified,,Evidence needed,Loan/swap terms and buyer-specific production evidence needed.,Broad Forward label only; not a certified striker cohort. No comparable production supplied for this deal.,Loan fee not stated,Not assessed,https://www.theguardian.com/football/ng-interactive/2026/sep/01/mens-transfer-window-summer-2026-all-deals-from-europes-top-five-leagues
summer-S26-1461,summer,1417,S26-1461,Mounaïm El Idrissy,Troyes,Raja Casablanca,2026-09-02,,GBP,,Forward — striker role unverified,,Evidence needed,Undisclosed fee: cannot assess fee versus worth.,Broad Forward label only; not a certified striker cohort. No comparable production supplied for this deal.,Undisclosed,Not assessed,https://www.theguardian.com/football/ng-interactive/2026/sep/01/mens-transfer-window-summer-2026-all-deals-from-europes-top-five-leagues
summer-S26-1463,summer,1419,S26-1463,Chido Obi,Manchester United,Willem II,2026-09-02,,GBP,,Forward — striker role unverified,,Evidence needed,Loan/swap terms and buyer-specific production evidence needed.,Broad Forward label only; not a certified striker cohort. No comparable production supplied for this deal.,Loan fee not stated,Not assessed,https://www.theguardian.com/football/ng-interactive/2026/sep/01/mens-transfer-window-summer-2026-all-deals-from-europes-top-five-leagues
summer-S26-1465,summer,1421,S26-1465,Tomas Cvancara,Borussia Mönchengladbach,Hradec Kralove,2026-09-03,,GBP,,Forward — striker role unverified,,Evidence needed,Loan/swap terms and buyer-specific production evidence needed.,Broad Forward label only; not a certified striker cohort. No comparable production supplied for this deal.,Loan fee not stated,Not assessed,https://www.theguardian.com/football/ng-interactive/2026/sep/01/mens-transfer-window-summer-2026-all-deals-from-europes-top-five-leagues
summer-S26-1480,summer,1434,S26-1480,Matheus França,Crystal Palace,Alverca,2026-09-04,,GBP,,Forward — striker role unverified,,Evidence needed,Loan/swap terms and buyer-specific production evidence needed.,Broad Forward label only; not a certified striker cohort. No comparable production supplied for this deal.,Loan fee not stated,Not assessed,https://www.theguardian.com/football/ng-interactive/2026/sep/01/mens-transfer-window-summer-2026-all-deals-from-europes-top-five-leagues
summer-S26-1489,summer,1443,S26-1489,Giovani Versini,Pau,Brest,2026-09-03,1700000.0,GBP,,Forward — striker role unverified,,Evidence needed,"Reported fee available; verify striker role, production, age, availability and transfer before assigning a score.",Broad Forward label only; not a certified striker cohort. No comparable production supplied for this deal.,Reported fee,Not assessed,https://www.theguardian.com/football/ng-interactive/2026/sep/01/mens-transfer-window-summer-2026-all-deals-from-europes-top-five-leagues
summer-S26-1492,summer,1446,S26-1492,Casper Tengstedt,Feyenoord,Toulouse,2026-09-01,3400000.0,GBP,,Forward — striker role unverified,,Evidence needed,"Reported fee available; verify striker role, production, age, availability and transfer before assigning a score.",Broad Forward label only; not a certified striker cohort. No comparable production supplied for this deal.,Reported fee,Not assessed,https://www.theguardian.com/football/ng-interactive/2026/sep/01/mens-transfer-window-summer-2026-all-deals-from-europes-top-five-leagues
summer-S26-1507,summer,1460,S26-1507,Sean Neave,Newcastle United,Wolverhampton Wanderers,2026-09-02,,GBP,,Forward — striker role unverified,,Evidence needed,Loan/swap terms and buyer-specific production evidence needed.,Broad Forward label only; not a certified striker cohort. No comparable production supplied for this deal.,Loan fee not stated,Not assessed,https://www.theguardian.com/football/ng-interactive/2026/sep/01/mens-transfer-window-summer-2026-all-deals-from-europes-top-five-leagues
summer-S26-0492,summer,1483,S26-0492,Morgan Rogers,Aston Villa,Chelsea,2026-07-21,117000000.0,GBP,,Forward — striker role unverified,,Evidence needed,"Reported fee available; verify striker role, production, age, availability and transfer before assigning a score.",Broad Forward label only; not a certified striker cohort. No comparable production supplied for this deal.,Reported fee,Not assessed,https://www.theguardian.com/football/ng-interactive/2026/sep/01/mens-transfer-window-summer-2026-all-deals-from-europes-top-five-leagues
summer-S26-1230,summer,1489,S26-1230,Bradley Barcola,Paris Saint-Germain,Liverpool,2026-08-31,123000000.0,GBP,,Forward — striker role unverified,,Evidence needed,"Reported fee available; verify striker role, production, age, availability and transfer before assigning a score.",Broad Forward label only; not a certified striker cohort. No comparable production supplied for this deal.,Reported fee,Not assessed,https://www.theguardian.com/football/ng-interactive/2026/sep/01/mens-transfer-window-summer-2026-all-deals-from-europes-top-five-leagues
summer-S26-1254,summer,1490,S26-1254,Ibrahim Mbaye,Paris Saint-Germain,Aston Villa,2026-09-01,47000000.0,GBP,,Forward — striker role unverified,,Evidence needed,"Reported fee available; verify striker role, production, age, availability and transfer before assigning a score.",Broad Forward label only; not a certified striker cohort. No comparable production supplied for this deal.,Reported fee,Not assessed,https://www.theguardian.com/football/ng-interactive/2026/sep/01/mens-transfer-window-summer-2026-all-deals-from-europes-top-five-leagues
