rating_id,dataset,source_index,record_id,player_name,from_club,to_club,transfer_date,fee_amount,currency,age_at_transfer,role,rating,rating_status,rationale,evidence_status,fee_status,confidence,source_url
historical-2,historical,2,,Ousmane Dembélé,Dortmund,Barcelona,2017-08-25,148000000.0,EUR,20,Winger,6.4,Assistant draft,"My retrospective assessment: exceptional talent and youth, but a huge fee and availability concerns weaken the value of this separate Barcelona deal.","Editorial draft; comparable production, availability and source ages not fully verified. No weighted components fabricated.",Workbook quote,Low,https://github.com/CopiousHighlights/football-transfer-market-analysis
historical-11,historical,11,,Bradley Barcola,PSG,Liverpool,2026-08-31,125000000.0,EUR,24,Winger,,Evidence needed,"Recent workbook transfer: buyer-specific production and independent transfer verification are needed before scoring. The original fee is retained, not certified.",Transfer and buyer-specific production verification needed.,Workbook quote,Not assessed,https://github.com/CopiousHighlights/football-transfer-market-analysis
historical-12,historical,12,,Yan Diomande,RB Leipzig,Real Madrid,2026-08-10,124000000.0,EUR,20,Winger,,Evidence needed,"Recent workbook transfer: buyer-specific production and independent transfer verification are needed before scoring. The original fee is retained, not certified.",Transfer and buyer-specific production verification needed.,Workbook quote,Not assessed,https://github.com/CopiousHighlights/football-transfer-market-analysis
historical-15,historical,15,,Jack Grealish,Aston Villa,Man City,2021-08-05,117500000.0,EUR,26,Winger,6.5,Assistant draft,"My assessment: useful possession play and team fit, but the exceptionally high fee required a stronger individual attacking return.","Editorial draft; comparable production, availability and source ages not fully verified. No weighted components fabricated.",Workbook quote,Low,https://github.com/CopiousHighlights/football-transfer-market-analysis
historical-27,historical,27,,Antony,Ajax,Man Utd,2022-08-30,95000000.0,EUR,22,Winger,2.2,Assistant draft,Accepted assistant draft: the high fee demanded much more production and consistent impact. Youth did not compensate for the weak return.,"Editorial draft; comparable production, availability and source ages not fully verified. No weighted components fabricated.",Workbook quote,Low,https://github.com/CopiousHighlights/football-transfer-market-analysis
historical-38,historical,38,,Jadon Sancho,Dortmund,Man Utd,2021-07-23,85000000.0,EUR,21,Winger,2.4,Your rating,Owner assessment: very poor return relative to a high fee.,Owner editorial assessment; production claims and injury concerns are attributed opinions.,Workbook quote,Low,https://github.com/CopiousHighlights/football-transfer-market-analysis
historical-46,historical,46,,Nicolas Pépé,Lille,Arsenal,2019-08-01,80000000.0,EUR,24,Winger,3.5,Assistant draft,My retrospective assessment: the large fee was not matched by a convincing sustained return. Some attacking contribution prevents an even lower score.,"Editorial draft; comparable production, availability and source ages not fully verified. No weighted components fabricated.",Workbook quote,Low,https://github.com/CopiousHighlights/football-transfer-market-analysis
historical-48,historical,48,,Anthony Gordon,Newcastle,Barcelona,2026-07-01,80000000.0,EUR,25,Winger,,Evidence needed,"Recent workbook transfer: buyer-specific production and independent transfer verification are needed before scoring. The original fee is retained, not certified.",Transfer and buyer-specific production verification needed.,Workbook quote,Not assessed,https://github.com/CopiousHighlights/football-transfer-market-analysis
historical-50,historical,50,,Khvicha Kvaratskhelia,Napoli,PSG,2025-01-17,80000000.0,EUR,24,Winger,8.6,Your rating,"Owner assessment: quality, age and potential support value; high price and league-production concerns reduce it. Owner prefers his Champions League performances.",Owner editorial assessment; production claims and injury concerns are attributed opinions.,Workbook quote,Low,https://github.com/CopiousHighlights/football-transfer-market-analysis
historical-61,historical,61,,Bryan Mbeumo,Brentford,Man Utd,2025-07-21,75000000.0,EUR,26,Winger,8.5,Assistant draft,"My draft assessment: scoring, creation and a useful age profile support the investment, with the substantial price preventing an elite value score.","Editorial draft; comparable production, availability and source ages not fully verified. No weighted components fabricated.",Workbook quote,Low,https://github.com/CopiousHighlights/football-transfer-market-analysis
historical-63,historical,63,,Ángel Di María,Real Madrid,Man Utd,2014-08-26,75000000.0,EUR,26,Winger,4.7,Assistant draft,"My retrospective assessment: established quality, but a high fee and short, unsuccessful fit weakened the return for United.","Editorial draft; comparable production, availability and source ages not fully verified. No weighted components fabricated.",Workbook quote,Low,https://github.com/CopiousHighlights/football-transfer-market-analysis
historical-66,historical,66,,Iliman Ndiaye,Everton,Man City,2026-09-01,75000000.0,EUR,26,Winger,,Evidence needed,"Recent workbook transfer: buyer-specific production and independent transfer verification are needed before scoring. The original fee is retained, not certified.",Transfer and buyer-specific production verification needed.,Workbook quote,Not assessed,https://github.com/CopiousHighlights/football-transfer-market-analysis
historical-70,historical,70,,Antoine Semenyo,Bournemouth,Man City,2026-01-09,72000000.0,EUR,26,Winger,8.5,Assistant draft,"My draft assessment: a strong attacking profile and fit support value, but the sizeable fee and shorter observation period keep the score cautious.","Editorial draft; comparable production, availability and source ages not fully verified. No weighted components fabricated.",Workbook quote,Low,https://www.mancity.com/news/mens/antoine-semenyo-first-day-gallery-63903647
historical-75,historical,75,,Luis Díaz,Liverpool,Bayern Munich,2025-07-30,70000000.0,EUR,28,Winger,8.8,Your rating,"Owner assessment: good production and solid price, but older at signing and below the Olise/Raphinha production benchmark.",Owner editorial assessment; production claims and injury concerns are attributed opinions.,Workbook quote,Low,https://github.com/CopiousHighlights/football-transfer-market-analysis
historical-77,historical,77,,Mykhaylo Mudryk,Shakhtar D.,Chelsea,2023-01-15,70000000.0,EUR,22,Winger,2.8,Assistant draft,"My retrospective assessment: youth and potential offered upside, but the high investment has not been supported by a convincing sustained attacking return.","Editorial draft; comparable production, availability and source ages not fully verified. No weighted components fabricated.",Workbook quote,Low,https://github.com/CopiousHighlights/football-transfer-market-analysis
historical-81,historical,81,,Riyad Mahrez,Leicester,Man City,2018-07-10,67800000.0,EUR,27,Winger,9.3,Assistant draft,Strong sustained scoring and creation support my outstanding-value assessment. City reports 78 goals and 59 assists in 236 appearances.,"Editorial draft; comparable production, availability and source ages not fully verified. No weighted components fabricated.",Workbook quote,Low,https://www.mancity.com/news/mens/riyad-mahrez-joins-al-ahli-manchester-city-63826097
historical-95,historical,95,,Christian Pulisic,Dortmund,Chelsea,2019-01-02,64000000.0,EUR,21,Winger,7.0,Assistant draft,"My retrospective assessment: quality and useful attacking spells support some value, but the sizeable fee and inconsistent availability limit the score.","Editorial draft; comparable production, availability and source ages not fully verified. No weighted components fabricated.",Workbook quote,Low,https://github.com/CopiousHighlights/football-transfer-market-analysis
historical-96,historical,96,,Mohammed Kudus,West Ham,Tottenham,2025-07-10,63800000.0,EUR,25,Winger,7.7,Assistant draft,"My draft assessment: attacking versatility and development potential help, but the fee requires a more convincing sustained buyer-specific return.","Editorial draft; comparable production, availability and source ages not fully verified. No weighted components fabricated.",Workbook quote,Low,https://github.com/CopiousHighlights/football-transfer-market-analysis
historical-99,historical,99,,Raheem Sterling,Liverpool,Man City,2015-07-14,63700000.0,EUR,21,Winger,9.2,Assistant draft,"Strong sustained production supports my assessment. City reports 131 goals in 339 appearances, with a long useful spell following a young-age signing.","Editorial draft; comparable production, availability and source ages not fully verified. No weighted components fabricated.",Workbook quote,Low,https://www.mancity.com/news/mens/raheem-sterling-leaves-manchester-city-63793235
historical-103,historical,103,,Ángel Di María,Man Utd,PSG,2015-08-06,63000000.0,EUR,27,Winger,9.3,Assistant draft,Strong creation and sustained output support my assessment. PSG reports 92 goals and 111 assists in 295 appearances across seven seasons.,"Editorial draft; comparable production, availability and source ages not fully verified. No weighted components fabricated.",Workbook quote,Low,https://en.psg.fr/teams/first-team/content/di-marias-seven-historic-seasons-2021-2022-di-maria-tribute
historical-110,historical,110,,Anthony Elanga,Nott'm Forest,Newcastle,2025-07-11,61400000.0,EUR,23,Winger,7.4,Assistant draft,"My draft assessment: age, pace and upside support value, but the significant fee requires stronger evidence of a sustained attacking return.","Editorial draft; comparable production, availability and source ages not fully verified. No weighted components fabricated.",Workbook quote,Low,https://github.com/CopiousHighlights/football-transfer-market-analysis
historical-114,historical,114,,Moussa Diaby,Aston Villa,Al-Ittihad,2024-07-24,60000000.0,EUR,25,Winger,7.4,Assistant draft,"My cautious draft: quality and a useful age profile help, but the fee and competition context limit the value case. Buyer-specific output needs review.","Editorial draft; comparable production, availability and source ages not fully verified. No weighted components fabricated.",Workbook quote,Low,https://github.com/CopiousHighlights/football-transfer-market-analysis
historical-118,historical,118,,Malcom,Zenit S-Pb,Al-Hilal,2023-07-26,60000000.0,EUR,26,Winger,7.6,Assistant draft,"My cautious draft: established attacking ability offers value, but a substantial fee and competition adjustment prevent a higher score.","Editorial draft; comparable production, availability and source ages not fully verified. No weighted components fabricated.",Workbook quote,Low,https://github.com/CopiousHighlights/football-transfer-market-analysis
historical-124,historical,124,,Jérémy Doku,Stade Rennais,Man City,2023-08-24,60000000.0,EUR,21,Winger,9.1,Your rating,"Owner assessment: potential, age, price, solid production and scheme fit.",Owner editorial assessment; production claims and injury concerns are attributed opinions.,Workbook quote,Low,https://github.com/CopiousHighlights/football-transfer-market-analysis
historical-125,historical,125,,Pedro Neto,Wolves,Chelsea,2024-08-11,60000000.0,EUR,24,Winger,8.3,Assistant draft,"My assessment: creation, ball progression and age support the deal. Availability concerns and the substantial fee reduce the value score.","Editorial draft; comparable production, availability and source ages not fully verified. No weighted components fabricated.",Workbook quote,Low,https://github.com/CopiousHighlights/football-transfer-market-analysis
historical-132,historical,132,,Raphinha,Leeds,Barcelona,2022-07-13,58000000.0,EUR,26,Winger,9.7,Your rating,"Owner assessment: high production, low cost and good age.",Owner editorial assessment; production claims and injury concerns are attributed opinions.,Workbook quote,Low,https://github.com/CopiousHighlights/football-transfer-market-analysis
historical-137,historical,137,,Raheem Sterling,Man City,Chelsea,2022-07-13,56200000.0,EUR,28,Winger,5.6,Assistant draft,"My retrospective assessment: the Chelsea deal offered less useful runway and a weaker return than the separate City purchase, despite a significant fee.","Editorial draft; comparable production, availability and source ages not fully verified. No weighted components fabricated.",Workbook quote,Low,https://github.com/CopiousHighlights/football-transfer-market-analysis
historical-138,historical,138,,Noni Madueke,Chelsea,Arsenal,2025-07-18,56000000.0,EUR,23,Winger,7.5,Assistant draft,"My draft assessment: age and potential help, but the fee buys upside as well as demonstrated output. Buyer-specific production requires further review.","Editorial draft; comparable production, availability and source ages not fully verified. No weighted components fabricated.",Workbook quote,Low,https://github.com/CopiousHighlights/football-transfer-market-analysis
historical-139,historical,139,,Jamie Gittens,Dortmund,Chelsea,2025-07-05,56000000.0,EUR,21,Winger,7.0,Assistant draft,"My cautious draft: youth and development potential support some value, but a substantial price raises the required future return.","Editorial draft; comparable production, availability and source ages not fully verified. No weighted components fabricated.",Workbook quote,Low,https://github.com/CopiousHighlights/football-transfer-market-analysis
historical-140,historical,140,,Hulk,Zenit S-Pb,SH SIPG,2016-07-01,56000000.0,EUR,30,Winger,8.6,Assistant draft,"My retrospective assessment: strong attacking ability supports a good return, tempered by age at signing and competition context.","Editorial draft; comparable production, availability and source ages not fully verified. No weighted components fabricated.",Workbook quote,Low,https://github.com/CopiousHighlights/football-transfer-market-analysis
historical-142,historical,142,,Moussa Diaby,Leverkusen,Aston Villa,2023-07-22,55000000.0,EUR,24,Winger,7.3,Assistant draft,"My retrospective assessment: useful attacking contribution, but a sizeable fee and short stay limit the playing-value case. Verified resale figures would refine it.","Editorial draft; comparable production, availability and source ages not fully verified. No weighted components fabricated.",Workbook quote,Low,https://github.com/CopiousHighlights/football-transfer-market-analysis
historical-143,historical,143,,Brennan Johnson,Nott'm Forest,Tottenham,2023-09-01,55000000.0,EUR,22,Winger,8.3,Assistant draft,"My assessment: scoring contribution and useful age support value, though the relatively high fee keeps him below the outstanding-value benchmarks.","Editorial draft; comparable production, availability and source ages not fully verified. No weighted components fabricated.",Workbook quote,Low,https://github.com/CopiousHighlights/football-transfer-market-analysis
historical-144,historical,144,,Ibrahim Mbaye,PSG,Aston Villa,2026-09-01,55000000.0,EUR,18,Winger,,Evidence needed,"Recent workbook transfer: buyer-specific production and independent transfer verification are needed before scoring. The original fee is retained, not certified.",Transfer and buyer-specific production verification needed.,Workbook quote,Not assessed,https://github.com/CopiousHighlights/football-transfer-market-analysis
historical-152,historical,152,,Michael Olise,Crystal Palace,Bayern Munich,2024-07-07,53000000.0,EUR,23,Winger,9.8,Your rating,"Owner assessment: high production, low cost and good age.",Owner editorial assessment; production claims and injury concerns are attributed opinions.,Workbook quote,Low,https://github.com/CopiousHighlights/football-transfer-market-analysis
historical-160,historical,160,,Leroy Sané,FC Schalke 04,Man City,2016-08-02,52000000.0,EUR,20,Winger,9.1,Assistant draft,"My retrospective assessment: young at signing with strong attacking contribution and development upside, making the price attractive relative to our benchmarks.","Editorial draft; comparable production, availability and source ages not fully verified. No weighted components fabricated.",Workbook quote,Low,https://github.com/CopiousHighlights/football-transfer-market-analysis
historical-164,historical,164,,Geovany Quenda,Sporting,Chelsea,2026-07-01,50700000.0,EUR,19,Winger,7.8,Assistant draft,My early draft: youth and potential support the investment. A short observation period and limited buyer-specific evidence prevent a higher score.,"Editorial draft; comparable production, availability and source ages not fully verified. No weighted components fabricated.",Workbook quote,Low,https://www.chelseafc.com/en/news/article/geovany-quenda-joins-chelsea
historical-168,historical,168,,Désiré Doué,Stade Rennais,PSG,2024-08-17,50000000.0,EUR,19,Winger,9.5,Assistant draft,"My assessment: youth, development upside and major attacking impact support outstanding value. PSG confirms two goals and an assist in the 2025 Champions League final.","Editorial draft; comparable production, availability and source ages not fully verified. No weighted components fabricated.",Workbook quote,Low,https://www.psg.fr/en/players/desire-doue
historical-170,historical,170,,Galeno,Porto,Al-Ahli,2025-01-31,50000000.0,EUR,28,Winger,7.5,Assistant draft,"My cautious draft: attacking ability supports some value, but the price and competition context limit the comparison with elite-league deals.","Editorial draft; comparable production, availability and source ages not fully verified. No weighted components fabricated.",Workbook quote,Low,https://github.com/CopiousHighlights/football-transfer-market-analysis
historical-178,historical,178,,Ousmane Dembélé,Barcelona,PSG,2023-08-12,50000000.0,EUR,26,Winger,9.3,Your rating,"Owner assessment: great production and price, offset by age and injury concerns. Ballon d’Or cited by owner as supporting context, not a separate scoring factor.",Owner editorial assessment; production claims and injury concerns are attributed opinions.,Workbook quote,Low,https://github.com/CopiousHighlights/football-transfer-market-analysis
historical-182,historical,182,,Hirving Lozano,PSV,Napoli,2019-08-23,50000000.0,EUR,24,Winger,7.3,Assistant draft,"My retrospective assessment: useful contribution and age at signing help, but the price required a stronger sustained individual attacking return.","Editorial draft; comparable production, availability and source ages not fully verified. No weighted components fabricated.",Workbook quote,Low,https://github.com/CopiousHighlights/football-transfer-market-analysis
historical-184,historical,184,,Rafael Leão,Lille,AC Milan,2019-08-01,49500000.0,EUR,20,Winger,9.1,Assistant draft,"My assessment: youth at signing, attacking quality and useful seasons support a strong production-to-price return.","Editorial draft; comparable production, availability and source ages not fully verified. No weighted components fabricated.",Workbook quote,Low,https://github.com/CopiousHighlights/football-transfer-market-analysis
historical-187,historical,187,,Luis Díaz,Porto,Liverpool,2022-01-30,49000000.0,EUR,25,Winger,9.4,Your rating,Owner assessment: great contribution for Liverpool and resale profit. Profit belongs to fee-versus-worth context.,Owner editorial assessment; production claims and injury concerns are attributed opinions.,Workbook quote,Low,https://github.com/CopiousHighlights/football-transfer-market-analysis
historical-188,historical,188,,Leroy Sané,Man City,Bayern Munich,2020-07-15,49000000.0,EUR,24,Winger,8.4,Assistant draft,"My assessment: useful attacking contribution at a reasonable price, with availability and consistency limiting the value score.","Editorial draft; comparable production, availability and source ages not fully verified. No weighted components fabricated.",Workbook quote,Low,https://github.com/CopiousHighlights/football-transfer-market-analysis
historical-198,historical,198,,Alejandro Garnacho,Man Utd,Chelsea,2025-08-30,46200000.0,EUR,21,Winger,7.1,Assistant draft,"My cautious draft: age and upside help, but the substantial fee still needs a more convincing sustained attacking return.","Editorial draft; comparable production, availability and source ages not fully verified. No weighted components fabricated.",Workbook quote,Low,https://github.com/CopiousHighlights/football-transfer-market-analysis
historical-199,historical,199,,Anthony Gordon,Everton,Newcastle,2023-01-29,45600000.0,EUR,22,Winger,8.5,Assistant draft,"My assessment: young-age investment, development and attacking contribution support strong value at this separate Newcastle price.","Editorial draft; comparable production, availability and source ages not fully verified. No weighted components fabricated.",Workbook quote,Low,https://github.com/CopiousHighlights/football-transfer-market-analysis
summer-S26-0002,summer,1,S26-0002,Anass Zaroury,Lens,Panathinaikos,2026-05-22,2600000.0,GBP,,Winger — source label,,Evidence needed,"Comparable buyer-specific scoring, creation, progression and availability evidence needed.",Source position and transfer quote only; production and age not validated for this specific deal.,Reported fee,Not assessed,https://www.theguardian.com/football/ng-interactive/2026/sep/01/mens-transfer-window-summer-2026-all-deals-from-europes-top-five-leagues
summer-S26-0006,summer,3,S26-0006,Leon Ayinde,Ipswich Town,Doncaster,2026-05-20,,GBP,,Winger — source label,,Evidence needed,"Comparable buyer-specific scoring, creation, progression and availability evidence needed. Transfer fee is undisclosed.",Source position and transfer quote only; production and age not validated for this specific deal.,Undisclosed,Not assessed,https://www.theguardian.com/football/ng-interactive/2026/sep/01/mens-transfer-window-summer-2026-all-deals-from-europes-top-five-leagues
summer-S26-0013,summer,7,S26-0013,Luis Sinisterra,Bournemouth,Cruzeiro,2026-04-30,5200000.0,GBP,,Winger — source label,,Evidence needed,"Comparable buyer-specific scoring, creation, progression and availability evidence needed.",Source position and transfer quote only; production and age not validated for this specific deal.,Reported fee,Not assessed,https://www.theguardian.com/football/ng-interactive/2026/sep/01/mens-transfer-window-summer-2026-all-deals-from-europes-top-five-leagues
summer-S26-0017,summer,11,S26-0017,Jakub Kaminski,Wolfsburg,Cologne,2026-06-03,4800000.0,GBP,,Winger — source label,,Evidence needed,"Comparable buyer-specific scoring, creation, progression and availability evidence needed.",Source position and transfer quote only; production and age not validated for this specific deal.,Reported fee,Not assessed,https://www.theguardian.com/football/ng-interactive/2026/sep/01/mens-transfer-window-summer-2026-all-deals-from-europes-top-five-leagues
summer-S26-0018,summer,12,S26-0018,Patrick Wimmer,Wolfsburg,Hoffenheim,2026-06-03,8700000.0,GBP,,Winger — source label,,Evidence needed,"Comparable buyer-specific scoring, creation, progression and availability evidence needed.",Source position and transfer quote only; production and age not validated for this specific deal.,Reported fee,Not assessed,https://www.theguardian.com/football/ng-interactive/2026/sep/01/mens-transfer-window-summer-2026-all-deals-from-europes-top-five-leagues
summer-S26-0024,summer,17,S26-0024,Alisson Santos,Sporting,Napoli,2026-06-05,13000000.0,GBP,,Winger — source label,,Evidence needed,"Comparable buyer-specific scoring, creation, progression and availability evidence needed.",Source position and transfer quote only; production and age not validated for this specific deal.,Reported fee,Not assessed,https://www.theguardian.com/football/ng-interactive/2026/sep/01/mens-transfer-window-summer-2026-all-deals-from-europes-top-five-leagues
summer-S26-0030,summer,23,S26-0030,Zadok Yohanna,AIK,Brighton,2026-06-06,21500000.0,GBP,,Winger — source label,,Evidence needed,"Comparable buyer-specific scoring, creation, progression and availability evidence needed.",Source position and transfer quote only; production and age not validated for this specific deal.,Reported fee,Not assessed,https://www.theguardian.com/football/ng-interactive/2026/sep/01/mens-transfer-window-summer-2026-all-deals-from-europes-top-five-leagues
summer-S26-0037,summer,30,S26-0037,Kerim Alajbegovic,Red Bull Salzburg,Bayer Leverkusen,2026-06-01,6900000.0,GBP,,Winger — source label,,Evidence needed,"Comparable buyer-specific scoring, creation, progression and availability evidence needed.",Source position and transfer quote only; production and age not validated for this specific deal.,Reported fee,Not assessed,https://www.theguardian.com/football/ng-interactive/2026/sep/01/mens-transfer-window-summer-2026-all-deals-from-europes-top-five-leagues
summer-S26-0069,summer,62,S26-0069,Noah Weisshaupt,Freiburg,Darmstadt,2026-06-15,,GBP,,Winger — source label,,Evidence needed,"Comparable buyer-specific scoring, creation, progression and availability evidence needed. Transfer fee is undisclosed.",Source position and transfer quote only; production and age not validated for this specific deal.,Undisclosed,Not assessed,https://www.theguardian.com/football/ng-interactive/2026/sep/01/mens-transfer-window-summer-2026-all-deals-from-europes-top-five-leagues
summer-S26-0072,summer,65,S26-0072,Kaïl Boudache,Nice,Lyon,2026-06-15,,GBP,,Winger — source label,,Evidence needed,"Comparable buyer-specific scoring, creation, progression and availability evidence needed. Free base fee does not represent wages or other costs.",Source position and transfer quote only; production and age not validated for this specific deal.,Free transfer,Not assessed,https://www.theguardian.com/football/ng-interactive/2026/sep/01/mens-transfer-window-summer-2026-all-deals-from-europes-top-five-leagues
summer-S26-0073,summer,66,S26-0073,Nicolò Zaniolo,Galatasaray,Udinese,2026-06-15,4300000.0,GBP,,Winger — source label,,Evidence needed,"Comparable buyer-specific scoring, creation, progression and availability evidence needed.",Source position and transfer quote only; production and age not validated for this specific deal.,Reported fee,Not assessed,https://www.theguardian.com/football/ng-interactive/2026/sep/01/mens-transfer-window-summer-2026-all-deals-from-europes-top-five-leagues
summer-S26-0076,summer,69,S26-0076,Tjas Begic,Parma,Sampdoria,2026-06-16,,GBP,,Winger — source label,,Evidence needed,"Comparable buyer-specific scoring, creation, progression and availability evidence needed. Transfer fee is undisclosed.",Source position and transfer quote only; production and age not validated for this specific deal.,Undisclosed,Not assessed,https://www.theguardian.com/football/ng-interactive/2026/sep/01/mens-transfer-window-summer-2026-all-deals-from-europes-top-five-leagues
summer-S26-0078,summer,71,S26-0078,Issa Soumaré,Le Havre,Rennes,2026-06-16,,GBP,,Winger — source label,,Evidence needed,"Comparable buyer-specific scoring, creation, progression and availability evidence needed. Free base fee does not represent wages or other costs.",Source position and transfer quote only; production and age not validated for this specific deal.,Free transfer,Not assessed,https://www.theguardian.com/football/ng-interactive/2026/sep/01/mens-transfer-window-summer-2026-all-deals-from-europes-top-five-leagues
summer-S26-0079,summer,72,S26-0079,Isaac Heath,Everton,Cambridge United,2026-06-15,,GBP,,Winger — source label,,Evidence needed,"Comparable buyer-specific scoring, creation, progression and availability evidence needed. Transfer fee is undisclosed.",Source position and transfer quote only; production and age not validated for this specific deal.,Undisclosed,Not assessed,https://www.theguardian.com/football/ng-interactive/2026/sep/01/mens-transfer-window-summer-2026-all-deals-from-europes-top-five-leagues
summer-S26-0081,summer,74,S26-0081,Anthony Bermont,Lens,Angers,2026-06-17,,GBP,,Winger — source label,,Evidence needed,"Comparable buyer-specific scoring, creation, progression and availability evidence needed. Loan/swap costs need separate treatment.",Source position and transfer quote only; production and age not validated for this specific deal.,Loan fee not stated,Not assessed,https://www.theguardian.com/football/ng-interactive/2026/sep/01/mens-transfer-window-summer-2026-all-deals-from-europes-top-five-leagues
summer-S26-0093,summer,86,S26-0093,Afonso Moreira,Lyon,Bayer Leverkusen,2026-06-18,25000000.0,GBP,,Winger — source label,,Evidence needed,"Comparable buyer-specific scoring, creation, progression and availability evidence needed.",Source position and transfer quote only; production and age not validated for this specific deal.,Reported fee,Not assessed,https://www.theguardian.com/football/ng-interactive/2026/sep/01/mens-transfer-window-summer-2026-all-deals-from-europes-top-five-leagues
summer-S26-0098,summer,90,S26-0098,Tommaso Corazza,Bologna,Vicenza,2026-06-18,,GBP,,Winger — source label,,Evidence needed,"Comparable buyer-specific scoring, creation, progression and availability evidence needed. Loan/swap costs need separate treatment.",Source position and transfer quote only; production and age not validated for this specific deal.,Loan fee not stated,Not assessed,https://www.theguardian.com/football/ng-interactive/2026/sep/01/mens-transfer-window-summer-2026-all-deals-from-europes-top-five-leagues
summer-S26-0114,summer,106,S26-0114,Michael Dacosta,Bournemouth,Moreirense,2026-06-15,,GBP,,Winger — source label,,Evidence needed,"Comparable buyer-specific scoring, creation, progression and availability evidence needed. Transfer fee is undisclosed.",Source position and transfer quote only; production and age not validated for this specific deal.,Undisclosed,Not assessed,https://www.theguardian.com/football/ng-interactive/2026/sep/01/mens-transfer-window-summer-2026-all-deals-from-europes-top-five-leagues
summer-S26-0135,summer,124,S26-0135,Ilyes Hamache,Schalke 04,Cambuur,2026-06-25,,GBP,,Winger — source label,,Evidence needed,"Comparable buyer-specific scoring, creation, progression and availability evidence needed. Transfer fee is undisclosed.",Source position and transfer quote only; production and age not validated for this specific deal.,Undisclosed,Not assessed,https://www.theguardian.com/football/ng-interactive/2026/sep/01/mens-transfer-window-summer-2026-all-deals-from-europes-top-five-leagues
summer-S26-0143,summer,131,S26-0143,Demba Seck,Torino,Partizan Belgrade,2026-06-26,,GBP,,Winger — source label,,Evidence needed,"Comparable buyer-specific scoring, creation, progression and availability evidence needed. Transfer fee is undisclosed.",Source position and transfer quote only; production and age not validated for this specific deal.,Undisclosed,Not assessed,https://www.theguardian.com/football/ng-interactive/2026/sep/01/mens-transfer-window-summer-2026-all-deals-from-europes-top-five-leagues
summer-S26-0148,summer,136,S26-0148,Aiman Dardari,Augsburg,RW Essen,2026-06-27,,GBP,,Winger — source label,,Evidence needed,"Comparable buyer-specific scoring, creation, progression and availability evidence needed. Loan/swap costs need separate treatment.",Source position and transfer quote only; production and age not validated for this specific deal.,Loan fee not stated,Not assessed,https://www.theguardian.com/football/ng-interactive/2026/sep/01/mens-transfer-window-summer-2026-all-deals-from-europes-top-five-leagues
summer-S26-0152,summer,140,S26-0152,Mathys Detourbet,Troyes,Manchester City,2026-06-27,21600000.0,GBP,,Winger — source label,,Evidence needed,"Comparable buyer-specific scoring, creation, progression and availability evidence needed.",Source position and transfer quote only; production and age not validated for this specific deal.,Reported fee,Not assessed,https://www.theguardian.com/football/ng-interactive/2026/sep/01/mens-transfer-window-summer-2026-all-deals-from-europes-top-five-leagues
summer-S26-0153,summer,141,S26-0153,Kornel Lisman,Lech Poznan,Venezia,2026-06-27,2200000.0,GBP,,Winger — source label,,Evidence needed,"Comparable buyer-specific scoring, creation, progression and availability evidence needed.",Source position and transfer quote only; production and age not validated for this specific deal.,Reported fee,Not assessed,https://www.theguardian.com/football/ng-interactive/2026/sep/01/mens-transfer-window-summer-2026-all-deals-from-europes-top-five-leagues
summer-S26-0164,summer,151,S26-0164,Ansu Fati,Barcelona,Monaco,2026-06-30,9500000.0,GBP,,Winger — source label,,Evidence needed,"Comparable buyer-specific scoring, creation, progression and availability evidence needed.",Source position and transfer quote only; production and age not validated for this specific deal.,Reported fee,Not assessed,https://www.theguardian.com/football/ng-interactive/2026/sep/01/mens-transfer-window-summer-2026-all-deals-from-europes-top-five-leagues
summer-S26-0167,summer,154,S26-0167,Rodrigo Rêgo,Benfica,Brighton,2026-07-01,,GBP,,Winger — source label,,Evidence needed,"Comparable buyer-specific scoring, creation, progression and availability evidence needed. Transfer fee is undisclosed.",Source position and transfer quote only; production and age not validated for this specific deal.,Undisclosed,Not assessed,https://www.theguardian.com/football/ng-interactive/2026/sep/01/mens-transfer-window-summer-2026-all-deals-from-europes-top-five-leagues
summer-S26-0209,summer,194,S26-0209,Diego Bri,Atlético Madrid,Córdoba,2026-07-02,,GBP,,Winger — source label,,Evidence needed,"Comparable buyer-specific scoring, creation, progression and availability evidence needed. Transfer fee is undisclosed.",Source position and transfer quote only; production and age not validated for this specific deal.,Undisclosed,Not assessed,https://www.theguardian.com/football/ng-interactive/2026/sep/01/mens-transfer-window-summer-2026-all-deals-from-europes-top-five-leagues
summer-S26-0210,summer,195,S26-0210,Mathys Detourbet,Manchester City,Monaco,2026-07-02,,GBP,,Winger — source label,,Evidence needed,"Comparable buyer-specific scoring, creation, progression and availability evidence needed. Loan/swap costs need separate treatment.",Source position and transfer quote only; production and age not validated for this specific deal.,Loan fee not stated,Not assessed,https://www.theguardian.com/football/ng-interactive/2026/sep/01/mens-transfer-window-summer-2026-all-deals-from-europes-top-five-leagues
summer-S26-0211,summer,196,S26-0211,Álex Calatrava,Castellón,Espanyol,2026-07-02,4300000.0,GBP,,Winger — source label,,Evidence needed,"Comparable buyer-specific scoring, creation, progression and availability evidence needed.",Source position and transfer quote only; production and age not validated for this specific deal.,Reported fee,Not assessed,https://www.theguardian.com/football/ng-interactive/2026/sep/01/mens-transfer-window-summer-2026-all-deals-from-europes-top-five-leagues
summer-S26-0218,summer,203,S26-0218,Dani Rodríguez,Barcelona,Dinamo Zagreb,2026-07-02,,GBP,,Winger — source label,,Evidence needed,"Comparable buyer-specific scoring, creation, progression and availability evidence needed. Free base fee does not represent wages or other costs.",Source position and transfer quote only; production and age not validated for this specific deal.,Free transfer,Not assessed,https://www.theguardian.com/football/ng-interactive/2026/sep/01/mens-transfer-window-summer-2026-all-deals-from-europes-top-five-leagues
summer-S26-0235,summer,220,S26-0235,Noah Pesch,Borussia Mönchengladbach,RW Essen,2026-07-03,,GBP,,Winger — source label,,Evidence needed,"Comparable buyer-specific scoring, creation, progression and availability evidence needed. Transfer fee is undisclosed.",Source position and transfer quote only; production and age not validated for this specific deal.,Undisclosed,Not assessed,https://www.theguardian.com/football/ng-interactive/2026/sep/01/mens-transfer-window-summer-2026-all-deals-from-europes-top-five-leagues
summer-S26-0248,summer,233,S26-0248,Federico Chinetti,Como 1907,Mantova,2026-07-04,,GBP,,Winger — source label,,Evidence needed,"Comparable buyer-specific scoring, creation, progression and availability evidence needed. Loan/swap costs need separate treatment.",Source position and transfer quote only; production and age not validated for this specific deal.,Loan fee not stated,Not assessed,https://www.theguardian.com/football/ng-interactive/2026/sep/01/mens-transfer-window-summer-2026-all-deals-from-europes-top-five-leagues
summer-S26-0251,summer,236,S26-0251,Bazoumana Touré,Hoffenheim,Newcastle United,2026-07-05,43000000.0,GBP,,Winger — source label,,Evidence needed,"Comparable buyer-specific scoring, creation, progression and availability evidence needed.",Source position and transfer quote only; production and age not validated for this specific deal.,Reported fee,Not assessed,https://www.theguardian.com/football/ng-interactive/2026/sep/01/mens-transfer-window-summer-2026-all-deals-from-europes-top-five-leagues
summer-S26-0256,summer,240,S26-0256,Tyrique George,Chelsea,Everton,2026-07-06,18000000.0,GBP,,Winger — source label,,Evidence needed,"Comparable buyer-specific scoring, creation, progression and availability evidence needed.",Source position and transfer quote only; production and age not validated for this specific deal.,Reported fee,Not assessed,https://www.theguardian.com/football/ng-interactive/2026/sep/01/mens-transfer-window-summer-2026-all-deals-from-europes-top-five-leagues
summer-S26-0261,summer,245,S26-0261,Yoon Do-young,Brighton,Magdeburg,2026-07-05,,GBP,,Winger — source label,,Evidence needed,"Comparable buyer-specific scoring, creation, progression and availability evidence needed. Loan/swap costs need separate treatment.",Source position and transfer quote only; production and age not validated for this specific deal.,Loan fee not stated,Not assessed,https://www.theguardian.com/football/ng-interactive/2026/sep/01/mens-transfer-window-summer-2026-all-deals-from-europes-top-five-leagues
summer-S26-0264,summer,248,S26-0264,Jaidon Anthony,Burnley,Brentford,2026-07-07,15000000.0,GBP,,Winger — source label,,Evidence needed,"Comparable buyer-specific scoring, creation, progression and availability evidence needed.",Source position and transfer quote only; production and age not validated for this specific deal.,Reported fee,Not assessed,https://www.theguardian.com/football/ng-interactive/2026/sep/01/mens-transfer-window-summer-2026-all-deals-from-europes-top-five-leagues
summer-S26-0266,summer,250,S26-0266,Billal Brahimi,Santos FC,Le Mans,2026-07-06,,GBP,,Winger — source label,,Evidence needed,"Comparable buyer-specific scoring, creation, progression and availability evidence needed. Free base fee does not represent wages or other costs.",Source position and transfer quote only; production and age not validated for this specific deal.,Free transfer,Not assessed,https://www.theguardian.com/football/ng-interactive/2026/sep/01/mens-transfer-window-summer-2026-all-deals-from-europes-top-five-leagues
summer-S26-0270,summer,254,S26-0270,Luis Chacón,Deportivo La Coruña,Real Valladolid,2026-07-07,400000.0,GBP,,Winger — source label,,Evidence needed,"Comparable buyer-specific scoring, creation, progression and availability evidence needed.",Source position and transfer quote only; production and age not validated for this specific deal.,Reported fee,Not assessed,https://www.theguardian.com/football/ng-interactive/2026/sep/01/mens-transfer-window-summer-2026-all-deals-from-europes-top-five-leagues
summer-S26-0279,summer,263,S26-0279,Harry Wilson,Fulham,Leeds United,2026-07-08,,GBP,,Winger — source label,,Evidence needed,"Comparable buyer-specific scoring, creation, progression and availability evidence needed. Free base fee does not represent wages or other costs.",Source position and transfer quote only; production and age not validated for this specific deal.,Free transfer,Not assessed,https://www.theguardian.com/football/ng-interactive/2026/sep/01/mens-transfer-window-summer-2026-all-deals-from-europes-top-five-leagues
summer-S26-0285,summer,269,S26-0285,Marco Ladisa,Venezia,Trento,2026-07-08,,GBP,,Winger — source label,,Evidence needed,"Comparable buyer-specific scoring, creation, progression and availability evidence needed. Loan/swap costs need separate treatment.",Source position and transfer quote only; production and age not validated for this specific deal.,Loan fee not stated,Not assessed,https://www.theguardian.com/football/ng-interactive/2026/sep/01/mens-transfer-window-summer-2026-all-deals-from-europes-top-five-leagues
summer-S26-0286,summer,270,S26-0286,Basar Onal,NEC Nijmegen,Lille,2026-07-08,8100000.0,GBP,,Winger — source label,,Evidence needed,"Comparable buyer-specific scoring, creation, progression and availability evidence needed.",Source position and transfer quote only; production and age not validated for this specific deal.,Reported fee,Not assessed,https://www.theguardian.com/football/ng-interactive/2026/sep/01/mens-transfer-window-summer-2026-all-deals-from-europes-top-five-leagues
summer-S26-0290,summer,274,S26-0290,Jakub Kaminski,Cologne,Benfica,2026-07-07,17000000.0,GBP,,Winger — source label,,Evidence needed,"Comparable buyer-specific scoring, creation, progression and availability evidence needed.",Source position and transfer quote only; production and age not validated for this specific deal.,Reported fee,Not assessed,https://www.theguardian.com/football/ng-interactive/2026/sep/01/mens-transfer-window-summer-2026-all-deals-from-europes-top-five-leagues
summer-S26-0292,summer,276,S26-0292,Louie Barry,Aston Villa,Sheffield Wednesday,2026-07-09,,GBP,,Winger — source label,,Evidence needed,"Comparable buyer-specific scoring, creation, progression and availability evidence needed. Transfer fee is undisclosed.",Source position and transfer quote only; production and age not validated for this specific deal.,Undisclosed,Not assessed,https://www.theguardian.com/football/ng-interactive/2026/sep/01/mens-transfer-window-summer-2026-all-deals-from-europes-top-five-leagues
summer-S26-0308,summer,292,S26-0308,Cole Campbell,Borussia Dortmund,Elversberg,2026-07-09,5100000.0,GBP,,Winger — source label,,Evidence needed,"Comparable buyer-specific scoring, creation, progression and availability evidence needed.",Source position and transfer quote only; production and age not validated for this specific deal.,Reported fee,Not assessed,https://www.theguardian.com/football/ng-interactive/2026/sep/01/mens-transfer-window-summer-2026-all-deals-from-europes-top-five-leagues
summer-S26-0330,summer,314,S26-0330,Jeremy Monga,Leicester City,Manchester City,2026-07-11,12500000.0,GBP,,Winger — source label,,Evidence needed,"Comparable buyer-specific scoring, creation, progression and availability evidence needed.",Source position and transfer quote only; production and age not validated for this specific deal.,Reported fee,Not assessed,https://www.theguardian.com/football/ng-interactive/2026/sep/01/mens-transfer-window-summer-2026-all-deals-from-europes-top-five-leagues
summer-S26-0335,summer,319,S26-0335,Loum Tchaouna,Burnley,Coventry City,2026-07-11,20000000.0,GBP,,Winger — source label,,Evidence needed,"Comparable buyer-specific scoring, creation, progression and availability evidence needed.",Source position and transfer quote only; production and age not validated for this specific deal.,Reported fee,Not assessed,https://www.theguardian.com/football/ng-interactive/2026/sep/01/mens-transfer-window-summer-2026-all-deals-from-europes-top-five-leagues
summer-S26-0337,summer,321,S26-0337,Peter Federico,Getafe,Gornik Zabrze,2026-07-11,,GBP,,Winger — source label,,Evidence needed,"Comparable buyer-specific scoring, creation, progression and availability evidence needed. Transfer fee is undisclosed.",Source position and transfer quote only; production and age not validated for this specific deal.,Undisclosed,Not assessed,https://www.theguardian.com/football/ng-interactive/2026/sep/01/mens-transfer-window-summer-2026-all-deals-from-europes-top-five-leagues
summer-S26-0339,summer,323,S26-0339,Yusuf Akhamrich,Tottenham Hotspur,Leyton Orient,2026-07-11,,GBP,,Winger — source label,,Evidence needed,"Comparable buyer-specific scoring, creation, progression and availability evidence needed. Loan/swap costs need separate treatment.",Source position and transfer quote only; production and age not validated for this specific deal.,Loan fee not stated,Not assessed,https://www.theguardian.com/football/ng-interactive/2026/sep/01/mens-transfer-window-summer-2026-all-deals-from-europes-top-five-leagues
summer-S26-0342,summer,326,S26-0342,Jesse Derry,Chelsea,Sporting,2026-07-11,,GBP,,Winger — source label,,Evidence needed,"Comparable buyer-specific scoring, creation, progression and availability evidence needed. Loan/swap costs need separate treatment.",Source position and transfer quote only; production and age not validated for this specific deal.,Loan fee not stated,Not assessed,https://www.theguardian.com/football/ng-interactive/2026/sep/01/mens-transfer-window-summer-2026-all-deals-from-europes-top-five-leagues
summer-S26-0344,summer,328,S26-0344,Paulo Azzi,Monza,Modena,2026-07-11,,GBP,,Winger — source label,,Evidence needed,"Comparable buyer-specific scoring, creation, progression and availability evidence needed. Transfer fee is undisclosed.",Source position and transfer quote only; production and age not validated for this specific deal.,Undisclosed,Not assessed,https://www.theguardian.com/football/ng-interactive/2026/sep/01/mens-transfer-window-summer-2026-all-deals-from-europes-top-five-leagues
summer-S26-0352,summer,336,S26-0352,Lluc Castell,Espanyol,Burnley,2026-07-12,,GBP,,Winger — source label,,Evidence needed,"Comparable buyer-specific scoring, creation, progression and availability evidence needed. Transfer fee is undisclosed.",Source position and transfer quote only; production and age not validated for this specific deal.,Undisclosed,Not assessed,https://www.theguardian.com/football/ng-interactive/2026/sep/01/mens-transfer-window-summer-2026-all-deals-from-europes-top-five-leagues
summer-S26-0361,summer,345,S26-0361,Allan Saint-Maximin,Lens,Charlotte FC,2026-07-13,,GBP,,Winger — source label,,Evidence needed,"Comparable buyer-specific scoring, creation, progression and availability evidence needed. Free base fee does not represent wages or other costs.",Source position and transfer quote only; production and age not validated for this specific deal.,Free transfer,Not assessed,https://www.theguardian.com/football/ng-interactive/2026/sep/01/mens-transfer-window-summer-2026-all-deals-from-europes-top-five-leagues
summer-S26-0365,summer,349,S26-0365,Thorgan Hazard,Anderlecht,Lens,2026-07-13,,GBP,,Winger — source label,,Evidence needed,"Comparable buyer-specific scoring, creation, progression and availability evidence needed. Free base fee does not represent wages or other costs.",Source position and transfer quote only; production and age not validated for this specific deal.,Free transfer,Not assessed,https://www.theguardian.com/football/ng-interactive/2026/sep/01/mens-transfer-window-summer-2026-all-deals-from-europes-top-five-leagues
summer-S26-0367,summer,351,S26-0367,Alessandro Cardinali,Parma,Spezia,2026-07-13,,GBP,,Winger — source label,,Evidence needed,"Comparable buyer-specific scoring, creation, progression and availability evidence needed. Loan/swap costs need separate treatment.",Source position and transfer quote only; production and age not validated for this specific deal.,Loan fee not stated,Not assessed,https://www.theguardian.com/football/ng-interactive/2026/sep/01/mens-transfer-window-summer-2026-all-deals-from-europes-top-five-leagues
summer-S26-0375,summer,359,S26-0375,Antonio Cordero,Newcastle United,Cádiz,2026-07-12,,GBP,,Winger — source label,,Evidence needed,"Comparable buyer-specific scoring, creation, progression and availability evidence needed. Loan/swap costs need separate treatment.",Source position and transfer quote only; production and age not validated for this specific deal.,Loan fee not stated,Not assessed,https://www.theguardian.com/football/ng-interactive/2026/sep/01/mens-transfer-window-summer-2026-all-deals-from-europes-top-five-leagues
summer-S26-0394,summer,378,S26-0394,Michal Skoras,KAA Gent,Lens,2026-07-14,5100000.0,GBP,,Winger — source label,,Evidence needed,"Comparable buyer-specific scoring, creation, progression and availability evidence needed.",Source position and transfer quote only; production and age not validated for this specific deal.,Reported fee,Not assessed,https://www.theguardian.com/football/ng-interactive/2026/sep/01/mens-transfer-window-summer-2026-all-deals-from-europes-top-five-leagues
summer-S26-0410,summer,394,S26-0410,Ben Bobzien,Mainz 05,Dynamo Dresden,2026-07-16,900000.0,GBP,,Winger — source label,,Evidence needed,"Comparable buyer-specific scoring, creation, progression and availability evidence needed.",Source position and transfer quote only; production and age not validated for this specific deal.,Reported fee,Not assessed,https://www.theguardian.com/football/ng-interactive/2026/sep/01/mens-transfer-window-summer-2026-all-deals-from-europes-top-five-leagues
summer-S26-0414,summer,398,S26-0414,Elias Saad,Augsburg,Nashville SC,2026-07-16,,GBP,,Winger — source label,,Evidence needed,"Comparable buyer-specific scoring, creation, progression and availability evidence needed. Loan/swap costs need separate treatment.",Source position and transfer quote only; production and age not validated for this specific deal.,Loan fee not stated,Not assessed,https://www.theguardian.com/football/ng-interactive/2026/sep/01/mens-transfer-window-summer-2026-all-deals-from-europes-top-five-leagues
summer-S26-0429,summer,413,S26-0429,Hamed Traoré,Marseille,Genoa,2026-07-17,,GBP,,Winger — source label,,Evidence needed,"Comparable buyer-specific scoring, creation, progression and availability evidence needed. Loan/swap costs need separate treatment.",Source position and transfer quote only; production and age not validated for this specific deal.,Loan fee not stated,Not assessed,https://www.theguardian.com/football/ng-interactive/2026/sep/01/mens-transfer-window-summer-2026-all-deals-from-europes-top-five-leagues
summer-S26-0432,summer,416,S26-0432,Pablo Pagis,Lorient,Paris FC,2026-07-17,12800000.0,GBP,,Winger — source label,,Evidence needed,"Comparable buyer-specific scoring, creation, progression and availability evidence needed.",Source position and transfer quote only; production and age not validated for this specific deal.,Reported fee,Not assessed,https://www.theguardian.com/football/ng-interactive/2026/sep/01/mens-transfer-window-summer-2026-all-deals-from-europes-top-five-leagues
summer-S26-0434,summer,418,S26-0434,Danny Anisjko,Nottingham Forest,Chesterfield,2026-07-17,,GBP,,Winger — source label,,Evidence needed,"Comparable buyer-specific scoring, creation, progression and availability evidence needed. Free base fee does not represent wages or other costs.",Source position and transfer quote only; production and age not validated for this specific deal.,Free transfer,Not assessed,https://www.theguardian.com/football/ng-interactive/2026/sep/01/mens-transfer-window-summer-2026-all-deals-from-europes-top-five-leagues
summer-S26-0447,summer,431,S26-0447,Kyliane Dong,Augsburg,Bolton,2026-07-07,,GBP,,Winger — source label,,Evidence needed,"Comparable buyer-specific scoring, creation, progression and availability evidence needed. Loan/swap costs need separate treatment.",Source position and transfer quote only; production and age not validated for this specific deal.,Loan fee not stated,Not assessed,https://www.theguardian.com/football/ng-interactive/2026/sep/01/mens-transfer-window-summer-2026-all-deals-from-europes-top-five-leagues
summer-S26-0461,summer,444,S26-0461,Mathieu Cafaro,Paris FC,Nantes,2026-07-18,,GBP,,Winger — source label,,Evidence needed,"Comparable buyer-specific scoring, creation, progression and availability evidence needed. Transfer fee is undisclosed.",Source position and transfer quote only; production and age not validated for this specific deal.,Undisclosed,Not assessed,https://www.theguardian.com/football/ng-interactive/2026/sep/01/mens-transfer-window-summer-2026-all-deals-from-europes-top-five-leagues
summer-S26-0462,summer,445,S26-0462,Juan Cruz,Leganés,Málaga,2026-07-19,,GBP,,Winger — source label,,Evidence needed,"Comparable buyer-specific scoring, creation, progression and availability evidence needed. Loan/swap costs need separate treatment.",Source position and transfer quote only; production and age not validated for this specific deal.,Loan fee not stated,Not assessed,https://www.theguardian.com/football/ng-interactive/2026/sep/01/mens-transfer-window-summer-2026-all-deals-from-europes-top-five-leagues
summer-S26-0481,summer,463,S26-0481,Jeremy Agbonifo,Lens,Jagiellonia,2026-07-21,,GBP,,Winger — source label,,Evidence needed,"Comparable buyer-specific scoring, creation, progression and availability evidence needed. Loan/swap costs need separate treatment.",Source position and transfer quote only; production and age not validated for this specific deal.,Loan fee not stated,Not assessed,https://www.theguardian.com/football/ng-interactive/2026/sep/01/mens-transfer-window-summer-2026-all-deals-from-europes-top-five-leagues
summer-S26-0482,summer,464,S26-0482,Abdul Fatawu,Leicester City,Ipswich Town,2026-07-21,20000000.0,GBP,,Winger — source label,,Evidence needed,"Comparable buyer-specific scoring, creation, progression and availability evidence needed.",Source position and transfer quote only; production and age not validated for this specific deal.,Reported fee,Not assessed,https://www.theguardian.com/football/ng-interactive/2026/sep/01/mens-transfer-window-summer-2026-all-deals-from-europes-top-five-leagues
summer-S26-0486,summer,468,S26-0486,Diego Gómez,Deportivo La Coruña,Huesca,2026-07-20,,GBP,,Winger — source label,,Evidence needed,"Comparable buyer-specific scoring, creation, progression and availability evidence needed. Loan/swap costs need separate treatment.",Source position and transfer quote only; production and age not validated for this specific deal.,Loan fee not stated,Not assessed,https://www.theguardian.com/football/ng-interactive/2026/sep/01/mens-transfer-window-summer-2026-all-deals-from-europes-top-five-leagues
summer-S26-0496,summer,477,S26-0496,Coba da Costa,Getafe,Al-Kholood,2026-07-09,1700000.0,GBP,,Winger — source label,,Evidence needed,"Comparable buyer-specific scoring, creation, progression and availability evidence needed.",Source position and transfer quote only; production and age not validated for this specific deal.,Reported fee,Not assessed,https://www.theguardian.com/football/ng-interactive/2026/sep/01/mens-transfer-window-summer-2026-all-deals-from-europes-top-five-leagues
summer-S26-0515,summer,496,S26-0515,Marco Delle Monache,Lecce,Pineto,2026-07-21,,GBP,,Winger — source label,,Evidence needed,"Comparable buyer-specific scoring, creation, progression and availability evidence needed. Loan/swap costs need separate treatment.",Source position and transfer quote only; production and age not validated for this specific deal.,Loan fee not stated,Not assessed,https://www.theguardian.com/football/ng-interactive/2026/sep/01/mens-transfer-window-summer-2026-all-deals-from-europes-top-five-leagues
summer-S26-0529,summer,510,S26-0529,Karim Adeyemi,Borussia Dortmund,Barcelona,2026-07-23,18800000.0,GBP,,Winger — source label,,Evidence needed,"Comparable buyer-specific scoring, creation, progression and availability evidence needed.",Source position and transfer quote only; production and age not validated for this specific deal.,Reported fee,Not assessed,https://www.theguardian.com/football/ng-interactive/2026/sep/01/mens-transfer-window-summer-2026-all-deals-from-europes-top-five-leagues
summer-S26-0533,summer,514,S26-0533,Christos Tzolis,Club Brugge,Arsenal,2026-07-23,34000000.0,GBP,,Winger — source label,,Evidence needed,"Comparable buyer-specific scoring, creation, progression and availability evidence needed.",Source position and transfer quote only; production and age not validated for this specific deal.,Reported fee,Not assessed,https://www.theguardian.com/football/ng-interactive/2026/sep/01/mens-transfer-window-summer-2026-all-deals-from-europes-top-five-leagues
summer-S26-0535,summer,516,S26-0535,Alejandro Garnacho,Chelsea,Aston Villa,2026-07-23,,GBP,,Winger — source label,,Evidence needed,"Comparable buyer-specific scoring, creation, progression and availability evidence needed. Loan/swap costs need separate treatment.",Source position and transfer quote only; production and age not validated for this specific deal.,Loan fee not stated,Not assessed,https://www.theguardian.com/football/ng-interactive/2026/sep/01/mens-transfer-window-summer-2026-all-deals-from-europes-top-five-leagues
summer-S26-0541,summer,522,S26-0541,Kadan Young,Aston Villa,Annecy,2026-07-08,,GBP,,Winger — source label,,Evidence needed,"Comparable buyer-specific scoring, creation, progression and availability evidence needed. Loan/swap costs need separate treatment.",Source position and transfer quote only; production and age not validated for this specific deal.,Loan fee not stated,Not assessed,https://www.theguardian.com/football/ng-interactive/2026/sep/01/mens-transfer-window-summer-2026-all-deals-from-europes-top-five-leagues
summer-S26-0545,summer,525,S26-0545,Michael Olakigbe,Brentford,WSG Tirol,2026-06-30,,GBP,,Winger — source label,,Evidence needed,"Comparable buyer-specific scoring, creation, progression and availability evidence needed. Loan/swap costs need separate treatment.",Source position and transfer quote only; production and age not validated for this specific deal.,Loan fee not stated,Not assessed,https://www.theguardian.com/football/ng-interactive/2026/sep/01/mens-transfer-window-summer-2026-all-deals-from-europes-top-five-leagues
summer-S26-0548,summer,528,S26-0548,Jeremy Sarmiento,Brighton,Middlesbrough,2026-06-25,3400000.0,GBP,,Winger — source label,,Evidence needed,"Comparable buyer-specific scoring, creation, progression and availability evidence needed.",Source position and transfer quote only; production and age not validated for this specific deal.,Reported fee,Not assessed,https://www.theguardian.com/football/ng-interactive/2026/sep/01/mens-transfer-window-summer-2026-all-deals-from-europes-top-five-leagues
summer-S26-0551,summer,530,S26-0551,Chris Atherton,Chelsea,Ipswich Town,2026-07-17,,GBP,,Winger — source label,,Evidence needed,"Comparable buyer-specific scoring, creation, progression and availability evidence needed. Transfer fee is undisclosed.",Source position and transfer quote only; production and age not validated for this specific deal.,Undisclosed,Not assessed,https://www.theguardian.com/football/ng-interactive/2026/sep/01/mens-transfer-window-summer-2026-all-deals-from-europes-top-five-leagues
summer-S26-0557,summer,536,S26-0557,Antoniu Roca,Espanyol,Mallorca,2026-07-24,,GBP,,Winger — source label,,Evidence needed,"Comparable buyer-specific scoring, creation, progression and availability evidence needed. Loan/swap costs need separate treatment.",Source position and transfer quote only; production and age not validated for this specific deal.,Loan fee not stated,Not assessed,https://www.theguardian.com/football/ng-interactive/2026/sep/01/mens-transfer-window-summer-2026-all-deals-from-europes-top-five-leagues
summer-S26-0563,summer,542,S26-0563,Alessio Zerbin,Napoli,Frosinone,2026-07-24,4200000.0,GBP,,Winger — source label,,Evidence needed,"Comparable buyer-specific scoring, creation, progression and availability evidence needed.",Source position and transfer quote only; production and age not validated for this specific deal.,Reported fee,Not assessed,https://www.theguardian.com/football/ng-interactive/2026/sep/01/mens-transfer-window-summer-2026-all-deals-from-europes-top-five-leagues
summer-S26-0571,summer,550,S26-0571,Yeray Cabanzón,Racing Santander,Real Valladolid,2026-07-24,,GBP,,Winger — source label,,Evidence needed,"Comparable buyer-specific scoring, creation, progression and availability evidence needed. Transfer fee is undisclosed.",Source position and transfer quote only; production and age not validated for this specific deal.,Undisclosed,Not assessed,https://www.theguardian.com/football/ng-interactive/2026/sep/01/mens-transfer-window-summer-2026-all-deals-from-europes-top-five-leagues
summer-S26-0590,summer,569,S26-0590,Franco Cervi,Celta Vigo,Rosario Central,2026-06-17,,GBP,,Winger — source label,,Evidence needed,"Comparable buyer-specific scoring, creation, progression and availability evidence needed. Free base fee does not represent wages or other costs.",Source position and transfer quote only; production and age not validated for this specific deal.,Free transfer,Not assessed,https://www.theguardian.com/football/ng-interactive/2026/sep/01/mens-transfer-window-summer-2026-all-deals-from-europes-top-five-leagues
summer-S26-0600,summer,578,S26-0600,Jack Harrison,Leeds United,New England Revolution,2026-07-26,,GBP,,Winger — source label,,Evidence needed,"Comparable buyer-specific scoring, creation, progression and availability evidence needed. Transfer fee is undisclosed.",Source position and transfer quote only; production and age not validated for this specific deal.,Undisclosed,Not assessed,https://www.theguardian.com/football/ng-interactive/2026/sep/01/mens-transfer-window-summer-2026-all-deals-from-europes-top-five-leagues
summer-S26-0607,summer,585,S26-0607,Jonathan Dubasin,Sporting Gijón,Osasuna,2026-07-27,3400000.0,GBP,,Winger — source label,,Evidence needed,"Comparable buyer-specific scoring, creation, progression and availability evidence needed.",Source position and transfer quote only; production and age not validated for this specific deal.,Reported fee,Not assessed,https://www.theguardian.com/football/ng-interactive/2026/sep/01/mens-transfer-window-summer-2026-all-deals-from-europes-top-five-leagues
summer-S26-0609,summer,587,S26-0609,Miguel Rodríguez,FC Utrecht,Alavés,2026-07-27,2100000.0,GBP,,Winger — source label,,Evidence needed,"Comparable buyer-specific scoring, creation, progression and availability evidence needed.",Source position and transfer quote only; production and age not validated for this specific deal.,Reported fee,Not assessed,https://www.theguardian.com/football/ng-interactive/2026/sep/01/mens-transfer-window-summer-2026-all-deals-from-europes-top-five-leagues
summer-S26-0615,summer,593,S26-0615,Óscar Perea,Strasbourg,Club América,2026-07-28,,GBP,,Winger — source label,,Evidence needed,"Comparable buyer-specific scoring, creation, progression and availability evidence needed. Transfer fee is undisclosed.",Source position and transfer quote only; production and age not validated for this specific deal.,Undisclosed,Not assessed,https://www.theguardian.com/football/ng-interactive/2026/sep/01/mens-transfer-window-summer-2026-all-deals-from-europes-top-five-leagues
summer-S26-0625,summer,603,S26-0625,Ander Yoldi,Osasuna,Ibiza,2026-07-02,,GBP,,Winger — source label,,Evidence needed,"Comparable buyer-specific scoring, creation, progression and availability evidence needed. Free base fee does not represent wages or other costs.",Source position and transfer quote only; production and age not validated for this specific deal.,Free transfer,Not assessed,https://www.theguardian.com/football/ng-interactive/2026/sep/01/mens-transfer-window-summer-2026-all-deals-from-europes-top-five-leagues
summer-S26-0641,summer,619,S26-0641,Luca Koleosho,Burnley,Paris FC,2026-07-29,,GBP,,Winger — source label,,Evidence needed,"Comparable buyer-specific scoring, creation, progression and availability evidence needed. Transfer fee is undisclosed.",Source position and transfer quote only; production and age not validated for this specific deal.,Undisclosed,Not assessed,https://www.theguardian.com/football/ng-interactive/2026/sep/01/mens-transfer-window-summer-2026-all-deals-from-europes-top-five-leagues
summer-S26-0651,summer,628,S26-0651,Endika Buján,Athletic Club,Racing Ferrol,2026-07-20,,GBP,,Winger — source label,,Evidence needed,"Comparable buyer-specific scoring, creation, progression and availability evidence needed. Free base fee does not represent wages or other costs.",Source position and transfer quote only; production and age not validated for this specific deal.,Free transfer,Not assessed,https://www.theguardian.com/football/ng-interactive/2026/sep/01/mens-transfer-window-summer-2026-all-deals-from-europes-top-five-leagues
summer-S26-0658,summer,635,S26-0658,Joel Ndala,Manchester City,Cercle Brugge,2026-07-29,,GBP,,Winger — source label,,Evidence needed,"Comparable buyer-specific scoring, creation, progression and availability evidence needed. Transfer fee is undisclosed.",Source position and transfer quote only; production and age not validated for this specific deal.,Undisclosed,Not assessed,https://www.theguardian.com/football/ng-interactive/2026/sep/01/mens-transfer-window-summer-2026-all-deals-from-europes-top-five-leagues
summer-S26-0660,summer,637,S26-0660,Martín Pedroarena,Osasuna,Arenas Getxo,2026-06-26,,GBP,,Winger — source label,,Evidence needed,"Comparable buyer-specific scoring, creation, progression and availability evidence needed. Free base fee does not represent wages or other costs.",Source position and transfer quote only; production and age not validated for this specific deal.,Free transfer,Not assessed,https://www.theguardian.com/football/ng-interactive/2026/sep/01/mens-transfer-window-summer-2026-all-deals-from-europes-top-five-leagues
summer-S26-0664,summer,641,S26-0664,Leo Sauer,Feyenoord,Stuttgart,2026-07-29,12800000.0,GBP,,Winger — source label,,Evidence needed,"Comparable buyer-specific scoring, creation, progression and availability evidence needed.",Source position and transfer quote only; production and age not validated for this specific deal.,Reported fee,Not assessed,https://www.theguardian.com/football/ng-interactive/2026/sep/01/mens-transfer-window-summer-2026-all-deals-from-europes-top-five-leagues
summer-S26-0697,summer,674,S26-0697,Ousmane Diallo,Borussia Dortmund,Parma,2026-07-31,1280000.0,GBP,,Winger — source label,,Evidence needed,"Comparable buyer-specific scoring, creation, progression and availability evidence needed.",Source position and transfer quote only; production and age not validated for this specific deal.,Reported fee,Not assessed,https://www.theguardian.com/football/ng-interactive/2026/sep/01/mens-transfer-window-summer-2026-all-deals-from-europes-top-five-leagues
summer-S26-0702,summer,679,S26-0702,Emanuele Rao,Napoli,Pisa,2026-07-31,,GBP,,Winger — source label,,Evidence needed,"Comparable buyer-specific scoring, creation, progression and availability evidence needed. Loan/swap costs need separate treatment.",Source position and transfer quote only; production and age not validated for this specific deal.,Loan fee not stated,Not assessed,https://www.theguardian.com/football/ng-interactive/2026/sep/01/mens-transfer-window-summer-2026-all-deals-from-europes-top-five-leagues
summer-S26-0712,summer,689,S26-0712,Tommy Watson,Brighton,Leicester City,2026-08-01,,GBP,,Winger — source label,,Evidence needed,"Comparable buyer-specific scoring, creation, progression and availability evidence needed. Loan/swap costs need separate treatment.",Source position and transfer quote only; production and age not validated for this specific deal.,Loan fee not stated,Not assessed,https://www.theguardian.com/football/ng-interactive/2026/sep/01/mens-transfer-window-summer-2026-all-deals-from-europes-top-five-leagues
summer-S26-0715,summer,692,S26-0715,Nordan Mukiele,Rennes,Montpellier,2026-08-01,,GBP,,Winger — source label,,Evidence needed,"Comparable buyer-specific scoring, creation, progression and availability evidence needed. Loan/swap costs need separate treatment.",Source position and transfer quote only; production and age not validated for this specific deal.,Loan fee not stated,Not assessed,https://www.theguardian.com/football/ng-interactive/2026/sep/01/mens-transfer-window-summer-2026-all-deals-from-europes-top-five-leagues
summer-S26-0721,summer,698,S26-0721,Kerim Alajbegovic,Bayer Leverkusen,Juventus,2026-08-02,25650000.0,GBP,,Winger — source label,,Evidence needed,"Comparable buyer-specific scoring, creation, progression and availability evidence needed.",Source position and transfer quote only; production and age not validated for this specific deal.,Reported fee,Not assessed,https://www.theguardian.com/football/ng-interactive/2026/sep/01/mens-transfer-window-summer-2026-all-deals-from-europes-top-five-leagues
summer-S26-0725,summer,702,S26-0725,Adam Daghim,Red Bull Salzburg,Hoffenheim,2026-08-02,11130000.0,GBP,,Winger — source label,,Evidence needed,"Comparable buyer-specific scoring, creation, progression and availability evidence needed.",Source position and transfer quote only; production and age not validated for this specific deal.,Reported fee,Not assessed,https://www.theguardian.com/football/ng-interactive/2026/sep/01/mens-transfer-window-summer-2026-all-deals-from-europes-top-five-leagues
summer-S26-0726,summer,703,S26-0726,Souleymane Faye,Sporting,Lorient,2026-08-02,,GBP,,Winger — source label,,Evidence needed,"Comparable buyer-specific scoring, creation, progression and availability evidence needed. Loan/swap costs need separate treatment.",Source position and transfer quote only; production and age not validated for this specific deal.,Loan fee not stated,Not assessed,https://www.theguardian.com/football/ng-interactive/2026/sep/01/mens-transfer-window-summer-2026-all-deals-from-europes-top-five-leagues
summer-S26-0750,summer,727,S26-0750,Tom Louchet,Nice,PAOK,2026-08-03,1700000.0,GBP,,Winger — source label,,Evidence needed,"Comparable buyer-specific scoring, creation, progression and availability evidence needed.",Source position and transfer quote only; production and age not validated for this specific deal.,Reported fee,Not assessed,https://www.theguardian.com/football/ng-interactive/2026/sep/01/mens-transfer-window-summer-2026-all-deals-from-europes-top-five-leagues
summer-S26-0754,summer,731,S26-0754,Khalil Ayari,Paris Saint-Germain,Dunkerque,2026-08-04,,GBP,,Winger — source label,,Evidence needed,"Comparable buyer-specific scoring, creation, progression and availability evidence needed. Loan/swap costs need separate treatment.",Source position and transfer quote only; production and age not validated for this specific deal.,Loan fee not stated,Not assessed,https://www.theguardian.com/football/ng-interactive/2026/sep/01/mens-transfer-window-summer-2026-all-deals-from-europes-top-five-leagues
summer-S26-0757,summer,734,S26-0757,Alimami Gory,Paris FC,Abha Club,2026-08-04,,GBP,,Winger — source label,,Evidence needed,"Comparable buyer-specific scoring, creation, progression and availability evidence needed. Transfer fee is undisclosed.",Source position and transfer quote only; production and age not validated for this specific deal.,Undisclosed,Not assessed,https://www.theguardian.com/football/ng-interactive/2026/sep/01/mens-transfer-window-summer-2026-all-deals-from-europes-top-five-leagues
summer-S26-0759,summer,736,S26-0759,Gauthier Hein,Metz,Nice,2026-08-04,1500000.0,GBP,,Winger — source label,,Evidence needed,"Comparable buyer-specific scoring, creation, progression and availability evidence needed.",Source position and transfer quote only; production and age not validated for this specific deal.,Reported fee,Not assessed,https://www.theguardian.com/football/ng-interactive/2026/sep/01/mens-transfer-window-summer-2026-all-deals-from-europes-top-five-leagues
summer-S26-0760,summer,737,S26-0760,Vlad Silva,Paços de Ferreira,Celta Vigo,2026-08-04,,GBP,,Winger — source label,,Evidence needed,"Comparable buyer-specific scoring, creation, progression and availability evidence needed. Loan/swap costs need separate treatment.",Source position and transfer quote only; production and age not validated for this specific deal.,Loan fee not stated,Not assessed,https://www.theguardian.com/football/ng-interactive/2026/sep/01/mens-transfer-window-summer-2026-all-deals-from-europes-top-five-leagues
summer-S26-0783,summer,759,S26-0783,Wes Burns,Ipswich Town,Leicester City,2026-08-06,100000.0,GBP,,Winger — source label,,Evidence needed,"Comparable buyer-specific scoring, creation, progression and availability evidence needed.",Source position and transfer quote only; production and age not validated for this specific deal.,Reported fee,Not assessed,https://www.theguardian.com/football/ng-interactive/2026/sep/01/mens-transfer-window-summer-2026-all-deals-from-europes-top-five-leagues
summer-S26-0795,summer,771,S26-0795,Georg Ermolaev,Paderborn,Alemannia Aachen,2026-08-04,,GBP,,Winger — source label,,Evidence needed,"Comparable buyer-specific scoring, creation, progression and availability evidence needed. Loan/swap costs need separate treatment.",Source position and transfer quote only; production and age not validated for this specific deal.,Loan fee not stated,Not assessed,https://www.theguardian.com/football/ng-interactive/2026/sep/01/mens-transfer-window-summer-2026-all-deals-from-europes-top-five-leagues
summer-S26-0796,summer,772,S26-0796,Jesse Bisiwu,Club Brugge,Barcelona,2026-08-04,7300000.0,GBP,,Winger — source label,,Evidence needed,"Comparable buyer-specific scoring, creation, progression and availability evidence needed.",Source position and transfer quote only; production and age not validated for this specific deal.,Reported fee,Not assessed,https://www.theguardian.com/football/ng-interactive/2026/sep/01/mens-transfer-window-summer-2026-all-deals-from-europes-top-five-leagues
summer-S26-0819,summer,794,S26-0819,Tynan Thompson,Tottenham Hotspur,Manchester United,2026-07-20,4000000.0,GBP,,Winger — source label,,Evidence needed,"Comparable buyer-specific scoring, creation, progression and availability evidence needed.",Source position and transfer quote only; production and age not validated for this specific deal.,Reported fee,Not assessed,https://www.theguardian.com/football/ng-interactive/2026/sep/01/mens-transfer-window-summer-2026-all-deals-from-europes-top-five-leagues
summer-S26-0839,summer,813,S26-0839,Ichem Ferrah,Lille,Pisa,2026-08-07,,GBP,,Winger — source label,,Evidence needed,"Comparable buyer-specific scoring, creation, progression and availability evidence needed. Transfer fee is undisclosed.",Source position and transfer quote only; production and age not validated for this specific deal.,Undisclosed,Not assessed,https://www.theguardian.com/football/ng-interactive/2026/sep/01/mens-transfer-window-summer-2026-all-deals-from-europes-top-five-leagues
summer-S26-0850,summer,823,S26-0850,Jay Robinson,Southampton,Monza,2026-08-07,,GBP,,Winger — source label,,Evidence needed,"Comparable buyer-specific scoring, creation, progression and availability evidence needed. Loan/swap costs need separate treatment.",Source position and transfer quote only; production and age not validated for this specific deal.,Loan fee not stated,Not assessed,https://www.theguardian.com/football/ng-interactive/2026/sep/01/mens-transfer-window-summer-2026-all-deals-from-europes-top-five-leagues
summer-S26-0852,summer,824,S26-0852,Noah Nsoki,Paris Saint-Germain,Dinamo Zagreb,2026-08-08,,GBP,,Winger — source label,,Evidence needed,"Comparable buyer-specific scoring, creation, progression and availability evidence needed. Transfer fee is undisclosed.",Source position and transfer quote only; production and age not validated for this specific deal.,Undisclosed,Not assessed,https://www.theguardian.com/football/ng-interactive/2026/sep/01/mens-transfer-window-summer-2026-all-deals-from-europes-top-five-leagues
summer-S26-0853,summer,825,S26-0853,Jahnoah Markelo,Coventry City,Shabab Al-Ahli,2026-08-08,,GBP,,Winger — source label,,Evidence needed,"Comparable buyer-specific scoring, creation, progression and availability evidence needed. Transfer fee is undisclosed.",Source position and transfer quote only; production and age not validated for this specific deal.,Undisclosed,Not assessed,https://www.theguardian.com/football/ng-interactive/2026/sep/01/mens-transfer-window-summer-2026-all-deals-from-europes-top-five-leagues
summer-S26-0856,summer,828,S26-0856,Yusuf Kabadayi,Augsburg,Rijeka,2026-08-09,,GBP,,Winger — source label,,Evidence needed,"Comparable buyer-specific scoring, creation, progression and availability evidence needed. Loan/swap costs need separate treatment.",Source position and transfer quote only; production and age not validated for this specific deal.,Loan fee not stated,Not assessed,https://www.theguardian.com/football/ng-interactive/2026/sep/01/mens-transfer-window-summer-2026-all-deals-from-europes-top-five-leagues
summer-S26-0862,summer,834,S26-0862,Simone Ascione,Venezia,Vis Pesaro,2026-08-07,,GBP,,Winger — source label,,Evidence needed,"Comparable buyer-specific scoring, creation, progression and availability evidence needed. Transfer fee is undisclosed.",Source position and transfer quote only; production and age not validated for this specific deal.,Undisclosed,Not assessed,https://www.theguardian.com/football/ng-interactive/2026/sep/01/mens-transfer-window-summer-2026-all-deals-from-europes-top-five-leagues
summer-S26-0867,summer,839,S26-0867,Abu Kamara,Hull City,Portsmouth,2026-08-10,2500000.0,GBP,,Winger — source label,,Evidence needed,"Comparable buyer-specific scoring, creation, progression and availability evidence needed.",Source position and transfer quote only; production and age not validated for this specific deal.,Reported fee,Not assessed,https://www.theguardian.com/football/ng-interactive/2026/sep/01/mens-transfer-window-summer-2026-all-deals-from-europes-top-five-leagues
summer-S26-0875,summer,847,S26-0875,Manor Solomon,Tottenham Hotspur,West Ham United,2026-08-10,5000000.0,GBP,,Winger — source label,,Evidence needed,"Comparable buyer-specific scoring, creation, progression and availability evidence needed.",Source position and transfer quote only; production and age not validated for this specific deal.,Reported fee,Not assessed,https://www.theguardian.com/football/ng-interactive/2026/sep/01/mens-transfer-window-summer-2026-all-deals-from-europes-top-five-leagues
summer-S26-0887,summer,859,S26-0887,Dwight McNeil,Everton,Crystal Palace,2026-08-11,,GBP,,Winger — source label,,Evidence needed,"Comparable buyer-specific scoring, creation, progression and availability evidence needed. Loan/swap costs need separate treatment.",Source position and transfer quote only; production and age not validated for this specific deal.,Swap,Not assessed,https://www.theguardian.com/football/ng-interactive/2026/sep/01/mens-transfer-window-summer-2026-all-deals-from-europes-top-five-leagues
summer-S26-0910,summer,881,S26-0910,Yang Min-hyeok,Tottenham Hotspur,Westerlo,2026-08-12,,GBP,,Winger — source label,,Evidence needed,"Comparable buyer-specific scoring, creation, progression and availability evidence needed. Loan/swap costs need separate treatment.",Source position and transfer quote only; production and age not validated for this specific deal.,Loan fee not stated,Not assessed,https://www.theguardian.com/football/ng-interactive/2026/sep/01/mens-transfer-window-summer-2026-all-deals-from-europes-top-five-leagues
summer-S26-0915,summer,886,S26-0915,Benjamín Domínguez,Bologna,Sassuolo,2026-08-11,,GBP,,Winger — source label,,Evidence needed,"Comparable buyer-specific scoring, creation, progression and availability evidence needed. Loan/swap costs need separate treatment.",Source position and transfer quote only; production and age not validated for this specific deal.,Loan fee not stated,Not assessed,https://www.theguardian.com/football/ng-interactive/2026/sep/01/mens-transfer-window-summer-2026-all-deals-from-europes-top-five-leagues
summer-S26-0916,summer,887,S26-0916,Thiago Fernández,Villarreal,Levante,2026-08-11,,GBP,,Winger — source label,,Evidence needed,"Comparable buyer-specific scoring, creation, progression and availability evidence needed. Loan/swap costs need separate treatment.",Source position and transfer quote only; production and age not validated for this specific deal.,Loan fee not stated,Not assessed,https://www.theguardian.com/football/ng-interactive/2026/sep/01/mens-transfer-window-summer-2026-all-deals-from-europes-top-five-leagues
summer-S26-0922,summer,893,S26-0922,Giorgi Tsitaishvili,Dynamo Kyiv,Rayo Vallecano,2026-08-13,,GBP,,Winger — source label,,Evidence needed,"Comparable buyer-specific scoring, creation, progression and availability evidence needed. Free base fee does not represent wages or other costs.",Source position and transfer quote only; production and age not validated for this specific deal.,Free transfer,Not assessed,https://www.theguardian.com/football/ng-interactive/2026/sep/01/mens-transfer-window-summer-2026-all-deals-from-europes-top-five-leagues
summer-S26-0929,summer,900,S26-0929,Ethan Williams,Manchester United,Peterborough,2026-08-13,,GBP,,Winger — source label,,Evidence needed,"Comparable buyer-specific scoring, creation, progression and availability evidence needed. Transfer fee is undisclosed.",Source position and transfer quote only; production and age not validated for this specific deal.,Undisclosed,Not assessed,https://www.theguardian.com/football/ng-interactive/2026/sep/01/mens-transfer-window-summer-2026-all-deals-from-europes-top-five-leagues
summer-S26-0937,summer,908,S26-0937,Gabriele Bertolini,Fiorentina,Atalanta,2026-08-12,,GBP,,Winger — source label,,Evidence needed,"Comparable buyer-specific scoring, creation, progression and availability evidence needed. Transfer fee is undisclosed.",Source position and transfer quote only; production and age not validated for this specific deal.,Undisclosed,Not assessed,https://www.theguardian.com/football/ng-interactive/2026/sep/01/mens-transfer-window-summer-2026-all-deals-from-europes-top-five-leagues
summer-S26-0939,summer,910,S26-0939,Saná Fernandes,Lazio,Juve Stabia,2026-08-13,,GBP,,Winger — source label,,Evidence needed,"Comparable buyer-specific scoring, creation, progression and availability evidence needed. Loan/swap costs need separate treatment.",Source position and transfer quote only; production and age not validated for this specific deal.,Loan fee not stated,Not assessed,https://www.theguardian.com/football/ng-interactive/2026/sep/01/mens-transfer-window-summer-2026-all-deals-from-europes-top-five-leagues
summer-S26-0946,summer,917,S26-0946,Jacob Ondrejka,Parma,Groningen,2026-08-14,,GBP,,Winger — source label,,Evidence needed,"Comparable buyer-specific scoring, creation, progression and availability evidence needed. Loan/swap costs need separate treatment.",Source position and transfer quote only; production and age not validated for this specific deal.,Loan fee not stated,Not assessed,https://www.theguardian.com/football/ng-interactive/2026/sep/01/mens-transfer-window-summer-2026-all-deals-from-europes-top-five-leagues
summer-S26-0951,summer,922,S26-0951,Rayane Messi,Strasbourg,Ettifaq,2026-08-14,,GBP,,Winger — source label,,Evidence needed,"Comparable buyer-specific scoring, creation, progression and availability evidence needed. Loan/swap costs need separate treatment.",Source position and transfer quote only; production and age not validated for this specific deal.,Loan fee not stated,Not assessed,https://www.theguardian.com/football/ng-interactive/2026/sep/01/mens-transfer-window-summer-2026-all-deals-from-europes-top-five-leagues
summer-S26-0953,summer,924,S26-0953,Fabio Baldé,Hamburg,Strasbourg,2026-08-14,6000000.0,GBP,,Winger — source label,,Evidence needed,"Comparable buyer-specific scoring, creation, progression and availability evidence needed.",Source position and transfer quote only; production and age not validated for this specific deal.,Reported fee,Not assessed,https://www.theguardian.com/football/ng-interactive/2026/sep/01/mens-transfer-window-summer-2026-all-deals-from-europes-top-five-leagues
summer-S26-0956,summer,927,S26-0956,Emilio Lawrence,Manchester City,Luton Town,2026-08-14,,GBP,,Winger — source label,,Evidence needed,"Comparable buyer-specific scoring, creation, progression and availability evidence needed. Loan/swap costs need separate treatment.",Source position and transfer quote only; production and age not validated for this specific deal.,Loan fee not stated,Not assessed,https://www.theguardian.com/football/ng-interactive/2026/sep/01/mens-transfer-window-summer-2026-all-deals-from-europes-top-five-leagues
summer-S26-0957,summer,928,S26-0957,Ryan Kavuma-McQueen,Chelsea,Portsmouth,2026-08-14,,GBP,,Winger — source label,,Evidence needed,"Comparable buyer-specific scoring, creation, progression and availability evidence needed. Loan/swap costs need separate treatment.",Source position and transfer quote only; production and age not validated for this specific deal.,Loan fee not stated,Not assessed,https://www.theguardian.com/football/ng-interactive/2026/sep/01/mens-transfer-window-summer-2026-all-deals-from-europes-top-five-leagues
summer-S26-0962,summer,933,S26-0962,Samuel Iling-Junior,Aston Villa,Bolton,2026-08-14,,GBP,,Winger — source label,,Evidence needed,"Comparable buyer-specific scoring, creation, progression and availability evidence needed. Loan/swap costs need separate treatment.",Source position and transfer quote only; production and age not validated for this specific deal.,Loan fee not stated,Not assessed,https://www.theguardian.com/football/ng-interactive/2026/sep/01/mens-transfer-window-summer-2026-all-deals-from-europes-top-five-leagues
summer-S26-0977,summer,946,S26-0977,Anan Khalaili,Union St-Gilloise,Crystal Palace,2026-08-15,21000000.0,GBP,,Winger — source label,,Evidence needed,"Comparable buyer-specific scoring, creation, progression and availability evidence needed.",Source position and transfer quote only; production and age not validated for this specific deal.,Reported fee,Not assessed,https://www.theguardian.com/football/ng-interactive/2026/sep/01/mens-transfer-window-summer-2026-all-deals-from-europes-top-five-leagues
summer-S26-0980,summer,949,S26-0980,Iker Benito,Osasuna,Querétaro,2026-08-14,510000.0,GBP,,Winger — source label,,Evidence needed,"Comparable buyer-specific scoring, creation, progression and availability evidence needed.",Source position and transfer quote only; production and age not validated for this specific deal.,Reported fee,Not assessed,https://www.theguardian.com/football/ng-interactive/2026/sep/01/mens-transfer-window-summer-2026-all-deals-from-europes-top-five-leagues
summer-S26-0984,summer,953,S26-0984,Mika Godts,Ajax,Paris Saint-Germain,2026-08-15,47000000.0,GBP,,Winger — source label,,Evidence needed,"Comparable buyer-specific scoring, creation, progression and availability evidence needed.",Source position and transfer quote only; production and age not validated for this specific deal.,Reported fee,Not assessed,https://www.theguardian.com/football/ng-interactive/2026/sep/01/mens-transfer-window-summer-2026-all-deals-from-europes-top-five-leagues
summer-S26-0997,summer,966,S26-0997,Eren Dinkci,Freiburg,Werder Bremen,2026-08-17,,GBP,,Winger — source label,,Evidence needed,"Comparable buyer-specific scoring, creation, progression and availability evidence needed. Loan/swap costs need separate treatment.",Source position and transfer quote only; production and age not validated for this specific deal.,Loan fee not stated,Not assessed,https://www.theguardian.com/football/ng-interactive/2026/sep/01/mens-transfer-window-summer-2026-all-deals-from-europes-top-five-leagues
summer-S26-0998,summer,967,S26-0998,Hugo Picard,Columbus Crew,Troyes,2026-08-17,,GBP,,Winger — source label,,Evidence needed,"Comparable buyer-specific scoring, creation, progression and availability evidence needed. Loan/swap costs need separate treatment.",Source position and transfer quote only; production and age not validated for this specific deal.,Loan fee not stated,Not assessed,https://www.theguardian.com/football/ng-interactive/2026/sep/01/mens-transfer-window-summer-2026-all-deals-from-europes-top-five-leagues
summer-S26-1001,summer,970,S26-1001,Nathan Ngoumou,Borussia Mönchengladbach,Nice,2026-08-17,,GBP,,Winger — source label,,Evidence needed,"Comparable buyer-specific scoring, creation, progression and availability evidence needed. Free base fee does not represent wages or other costs.",Source position and transfer quote only; production and age not validated for this specific deal.,Free transfer,Not assessed,https://www.theguardian.com/football/ng-interactive/2026/sep/01/mens-transfer-window-summer-2026-all-deals-from-europes-top-five-leagues
summer-S26-1009,summer,978,S26-1009,Luigi Cherubini,Roma,Benevento,2026-08-18,,GBP,,Winger — source label,,Evidence needed,"Comparable buyer-specific scoring, creation, progression and availability evidence needed. Loan/swap costs need separate treatment.",Source position and transfer quote only; production and age not validated for this specific deal.,Loan fee not stated,Not assessed,https://www.theguardian.com/football/ng-interactive/2026/sep/01/mens-transfer-window-summer-2026-all-deals-from-europes-top-five-leagues
summer-S26-1011,summer,980,S26-1011,Joel Mvuka,Lorient,Bodø/Glimt,2026-08-18,,GBP,,Winger — source label,,Evidence needed,"Comparable buyer-specific scoring, creation, progression and availability evidence needed. Transfer fee is undisclosed.",Source position and transfer quote only; production and age not validated for this specific deal.,Undisclosed,Not assessed,https://www.theguardian.com/football/ng-interactive/2026/sep/01/mens-transfer-window-summer-2026-all-deals-from-europes-top-five-leagues
summer-S26-1014,summer,982,S26-1014,Gabriel Vidovic,Dinamo Zagreb,Paderborn,2026-08-18,2600000.0,GBP,,Winger — source label,,Evidence needed,"Comparable buyer-specific scoring, creation, progression and availability evidence needed.",Source position and transfer quote only; production and age not validated for this specific deal.,Reported fee,Not assessed,https://www.theguardian.com/football/ng-interactive/2026/sep/01/mens-transfer-window-summer-2026-all-deals-from-europes-top-five-leagues
summer-S26-1019,summer,987,S26-1019,Zavier Gozo,Real Salt Lake,Crystal Palace,2026-08-18,11000000.0,GBP,,Winger — source label,,Evidence needed,"Comparable buyer-specific scoring, creation, progression and availability evidence needed.",Source position and transfer quote only; production and age not validated for this specific deal.,Reported fee,Not assessed,https://www.theguardian.com/football/ng-interactive/2026/sep/01/mens-transfer-window-summer-2026-all-deals-from-europes-top-five-leagues
summer-S26-1023,summer,991,S26-1023,Ethan Ennis,Manchester United,Stockport County,2026-08-18,,GBP,,Winger — source label,,Evidence needed,"Comparable buyer-specific scoring, creation, progression and availability evidence needed. Transfer fee is undisclosed.",Source position and transfer quote only; production and age not validated for this specific deal.,Undisclosed,Not assessed,https://www.theguardian.com/football/ng-interactive/2026/sep/01/mens-transfer-window-summer-2026-all-deals-from-europes-top-five-leagues
summer-S26-1044,summer,1012,S26-1044,Farid Alfa-Ruprecht,Bayer Leverkusen,Hertha Berlin,2026-08-20,,GBP,,Winger — source label,,Evidence needed,"Comparable buyer-specific scoring, creation, progression and availability evidence needed. Loan/swap costs need separate treatment.",Source position and transfer quote only; production and age not validated for this specific deal.,Loan fee not stated,Not assessed,https://www.theguardian.com/football/ng-interactive/2026/sep/01/mens-transfer-window-summer-2026-all-deals-from-europes-top-five-leagues
summer-S26-1048,summer,1016,S26-1048,Kieran Morrison,Liverpool,Sheffield Wednesday,2026-08-20,,GBP,,Winger — source label,,Evidence needed,"Comparable buyer-specific scoring, creation, progression and availability evidence needed. Loan/swap costs need separate treatment.",Source position and transfer quote only; production and age not validated for this specific deal.,Loan fee not stated,Not assessed,https://www.theguardian.com/football/ng-interactive/2026/sep/01/mens-transfer-window-summer-2026-all-deals-from-europes-top-five-leagues
summer-S26-1062,summer,1029,S26-1062,Alieu Fadera,Como 1907,Cagliari,2026-08-21,,GBP,,Winger — source label,,Evidence needed,"Comparable buyer-specific scoring, creation, progression and availability evidence needed. Loan/swap costs need separate treatment.",Source position and transfer quote only; production and age not validated for this specific deal.,Loan fee not stated,Not assessed,https://www.theguardian.com/football/ng-interactive/2026/sep/01/mens-transfer-window-summer-2026-all-deals-from-europes-top-five-leagues
summer-S26-1084,summer,1051,S26-1084,Antoine Joujou,Parma,Nantes,2026-08-21,,GBP,,Winger — source label,,Evidence needed,"Comparable buyer-specific scoring, creation, progression and availability evidence needed. Transfer fee is undisclosed.",Source position and transfer quote only; production and age not validated for this specific deal.,Undisclosed,Not assessed,https://www.theguardian.com/football/ng-interactive/2026/sep/01/mens-transfer-window-summer-2026-all-deals-from-europes-top-five-leagues
summer-S26-1103,summer,1069,S26-1103,Ismeal Kabia,Arsenal,St Mirren,2026-08-15,,GBP,,Winger — source label,,Evidence needed,"Comparable buyer-specific scoring, creation, progression and availability evidence needed. Loan/swap costs need separate treatment.",Source position and transfer quote only; production and age not validated for this specific deal.,Loan fee not stated,Not assessed,https://www.theguardian.com/football/ng-interactive/2026/sep/01/mens-transfer-window-summer-2026-all-deals-from-europes-top-five-leagues
summer-S26-1110,summer,1076,S26-1110,Sávio,Manchester City,Tottenham Hotspur,2026-08-25,75000000.0,GBP,,Winger — source label,,Evidence needed,"Comparable buyer-specific scoring, creation, progression and availability evidence needed.",Source position and transfer quote only; production and age not validated for this specific deal.,Reported fee,Not assessed,https://www.theguardian.com/football/ng-interactive/2026/sep/01/mens-transfer-window-summer-2026-all-deals-from-europes-top-five-leagues
summer-S26-1114,summer,1080,S26-1114,Isak Jensen,AZ Alkmaar,Lorient,2026-08-24,,GBP,,Winger — source label,,Evidence needed,"Comparable buyer-specific scoring, creation, progression and availability evidence needed. Loan/swap costs need separate treatment.",Source position and transfer quote only; production and age not validated for this specific deal.,Loan fee not stated,Not assessed,https://www.theguardian.com/football/ng-interactive/2026/sep/01/mens-transfer-window-summer-2026-all-deals-from-europes-top-five-leagues
summer-S26-1125,summer,1090,S26-1125,Dilane Bakwa,Nottingham Forest,Lille,2026-08-26,,GBP,,Winger — source label,,Evidence needed,"Comparable buyer-specific scoring, creation, progression and availability evidence needed. Loan/swap costs need separate treatment.",Source position and transfer quote only; production and age not validated for this specific deal.,Loan fee not stated,Not assessed,https://www.theguardian.com/football/ng-interactive/2026/sep/01/mens-transfer-window-summer-2026-all-deals-from-europes-top-five-leagues
summer-S26-1138,summer,1103,S26-1138,Adama Traoré,West Ham United,Deportivo La Coruña,2026-08-26,,GBP,,Winger — source label,,Evidence needed,"Comparable buyer-specific scoring, creation, progression and availability evidence needed. Free base fee does not represent wages or other costs.",Source position and transfer quote only; production and age not validated for this specific deal.,Free transfer,Not assessed,https://www.theguardian.com/football/ng-interactive/2026/sep/01/mens-transfer-window-summer-2026-all-deals-from-europes-top-five-leagues
summer-S26-1141,summer,1106,S26-1141,Mohamed-Ali Cho,Nice,Hull City,2026-08-27,13000000.0,GBP,,Winger — source label,,Evidence needed,"Comparable buyer-specific scoring, creation, progression and availability evidence needed.",Source position and transfer quote only; production and age not validated for this specific deal.,Reported fee,Not assessed,https://www.theguardian.com/football/ng-interactive/2026/sep/01/mens-transfer-window-summer-2026-all-deals-from-europes-top-five-leagues
summer-S26-1145,summer,1110,S26-1145,Bryan Zaragoza,Bayern Munich,Espanyol,2026-08-27,,GBP,,Winger — source label,,Evidence needed,"Comparable buyer-specific scoring, creation, progression and availability evidence needed. Loan/swap costs need separate treatment.",Source position and transfer quote only; production and age not validated for this specific deal.,Loan fee not stated,Not assessed,https://www.theguardian.com/football/ng-interactive/2026/sep/01/mens-transfer-window-summer-2026-all-deals-from-europes-top-five-leagues
summer-S26-1148,summer,1113,S26-1148,Kareem Tunde,Levante,West Bromwich Albion,2026-08-27,3000000.0,GBP,,Winger — source label,,Evidence needed,"Comparable buyer-specific scoring, creation, progression and availability evidence needed.",Source position and transfer quote only; production and age not validated for this specific deal.,Reported fee,Not assessed,https://www.theguardian.com/football/ng-interactive/2026/sep/01/mens-transfer-window-summer-2026-all-deals-from-europes-top-five-leagues
summer-S26-1154,summer,1119,S26-1154,Jean-Luc Dompé,Hamburg,Konyaspor,2026-08-28,,GBP,,Winger — source label,,Evidence needed,"Comparable buyer-specific scoring, creation, progression and availability evidence needed. Free base fee does not represent wages or other costs.",Source position and transfer quote only; production and age not validated for this specific deal.,Free transfer,Not assessed,https://www.theguardian.com/football/ng-interactive/2026/sep/01/mens-transfer-window-summer-2026-all-deals-from-europes-top-five-leagues
summer-S26-1175,summer,1140,S26-1175,Cyril Ngonge,Napoli,Monza,2026-08-28,,GBP,,Winger — source label,,Evidence needed,"Comparable buyer-specific scoring, creation, progression and availability evidence needed. Loan/swap costs need separate treatment.",Source position and transfer quote only; production and age not validated for this specific deal.,Loan fee not stated,Not assessed,https://www.theguardian.com/football/ng-interactive/2026/sep/01/mens-transfer-window-summer-2026-all-deals-from-europes-top-five-leagues
summer-S26-1176,summer,1141,S26-1176,Reiss Nelson,Arsenal,Feyenoord,2026-09-02,,GBP,,Winger — source label,,Evidence needed,"Comparable buyer-specific scoring, creation, progression and availability evidence needed. Free base fee does not represent wages or other costs.",Source position and transfer quote only; production and age not validated for this specific deal.,Free transfer,Not assessed,https://www.theguardian.com/football/ng-interactive/2026/sep/01/mens-transfer-window-summer-2026-all-deals-from-europes-top-five-leagues
summer-S26-1182,summer,1147,S26-1182,Couhaib Driouech,PSV Eindhoven,Celta Vigo,2026-08-25,6000000.0,GBP,,Winger — source label,,Evidence needed,"Comparable buyer-specific scoring, creation, progression and availability evidence needed.",Source position and transfer quote only; production and age not validated for this specific deal.,Reported fee,Not assessed,https://www.theguardian.com/football/ng-interactive/2026/sep/01/mens-transfer-window-summer-2026-all-deals-from-europes-top-five-leagues
summer-S26-1183,summer,1148,S26-1183,Álex Sancris,Getafe,Leganés,2026-08-25,,GBP,,Winger — source label,,Evidence needed,"Comparable buyer-specific scoring, creation, progression and availability evidence needed. Loan/swap costs need separate treatment.",Source position and transfer quote only; production and age not validated for this specific deal.,Loan fee not stated,Not assessed,https://www.theguardian.com/football/ng-interactive/2026/sep/01/mens-transfer-window-summer-2026-all-deals-from-europes-top-five-leagues
summer-S26-1184,summer,1149,S26-1184,Ernest Poku,Bayer Leverkusen,Besiktas,2026-08-27,,GBP,,Winger — source label,,Evidence needed,"Comparable buyer-specific scoring, creation, progression and availability evidence needed. Loan/swap costs need separate treatment.",Source position and transfer quote only; production and age not validated for this specific deal.,Loan fee not stated,Not assessed,https://www.theguardian.com/football/ng-interactive/2026/sep/01/mens-transfer-window-summer-2026-all-deals-from-europes-top-five-leagues
summer-S26-1187,summer,1152,S26-1187,Youssoupha Niang,Cologne,St Pauli,2026-08-27,,GBP,,Winger — source label,,Evidence needed,"Comparable buyer-specific scoring, creation, progression and availability evidence needed. Loan/swap costs need separate treatment.",Source position and transfer quote only; production and age not validated for this specific deal.,Loan fee not stated,Not assessed,https://www.theguardian.com/football/ng-interactive/2026/sep/01/mens-transfer-window-summer-2026-all-deals-from-europes-top-five-leagues
summer-S26-1189,summer,1154,S26-1189,Rafael Leão,Milan,Galatasaray,2026-08-29,36800000.0,GBP,,Winger — source label,,Evidence needed,"Comparable buyer-specific scoring, creation, progression and availability evidence needed.",Source position and transfer quote only; production and age not validated for this specific deal.,Reported fee,Not assessed,https://www.theguardian.com/football/ng-interactive/2026/sep/01/mens-transfer-window-summer-2026-all-deals-from-europes-top-five-leagues
summer-S26-1202,summer,1167,S26-1202,Riccardo Ciervo,Sassuolo,Cagliari,2026-08-29,,GBP,,Winger — source label,,Evidence needed,"Comparable buyer-specific scoring, creation, progression and availability evidence needed. Loan/swap costs need separate treatment.",Source position and transfer quote only; production and age not validated for this specific deal.,Loan fee not stated,Not assessed,https://www.theguardian.com/football/ng-interactive/2026/sep/01/mens-transfer-window-summer-2026-all-deals-from-europes-top-five-leagues
summer-S26-1214,summer,1179,S26-1214,Oso,Sevilla,Strasbourg,2026-08-30,8500000.0,GBP,,Winger — source label,,Evidence needed,"Comparable buyer-specific scoring, creation, progression and availability evidence needed.",Source position and transfer quote only; production and age not validated for this specific deal.,Reported fee,Not assessed,https://www.theguardian.com/football/ng-interactive/2026/sep/01/mens-transfer-window-summer-2026-all-deals-from-europes-top-five-leagues
summer-S26-1229,summer,1194,S26-1229,Allan,Palmeiras,Manchester City,2026-08-31,32000000.0,GBP,,Winger — source label,,Evidence needed,"Comparable buyer-specific scoring, creation, progression and availability evidence needed.",Source position and transfer quote only; production and age not validated for this specific deal.,Reported fee,Not assessed,https://www.theguardian.com/football/ng-interactive/2026/sep/01/mens-transfer-window-summer-2026-all-deals-from-europes-top-five-leagues
summer-S26-1235,summer,1199,S26-1235,Joel Catesby,Everton,Accrington,2026-08-31,,GBP,,Winger — source label,,Evidence needed,"Comparable buyer-specific scoring, creation, progression and availability evidence needed. Loan/swap costs need separate treatment.",Source position and transfer quote only; production and age not validated for this specific deal.,Loan fee not stated,Not assessed,https://www.theguardian.com/football/ng-interactive/2026/sep/01/mens-transfer-window-summer-2026-all-deals-from-europes-top-five-leagues
summer-S26-1237,summer,1201,S26-1237,Omari Hutchinson,Nottingham Forest,Milan,2026-08-31,,GBP,,Winger — source label,,Evidence needed,"Comparable buyer-specific scoring, creation, progression and availability evidence needed. Loan/swap costs need separate treatment.",Source position and transfer quote only; production and age not validated for this specific deal.,Loan fee not stated,Not assessed,https://www.theguardian.com/football/ng-interactive/2026/sep/01/mens-transfer-window-summer-2026-all-deals-from-europes-top-five-leagues
summer-S26-1244,summer,1208,S26-1244,Romain Del Castillo,Brest,Osasuna,2026-09-01,850000.0,GBP,,Winger — source label,,Evidence needed,"Comparable buyer-specific scoring, creation, progression and availability evidence needed.",Source position and transfer quote only; production and age not validated for this specific deal.,Reported fee,Not assessed,https://www.theguardian.com/football/ng-interactive/2026/sep/01/mens-transfer-window-summer-2026-all-deals-from-europes-top-five-leagues
summer-S26-1261,summer,1224,S26-1261,Mikey Moore,Tottenham Hotspur,Cologne,2026-08-31,,GBP,,Winger — source label,,Evidence needed,"Comparable buyer-specific scoring, creation, progression and availability evidence needed. Loan/swap costs need separate treatment.",Source position and transfer quote only; production and age not validated for this specific deal.,Loan fee not stated,Not assessed,https://www.theguardian.com/football/ng-interactive/2026/sep/01/mens-transfer-window-summer-2026-all-deals-from-europes-top-five-leagues
summer-S26-1271,summer,1233,S26-1271,Marko Farji,Venezia,Heerenveen,2026-09-01,,GBP,,Winger — source label,,Evidence needed,"Comparable buyer-specific scoring, creation, progression and availability evidence needed. Transfer fee is undisclosed.",Source position and transfer quote only; production and age not validated for this specific deal.,Undisclosed,Not assessed,https://www.theguardian.com/football/ng-interactive/2026/sep/01/mens-transfer-window-summer-2026-all-deals-from-europes-top-five-leagues
summer-S26-1274,summer,1236,S26-1274,Moussa Diaby,Al-Ittihad,Bayer Leverkusen,2026-09-01,25600000.0,GBP,,Winger — source label,,Evidence needed,"Comparable buyer-specific scoring, creation, progression and availability evidence needed.",Source position and transfer quote only; production and age not validated for this specific deal.,Reported fee,Not assessed,https://www.theguardian.com/football/ng-interactive/2026/sep/01/mens-transfer-window-summer-2026-all-deals-from-europes-top-five-leagues
summer-S26-1278,summer,1240,S26-1278,Jérémy Hatchi,Lorient,Montpellier,2026-09-01,,GBP,,Winger — source label,,Evidence needed,"Comparable buyer-specific scoring, creation, progression and availability evidence needed. Loan/swap costs need separate treatment.",Source position and transfer quote only; production and age not validated for this specific deal.,Loan fee not stated,Not assessed,https://www.theguardian.com/football/ng-interactive/2026/sep/01/mens-transfer-window-summer-2026-all-deals-from-europes-top-five-leagues
summer-S26-1284,summer,1246,S26-1284,Largie Ramazani,Leeds United,Burnley,2026-09-01,,GBP,,Winger — source label,,Evidence needed,"Comparable buyer-specific scoring, creation, progression and availability evidence needed. Loan/swap costs need separate treatment.",Source position and transfer quote only; production and age not validated for this specific deal.,Loan fee not stated,Not assessed,https://www.theguardian.com/football/ng-interactive/2026/sep/01/mens-transfer-window-summer-2026-all-deals-from-europes-top-five-leagues
summer-S26-1292,summer,1254,S26-1292,Emir Sahiti,Hamburg,Hannover 96,2026-09-01,,GBP,,Winger — source label,,Evidence needed,"Comparable buyer-specific scoring, creation, progression and availability evidence needed. Free base fee does not represent wages or other costs.",Source position and transfer quote only; production and age not validated for this specific deal.,Free transfer,Not assessed,https://www.theguardian.com/football/ng-interactive/2026/sep/01/mens-transfer-window-summer-2026-all-deals-from-europes-top-five-leagues
summer-S26-1299,summer,1261,S26-1299,Robinho Junior,Santos FC,Genoa,2026-09-01,,GBP,,Winger — source label,,Evidence needed,"Comparable buyer-specific scoring, creation, progression and availability evidence needed. Loan/swap costs need separate treatment.",Source position and transfer quote only; production and age not validated for this specific deal.,Loan fee not stated,Not assessed,https://www.theguardian.com/football/ng-interactive/2026/sep/01/mens-transfer-window-summer-2026-all-deals-from-europes-top-five-leagues
summer-S26-1302,summer,1264,S26-1302,Samuel Mbangula,Werder Bremen,Bologna,2026-09-01,,GBP,,Winger — source label,,Evidence needed,"Comparable buyer-specific scoring, creation, progression and availability evidence needed. Loan/swap costs need separate treatment.",Source position and transfer quote only; production and age not validated for this specific deal.,Loan fee not stated,Not assessed,https://www.theguardian.com/football/ng-interactive/2026/sep/01/mens-transfer-window-summer-2026-all-deals-from-europes-top-five-leagues
summer-S26-1303,summer,1265,S26-1303,Tudor Mendel,Ipswich Town,Luton Town,2026-09-01,,GBP,,Winger — source label,,Evidence needed,"Comparable buyer-specific scoring, creation, progression and availability evidence needed. Loan/swap costs need separate treatment.",Source position and transfer quote only; production and age not validated for this specific deal.,Loan fee not stated,Not assessed,https://www.theguardian.com/football/ng-interactive/2026/sep/01/mens-transfer-window-summer-2026-all-deals-from-europes-top-five-leagues
summer-S26-1308,summer,1269,S26-1308,Caylan Vickers,Brighton,Burton Albion,2026-09-01,,GBP,,Winger — source label,,Evidence needed,"Comparable buyer-specific scoring, creation, progression and availability evidence needed. Transfer fee is undisclosed.",Source position and transfer quote only; production and age not validated for this specific deal.,Undisclosed,Not assessed,https://www.theguardian.com/football/ng-interactive/2026/sep/01/mens-transfer-window-summer-2026-all-deals-from-europes-top-five-leagues
summer-S26-1318,summer,1279,S26-1318,Nicolas Kühn,Como 1907,Borussia Mönchengladbach,2026-09-01,,GBP,,Winger — source label,,Evidence needed,"Comparable buyer-specific scoring, creation, progression and availability evidence needed. Loan/swap costs need separate treatment.",Source position and transfer quote only; production and age not validated for this specific deal.,Loan fee not stated,Not assessed,https://www.theguardian.com/football/ng-interactive/2026/sep/01/mens-transfer-window-summer-2026-all-deals-from-europes-top-five-leagues
summer-S26-1324,summer,1285,S26-1324,Félix Correia,Lille,Sevilla,2026-09-01,,GBP,,Winger — source label,,Evidence needed,"Comparable buyer-specific scoring, creation, progression and availability evidence needed. Loan/swap costs need separate treatment.",Source position and transfer quote only; production and age not validated for this specific deal.,Loan fee not stated,Not assessed,https://www.theguardian.com/football/ng-interactive/2026/sep/01/mens-transfer-window-summer-2026-all-deals-from-europes-top-five-leagues
summer-S26-1341,summer,1302,S26-1341,Ayodele Thomas,RB Leipzig,NEC Nijmegen,2026-09-01,860000.0,GBP,,Winger — source label,,Evidence needed,"Comparable buyer-specific scoring, creation, progression and availability evidence needed.",Source position and transfer quote only; production and age not validated for this specific deal.,Reported fee,Not assessed,https://www.theguardian.com/football/ng-interactive/2026/sep/01/mens-transfer-window-summer-2026-all-deals-from-europes-top-five-leagues
summer-S26-1342,summer,1303,S26-1342,Exequiel Zeballos,Boca Juniors,Monza,2026-09-01,3860000.0,GBP,,Winger — source label,,Evidence needed,"Comparable buyer-specific scoring, creation, progression and availability evidence needed.",Source position and transfer quote only; production and age not validated for this specific deal.,Reported fee,Not assessed,https://www.theguardian.com/football/ng-interactive/2026/sep/01/mens-transfer-window-summer-2026-all-deals-from-europes-top-five-leagues
summer-S26-1348,summer,1309,S26-1348,Liam Millar,Hull City,Birmingham City,2026-09-01,,GBP,,Winger — source label,,Evidence needed,"Comparable buyer-specific scoring, creation, progression and availability evidence needed. Loan/swap costs need separate treatment.",Source position and transfer quote only; production and age not validated for this specific deal.,Loan fee not stated,Not assessed,https://www.theguardian.com/football/ng-interactive/2026/sep/01/mens-transfer-window-summer-2026-all-deals-from-europes-top-five-leagues
summer-S26-1350,summer,1311,S26-1350,Noah Edjouma,Lille,Brest,2026-09-01,,GBP,,Winger — source label,,Evidence needed,"Comparable buyer-specific scoring, creation, progression and availability evidence needed. Loan/swap costs need separate treatment.",Source position and transfer quote only; production and age not validated for this specific deal.,Loan fee not stated,Not assessed,https://www.theguardian.com/football/ng-interactive/2026/sep/01/mens-transfer-window-summer-2026-all-deals-from-europes-top-five-leagues
summer-S26-1357,summer,1318,S26-1357,Tay Abed,Levante,Real Valladolid,2026-09-01,,GBP,,Winger — source label,,Evidence needed,"Comparable buyer-specific scoring, creation, progression and availability evidence needed. Loan/swap costs need separate treatment.",Source position and transfer quote only; production and age not validated for this specific deal.,Loan fee not stated,Not assessed,https://www.theguardian.com/football/ng-interactive/2026/sep/01/mens-transfer-window-summer-2026-all-deals-from-europes-top-five-leagues
summer-S26-1360,summer,1321,S26-1360,Godson Kyeremeh,Le Havre,Red Star,2026-09-01,,GBP,,Winger — source label,,Evidence needed,"Comparable buyer-specific scoring, creation, progression and availability evidence needed. Transfer fee is undisclosed.",Source position and transfer quote only; production and age not validated for this specific deal.,Undisclosed,Not assessed,https://www.theguardian.com/football/ng-interactive/2026/sep/01/mens-transfer-window-summer-2026-all-deals-from-europes-top-five-leagues
summer-S26-1384,summer,1344,S26-1384,Mykhailo Mudryk,Chelsea,Tottenham Hotspur,2026-09-01,,GBP,,Winger — source label,,Evidence needed,"Comparable buyer-specific scoring, creation, progression and availability evidence needed. Loan/swap costs need separate treatment.",Source position and transfer quote only; production and age not validated for this specific deal.,Loan fee not stated,Not assessed,https://www.theguardian.com/football/ng-interactive/2026/sep/01/mens-transfer-window-summer-2026-all-deals-from-europes-top-five-leagues
summer-S26-1387,summer,1347,S26-1387,Jack Grealish,Manchester City,Everton,2026-09-01,,GBP,,Winger — source label,,Evidence needed,"Comparable buyer-specific scoring, creation, progression and availability evidence needed. Loan/swap costs need separate treatment.",Source position and transfer quote only; production and age not validated for this specific deal.,Loan fee not stated,Not assessed,https://www.theguardian.com/football/ng-interactive/2026/sep/01/mens-transfer-window-summer-2026-all-deals-from-europes-top-five-leagues
summer-S26-1390,summer,1350,S26-1390,Wisdom Mike,Bayern Munich,Club Brugge,2026-08-27,4500000.0,GBP,,Winger — source label,,Evidence needed,"Comparable buyer-specific scoring, creation, progression and availability evidence needed.",Source position and transfer quote only; production and age not validated for this specific deal.,Reported fee,Not assessed,https://www.theguardian.com/football/ng-interactive/2026/sep/01/mens-transfer-window-summer-2026-all-deals-from-europes-top-five-leagues
summer-S26-1396,summer,1356,S26-1396,Pablo García,Real Betis,Racing Santander,2026-09-01,4700000.0,GBP,,Winger — source label,,Evidence needed,"Comparable buyer-specific scoring, creation, progression and availability evidence needed.",Source position and transfer quote only; production and age not validated for this specific deal.,Reported fee,Not assessed,https://www.theguardian.com/football/ng-interactive/2026/sep/01/mens-transfer-window-summer-2026-all-deals-from-europes-top-five-leagues
summer-S26-1397,summer,1357,S26-1397,Taycan Etcibasi,Borussia Dortmund,Hannover 96,2026-07-03,400000.0,GBP,,Winger — source label,,Evidence needed,"Comparable buyer-specific scoring, creation, progression and availability evidence needed.",Source position and transfer quote only; production and age not validated for this specific deal.,Reported fee,Not assessed,https://www.theguardian.com/football/ng-interactive/2026/sep/01/mens-transfer-window-summer-2026-all-deals-from-europes-top-five-leagues
summer-S26-1405,summer,1364,S26-1405,Pedro Gonçalves,Sporting,Fiorentina,2026-09-01,,GBP,,Winger — source label,,Evidence needed,"Comparable buyer-specific scoring, creation, progression and availability evidence needed. Loan/swap costs need separate treatment.",Source position and transfer quote only; production and age not validated for this specific deal.,Loan fee not stated,Not assessed,https://www.theguardian.com/football/ng-interactive/2026/sep/01/mens-transfer-window-summer-2026-all-deals-from-europes-top-five-leagues
summer-S26-1414,summer,1373,S26-1414,Chiedozie Ogbene,Ipswich Town,Lincoln City,2026-09-01,,GBP,,Winger — source label,,Evidence needed,"Comparable buyer-specific scoring, creation, progression and availability evidence needed. Loan/swap costs need separate treatment.",Source position and transfer quote only; production and age not validated for this specific deal.,Loan fee not stated,Not assessed,https://www.theguardian.com/football/ng-interactive/2026/sep/01/mens-transfer-window-summer-2026-all-deals-from-europes-top-five-leagues
summer-S26-1419,summer,1378,S26-1419,Armario Cozier-Duberry,Brighton,Middlesbrough,2026-09-01,,GBP,,Winger — source label,,Evidence needed,"Comparable buyer-specific scoring, creation, progression and availability evidence needed. Loan/swap costs need separate treatment.",Source position and transfer quote only; production and age not validated for this specific deal.,Loan fee not stated,Not assessed,https://www.theguardian.com/football/ng-interactive/2026/sep/01/mens-transfer-window-summer-2026-all-deals-from-europes-top-five-leagues
summer-S26-1422,summer,1380,S26-1422,Sorba Thomas,Stoke City,Hull City,2026-09-01,7500000.0,GBP,,Winger — source label,,Evidence needed,"Comparable buyer-specific scoring, creation, progression and availability evidence needed.",Source position and transfer quote only; production and age not validated for this specific deal.,Reported fee,Not assessed,https://www.theguardian.com/football/ng-interactive/2026/sep/01/mens-transfer-window-summer-2026-all-deals-from-europes-top-five-leagues
summer-S26-1431,summer,1389,S26-1431,Malick Fofana,Lyon,Sunderland,2026-09-02,31000000.0,GBP,,Winger — source label,,Evidence needed,"Comparable buyer-specific scoring, creation, progression and availability evidence needed.",Source position and transfer quote only; production and age not validated for this specific deal.,Reported fee,Not assessed,https://www.theguardian.com/football/ng-interactive/2026/sep/01/mens-transfer-window-summer-2026-all-deals-from-europes-top-five-leagues
summer-S26-1435,summer,1393,S26-1435,Darío Osorio,FC Midtjylland,Crystal Palace,2026-09-02,,GBP,,Winger — source label,,Evidence needed,"Comparable buyer-specific scoring, creation, progression and availability evidence needed. Loan/swap costs need separate treatment.",Source position and transfer quote only; production and age not validated for this specific deal.,Loan fee not stated,Not assessed,https://www.theguardian.com/football/ng-interactive/2026/sep/01/mens-transfer-window-summer-2026-all-deals-from-europes-top-five-leagues
summer-S26-1438,summer,1396,S26-1438,Damola Ajayi,Tottenham Hotspur,Barnet,2026-09-01,,GBP,,Winger — source label,,Evidence needed,"Comparable buyer-specific scoring, creation, progression and availability evidence needed. Loan/swap costs need separate treatment.",Source position and transfer quote only; production and age not validated for this specific deal.,Loan fee not stated,Not assessed,https://www.theguardian.com/football/ng-interactive/2026/sep/01/mens-transfer-window-summer-2026-all-deals-from-europes-top-five-leagues
summer-S26-1448,summer,1405,S26-1448,Romain Esse,Crystal Palace,Millwall,2026-09-02,,GBP,,Winger — source label,,Evidence needed,"Comparable buyer-specific scoring, creation, progression and availability evidence needed. Loan/swap costs need separate treatment.",Source position and transfer quote only; production and age not validated for this specific deal.,Loan fee not stated,Not assessed,https://www.theguardian.com/football/ng-interactive/2026/sep/01/mens-transfer-window-summer-2026-all-deals-from-europes-top-five-leagues
summer-S26-1450,summer,1407,S26-1450,Jeremy Monga,Manchester City,Swansea,2026-09-02,,GBP,,Winger — source label,,Evidence needed,"Comparable buyer-specific scoring, creation, progression and availability evidence needed. Loan/swap costs need separate treatment.",Source position and transfer quote only; production and age not validated for this specific deal.,Loan fee not stated,Not assessed,https://www.theguardian.com/football/ng-interactive/2026/sep/01/mens-transfer-window-summer-2026-all-deals-from-europes-top-five-leagues
summer-S26-1458,summer,1414,S26-1458,Nathanaël Mbuku,Augsburg,Sint-Truiden,2026-09-03,,GBP,,Winger — source label,,Evidence needed,"Comparable buyer-specific scoring, creation, progression and availability evidence needed. Loan/swap costs need separate treatment.",Source position and transfer quote only; production and age not validated for this specific deal.,Loan fee not stated,Not assessed,https://www.theguardian.com/football/ng-interactive/2026/sep/01/mens-transfer-window-summer-2026-all-deals-from-europes-top-five-leagues
summer-S26-1459,summer,1415,S26-1459,Lasso Coulibaly,Auxerre,Viborg,2026-09-02,,GBP,,Winger — source label,,Evidence needed,"Comparable buyer-specific scoring, creation, progression and availability evidence needed. Loan/swap costs need separate treatment.",Source position and transfer quote only; production and age not validated for this specific deal.,Loan fee not stated,Not assessed,https://www.theguardian.com/football/ng-interactive/2026/sep/01/mens-transfer-window-summer-2026-all-deals-from-europes-top-five-leagues
summer-S26-1460,summer,1416,S26-1460,Carlos Martín,Atlético Madrid,Hajduk Split,2026-09-02,,GBP,,Winger — source label,,Evidence needed,"Comparable buyer-specific scoring, creation, progression and availability evidence needed. Loan/swap costs need separate treatment.",Source position and transfer quote only; production and age not validated for this specific deal.,Loan fee not stated,Not assessed,https://www.theguardian.com/football/ng-interactive/2026/sep/01/mens-transfer-window-summer-2026-all-deals-from-europes-top-five-leagues
summer-S26-1464,summer,1420,S26-1464,Leon Bailey,Aston Villa,Olympiakos,2026-09-02,4000000.0,GBP,,Winger — source label,,Evidence needed,"Comparable buyer-specific scoring, creation, progression and availability evidence needed.",Source position and transfer quote only; production and age not validated for this specific deal.,Reported fee,Not assessed,https://www.theguardian.com/football/ng-interactive/2026/sep/01/mens-transfer-window-summer-2026-all-deals-from-europes-top-five-leagues
summer-S26-1467,summer,1423,S26-1467,Gabriel Martinelli,Arsenal,Al-Hilal,2026-09-03,60000000.0,GBP,,Winger — source label,,Evidence needed,"Comparable buyer-specific scoring, creation, progression and availability evidence needed.",Source position and transfer quote only; production and age not validated for this specific deal.,Reported fee,Not assessed,https://www.theguardian.com/football/ng-interactive/2026/sep/01/mens-transfer-window-summer-2026-all-deals-from-europes-top-five-leagues
summer-S26-1475,summer,1429,S26-1475,Yann Gboho,Toulouse,Coventry City,2026-09-04,10300000.0,GBP,,Winger — source label,,Evidence needed,"Comparable buyer-specific scoring, creation, progression and availability evidence needed.",Source position and transfer quote only; production and age not validated for this specific deal.,Reported fee,Not assessed,https://www.theguardian.com/football/ng-interactive/2026/sep/01/mens-transfer-window-summer-2026-all-deals-from-europes-top-five-leagues
summer-S26-1476,summer,1430,S26-1476,Elijah Odede,Troyes,Lommel SK,2026-09-03,,GBP,,Winger — source label,,Evidence needed,"Comparable buyer-specific scoring, creation, progression and availability evidence needed. Loan/swap costs need separate treatment.",Source position and transfer quote only; production and age not validated for this specific deal.,Loan fee not stated,Not assessed,https://www.theguardian.com/football/ng-interactive/2026/sep/01/mens-transfer-window-summer-2026-all-deals-from-europes-top-five-leagues
summer-S26-1478,summer,1432,S26-1478,Axel Camblan,Brest,Estoril,2026-09-03,,GBP,,Winger — source label,,Evidence needed,"Comparable buyer-specific scoring, creation, progression and availability evidence needed. Transfer fee is undisclosed.",Source position and transfer quote only; production and age not validated for this specific deal.,Undisclosed,Not assessed,https://www.theguardian.com/football/ng-interactive/2026/sep/01/mens-transfer-window-summer-2026-all-deals-from-europes-top-five-leagues
summer-S26-1481,summer,1435,S26-1481,Jesurun Rak-Sakyi,Crystal Palace,Kasimpasa,2026-09-04,,GBP,,Winger — source label,,Evidence needed,"Comparable buyer-specific scoring, creation, progression and availability evidence needed. Loan/swap costs need separate treatment.",Source position and transfer quote only; production and age not validated for this specific deal.,Loan fee not stated,Not assessed,https://www.theguardian.com/football/ng-interactive/2026/sep/01/mens-transfer-window-summer-2026-all-deals-from-europes-top-five-leagues
summer-S26-1482,summer,1436,S26-1482,Issiaka Kamate,Inter,Atlético Madrid,2026-09-01,1700000.0,GBP,,Winger — source label,,Evidence needed,"Comparable buyer-specific scoring, creation, progression and availability evidence needed.",Source position and transfer quote only; production and age not validated for this specific deal.,Reported fee,Not assessed,https://www.theguardian.com/football/ng-interactive/2026/sep/01/mens-transfer-window-summer-2026-all-deals-from-europes-top-five-leagues
summer-S26-1484,summer,1438,S26-1484,Iker Luque,Atlético Madrid,Racing Santander,2026-09-01,850000.0,GBP,,Winger — source label,,Evidence needed,"Comparable buyer-specific scoring, creation, progression and availability evidence needed.",Source position and transfer quote only; production and age not validated for this specific deal.,Reported fee,Not assessed,https://www.theguardian.com/football/ng-interactive/2026/sep/01/mens-transfer-window-summer-2026-all-deals-from-europes-top-five-leagues
summer-S26-1490,summer,1444,S26-1490,Keito Nakamura,Reims,Lyon,2026-09-02,850000.0,GBP,,Winger — source label,,Evidence needed,"Comparable buyer-specific scoring, creation, progression and availability evidence needed.",Source position and transfer quote only; production and age not validated for this specific deal.,Reported fee,Not assessed,https://www.theguardian.com/football/ng-interactive/2026/sep/01/mens-transfer-window-summer-2026-all-deals-from-europes-top-five-leagues
summer-S26-1495,summer,1449,S26-1495,Amar Fatah,Troyes,Lecce,2026-08-25,1200000.0,GBP,,Winger — source label,,Evidence needed,"Comparable buyer-specific scoring, creation, progression and availability evidence needed.",Source position and transfer quote only; production and age not validated for this specific deal.,Reported fee,Not assessed,https://www.theguardian.com/football/ng-interactive/2026/sep/01/mens-transfer-window-summer-2026-all-deals-from-europes-top-five-leagues
summer-S26-1502,summer,1455,S26-1502,Luka Lynch,Aston Villa,Oxford United,2026-09-02,,GBP,,Winger — source label,,Evidence needed,"Comparable buyer-specific scoring, creation, progression and availability evidence needed. Loan/swap costs need separate treatment.",Source position and transfer quote only; production and age not validated for this specific deal.,Loan fee not stated,Not assessed,https://www.theguardian.com/football/ng-interactive/2026/sep/01/mens-transfer-window-summer-2026-all-deals-from-europes-top-five-leagues
summer-S26-1505,summer,1458,S26-1505,Jesper Karlsson,Bologna,Servette,2026-09-08,,GBP,,Winger — source label,,Evidence needed,"Comparable buyer-specific scoring, creation, progression and availability evidence needed. Loan/swap costs need separate treatment.",Source position and transfer quote only; production and age not validated for this specific deal.,Loan fee not stated,Not assessed,https://www.theguardian.com/football/ng-interactive/2026/sep/01/mens-transfer-window-summer-2026-all-deals-from-europes-top-five-leagues
summer-S26-1516,summer,1469,S26-1516,Wilfried Gnonto,Leeds United,Fiorentina,2026-09-01,,GBP,,Winger — source label,,Evidence needed,"Comparable buyer-specific scoring, creation, progression and availability evidence needed. Loan/swap costs need separate treatment.",Source position and transfer quote only; production and age not validated for this specific deal.,Loan fee not stated,Not assessed,https://www.theguardian.com/football/ng-interactive/2026/sep/01/mens-transfer-window-summer-2026-all-deals-from-europes-top-five-leagues
summer-S26-1519,summer,1472,S26-1519,David Akintola,Hull City,Omonia Nicosia,2026-09-10,,GBP,,Winger — source label,,Evidence needed,"Comparable buyer-specific scoring, creation, progression and availability evidence needed. Free base fee does not represent wages or other costs.",Source position and transfer quote only; production and age not validated for this specific deal.,Free transfer,Not assessed,https://www.theguardian.com/football/ng-interactive/2026/sep/01/mens-transfer-window-summer-2026-all-deals-from-europes-top-five-leagues
summer-S26-0010,summer,1476,S26-0010,Anthony Gordon,Newcastle United,Barcelona,2026-05-29,69300000.0,GBP,,Winger — source label,,Evidence needed,"Comparable buyer-specific scoring, creation, progression and availability evidence needed.",Source position and transfer quote only; production and age not validated for this specific deal.,Reported fee,Not assessed,https://www.theguardian.com/football/ng-interactive/2026/sep/01/mens-transfer-window-summer-2026-all-deals-from-europes-top-five-leagues
summer-S26-0020,summer,1477,S26-0020,Geovany Quenda,Sporting,Chelsea,2026-07-08,40000000.0,GBP,,Winger — source label,,Evidence needed,"Comparable buyer-specific scoring, creation, progression and availability evidence needed.",Source position and transfer quote only; production and age not validated for this specific deal.,Reported fee,Not assessed,https://www.theguardian.com/football/ng-interactive/2026/sep/01/mens-transfer-window-summer-2026-all-deals-from-europes-top-five-leagues
summer-S26-0779,summer,1484,S26-0779,Yan Diomande,RB Leipzig,Real Madrid,2026-08-06,115700000.0,GBP,,Winger — source label,,Evidence needed,"Comparable buyer-specific scoring, creation, progression and availability evidence needed.",Source position and transfer quote only; production and age not validated for this specific deal.,Reported fee,Not assessed,https://www.theguardian.com/football/ng-interactive/2026/sep/01/mens-transfer-window-summer-2026-all-deals-from-europes-top-five-leagues
summer-S26-1364,summer,1491,S26-1364,Iliman Ndiaye,Everton,Manchester City,2026-09-01,60000000.0,GBP,,Winger — source label,,Evidence needed,"Comparable buyer-specific scoring, creation, progression and availability evidence needed.",Source position and transfer quote only; production and age not validated for this specific deal.,Reported fee,Not assessed,https://www.theguardian.com/football/ng-interactive/2026/sep/01/mens-transfer-window-summer-2026-all-deals-from-europes-top-five-leagues
